image,damage_id,damage_type,damage_name_ko,pixel_nodes_json,world_center_x_m,world_center_y_m,world_center_z_m,member_name,section_name,grid_id,DRI,surface_local_x_m
frame_008023.jpg,R000001,CRC,균열,"[[0.0,313.5],[-0.5,311.0],[-0.5,308.0],[-0.5,306.0],[-0.5,303.0],[-0.5,300.0],[-0.5,297.0],[-0.5,295.0],[-0.5,292.0],[-0.5,289.0],[-0.5,286.0],[-0.5,284.0],[-0.5,281.0],[-0.5,278.0],[-0.5,275.0],[-0.5,273.0],[-0.5,270.0],[-0.5,267.0],[-0.5,264.0],[0.5,263.0],[3.0,262.5],[5.0,261.5],[7.0,260.5],[9.0,260.5],[11.0,259.5],[13.0,258.5],[15.5,258.0],[17.0,257.5],[20.0,257.5],[23.0,257.5],[25.0,256.5],[26.5,256.0],[29.0,255.5],[31.0,254.5],[34.0,254.5],[36.0,254.5],[38.0,253.5],[40.5,254.0],[43.0,254.5],[45.0,254.5],[48.0,254.5],[51.0,254.5],[54.0,254.5],[56.0,254.5],[58.0,255.5],[61.0,255.5],[64.0,255.5],[66.0,255.5],[68.0,254.5],[71.0,254.5],[74.0,254.5],[76.0,254.5],[78.0,253.5],[81.0,253.5],[84.0,253.5],[85.0,252.5],[87.5,252.0],[90.0,251.5],[92.0,250.5],[93.0,249.5],[96.0,249.5],[98.0,248.5],[101.0,248.5],[102.0,247.5],[105.0,247.5],[108.0,247.5],[111.0,247.5],[113.0,247.5],[116.0,247.5],[119.0,247.5],[122.0,247.5],[123.5,248.0],[126.0,248.5],[129.0,248.5],[131.0,249.5],[133.0,249.5],[136.0,249.5],[139.0,249.5],[142.0,249.5],[144.0,249.5],[147.0,249.5],[150.0,249.5],[152.0,248.5],[154.0,248.5],[157.0,248.5],[160.0,248.5],[163.0,248.5],[165.0,247.5],[167.0,247.5],[170.0,247.5],[173.0,247.5],[175.0,246.5],[177.0,246.5],[179.5,246.0],[182.0,245.5],[184.0,244.5],[186.0,244.5],[188.0,243.5],[190.0,242.5],[192.0,241.5],[194.0,241.5],[196.0,240.5],[198.0,239.5],[200.0,238.5],[201.0,237.5],[203.5,237.0],[205.0,235.5],[207.0,234.5],[208.0,233.5],[210.0,232.5],[211.5,231.0],[213.5,230.0],[215.0,229.5],[216.5,228.0],[218.5,227.0],[221.0,226.5],[223.0,226.5],[226.0,226.5],[227.5,226.0],[230.0,226.5],[232.0,226.5],[235.0,226.5],[237.0,227.5],[239.0,228.5],[240.0,229.5],[241.5,231.0],[243.0,232.5],[244.5,234.0],[245.0,235.5],[246.5,237.0],[248.0,238.5],[249.5,240.0],[250.0,241.5],[251.5,243.0],[252.5,245.0],[253.5,247.0],[254.5,248.0],[255.5,250.0],[254.5,252.0],[253.5,254.0],[253.5,256.0],[252.5,258.0],[251.0,259.5],[249.5,261.0],[249.0,262.5],[247.5,264.0],[246.0,265.5],[244.0,266.5],[243.0,267.5],[241.0,268.5],[239.5,270.0],[238.0,271.5],[237.0,272.5],[235.0,273.5],[233.0,274.5],[231.0,275.5],[229.5,276.0],[227.5,277.0],[225.5,278.0],[224.0,279.5],[222.5,280.0],[221.0,281.5],[219.0,282.5],[217.5,284.0],[216.0,284.5],[214.5,286.0],[213.0,287.5],[211.5,289.0],[211.0,290.5],[209.0,291.5],[207.0,292.5],[205.0,293.5],[203.0,294.5],[201.0,294.5],[198.5,295.0],[196.0,295.5],[193.0,295.5],[191.0,295.5],[189.0,296.5],[186.0,296.5],[183.0,296.5],[181.0,296.5],[178.5,296.0],[176.0,295.5],[173.0,295.5],[171.0,295.5],[168.0,295.5],[165.0,295.5],[162.0,295.5],[160.0,295.5],[157.0,295.5],[154.0,295.5],[151.0,295.5],[149.0,295.5],[146.0,295.5],[144.0,296.5],[141.0,296.5],[139.5,297.0],[137.0,297.5],[134.5,298.0],[132.0,298.5],[130.0,298.5],[128.0,299.5],[126.0,300.5],[123.0,300.5],[122.0,301.5],[119.0,301.5],[117.0,302.5],[114.0,302.5],[112.0,302.5],[109.0,302.5],[106.0,302.5],[103.0,302.5],[101.0,302.5],[98.0,302.5],[95.0,302.5],[92.0,302.5],[90.0,302.5],[88.0,301.5],[85.0,301.5],[83.0,300.5],[81.0,300.5],[78.0,300.5],[75.0,300.5],[72.0,300.5],[70.0,300.5],[67.0,300.5],[64.0,300.5],[61.0,300.5],[59.0,300.5],[56.0,300.5],[53.0,300.5],[50.0,300.5],[49.0,301.5],[46.0,301.5],[43.0,301.5],[40.0,301.5],[38.0,301.5],[35.5,302.0],[33.0,302.5],[30.0,302.5],[28.5,303.0],[26.0,303.5],[24.0,304.5],[21.0,304.5],[20.0,305.5],[17.0,305.5],[15.0,306.5],[13.0,307.5],[11.0,307.5],[9.0,308.5],[7.0,309.5],[4.5,310.0],[3.5,311.0],[1.5,312.0],[0.0,313.5]]",243044.99826951083,431179.9595861971,52.653864553683455,SPW_여수로_교각_도수면,SPW_여수로_교각_도수면,SPW_0220,0.9922599238275372,-47.00713702079269
frame_008073.jpg,R000002,CRC,균열,"[[17.0,334.5],[13.0,334.5],[10.0,334.5],[6.0,334.5],[3.0,333.5],[0.0,333.5],[-0.5,330.0],[-0.5,326.0],[-0.5,323.0],[-0.5,319.0],[-0.5,315.0],[-0.5,312.0],[-0.5,308.0],[-0.5,304.0],[-0.5,301.0],[-0.5,297.0],[-0.5,293.0],[-0.5,290.0],[-0.5,286.0],[-0.5,282.0],[-0.5,279.0],[0.0,275.5],[4.0,275.5],[6.0,274.5],[10.0,274.5],[14.0,274.5],[17.0,274.5],[21.0,274.5],[24.0,273.5],[26.5,273.0],[29.5,272.0],[32.0,270.5],[34.5,270.0],[37.5,269.0],[40.5,268.0],[43.0,267.5],[46.0,266.5],[49.0,265.5],[51.0,264.5],[54.5,264.0],[58.0,263.5],[61.0,263.5],[64.5,264.0],[67.0,264.5],[71.0,264.5],[75.0,264.5],[78.0,264.5],[82.0,264.5],[86.0,264.5],[89.0,264.5],[93.0,264.5],[97.0,264.5],[100.0,264.5],[103.0,263.5],[107.0,263.5],[110.0,263.5],[113.5,263.0],[117.0,262.5],[120.0,262.5],[123.0,261.5],[127.0,261.5],[129.0,260.5],[133.0,260.5],[137.0,260.5],[140.0,260.5],[144.0,260.5],[148.0,260.5],[151.0,260.5],[155.0,260.5],[159.0,260.5],[161.5,261.0],[165.0,261.5],[169.0,261.5],[171.5,262.0],[175.0,262.5],[179.0,262.5],[181.0,263.5],[185.0,263.5],[189.0,263.5],[191.0,264.5],[195.0,264.5],[199.0,264.5],[201.0,263.5],[205.0,263.5],[209.0,263.5],[212.0,263.5],[216.0,263.5],[220.0,263.5],[223.0,263.5],[227.0,263.5],[231.0,263.5],[234.0,263.5],[238.0,263.5],[241.0,264.5],[244.0,264.5],[248.0,264.5],[252.0,264.5],[255.0,264.5],[259.0,264.5],[262.0,263.5],[265.0,263.5],[269.0,263.5],[272.0,262.5],[274.0,261.5],[277.0,260.5],[280.0,259.5],[282.0,258.5],[285.0,257.5],[288.0,256.5],[290.0,255.5],[293.0,254.5],[296.5,254.0],[298.5,253.0],[301.5,252.0],[305.0,251.5],[307.0,250.5],[310.0,249.5],[313.0,248.5],[316.0,248.5],[319.0,247.5],[322.0,246.5],[325.0,246.5],[328.0,245.5],[332.0,245.5],[334.0,244.5],[338.0,244.5],[340.5,244.0],[343.0,244.5],[347.0,244.5],[349.5,245.0],[352.5,246.0],[355.5,247.0],[357.5,248.0],[360.0,249.5],[362.0,251.5],[363.5,253.0],[364.5,256.0],[364.5,260.0],[364.5,263.0],[364.0,266.5],[363.5,270.0],[362.5,272.0],[360.5,274.0],[359.0,276.5],[357.5,278.0],[355.5,280.0],[353.5,282.0],[352.0,283.5],[349.5,285.0],[347.5,287.0],[345.5,288.0],[343.5,290.0],[341.0,291.5],[339.5,293.0],[337.5,295.0],[335.0,296.5],[333.0,297.5],[331.0,299.5],[328.5,301.0],[326.5,302.0],[323.5,303.0],[320.5,304.0],[318.0,304.5],[315.0,305.5],[312.0,306.5],[310.0,307.5],[307.0,308.5],[304.0,309.5],[302.0,310.5],[298.5,311.0],[295.0,311.5],[292.0,311.5],[288.0,311.5],[285.0,312.5],[282.0,312.5],[278.0,312.5],[274.0,312.5],[271.0,312.5],[267.0,312.5],[263.0,312.5],[261.0,313.5],[257.0,313.5],[253.0,313.5],[250.0,313.5],[247.0,314.5],[243.0,314.5],[241.0,315.5],[237.0,315.5],[233.0,315.5],[230.0,315.5],[227.0,314.5],[223.0,314.5],[220.0,314.5],[217.0,313.5],[213.5,313.0],[211.0,312.5],[207.5,312.0],[204.0,311.5],[201.0,311.5],[197.0,311.5],[193.0,311.5],[190.0,311.5],[186.0,311.5],[182.0,311.5],[179.0,311.5],[175.0,311.5],[171.0,311.5],[169.0,312.5],[165.0,312.5],[161.0,312.5],[158.0,312.5],[155.0,313.5],[151.0,313.5],[148.0,313.5],[144.5,314.0],[142.0,314.5],[138.0,314.5],[134.0,314.5],[131.0,314.5],[128.0,313.5],[125.0,314.5],[122.0,314.5],[118.0,314.5],[114.0,314.5],[111.0,314.5],[108.0,315.5],[104.0,315.5],[101.0,315.5],[98.0,316.5],[95.0,317.5],[92.0,317.5],[89.0,318.5],[86.0,319.5],[83.5,320.0],[80.5,321.0],[78.0,322.5],[76.0,323.5],[73.0,324.5],[69.5,325.0],[67.0,325.5],[64.0,326.5],[61.0,327.5],[59.0,328.5],[55.5,329.0],[52.0,329.5],[50.0,330.5],[46.0,330.5],[43.0,331.5],[40.5,332.0],[37.0,332.5],[33.5,333.0],[31.0,333.5],[27.0,333.5],[23.0,333.5],[20.0,333.5],[17.0,334.5]]",243045.08458498097,431179.7015142605,52.65386455368345,SPW_여수로_교각_도수면,SPW_여수로_교각_도수면,SPW_0220,0.9921382527309064,-46.73501299735519
frame_008223.jpg,R000003,CRC,균열,"[[213.0,322.5],[208.0,322.5],[203.0,322.5],[199.0,322.5],[194.0,322.5],[189.0,322.5],[185.0,321.5],[181.5,321.0],[177.5,320.0],[174.0,318.5],[170.0,317.5],[166.5,316.0],[163.5,315.0],[160.0,313.5],[157.0,311.5],[154.5,309.0],[152.0,306.5],[149.5,305.0],[147.0,302.5],[145.5,299.0],[145.0,294.5],[144.0,291.5],[142.5,288.0],[142.5,283.0],[143.5,279.0],[145.5,276.0],[147.5,274.0],[150.0,271.5],[154.0,270.5],[158.5,271.0],[162.0,272.5],[165.0,273.5],[169.0,274.5],[173.0,275.5],[176.5,277.0],[179.0,278.5],[183.0,279.5],[186.0,281.5],[190.0,282.5],[195.0,282.5],[199.0,282.5],[204.0,282.5],[208.0,281.5],[211.5,280.0],[215.0,278.5],[217.0,276.5],[220.0,274.5],[223.5,273.0],[226.5,271.0],[228.5,269.0],[231.0,266.5],[233.5,264.0],[236.0,261.5],[239.0,259.5],[241.5,258.0],[245.0,256.5],[249.0,255.5],[254.0,255.5],[257.0,254.5],[262.0,254.5],[267.0,254.5],[271.0,253.5],[276.0,253.5],[279.0,252.5],[283.0,251.5],[287.0,250.5],[291.0,249.5],[295.0,248.5],[298.0,247.5],[302.5,247.0],[306.0,245.5],[310.5,245.0],[314.0,244.5],[318.0,243.5],[323.0,243.5],[327.0,242.5],[332.0,242.5],[336.0,242.5],[341.0,242.5],[346.0,242.5],[351.0,242.5],[356.0,242.5],[359.0,241.5],[364.0,241.5],[369.0,241.5],[373.0,240.5],[377.0,240.5],[382.0,240.5],[386.0,239.5],[391.0,239.5],[396.0,239.5],[399.0,238.5],[404.0,238.5],[409.0,238.5],[414.0,238.5],[419.0,238.5],[423.0,238.5],[427.0,239.5],[432.0,239.5],[437.0,239.5],[440.0,240.5],[445.0,240.5],[450.0,240.5],[454.0,241.5],[459.0,241.5],[463.0,241.5],[467.0,242.5],[472.0,242.5],[477.0,242.5],[481.0,242.5],[485.0,243.5],[490.0,243.5],[495.0,243.5],[500.0,243.5],[504.0,243.5],[509.0,243.5],[514.0,243.5],[519.0,243.5],[523.0,242.5],[527.0,242.5],[531.0,241.5],[535.0,240.5],[539.0,239.5],[542.0,238.5],[546.0,237.5],[549.0,235.5],[553.0,234.5],[557.0,233.5],[560.0,232.5],[563.5,231.0],[567.0,229.5],[571.0,228.5],[575.0,227.5],[577.5,226.0],[581.0,224.5],[585.0,223.5],[590.0,223.5],[593.0,222.5],[598.0,222.5],[602.0,221.5],[607.0,221.5],[610.5,221.0],[613.0,222.5],[616.5,224.0],[620.0,225.5],[622.5,228.0],[625.0,230.5],[626.5,233.0],[627.5,237.0],[628.5,241.0],[628.0,245.5],[627.0,248.5],[625.0,251.5],[622.5,254.0],[620.5,257.0],[617.5,259.0],[615.5,261.0],[613.0,263.5],[610.5,266.0],[607.5,268.0],[605.5,270.0],[603.0,272.5],[600.0,274.5],[596.5,276.0],[593.0,277.5],[590.5,279.0],[587.0,280.5],[584.0,282.5],[580.5,284.0],[577.0,285.5],[574.0,286.5],[570.0,287.5],[566.0,288.5],[561.0,288.5],[558.0,289.5],[553.5,290.0],[549.0,290.5],[544.0,290.5],[540.0,291.5],[536.0,291.5],[531.0,291.5],[526.0,291.5],[521.5,292.0],[517.0,292.5],[514.0,293.5],[509.0,293.5],[504.0,293.5],[499.0,293.5],[495.0,293.5],[490.0,293.5],[486.0,292.5],[482.0,291.5],[477.0,291.5],[474.0,290.5],[469.0,290.5],[464.0,290.5],[460.0,289.5],[455.0,289.5],[451.0,289.5],[446.0,289.5],[442.0,290.5],[437.0,290.5],[433.0,290.5],[429.0,291.5],[424.0,291.5],[420.0,292.5],[415.0,292.5],[411.0,292.5],[406.0,292.5],[401.0,292.5],[397.0,291.5],[394.0,292.5],[389.0,292.5],[384.0,292.5],[380.0,293.5],[375.5,294.0],[372.0,294.5],[367.5,295.0],[363.0,295.5],[359.0,296.5],[354.5,297.0],[351.0,297.5],[347.0,298.5],[343.0,299.5],[339.5,301.0],[336.5,302.0],[333.0,303.5],[329.0,304.5],[326.0,306.5],[322.0,307.5],[319.0,308.5],[315.0,309.5],[310.0,309.5],[306.0,310.5],[301.0,310.5],[297.0,310.5],[292.0,310.5],[288.0,311.5],[283.0,311.5],[279.0,311.5],[275.0,312.5],[270.0,312.5],[266.0,313.5],[262.0,314.5],[258.0,314.5],[253.5,315.0],[249.0,315.5],[245.0,316.5],[241.0,317.5],[237.0,317.5],[233.0,318.5],[229.0,319.5],[224.5,320.0],[221.0,320.5],[217.0,321.5],[213.0,322.5]]",243045.1907657145,431179.38404779154,52.65386455368345,SPW_여수로_교각_도수면,SPW_여수로_교각_도수면,SPW_0220,0.9921984700791978,-46.400260393188525
frame_008373.jpg,R000004,CRC,균열,"[[490.0,281.5],[485.0,281.5],[479.0,281.5],[474.0,281.5],[468.0,281.5],[463.0,281.5],[459.0,280.5],[453.0,280.5],[448.0,280.5],[442.0,280.5],[437.0,280.5],[431.0,280.5],[426.0,280.5],[422.0,279.5],[416.0,279.5],[412.0,278.5],[406.0,278.5],[401.0,278.5],[396.0,278.5],[391.0,277.5],[386.0,277.5],[380.5,277.0],[376.0,276.5],[371.0,276.5],[366.0,275.5],[361.0,275.5],[356.0,274.5],[352.0,273.5],[347.0,272.5],[343.5,271.0],[340.0,269.5],[336.5,267.0],[334.0,264.5],[332.0,260.5],[330.5,257.0],[330.5,252.0],[332.0,247.5],[334.5,245.0],[337.0,241.5],[339.5,239.0],[343.0,237.5],[347.5,236.0],[351.5,235.0],[357.0,234.5],[362.0,234.5],[367.0,235.5],[372.0,235.5],[377.0,235.5],[382.0,236.5],[387.0,236.5],[392.0,237.5],[397.0,237.5],[402.0,237.5],[408.0,237.5],[413.0,237.5],[418.5,237.0],[423.0,236.5],[427.5,236.0],[433.0,235.5],[438.0,235.5],[444.0,235.5],[449.0,235.5],[455.0,235.5],[460.0,235.5],[465.0,235.5],[471.0,235.5],[476.0,235.5],[481.5,235.0],[486.0,234.5],[490.0,233.5],[494.0,231.5],[497.0,229.5],[501.0,227.5],[504.5,226.0],[508.0,224.5],[512.5,223.0],[516.0,221.5],[519.5,219.0],[523.0,217.5],[528.0,216.5],[532.0,215.5],[536.0,214.5],[542.0,214.5],[547.0,214.5],[553.0,214.5],[558.0,214.5],[562.0,213.5],[567.0,212.5],[571.0,211.5],[575.0,209.5],[578.5,208.0],[582.0,206.5],[586.5,205.0],[591.0,204.5],[596.0,203.5],[600.0,202.5],[605.0,201.5],[610.0,201.5],[614.0,202.5],[620.0,202.5],[625.0,202.5],[631.0,202.5],[636.0,202.5],[641.0,202.5],[647.0,202.5],[651.0,201.5],[657.0,201.5],[662.0,201.5],[666.0,200.5],[671.0,199.5],[675.5,199.0],[681.0,198.5],[686.0,198.5],[692.0,198.5],[696.0,199.5],[701.0,199.5],[706.0,200.5],[711.0,200.5],[717.0,200.5],[721.0,201.5],[726.0,201.5],[731.0,202.5],[736.0,202.5],[742.0,202.5],[747.0,202.5],[752.0,202.5],[758.0,202.5],[762.0,201.5],[768.0,201.5],[773.0,201.5],[779.0,201.5],[783.5,202.0],[788.0,202.5],[794.0,202.5],[799.0,202.5],[805.0,202.5],[809.0,201.5],[813.0,200.5],[818.0,199.5],[821.5,198.0],[826.0,196.5],[829.5,195.0],[833.5,194.0],[838.0,192.5],[842.0,191.5],[846.0,189.5],[850.0,188.5],[854.0,186.5],[858.0,185.5],[862.0,184.5],[868.0,184.5],[872.0,183.5],[877.0,182.5],[882.0,182.5],[887.0,182.5],[892.0,183.5],[896.0,184.5],[900.0,186.5],[903.5,188.0],[905.5,191.0],[906.5,196.0],[906.5,201.0],[906.5,207.0],[905.0,210.5],[902.5,214.0],[900.0,216.5],[897.5,219.0],[894.0,221.5],[891.5,224.0],[888.0,226.5],[885.5,229.0],[882.5,231.0],[879.0,233.5],[876.0,235.5],[872.0,237.5],[869.0,239.5],[865.5,241.0],[861.5,243.0],[858.0,244.5],[853.0,245.5],[849.5,247.0],[845.0,248.5],[841.0,249.5],[836.0,249.5],[831.0,250.5],[826.0,250.5],[820.0,250.5],[815.0,250.5],[810.0,250.5],[805.0,251.5],[800.0,251.5],[794.0,251.5],[790.0,252.5],[785.0,252.5],[780.0,253.5],[775.0,253.5],[769.0,253.5],[765.0,252.5],[759.0,252.5],[755.0,251.5],[751.0,250.5],[745.0,250.5],[741.0,249.5],[735.0,249.5],[731.0,248.5],[727.0,249.5],[721.0,249.5],[716.5,250.0],[711.0,250.5],[706.0,250.5],[702.0,251.5],[696.0,251.5],[692.0,252.5],[686.0,252.5],[682.0,251.5],[676.0,251.5],[671.0,251.5],[666.0,251.5],[661.0,252.5],[656.0,252.5],[651.0,253.5],[646.0,253.5],[642.0,254.5],[637.0,255.5],[633.0,256.5],[628.0,257.5],[624.0,258.5],[619.0,258.5],[614.0,259.5],[609.0,259.5],[603.0,259.5],[598.0,259.5],[592.0,259.5],[587.0,259.5],[582.5,260.0],[577.0,260.5],[573.0,261.5],[568.0,262.5],[564.0,263.5],[560.0,264.5],[555.0,265.5],[551.5,267.0],[547.5,269.0],[544.0,270.5],[540.5,272.0],[536.0,273.5],[532.0,274.5],[527.0,275.5],[523.0,276.5],[518.0,277.5],[513.0,277.5],[509.0,278.5],[503.0,278.5],[499.0,279.5],[494.0,280.5],[490.0,281.5]]",243045.3017174876,431179.05231654,52.65386455368345,SPW_여수로_교각_도수면,SPW_여수로_교각_도수면,SPW_0220,0.9922953819624621,-46.050466285115604
frame_008423.jpg,R000006,CRC,균열,"[[581.0,262.5],[577.0,261.5],[571.0,261.5],[566.0,261.5],[560.0,261.5],[556.0,260.5],[550.0,260.5],[546.0,259.5],[541.0,259.5],[535.0,259.5],[530.0,259.5],[524.0,259.5],[519.0,259.5],[514.0,259.5],[509.0,258.5],[504.0,258.5],[498.0,258.5],[494.0,257.5],[489.0,256.5],[484.0,256.5],[479.5,256.0],[474.0,255.5],[469.5,255.0],[464.0,254.5],[460.0,253.5],[456.0,252.5],[451.0,251.5],[447.5,250.0],[444.0,247.5],[441.0,245.5],[438.0,242.5],[436.5,239.0],[436.5,234.0],[436.5,228.0],[437.5,224.0],[440.5,221.0],[443.0,218.5],[447.5,217.0],[451.5,216.0],[456.0,215.5],[462.0,215.5],[467.0,215.5],[472.0,214.5],[476.5,215.0],[481.0,215.5],[487.0,215.5],[491.0,216.5],[497.0,216.5],[502.0,216.5],[507.0,217.5],[512.0,217.5],[516.5,217.0],[522.0,216.5],[526.0,215.5],[532.0,215.5],[537.0,215.5],[542.0,215.5],[548.0,215.5],[553.0,215.5],[559.0,215.5],[564.0,215.5],[570.0,215.5],[574.0,216.5],[579.0,216.5],[584.0,215.5],[589.0,215.5],[594.0,214.5],[598.0,213.5],[602.0,211.5],[605.0,209.5],[608.0,207.5],[612.0,205.5],[615.0,203.5],[619.0,201.5],[622.5,200.0],[626.0,198.5],[630.0,196.5],[634.0,195.5],[638.5,194.0],[643.0,193.5],[648.5,193.0],[653.0,192.5],[658.0,192.5],[664.0,192.5],[668.0,191.5],[673.0,190.5],[676.5,189.0],[681.0,187.5],[685.0,186.5],[689.0,185.5],[694.0,184.5],[698.5,184.0],[704.0,183.5],[709.0,183.5],[713.0,182.5],[719.0,182.5],[723.0,181.5],[729.0,181.5],[734.0,181.5],[740.0,181.5],[745.0,181.5],[750.0,181.5],[755.0,180.5],[760.0,180.5],[765.0,179.5],[770.0,179.5],[774.0,178.5],[780.0,178.5],[785.0,178.5],[791.0,178.5],[796.0,178.5],[802.0,178.5],[806.0,179.5],[811.0,179.5],[817.0,179.5],[822.0,179.5],[827.0,180.5],[832.0,180.5],[837.0,181.5],[842.0,181.5],[847.0,181.5],[852.0,182.5],[857.0,182.5],[863.0,182.5],[868.0,182.5],[872.0,183.5],[878.0,183.5],[883.0,183.5],[889.0,183.5],[894.0,183.5],[900.0,183.5],[904.5,183.0],[909.0,182.5],[913.5,181.0],[917.0,179.5],[922.0,178.5],[926.0,177.5],[929.5,176.0],[934.0,174.5],[938.0,173.5],[942.5,172.0],[946.5,171.0],[951.0,169.5],[954.5,168.0],[958.0,166.5],[963.0,165.5],[967.0,164.5],[972.0,163.5],[976.0,162.5],[982.0,162.5],[987.0,162.5],[992.0,162.5],[997.0,163.5],[1001.0,164.5],[1004.5,167.0],[1006.5,170.0],[1009.0,172.5],[1011.0,176.5],[1011.5,181.0],[1010.0,185.5],[1008.5,189.0],[1005.5,192.0],[1003.5,195.0],[1001.5,198.0],[998.0,200.5],[995.5,203.0],[992.0,205.5],[989.5,208.0],[986.5,210.0],[983.0,212.5],[980.0,214.5],[976.0,216.5],[973.0,218.5],[969.0,220.5],[965.5,222.0],[962.0,223.5],[958.0,225.5],[954.0,226.5],[949.5,228.0],[945.0,228.5],[940.0,229.5],[935.0,229.5],[931.0,230.5],[925.0,230.5],[920.0,230.5],[914.0,230.5],[910.0,231.5],[905.0,231.5],[900.0,232.5],[895.0,232.5],[890.0,233.5],[885.0,233.5],[879.0,233.5],[874.0,233.5],[870.0,232.5],[864.0,232.5],[860.0,231.5],[855.0,230.5],[851.0,229.5],[845.5,229.0],[841.0,228.5],[836.5,229.0],[831.0,229.5],[826.0,229.5],[821.0,230.5],[816.5,231.0],[812.0,231.5],[807.0,230.5],[802.0,230.5],[797.0,231.5],[792.0,231.5],[786.0,231.5],[782.0,232.5],[777.0,232.5],[771.0,232.5],[766.0,232.5],[760.0,232.5],[756.0,233.5],[752.0,234.5],[746.5,235.0],[742.0,235.5],[737.0,236.5],[733.0,237.5],[728.0,238.5],[723.0,238.5],[718.0,238.5],[712.0,238.5],[707.0,238.5],[702.0,237.5],[697.0,237.5],[692.0,238.5],[688.0,239.5],[683.5,240.0],[678.0,240.5],[674.0,241.5],[669.0,242.5],[665.0,243.5],[661.0,244.5],[657.0,246.5],[653.5,248.0],[649.0,249.5],[645.5,251.0],[641.0,252.5],[637.0,253.5],[633.0,254.5],[628.0,255.5],[623.0,255.5],[618.0,256.5],[614.0,257.5],[610.0,258.5],[605.0,259.5],[601.0,260.5],[595.0,260.5],[591.0,261.5],[585.0,261.5],[581.0,262.5]]",243045.39485943696,431178.77383412834,52.65386455368345,SPW_여수로_교각_도수면,SPW_여수로_교각_도수면,SPW_0220,0.9928288779476243,-45.756820451782275
frame_008573.jpg,R000008,CRC,균열,"[[888.0,280.5],[882.0,280.5],[877.0,280.5],[871.0,280.5],[865.0,280.5],[860.0,279.5],[855.0,279.5],[850.0,278.5],[844.0,278.5],[838.0,278.5],[833.0,278.5],[827.0,278.5],[821.0,278.5],[815.0,278.5],[811.0,277.5],[805.0,277.5],[799.5,277.0],[794.0,276.5],[789.5,276.0],[784.0,275.5],[778.0,275.5],[773.0,274.5],[768.0,274.5],[762.5,274.0],[757.0,273.5],[753.0,271.5],[749.5,270.0],[745.5,268.0],[742.0,265.5],[739.0,263.5],[736.5,260.0],[734.5,256.0],[733.5,251.0],[734.5,247.0],[736.5,243.0],[740.0,240.5],[744.0,238.5],[747.0,236.5],[751.5,235.0],[757.0,234.5],[762.0,233.5],[766.0,234.5],[772.0,234.5],[777.5,235.0],[783.0,235.5],[787.0,236.5],[793.0,236.5],[799.0,236.5],[805.0,236.5],[810.0,236.5],[816.0,236.5],[821.0,235.5],[827.0,235.5],[831.0,234.5],[837.0,234.5],[843.0,234.5],[849.0,234.5],[854.0,234.5],[859.0,235.5],[865.0,235.5],[870.0,235.5],[876.0,235.5],[882.0,235.5],[887.5,235.0],[891.5,234.0],[896.0,232.5],[900.5,231.0],[904.5,229.0],[907.0,226.5],[910.5,224.0],[914.0,221.5],[917.5,219.0],[921.0,217.5],[925.0,215.5],[930.0,214.5],[935.0,213.5],[939.0,212.5],[945.0,212.5],[951.0,212.5],[956.0,211.5],[961.0,211.5],[966.0,210.5],[971.5,210.0],[976.0,208.5],[980.0,207.5],[985.0,206.5],[989.0,204.5],[993.0,203.5],[998.0,202.5],[1003.0,201.5],[1008.5,201.0],[1013.0,200.5],[1019.0,200.5],[1025.0,200.5],[1031.0,200.5],[1036.0,200.5],[1042.0,200.5],[1048.0,200.5],[1053.5,200.0],[1058.0,199.5],[1064.0,199.5],[1070.0,199.5],[1075.0,198.5],[1080.0,198.5],[1086.0,198.5],[1092.0,198.5],[1098.0,198.5],[1103.0,198.5],[1109.0,198.5],[1115.0,198.5],[1121.0,198.5],[1125.0,199.5],[1131.0,199.5],[1136.0,200.5],[1141.0,200.5],[1147.0,200.5],[1153.0,200.5],[1158.0,201.5],[1163.0,201.5],[1169.0,201.5],[1174.0,202.5],[1180.0,202.5],[1185.0,202.5],[1191.0,202.5],[1197.0,202.5],[1203.0,202.5],[1206.0,202.5],[1212.0,202.5],[1218.0,202.5],[1224.0,202.5],[1229.0,202.5],[1235.0,202.5],[1241.0,202.5],[1247.0,202.5],[1251.0,203.5],[1257.0,203.5],[1262.0,202.5],[1267.0,201.5],[1271.0,200.5],[1275.5,199.0],[1279.5,197.0],[1284.0,195.5],[1288.0,194.5],[1292.5,193.0],[1297.0,191.5],[1301.0,190.5],[1305.0,188.5],[1310.0,187.5],[1315.0,186.5],[1319.0,185.5],[1325.0,185.5],[1330.0,184.5],[1335.0,183.5],[1339.0,184.5],[1343.5,186.0],[1347.5,188.0],[1350.5,191.0],[1352.0,194.5],[1352.5,200.0],[1351.5,205.0],[1349.5,209.0],[1347.5,212.0],[1344.5,215.0],[1342.0,218.5],[1339.0,221.5],[1336.5,224.0],[1334.0,227.5],[1331.0,230.5],[1328.0,233.5],[1325.0,235.5],[1321.5,238.0],[1318.0,240.5],[1314.5,242.0],[1310.0,243.5],[1305.0,244.5],[1300.0,245.5],[1296.0,246.5],[1291.0,247.5],[1286.0,248.5],[1280.0,248.5],[1275.0,248.5],[1269.0,248.5],[1263.0,248.5],[1257.0,248.5],[1253.0,247.5],[1247.0,247.5],[1241.0,247.5],[1236.0,248.5],[1231.0,248.5],[1225.0,248.5],[1219.5,249.0],[1214.0,249.5],[1209.0,249.5],[1204.0,250.5],[1198.0,250.5],[1192.0,250.5],[1188.0,251.5],[1182.0,251.5],[1176.0,251.5],[1171.0,251.5],[1166.0,250.5],[1160.5,250.0],[1155.5,249.0],[1151.5,248.0],[1146.0,247.5],[1140.0,247.5],[1134.0,247.5],[1129.0,247.5],[1123.5,248.0],[1118.0,248.5],[1112.0,248.5],[1108.0,249.5],[1102.5,250.0],[1097.0,250.5],[1091.0,250.5],[1086.0,250.5],[1080.0,250.5],[1074.0,250.5],[1068.0,250.5],[1063.0,250.5],[1058.0,251.5],[1052.5,252.0],[1047.0,252.5],[1043.0,253.5],[1038.0,254.5],[1033.0,255.5],[1028.5,257.0],[1024.0,257.5],[1018.0,257.5],[1012.0,257.5],[1008.0,258.5],[1003.0,257.5],[997.0,257.5],[992.0,258.5],[987.0,258.5],[981.0,258.5],[976.0,259.5],[971.0,260.5],[967.0,261.5],[962.5,263.0],[958.0,264.5],[954.0,266.5],[950.0,267.5],[946.0,269.5],[941.5,271.0],[937.0,272.5],[933.0,273.5],[928.0,274.5],[923.0,275.5],[917.0,275.5],[913.0,276.5],[908.0,277.5],[903.0,278.5],[897.0,278.5],[893.0,279.5],[888.0,280.5]]",243045.5162153588,431178.41099554155,52.653864553683455,SPW_여수로_교각_도수면,SPW_여수로_교각_도수면,SPW_0220,0.9919897647917949,-45.37422523693852
frame_008723.jpg,R000010,CRC,균열,"[[1086.0,227.5],[1080.0,227.5],[1074.0,227.5],[1070.0,226.5],[1064.0,226.5],[1058.0,226.5],[1052.0,226.5],[1047.0,226.5],[1041.5,227.0],[1036.0,227.5],[1031.0,226.5],[1026.0,226.5],[1020.0,226.5],[1015.0,225.5],[1009.0,225.5],[1004.0,225.5],[999.0,224.5],[994.0,223.5],[988.0,223.5],[982.0,223.5],[978.0,222.5],[972.0,222.5],[967.0,221.5],[962.0,220.5],[958.5,219.0],[954.5,217.0],[950.0,215.5],[946.5,213.0],[943.5,211.0],[940.5,208.0],[937.5,205.0],[935.0,201.5],[933.0,198.5],[930.5,195.0],[929.5,190.0],[929.5,186.0],[931.0,181.5],[933.5,179.0],[937.0,176.5],[941.0,174.5],[946.0,173.5],[950.0,172.5],[956.0,172.5],[961.0,173.5],[966.5,174.0],[971.0,174.5],[976.0,175.5],[982.0,175.5],[988.0,175.5],[993.0,175.5],[998.5,176.0],[1004.0,176.5],[1009.0,177.5],[1014.0,178.5],[1018.0,179.5],[1023.0,180.5],[1028.0,181.5],[1033.0,182.5],[1037.0,183.5],[1042.0,184.5],[1048.0,184.5],[1053.5,185.0],[1058.0,185.5],[1064.0,185.5],[1070.0,185.5],[1075.5,185.0],[1080.0,184.5],[1085.0,183.5],[1090.0,182.5],[1094.0,180.5],[1098.5,179.0],[1102.5,178.0],[1107.0,176.5],[1112.5,176.0],[1117.5,175.0],[1122.0,174.5],[1127.0,173.5],[1133.0,173.5],[1138.5,173.0],[1143.0,172.5],[1149.0,172.5],[1154.0,171.5],[1159.0,170.5],[1162.5,169.0],[1166.5,167.0],[1170.5,165.0],[1175.0,163.5],[1179.0,161.5],[1182.0,159.5],[1185.5,157.0],[1188.5,154.0],[1193.0,152.5],[1196.5,151.0],[1202.0,150.5],[1208.0,150.5],[1213.5,151.0],[1217.0,152.5],[1221.0,154.5],[1225.0,156.5],[1230.0,157.5],[1234.0,158.5],[1239.5,159.0],[1245.0,159.5],[1251.0,159.5],[1256.0,158.5],[1261.0,158.5],[1267.0,158.5],[1272.0,157.5],[1278.0,157.5],[1282.5,158.0],[1288.0,158.5],[1294.0,158.5],[1299.0,159.5],[1303.5,160.0],[1309.0,160.5],[1315.0,160.5],[1321.0,160.5],[1326.0,160.5],[1332.0,160.5],[1338.0,160.5],[1343.0,161.5],[1349.0,161.5],[1354.0,161.5],[1360.0,161.5],[1365.0,162.5],[1371.0,162.5],[1375.0,161.5],[1381.0,161.5],[1387.0,161.5],[1393.0,161.5],[1397.5,162.0],[1403.0,162.5],[1409.0,162.5],[1415.0,162.5],[1420.0,162.5],[1425.0,163.5],[1430.0,164.5],[1436.0,164.5],[1441.0,163.5],[1446.0,163.5],[1451.0,162.5],[1455.5,161.0],[1460.0,159.5],[1463.5,158.0],[1468.0,156.5],[1473.0,155.5],[1477.5,154.0],[1481.0,152.5],[1485.5,151.0],[1490.0,149.5],[1494.0,147.5],[1498.0,146.5],[1503.0,145.5],[1508.0,144.5],[1513.0,143.5],[1519.0,143.5],[1523.5,144.0],[1528.0,145.5],[1532.0,147.5],[1535.5,150.0],[1538.5,152.0],[1539.5,157.0],[1538.5,162.0],[1536.5,166.0],[1535.0,169.5],[1533.0,173.5],[1530.5,177.0],[1528.0,180.5],[1525.5,183.0],[1522.5,186.0],[1519.5,189.0],[1516.0,191.5],[1513.0,194.5],[1510.0,196.5],[1506.5,199.0],[1502.5,201.0],[1498.5,203.0],[1495.0,204.5],[1490.0,205.5],[1484.5,206.0],[1479.0,206.5],[1475.0,207.5],[1469.0,207.5],[1463.0,207.5],[1457.0,207.5],[1452.0,207.5],[1446.0,207.5],[1440.0,207.5],[1434.0,207.5],[1428.0,207.5],[1423.0,207.5],[1417.0,207.5],[1412.0,208.5],[1406.0,208.5],[1401.0,208.5],[1396.0,209.5],[1390.0,209.5],[1385.0,210.5],[1380.5,211.0],[1375.0,211.5],[1370.0,212.5],[1364.0,212.5],[1359.5,212.0],[1354.0,211.5],[1348.5,211.0],[1343.0,210.5],[1338.0,209.5],[1334.0,208.5],[1329.0,207.5],[1323.0,207.5],[1317.0,207.5],[1312.0,207.5],[1307.0,208.5],[1301.0,208.5],[1296.0,209.5],[1292.0,210.5],[1286.0,210.5],[1280.0,210.5],[1275.0,211.5],[1270.0,211.5],[1265.0,212.5],[1259.0,212.5],[1253.0,212.5],[1247.0,212.5],[1242.0,212.5],[1236.0,212.5],[1231.0,211.5],[1225.0,211.5],[1221.0,210.5],[1216.0,209.5],[1210.0,209.5],[1205.0,210.5],[1201.0,211.5],[1196.0,212.5],[1191.0,213.5],[1186.0,214.5],[1182.0,215.5],[1177.0,216.5],[1171.0,216.5],[1165.5,217.0],[1160.0,217.5],[1155.0,217.5],[1150.0,216.5],[1145.0,217.5],[1139.0,217.5],[1135.0,218.5],[1130.0,219.5],[1125.0,220.5],[1120.0,221.5],[1116.0,222.5],[1110.0,222.5],[1105.0,223.5],[1100.0,224.5],[1096.0,225.5],[1091.0,226.5],[1086.0,227.5]]",243045.62049930697,431178.0992000888,52.653864553683455,SPW_여수로_교각_도수면,SPW_여수로_교각_도수면,SPW_0221,0.9921380811686431,-45.04545245048019
frame_008923.jpg,R000012,CRC,균열,"[[1919.0,242.5],[1913.0,242.5],[1907.0,242.5],[1903.0,241.5],[1898.0,240.5],[1893.0,239.5],[1888.0,238.5],[1884.0,237.5],[1878.0,237.5],[1872.0,237.5],[1866.0,237.5],[1861.0,236.5],[1857.0,235.5],[1852.0,234.5],[1846.0,234.5],[1840.0,234.5],[1835.0,234.5],[1830.0,235.5],[1824.0,235.5],[1818.5,235.0],[1814.0,233.5],[1810.0,232.5],[1806.0,230.5],[1801.5,229.0],[1797.0,227.5],[1793.0,225.5],[1790.0,223.5],[1785.0,222.5],[1779.0,222.5],[1773.0,222.5],[1768.0,222.5],[1762.0,222.5],[1758.0,222.5],[1752.0,222.5],[1746.0,222.5],[1742.0,221.5],[1737.0,220.5],[1731.5,220.0],[1726.0,219.5],[1721.0,219.5],[1716.0,218.5],[1710.5,219.0],[1705.0,219.5],[1700.0,220.5],[1695.0,220.5],[1689.0,220.5],[1683.5,221.0],[1678.0,221.5],[1673.0,221.5],[1667.0,221.5],[1661.5,222.0],[1656.0,222.5],[1650.0,222.5],[1646.0,223.5],[1640.0,223.5],[1634.0,223.5],[1629.0,222.5],[1624.0,222.5],[1618.0,222.5],[1613.0,221.5],[1607.0,221.5],[1601.5,222.0],[1597.0,222.5],[1592.5,224.0],[1588.0,225.5],[1583.0,226.5],[1578.0,227.5],[1573.0,227.5],[1567.0,227.5],[1561.0,227.5],[1555.0,227.5],[1551.0,228.5],[1545.0,228.5],[1540.0,229.5],[1534.0,229.5],[1529.0,230.5],[1524.0,230.5],[1519.0,231.5],[1514.0,232.5],[1509.0,233.5],[1505.0,234.5],[1500.0,235.5],[1495.0,236.5],[1490.5,238.0],[1485.5,239.0],[1481.0,239.5],[1475.0,239.5],[1469.0,239.5],[1463.0,239.5],[1458.0,239.5],[1452.0,239.5],[1446.0,239.5],[1440.0,239.5],[1435.5,240.0],[1431.0,239.5],[1425.0,239.5],[1420.0,238.5],[1414.0,238.5],[1409.0,238.5],[1404.0,237.5],[1398.0,237.5],[1393.0,236.5],[1387.0,236.5],[1382.5,236.0],[1377.0,235.5],[1372.0,234.5],[1367.0,233.5],[1361.5,233.0],[1357.0,232.5],[1352.0,231.5],[1347.0,230.5],[1343.0,228.5],[1340.0,226.5],[1337.0,223.5],[1334.0,220.5],[1331.0,217.5],[1328.0,214.5],[1325.0,212.5],[1323.0,208.5],[1321.0,204.5],[1320.5,199.0],[1320.5,196.0],[1322.0,191.5],[1325.0,188.5],[1329.0,186.5],[1334.0,185.5],[1338.0,184.5],[1342.5,184.0],[1348.0,184.5],[1354.0,184.5],[1358.0,185.5],[1364.0,185.5],[1370.0,185.5],[1376.0,185.5],[1382.0,185.5],[1386.0,186.5],[1392.0,186.5],[1396.0,188.5],[1401.0,189.5],[1405.0,190.5],[1411.0,190.5],[1416.0,191.5],[1421.0,192.5],[1427.0,192.5],[1431.0,193.5],[1436.0,194.5],[1440.5,196.0],[1445.5,197.0],[1450.0,197.5],[1456.0,197.5],[1461.5,197.0],[1467.0,196.5],[1472.0,195.5],[1476.0,194.5],[1481.0,193.5],[1486.0,192.5],[1491.0,191.5],[1495.0,189.5],[1499.0,188.5],[1504.0,187.5],[1509.5,187.0],[1515.0,186.5],[1519.0,185.5],[1525.0,185.5],[1531.0,185.5],[1536.0,184.5],[1542.0,184.5],[1546.0,183.5],[1550.0,181.5],[1554.5,180.0],[1559.0,178.5],[1562.5,177.0],[1567.0,175.5],[1570.5,173.0],[1574.0,170.5],[1578.0,168.5],[1581.0,166.5],[1585.0,164.5],[1589.0,162.5],[1594.0,161.5],[1598.5,162.0],[1604.0,162.5],[1608.0,164.5],[1612.5,166.0],[1616.0,168.5],[1620.0,169.5],[1625.0,170.5],[1630.0,171.5],[1636.0,171.5],[1641.0,171.5],[1647.0,171.5],[1652.5,171.0],[1658.0,170.5],[1664.0,170.5],[1669.0,170.5],[1675.0,170.5],[1681.0,170.5],[1687.0,170.5],[1693.0,170.5],[1697.5,171.0],[1703.0,171.5],[1708.0,172.5],[1714.0,172.5],[1719.0,172.5],[1725.0,172.5],[1731.0,172.5],[1737.0,172.5],[1742.0,173.5],[1747.0,173.5],[1753.0,173.5],[1758.0,174.5],[1764.0,174.5],[1769.0,174.5],[1775.0,174.5],[1781.0,174.5],[1787.0,174.5],[1792.0,173.5],[1796.0,174.5],[1802.0,174.5],[1808.0,174.5],[1814.0,174.5],[1819.0,174.5],[1825.0,174.5],[1831.0,174.5],[1837.0,174.5],[1842.0,173.5],[1847.0,173.5],[1853.0,173.5],[1858.0,174.5],[1863.0,175.5],[1868.0,175.5],[1873.0,176.5],[1878.5,177.0],[1883.0,176.5],[1888.0,175.5],[1892.0,174.5],[1897.0,173.5],[1902.0,172.5],[1907.0,171.5],[1911.5,170.0],[1915.0,168.5],[1918.0,165.5],[1919.5,168.0],[1919.5,174.0],[1919.5,179.0],[1919.5,185.0],[1919.5,191.0],[1919.5,197.0],[1919.5,203.0],[1919.5,208.0],[1919.5,214.0],[1919.5,220.0],[1919.5,226.0],[1919.5,231.0],[1919.5,237.0],[1919.0,242.5]]",243045.75176567974,431177.7067314731,52.65386455368345,SPW_여수로_교각_도수면,SPW_여수로_교각_도수면,SPW_0221,0.9924598133230026,-44.631613746053105
frame_009123.jpg,R000014,CRC,균열,"[[1686.0,162.5],[1682.0,162.5],[1677.0,162.5],[1673.5,162.0],[1670.0,161.5],[1665.0,161.5],[1661.0,161.5],[1657.0,161.5],[1652.0,161.5],[1648.0,161.5],[1645.0,160.5],[1640.0,160.5],[1637.0,159.5],[1634.0,158.5],[1630.0,157.5],[1626.0,157.5],[1622.0,156.5],[1619.0,155.5],[1615.0,155.5],[1611.0,154.5],[1608.0,155.5],[1604.0,155.5],[1600.0,156.5],[1597.0,157.5],[1593.0,157.5],[1588.0,157.5],[1584.5,158.0],[1581.0,158.5],[1577.0,157.5],[1573.0,157.5],[1570.0,156.5],[1565.5,156.0],[1562.0,155.5],[1559.0,154.5],[1555.0,153.5],[1552.0,152.5],[1549.0,151.5],[1546.0,149.5],[1543.0,148.5],[1539.5,148.0],[1535.0,147.5],[1532.0,146.5],[1529.0,145.5],[1525.0,144.5],[1522.5,143.0],[1519.0,141.5],[1516.0,140.5],[1513.0,139.5],[1509.0,138.5],[1506.0,137.5],[1503.0,136.5],[1500.0,134.5],[1497.5,133.0],[1495.0,131.5],[1492.0,129.5],[1489.5,128.0],[1487.5,126.0],[1485.0,123.5],[1483.0,121.5],[1482.5,118.0],[1482.5,113.0],[1483.0,109.5],[1484.0,106.5],[1485.5,103.0],[1487.5,101.0],[1489.0,98.5],[1492.0,96.5],[1494.5,95.0],[1496.5,93.0],[1500.0,91.5],[1502.5,90.0],[1506.0,88.5],[1509.0,87.5],[1512.0,86.5],[1516.0,85.5],[1519.0,84.5],[1523.0,84.5],[1528.0,84.5],[1531.0,85.5],[1534.5,86.0],[1538.0,87.5],[1541.5,88.0],[1545.0,88.5],[1549.0,89.5],[1552.0,90.5],[1555.0,91.5],[1558.5,93.0],[1562.0,93.5],[1566.0,93.5],[1571.0,93.5],[1575.0,93.5],[1579.0,93.5],[1584.0,93.5],[1587.0,94.5],[1591.0,94.5],[1595.0,95.5],[1598.5,96.0],[1602.0,96.5],[1605.5,98.0],[1608.0,99.5],[1611.5,101.0],[1614.0,102.5],[1617.0,103.5],[1621.0,104.5],[1624.0,105.5],[1628.0,105.5],[1632.0,106.5],[1636.0,106.5],[1640.0,106.5],[1645.0,106.5],[1648.0,105.5],[1651.0,104.5],[1655.0,103.5],[1658.0,102.5],[1662.0,102.5],[1666.0,101.5],[1669.0,100.5],[1673.0,100.5],[1677.0,99.5],[1681.0,99.5],[1684.5,99.0],[1688.5,99.0],[1692.0,99.5],[1696.0,99.5],[1700.0,98.5],[1704.0,98.5],[1707.0,97.5],[1711.0,96.5],[1715.0,96.5],[1719.0,95.5],[1722.5,95.0],[1726.0,94.5],[1731.0,94.5],[1735.0,94.5],[1738.0,93.5],[1743.0,93.5],[1746.0,92.5],[1750.0,92.5],[1755.0,92.5],[1758.5,93.0],[1762.0,93.5],[1767.0,93.5],[1771.0,93.5],[1774.5,94.0],[1779.0,94.5],[1783.0,94.5],[1787.0,94.5],[1792.0,94.5],[1795.0,95.5],[1798.5,96.0],[1802.5,97.0],[1806.0,97.5],[1809.0,98.5],[1813.0,99.5],[1816.0,100.5],[1819.0,101.5],[1824.0,101.5],[1827.0,102.5],[1832.0,102.5],[1836.0,102.5],[1840.0,102.5],[1844.0,101.5],[1848.0,101.5],[1851.0,100.5],[1855.0,99.5],[1857.5,98.0],[1860.5,97.0],[1864.5,96.0],[1868.0,95.5],[1872.0,95.5],[1877.0,95.5],[1880.0,96.5],[1884.0,96.5],[1888.0,97.5],[1891.0,98.5],[1895.0,98.5],[1900.0,98.5],[1904.0,98.5],[1908.0,98.5],[1912.0,97.5],[1915.0,96.5],[1918.0,95.5],[1919.5,97.0],[1919.5,101.0],[1919.5,105.0],[1919.5,110.0],[1919.5,114.0],[1919.5,119.0],[1919.5,123.0],[1919.5,127.0],[1919.5,132.0],[1919.5,136.0],[1919.5,140.0],[1919.0,144.5],[1916.0,143.5],[1913.0,142.5],[1908.0,142.5],[1904.0,142.5],[1900.0,142.5],[1895.0,142.5],[1891.0,142.5],[1888.0,143.5],[1883.0,143.5],[1879.0,143.5],[1876.0,142.5],[1871.0,142.5],[1867.0,142.5],[1864.0,141.5],[1859.0,141.5],[1856.0,140.5],[1852.5,140.0],[1848.0,139.5],[1845.0,138.5],[1840.0,138.5],[1837.0,137.5],[1833.0,137.5],[1829.0,136.5],[1826.0,137.5],[1822.0,137.5],[1818.5,139.0],[1816.0,140.5],[1813.0,141.5],[1809.5,143.0],[1806.5,144.0],[1803.0,144.5],[1799.0,145.5],[1796.0,146.5],[1793.0,147.5],[1788.0,147.5],[1785.0,148.5],[1781.0,148.5],[1776.0,148.5],[1772.0,148.5],[1768.0,148.5],[1763.0,148.5],[1759.0,148.5],[1755.0,148.5],[1750.0,148.5],[1747.0,149.5],[1743.0,149.5],[1739.0,150.5],[1736.0,151.5],[1732.0,152.5],[1728.0,152.5],[1725.0,153.5],[1721.0,154.5],[1717.0,154.5],[1714.0,155.5],[1710.0,156.5],[1707.0,157.5],[1704.0,158.5],[1700.0,159.5],[1697.0,160.5],[1693.0,160.5],[1689.0,161.5],[1686.0,162.5]]",243045.84058515006,431177.4411733273,52.65386455368344,SPW_여수로_교각_도수면,SPW_여수로_교각_도수면,SPW_0221,0.9922112351432257,-44.35159584240727
frame_009223.jpg,R000016,CRC,균열,"[[1685.0,236.5],[1681.0,236.5],[1676.0,236.5],[1672.0,236.5],[1668.0,236.5],[1663.0,236.5],[1660.0,235.5],[1656.0,235.5],[1651.5,235.0],[1648.0,234.5],[1644.5,234.0],[1641.0,233.5],[1637.0,232.5],[1633.0,232.5],[1630.0,231.5],[1625.0,231.5],[1622.0,230.5],[1618.0,230.5],[1613.0,230.5],[1610.0,229.5],[1607.0,230.5],[1602.0,230.5],[1598.0,230.5],[1594.5,231.0],[1590.0,231.5],[1586.0,231.5],[1582.5,232.0],[1579.0,232.5],[1575.0,231.5],[1571.0,231.5],[1567.5,231.0],[1563.0,230.5],[1560.0,229.5],[1557.0,228.5],[1554.0,226.5],[1551.0,225.5],[1548.0,224.5],[1544.0,223.5],[1541.0,222.5],[1537.5,222.0],[1533.5,221.0],[1530.5,220.0],[1527.0,219.5],[1524.0,218.5],[1520.0,217.5],[1517.0,216.5],[1514.5,215.0],[1511.0,213.5],[1508.0,212.5],[1505.0,211.5],[1501.5,210.0],[1499.0,208.5],[1496.0,207.5],[1493.0,205.5],[1491.0,203.5],[1489.0,201.5],[1486.5,199.0],[1484.5,197.0],[1483.5,194.0],[1483.5,189.0],[1484.5,186.0],[1485.0,182.5],[1486.5,180.0],[1488.5,177.0],[1490.0,174.5],[1492.0,172.5],[1494.5,170.0],[1496.5,168.0],[1499.0,166.5],[1502.0,164.5],[1505.0,163.5],[1508.0,162.5],[1512.0,161.5],[1515.0,160.5],[1518.0,159.5],[1523.0,159.5],[1527.0,159.5],[1531.0,159.5],[1534.5,160.0],[1538.0,161.5],[1541.0,162.5],[1544.0,163.5],[1548.0,164.5],[1551.0,165.5],[1554.0,166.5],[1558.0,167.5],[1561.5,168.0],[1565.0,168.5],[1569.0,167.5],[1573.0,167.5],[1577.0,167.5],[1581.5,168.0],[1585.0,168.5],[1589.0,168.5],[1592.0,169.5],[1596.0,170.5],[1600.0,170.5],[1603.0,171.5],[1606.0,173.5],[1609.0,174.5],[1611.5,176.0],[1615.0,177.5],[1618.0,178.5],[1621.0,179.5],[1625.0,180.5],[1629.0,180.5],[1632.0,181.5],[1637.0,181.5],[1641.0,181.5],[1644.0,180.5],[1648.0,179.5],[1651.5,179.0],[1655.0,178.5],[1658.0,177.5],[1662.0,176.5],[1665.5,176.0],[1669.0,175.5],[1673.0,174.5],[1676.0,173.5],[1679.0,172.5],[1684.0,172.5],[1688.0,172.5],[1692.0,172.5],[1697.0,172.5],[1701.0,172.5],[1705.0,172.5],[1709.0,171.5],[1713.0,171.5],[1716.0,170.5],[1720.0,170.5],[1724.0,169.5],[1727.5,169.0],[1730.5,168.0],[1735.0,167.5],[1738.0,166.5],[1742.0,166.5],[1746.0,167.5],[1750.0,167.5],[1753.5,168.0],[1758.0,168.5],[1762.0,168.5],[1766.0,168.5],[1771.0,168.5],[1775.0,168.5],[1779.0,168.5],[1783.0,168.5],[1787.5,169.0],[1791.0,169.5],[1794.5,170.0],[1799.0,170.5],[1802.0,171.5],[1806.0,171.5],[1810.0,172.5],[1813.0,173.5],[1816.5,174.0],[1820.5,175.0],[1823.5,176.0],[1826.5,177.0],[1831.0,177.5],[1835.0,177.5],[1839.0,177.5],[1843.0,176.5],[1846.5,176.0],[1850.0,175.5],[1853.0,174.5],[1856.0,172.5],[1859.0,171.5],[1862.5,171.0],[1867.0,170.5],[1871.0,170.5],[1875.0,170.5],[1879.0,171.5],[1883.0,171.5],[1886.0,172.5],[1891.0,172.5],[1895.0,172.5],[1899.0,172.5],[1904.0,172.5],[1908.0,172.5],[1911.0,171.5],[1915.0,171.5],[1918.5,170.0],[1919.5,172.0],[1919.5,176.0],[1919.5,181.0],[1919.5,185.0],[1919.5,189.0],[1919.5,194.0],[1919.5,198.0],[1919.5,202.0],[1919.5,207.0],[1919.5,211.0],[1919.5,215.0],[1918.0,218.5],[1915.0,217.5],[1911.0,217.5],[1907.0,217.5],[1902.0,217.5],[1898.0,217.5],[1894.0,217.5],[1889.0,217.5],[1885.0,217.5],[1881.5,218.0],[1878.0,217.5],[1874.0,217.5],[1870.0,217.5],[1866.0,216.5],[1862.5,216.0],[1859.0,215.5],[1855.0,214.5],[1852.0,213.5],[1849.0,212.5],[1844.0,212.5],[1840.0,212.5],[1836.0,212.5],[1832.0,212.5],[1828.0,213.5],[1825.0,214.5],[1821.5,215.0],[1817.0,215.5],[1814.0,216.5],[1810.5,217.0],[1807.0,218.5],[1804.0,219.5],[1800.5,220.0],[1796.0,220.5],[1793.0,221.5],[1789.5,222.0],[1785.0,222.5],[1782.0,223.5],[1778.0,223.5],[1774.0,223.5],[1770.0,224.5],[1766.0,224.5],[1763.0,223.5],[1758.0,223.5],[1754.0,223.5],[1750.0,223.5],[1745.0,223.5],[1742.0,224.5],[1738.0,224.5],[1733.5,225.0],[1730.0,225.5],[1727.0,226.5],[1723.0,227.5],[1720.0,228.5],[1717.0,229.5],[1713.0,229.5],[1709.0,230.5],[1706.0,231.5],[1702.0,231.5],[1698.0,232.5],[1695.0,233.5],[1692.0,234.5],[1688.0,235.5],[1685.0,236.5]]",243045.91983645633,431177.20422269177,52.65386455368345,SPW_여수로_교각_도수면,SPW_여수로_교각_도수면,SPW_0221,0.9914201485475044,-44.101743140584354
frame_028243.jpg,R000018,CRC,균열,"[[1028.0,687.5],[1022.0,687.5],[1017.0,687.5],[1012.0,686.5],[1007.0,686.5],[1002.0,687.5],[998.0,686.5],[992.5,686.0],[988.0,684.5],[984.0,683.5],[980.5,681.0],[977.5,679.0],[975.0,675.5],[973.5,672.0],[971.5,668.0],[969.5,664.0],[968.0,660.5],[966.0,656.5],[964.5,653.0],[963.0,648.5],[961.5,644.0],[961.5,639.0],[961.5,633.0],[961.5,628.0],[960.0,623.5],[958.5,620.0],[956.5,616.0],[954.5,612.0],[953.0,608.5],[951.5,604.0],[949.5,601.0],[947.5,597.0],[946.0,593.5],[944.0,589.5],[942.0,585.5],[940.5,582.0],[942.5,578.0],[944.0,574.5],[947.0,571.5],[949.5,569.0],[952.0,565.5],[954.5,562.0],[956.5,559.0],[957.5,554.0],[959.0,550.5],[960.5,546.0],[961.5,541.0],[962.5,537.0],[962.5,531.0],[961.5,527.0],[960.0,522.5],[958.5,519.0],[957.5,514.0],[956.5,509.0],[957.5,505.0],[958.5,500.0],[958.5,495.0],[958.5,489.0],[957.5,485.0],[955.5,481.0],[954.5,476.0],[953.5,472.0],[952.5,467.0],[951.5,463.0],[951.5,457.0],[951.0,452.5],[949.5,448.0],[948.5,443.0],[948.5,438.0],[948.5,432.0],[949.5,428.0],[950.5,423.0],[950.5,417.0],[950.5,412.0],[951.5,407.0],[951.5,402.0],[949.5,398.0],[947.5,395.0],[945.0,391.5],[942.0,388.5],[939.5,386.0],[937.0,382.5],[935.5,379.0],[933.0,375.5],[931.5,372.0],[931.5,368.0],[933.0,363.5],[934.5,360.0],[936.5,356.0],[938.0,352.5],[939.5,348.0],[940.0,344.5],[939.5,339.0],[937.5,335.0],[936.0,331.5],[934.5,327.0],[933.5,323.0],[933.5,317.0],[936.0,314.5],[939.0,311.5],[943.5,310.0],[948.0,309.5],[953.0,308.5],[958.0,308.5],[963.0,307.5],[966.5,305.0],[968.5,302.0],[968.5,296.0],[967.5,292.0],[967.5,286.0],[968.5,282.0],[969.5,277.0],[970.0,271.5],[971.0,267.5],[972.5,263.0],[973.5,259.0],[975.0,254.5],[976.5,251.0],[979.0,247.5],[982.0,244.5],[984.5,242.0],[988.0,239.5],[991.0,237.5],[995.5,236.0],[999.0,234.5],[1004.0,233.5],[1009.0,234.5],[1013.0,235.5],[1017.5,237.0],[1021.0,238.5],[1026.0,239.5],[1030.0,241.5],[1033.0,243.5],[1036.5,246.0],[1039.0,248.5],[1038.0,252.5],[1036.5,256.0],[1034.5,260.0],[1032.5,264.0],[1030.5,267.0],[1029.0,271.5],[1027.5,275.0],[1025.5,279.0],[1023.5,282.0],[1021.5,286.0],[1019.5,290.0],[1018.0,293.5],[1016.5,298.0],[1015.0,301.5],[1013.0,305.5],[1011.5,309.0],[1009.5,313.0],[1008.0,317.5],[1007.0,321.5],[1005.5,326.0],[1004.5,330.0],[1003.5,335.0],[1003.5,341.0],[1005.0,344.5],[1007.0,348.5],[1008.5,352.0],[1010.5,356.0],[1011.5,360.0],[1012.5,365.0],[1012.5,371.0],[1012.5,376.0],[1013.5,381.0],[1013.5,386.0],[1013.5,392.0],[1013.5,397.0],[1014.5,402.0],[1016.0,406.5],[1017.5,410.0],[1019.5,414.0],[1021.0,417.5],[1023.0,421.5],[1024.5,425.0],[1027.0,428.5],[1029.5,432.0],[1031.5,435.0],[1033.5,439.0],[1033.5,444.0],[1032.5,449.0],[1031.5,453.0],[1029.5,457.0],[1027.0,460.5],[1024.0,462.5],[1020.5,465.0],[1017.5,467.0],[1014.5,470.0],[1012.5,474.0],[1010.5,477.0],[1008.0,480.5],[1006.0,483.5],[1004.5,488.0],[1003.5,492.0],[1002.5,497.0],[1003.5,502.0],[1004.5,506.0],[1003.5,511.0],[1002.5,515.0],[1001.5,520.0],[1003.0,523.5],[1006.0,526.5],[1010.0,528.5],[1014.0,529.5],[1019.0,530.5],[1022.5,532.0],[1027.0,533.5],[1030.5,535.0],[1033.0,538.5],[1035.0,542.5],[1036.5,546.0],[1037.5,551.0],[1037.5,556.0],[1038.5,561.0],[1040.0,565.5],[1041.5,569.0],[1042.5,574.0],[1042.5,579.0],[1041.5,584.0],[1039.5,587.0],[1038.5,592.0],[1037.5,597.0],[1036.5,601.0],[1035.5,606.0],[1033.5,609.0],[1031.0,612.5],[1029.5,616.0],[1030.0,619.5],[1034.0,621.5],[1037.0,623.5],[1040.5,626.0],[1043.5,628.0],[1047.0,630.5],[1050.0,632.5],[1053.5,635.0],[1057.5,637.0],[1061.0,638.5],[1064.0,641.5],[1066.0,644.5],[1067.5,649.0],[1067.5,655.0],[1066.5,659.0],[1064.5,663.0],[1063.5,667.0],[1061.5,671.0],[1059.0,673.5],[1055.5,676.0],[1052.0,678.5],[1048.5,680.0],[1044.0,681.5],[1040.0,682.5],[1036.0,684.5],[1032.5,686.0],[1028.0,687.5]]",243046.56093114975,431172.1497778653,51.30465780977085,SPW_여수로_교각_도수면,SPW_여수로_교각_도수면,SPW_0242,0.9881201598375627,-39.105050992223454
frame_029293.jpg,R000020,CRC,균열,"[[481.0,292.5],[479.0,292.5],[477.0,292.5],[475.0,292.5],[472.0,292.5],[470.0,292.5],[468.0,292.5],[466.0,292.5],[464.0,292.5],[462.0,292.5],[459.0,292.5],[458.0,291.5],[456.0,291.5],[454.0,291.5],[452.0,291.5],[450.0,291.5],[447.0,291.5],[445.0,291.5],[443.0,291.5],[441.0,291.5],[439.0,291.5],[437.5,291.0],[436.0,290.5],[433.0,290.5],[431.0,290.5],[429.0,290.5],[428.0,289.5],[426.0,289.5],[424.0,289.5],[422.0,288.5],[420.0,288.5],[418.0,288.5],[416.5,288.0],[415.0,287.5],[413.0,287.5],[411.0,287.5],[408.5,287.0],[407.0,286.5],[405.0,286.5],[403.0,286.5],[401.5,286.0],[400.0,285.5],[397.0,285.5],[395.5,285.0],[394.0,284.5],[392.0,284.5],[390.0,284.5],[388.5,284.0],[386.0,283.5],[384.0,283.5],[382.0,283.5],[381.0,282.5],[379.0,282.5],[377.0,282.5],[375.0,282.5],[372.0,282.5],[370.0,282.5],[368.0,282.5],[366.0,282.5],[364.0,282.5],[362.0,282.5],[359.0,282.5],[357.0,282.5],[355.0,282.5],[353.0,282.5],[351.0,282.5],[349.0,282.5],[346.0,282.5],[344.0,282.5],[342.0,282.5],[341.0,281.5],[339.0,281.5],[337.0,281.5],[336.0,280.5],[334.0,279.5],[332.5,279.0],[331.0,278.5],[330.0,277.5],[329.0,276.5],[328.0,275.5],[326.5,274.0],[325.5,273.0],[324.5,272.0],[323.5,271.0],[322.5,270.0],[321.5,269.0],[320.5,268.0],[319.5,266.0],[318.5,265.0],[317.5,264.0],[316.5,263.0],[316.0,261.5],[315.0,260.5],[314.0,258.5],[313.5,257.0],[312.5,256.0],[312.5,254.0],[312.0,252.5],[311.5,251.0],[311.5,248.0],[312.5,247.0],[312.5,245.0],[313.5,244.0],[313.5,242.0],[314.5,241.0],[315.0,239.5],[316.0,237.5],[317.0,236.5],[317.5,235.0],[318.5,234.0],[319.5,233.0],[321.0,232.5],[322.5,231.0],[323.5,230.0],[324.5,229.0],[325.5,228.0],[327.0,227.5],[328.0,226.5],[330.0,225.5],[332.0,225.5],[333.5,225.0],[335.0,224.5],[337.0,224.5],[338.0,223.5],[340.0,223.5],[342.0,224.5],[343.5,225.0],[345.0,225.5],[347.0,225.5],[348.0,226.5],[349.5,227.0],[352.0,227.5],[353.0,228.5],[354.5,229.0],[356.0,229.5],[357.5,230.0],[359.0,230.5],[360.5,231.0],[363.0,231.5],[364.5,232.0],[366.0,232.5],[368.0,232.5],[369.0,233.5],[371.0,233.5],[373.0,234.5],[375.0,234.5],[377.0,234.5],[378.0,235.5],[380.0,235.5],[382.0,235.5],[384.0,236.5],[386.0,236.5],[388.0,236.5],[389.5,237.0],[391.0,237.5],[393.0,237.5],[394.0,238.5],[396.5,239.0],[398.0,239.5],[399.5,240.0],[401.0,240.5],[402.5,241.0],[404.0,241.5],[406.0,242.5],[408.0,242.5],[409.0,243.5],[411.0,243.5],[412.0,244.5],[414.0,244.5],[416.0,245.5],[418.0,245.5],[420.0,245.5],[421.5,246.0],[423.0,246.5],[425.0,246.5],[427.0,246.5],[430.0,246.5],[432.0,246.5],[434.0,246.5],[436.0,246.5],[438.0,246.5],[439.5,246.0],[442.0,245.5],[444.0,245.5],[446.0,245.5],[448.0,245.5],[450.0,245.5],[452.0,245.5],[454.0,245.5],[457.0,245.5],[459.0,245.5],[460.5,246.0],[462.0,246.5],[464.0,246.5],[465.5,247.0],[468.0,247.5],[469.5,248.0],[471.0,248.5],[472.0,249.5],[474.0,249.5],[475.0,250.5],[478.0,250.5],[479.0,251.5],[481.0,251.5],[482.5,252.0],[484.0,252.5],[486.0,252.5],[488.0,252.5],[490.5,253.0],[492.0,253.5],[494.0,253.5],[496.0,253.5],[498.0,253.5],[499.0,254.5],[501.0,255.5],[503.0,255.5],[504.0,256.5],[505.5,257.0],[507.0,257.5],[508.0,258.5],[510.0,259.5],[511.0,260.5],[512.5,261.0],[513.5,262.0],[514.0,263.5],[515.0,264.5],[515.5,266.0],[515.5,269.0],[515.5,271.0],[516.5,272.0],[515.5,273.0],[515.5,275.0],[514.5,276.0],[514.0,278.5],[513.5,280.0],[512.5,281.0],[511.0,281.5],[510.0,282.5],[509.0,283.5],[507.5,284.0],[506.0,285.5],[504.5,286.0],[503.5,287.0],[502.0,287.5],[500.5,288.0],[499.0,288.5],[497.0,289.5],[495.0,289.5],[493.5,290.0],[492.0,290.5],[490.0,290.5],[488.5,291.0],[486.0,291.5],[484.0,291.5],[482.0,291.5],[481.0,292.5]]",243049.3424800243,431167.1214686544,52.718600090957004,SPW_여수로_교각_도수면,SPW_여수로_교각_도수면,SPW_0223,0.9875345174539455,-33.4540091819778
frame_030043.jpg,R000022,CRC,균열,"[[1328.0,1079.5],[1311.0,1079.5],[1293.0,1079.5],[1276.0,1079.5],[1259.0,1079.5],[1241.0,1079.5],[1224.0,1079.5],[1209.0,1077.5],[1192.0,1076.5],[1175.0,1076.5],[1158.0,1076.5],[1143.0,1073.5],[1127.0,1074.5],[1114.0,1070.5],[1103.5,1063.0],[1094.0,1059.5],[1086.0,1068.5],[1074.0,1074.5],[1062.0,1079.5],[1045.0,1079.5],[1027.0,1079.5],[1010.0,1079.5],[1001.5,1071.0],[996.0,1058.5],[989.0,1048.5],[978.5,1042.0],[965.0,1037.5],[949.0,1036.5],[937.5,1031.0],[927.0,1023.5],[916.5,1017.0],[906.0,1010.5],[891.0,1009.5],[876.0,1009.5],[864.0,1004.5],[852.0,998.5],[840.0,993.5],[828.5,988.0],[816.0,982.5],[804.5,977.0],[792.5,972.0],[780.0,966.5],[768.0,961.5],[756.5,956.0],[746.0,948.5],[736.0,941.5],[725.5,935.0],[712.0,930.5],[698.0,927.5],[684.0,924.5],[671.5,919.0],[663.0,910.5],[653.5,903.0],[644.5,894.0],[636.0,885.5],[625.0,879.5],[612.5,874.0],[600.0,869.5],[586.5,866.0],[574.0,860.5],[564.0,853.5],[552.0,848.5],[540.0,842.5],[525.0,840.5],[510.0,842.5],[493.0,841.5],[479.0,838.5],[467.0,833.5],[457.0,825.5],[447.5,818.0],[437.0,811.5],[423.0,807.5],[411.5,802.0],[401.0,795.5],[392.5,786.0],[383.0,778.5],[374.5,770.0],[364.0,762.5],[353.5,756.0],[343.0,749.5],[331.5,743.0],[321.0,736.5],[312.5,728.0],[304.0,718.5],[294.0,711.5],[282.5,706.0],[269.0,701.5],[259.0,694.5],[247.5,689.0],[235.0,683.5],[224.0,677.5],[213.5,671.0],[203.5,663.0],[194.0,655.5],[184.5,648.0],[173.5,641.0],[164.0,633.5],[152.0,628.5],[139.5,623.0],[127.5,618.0],[115.5,613.0],[103.0,607.5],[91.0,602.5],[78.0,598.5],[67.0,591.5],[58.5,583.0],[50.5,574.0],[42.0,564.5],[31.5,558.0],[20.0,552.5],[7.5,547.0],[-0.5,538.0],[-0.5,521.0],[-0.5,503.0],[7.0,493.5],[19.0,488.5],[34.0,491.5],[47.0,495.5],[59.0,500.5],[71.0,506.5],[80.0,514.5],[83.5,528.0],[87.5,542.0],[95.5,551.0],[107.0,556.5],[117.5,564.0],[128.5,570.0],[142.0,573.5],[153.0,566.5],[166.0,562.5],[176.0,569.5],[181.5,582.0],[189.0,591.5],[196.5,601.0],[209.0,606.5],[220.5,612.0],[230.0,619.5],[244.0,623.5],[260.0,624.5],[274.0,627.5],[285.0,634.5],[297.0,639.5],[307.5,646.0],[318.5,653.0],[327.5,661.0],[330.5,675.0],[333.5,688.0],[345.0,693.5],[359.0,696.5],[370.0,703.5],[376.0,714.5],[388.0,717.5],[391.5,705.0],[386.5,693.0],[380.0,682.5],[368.5,676.0],[362.5,665.0],[364.5,650.0],[378.0,645.5],[390.5,650.0],[397.5,660.0],[405.0,670.5],[414.5,678.0],[424.5,685.0],[435.0,692.5],[446.0,698.5],[455.0,706.5],[462.5,717.0],[473.0,723.5],[483.0,730.5],[493.0,738.5],[504.0,744.5],[517.0,748.5],[534.0,749.5],[548.5,752.0],[555.5,762.0],[553.5,774.0],[543.0,780.5],[536.5,789.0],[549.0,794.5],[563.0,797.5],[577.5,799.0],[589.0,792.5],[602.0,788.5],[618.0,787.5],[635.0,786.5],[651.0,787.5],[666.0,789.5],[679.0,786.5],[690.0,792.5],[688.0,804.5],[673.0,803.5],[661.5,809.0],[652.0,816.5],[648.0,827.5],[649.5,843.0],[655.5,854.0],[663.5,864.0],[670.5,874.0],[686.0,875.5],[702.5,875.0],[717.0,877.5],[731.0,876.5],[748.0,875.5],[760.5,878.0],[768.5,887.0],[777.5,896.0],[786.5,904.0],[795.5,912.0],[805.5,920.0],[815.5,927.0],[827.0,932.5],[841.0,930.5],[852.0,924.5],[866.0,923.5],[881.0,926.5],[897.5,927.0],[909.5,932.0],[918.5,941.0],[923.5,953.0],[927.5,966.0],[932.5,979.0],[941.0,987.5],[950.5,995.0],[962.0,1001.5],[976.0,1000.5],[986.0,993.5],[994.0,983.5],[1002.0,974.5],[1015.0,970.5],[1031.0,972.5],[1043.0,977.5],[1058.0,975.5],[1072.0,979.5],[1081.0,987.5],[1088.0,997.5],[1098.5,1005.0],[1109.0,1011.5],[1119.0,1018.5],[1130.0,1025.5],[1143.0,1029.5],[1157.5,1030.0],[1172.0,1033.5],[1185.0,1037.5],[1196.5,1043.0],[1212.0,1045.5],[1225.0,1041.5],[1238.5,1038.0],[1252.0,1039.5],[1261.5,1047.0],[1270.5,1055.0],[1284.0,1057.5],[1299.5,1057.0],[1311.0,1062.5],[1322.0,1069.5],[1328.0,1079.5]]",243051.43038840612,431159.9148193769,52.3040471520293,SPW_여수로_교각_도수면,SPW_여수로_교각_도수면,SPW_0224,0.9866458585395276,-25.957263918390264
frame_030043.jpg,R000023,CRC,균열,"[[709.0,847.5],[708.0,847.5],[707.0,847.5],[706.0,847.5],[705.5,847.0],[705.0,846.5],[704.0,846.5],[703.5,846.0],[703.0,845.5],[702.0,845.5],[701.5,845.0],[701.0,844.5],[700.5,844.0],[700.0,843.5],[699.5,843.0],[699.5,842.0],[699.0,841.5],[698.5,841.0],[698.5,840.0],[698.5,839.0],[698.0,838.5],[697.5,838.0],[697.5,837.0],[697.5,836.0],[697.0,835.5],[696.5,835.0],[696.5,834.0],[696.0,833.5],[695.5,833.0],[695.5,832.0],[695.0,831.5],[694.5,831.0],[694.0,830.5],[693.5,830.0],[693.5,829.0],[693.5,828.0],[693.0,827.5],[692.5,827.0],[692.5,826.0],[692.5,825.0],[692.0,824.5],[691.5,824.0],[691.5,823.0],[691.5,822.0],[691.5,821.0],[691.5,820.0],[691.5,819.0],[691.5,818.0],[691.5,817.0],[691.5,816.0],[691.5,815.0],[691.5,814.0],[692.0,813.5],[692.5,813.0],[693.0,812.5],[693.5,812.0],[694.0,811.5],[695.0,811.5],[696.0,811.5],[697.0,811.5],[698.0,811.5],[699.0,811.5],[700.0,811.5],[700.5,812.0],[701.0,812.5],[702.0,812.5],[702.5,813.0],[703.0,813.5],[704.0,813.5],[704.5,814.0],[705.0,814.5],[706.0,814.5],[707.0,814.5],[707.5,815.0],[708.0,815.5],[709.0,815.5],[709.5,816.0],[710.0,816.5],[711.0,816.5],[711.5,817.0],[712.0,817.5],[713.0,817.5],[713.5,818.0],[714.0,818.5],[715.0,818.5],[716.0,818.5],[716.5,819.0],[717.0,819.5],[718.0,819.5],[718.5,820.0],[719.0,820.5],[720.0,820.5],[721.0,820.5],[721.5,821.0],[722.0,821.5],[722.5,822.0],[723.0,822.5],[723.5,823.0],[724.0,823.5],[724.5,824.0],[725.0,824.5],[725.5,825.0],[726.0,825.5],[726.5,826.0],[727.0,826.5],[727.5,827.0],[728.0,827.5],[729.0,827.5],[729.5,828.0],[730.0,828.5],[730.5,829.0],[730.5,830.0],[731.0,830.5],[731.5,831.0],[731.5,832.0],[731.5,833.0],[731.5,834.0],[731.5,835.0],[731.5,836.0],[731.5,837.0],[731.5,838.0],[731.0,838.5],[730.5,839.0],[730.0,839.5],[729.0,839.5],[728.5,840.0],[728.0,840.5],[727.5,841.0],[727.0,841.5],[726.0,841.5],[725.5,842.0],[725.0,842.5],[724.0,842.5],[723.5,843.0],[723.0,843.5],[722.0,843.5],[721.0,843.5],[720.5,844.0],[720.0,844.5],[719.0,844.5],[718.0,844.5],[717.5,845.0],[717.0,845.5],[716.0,845.5],[715.0,845.5],[714.0,845.5],[713.5,846.0],[713.0,846.5],[712.0,846.5],[711.0,846.5],[710.0,846.5],[709.5,847.0],[709.0,847.5]]",243051.44176920826,431159.88079221576,52.3040471520293,SPW_여수로_교각_도수면,SPW_여수로_교각_도수면,SPW_0224,0.9436248678806399,-25.92138397494153
frame_030243.jpg,R000024,CRC,균열,"[[1275.0,640.5],[1270.0,640.5],[1266.0,639.5],[1262.0,638.5],[1258.0,637.5],[1254.0,636.5],[1250.0,635.5],[1246.0,634.5],[1243.0,632.5],[1239.0,631.5],[1235.0,630.5],[1231.0,629.5],[1227.0,628.5],[1223.5,627.0],[1219.5,626.0],[1216.0,624.5],[1212.0,623.5],[1209.0,621.5],[1205.0,620.5],[1201.5,619.0],[1198.0,617.5],[1194.0,616.5],[1190.5,615.0],[1187.0,613.5],[1183.0,612.5],[1179.0,611.5],[1176.0,610.5],[1173.0,608.5],[1169.0,607.5],[1165.5,606.0],[1162.0,604.5],[1158.5,603.0],[1155.5,601.0],[1152.5,599.0],[1149.0,597.5],[1146.0,595.5],[1143.0,593.5],[1139.5,592.0],[1136.0,590.5],[1133.0,588.5],[1129.5,587.0],[1126.0,585.5],[1122.0,584.5],[1118.0,583.5],[1114.0,582.5],[1109.0,582.5],[1105.0,581.5],[1100.0,581.5],[1096.0,580.5],[1091.0,580.5],[1087.0,579.5],[1083.5,578.0],[1079.0,577.5],[1075.0,576.5],[1071.5,575.0],[1067.5,574.0],[1064.0,572.5],[1060.0,571.5],[1056.5,570.0],[1053.0,568.5],[1048.5,568.0],[1044.5,567.0],[1040.5,566.0],[1036.0,565.5],[1032.0,564.5],[1027.5,564.0],[1023.0,563.5],[1019.0,562.5],[1014.0,562.5],[1010.0,561.5],[1006.0,560.5],[1001.5,560.0],[998.0,558.5],[995.0,556.5],[991.5,555.0],[988.0,553.5],[985.0,551.5],[983.0,549.5],[980.5,547.0],[977.5,545.0],[975.0,542.5],[972.0,540.5],[969.0,538.5],[966.0,536.5],[963.0,534.5],[959.5,533.0],[956.0,531.5],[952.5,530.0],[949.0,528.5],[945.5,527.0],[942.0,525.5],[938.5,524.0],[935.0,522.5],[931.5,521.0],[928.0,519.5],[924.0,518.5],[920.5,517.0],[917.0,515.5],[913.0,514.5],[909.0,513.5],[905.0,512.5],[901.5,511.0],[897.0,510.5],[893.0,509.5],[889.0,508.5],[884.0,508.5],[880.0,507.5],[876.0,506.5],[871.5,506.0],[867.5,505.0],[863.5,504.0],[859.0,503.5],[855.0,502.5],[851.0,501.5],[847.0,500.5],[843.0,499.5],[839.0,498.5],[835.5,497.0],[832.0,495.5],[828.0,494.5],[825.0,492.5],[822.0,490.5],[819.5,488.0],[817.0,485.5],[815.5,482.0],[818.0,479.5],[820.5,477.0],[824.0,475.5],[828.0,475.5],[833.0,475.5],[837.5,476.0],[842.0,476.5],[846.0,477.5],[850.0,478.5],[855.0,478.5],[859.0,479.5],[864.0,479.5],[869.0,479.5],[874.0,479.5],[879.0,479.5],[883.5,480.0],[888.0,480.5],[892.0,481.5],[896.0,482.5],[900.0,483.5],[904.0,484.5],[908.0,485.5],[912.0,486.5],[916.0,487.5],[920.0,488.5],[924.0,489.5],[928.0,490.5],[932.0,491.5],[936.0,492.5],[939.5,494.0],[943.0,495.5],[947.0,496.5],[950.5,498.0],[954.0,499.5],[957.5,501.0],[961.0,502.5],[964.5,504.0],[968.0,505.5],[971.5,507.0],[975.0,508.5],[978.5,510.0],[982.0,511.5],[985.5,513.0],[989.0,514.5],[993.0,515.5],[996.0,517.5],[1000.0,518.5],[1003.5,520.0],[1007.0,521.5],[1010.5,523.0],[1014.0,524.5],[1018.0,525.5],[1021.5,527.0],[1025.5,528.0],[1029.0,528.5],[1033.0,529.5],[1037.0,530.5],[1041.5,531.0],[1046.0,531.5],[1050.0,532.5],[1054.0,533.5],[1058.0,534.5],[1062.0,535.5],[1066.0,536.5],[1069.5,538.0],[1073.0,539.5],[1077.0,540.5],[1081.0,541.5],[1085.0,542.5],[1089.0,543.5],[1093.0,544.5],[1097.0,545.5],[1101.0,546.5],[1105.0,547.5],[1110.0,547.5],[1114.0,548.5],[1118.0,549.5],[1123.0,549.5],[1128.0,549.5],[1133.0,549.5],[1138.0,549.5],[1143.0,549.5],[1147.0,550.5],[1151.5,551.0],[1156.0,551.5],[1160.0,552.5],[1163.5,554.0],[1167.0,555.5],[1170.5,557.0],[1174.0,558.5],[1177.0,560.5],[1180.0,562.5],[1183.0,564.5],[1185.5,567.0],[1188.5,569.0],[1191.0,571.5],[1194.0,573.5],[1197.0,575.5],[1200.0,577.5],[1203.5,579.0],[1207.0,580.5],[1210.0,582.5],[1214.0,583.5],[1218.0,584.5],[1222.0,585.5],[1225.0,586.5],[1229.0,587.5],[1232.5,589.0],[1236.0,590.5],[1240.0,591.5],[1243.5,593.0],[1246.5,595.0],[1249.5,597.0],[1253.0,598.5],[1256.0,600.5],[1259.5,602.0],[1263.0,603.5],[1266.0,605.5],[1269.5,607.0],[1272.5,609.0],[1275.5,611.0],[1277.5,614.0],[1280.0,616.5],[1282.5,619.0],[1283.5,623.0],[1285.0,626.5],[1284.5,630.0],[1284.0,634.5],[1281.5,637.0],[1278.5,639.0],[1275.0,640.5]]",243051.8820193377,431154.98099665286,50.76310818826495,SPW_여수로_교각_도수면,SPW_여수로_교각_도수면,SPW_0245,0.9828061883979865,-21.135075425142748
frame_030243.jpg,R000025,CRC,균열,"[[1572.0,752.5],[1569.0,751.5],[1565.0,751.5],[1563.0,750.5],[1560.0,749.5],[1557.0,748.5],[1554.5,747.0],[1552.5,746.0],[1550.0,744.5],[1548.0,742.5],[1545.5,741.0],[1543.5,740.0],[1541.5,738.0],[1539.5,736.0],[1537.5,734.0],[1535.5,732.0],[1534.0,730.5],[1532.5,728.0],[1530.5,726.0],[1528.5,724.0],[1527.5,722.0],[1525.5,720.0],[1524.0,717.5],[1522.5,715.0],[1520.5,713.0],[1519.0,711.5],[1517.0,709.5],[1514.5,708.0],[1512.0,706.5],[1510.0,705.5],[1506.0,705.5],[1503.0,704.5],[1499.0,704.5],[1496.5,705.0],[1494.0,706.5],[1491.5,708.0],[1489.0,709.5],[1487.0,711.5],[1485.0,712.5],[1483.0,714.5],[1480.0,715.5],[1477.0,716.5],[1474.5,717.0],[1471.0,717.5],[1467.0,717.5],[1463.0,717.5],[1459.0,717.5],[1456.0,717.5],[1453.0,716.5],[1450.0,715.5],[1447.5,714.0],[1445.0,713.5],[1442.0,712.5],[1439.0,711.5],[1436.5,710.0],[1434.5,709.0],[1432.5,707.0],[1430.5,705.0],[1428.0,703.5],[1426.0,701.5],[1424.0,700.5],[1422.0,698.5],[1419.0,697.5],[1416.5,696.0],[1414.5,695.0],[1412.0,693.5],[1409.5,692.0],[1406.5,691.0],[1404.0,689.5],[1402.0,688.5],[1399.0,687.5],[1396.0,686.5],[1393.0,685.5],[1391.0,684.5],[1388.0,683.5],[1385.0,682.5],[1382.0,681.5],[1380.0,680.5],[1377.0,679.5],[1374.0,678.5],[1371.0,677.5],[1368.0,676.5],[1366.0,675.5],[1363.0,674.5],[1360.0,673.5],[1356.5,673.0],[1354.0,672.5],[1351.0,671.5],[1347.5,671.0],[1344.0,670.5],[1341.0,669.5],[1338.5,669.0],[1335.0,668.5],[1332.0,667.5],[1329.0,666.5],[1327.0,665.5],[1324.0,664.5],[1321.0,663.5],[1318.0,662.5],[1316.0,661.5],[1313.5,660.0],[1311.0,658.5],[1308.5,657.0],[1307.5,654.0],[1306.5,652.0],[1305.5,649.0],[1306.5,646.0],[1308.5,644.0],[1310.0,642.5],[1312.5,641.0],[1315.0,639.5],[1319.0,639.5],[1322.0,638.5],[1325.0,638.5],[1329.0,638.5],[1332.0,637.5],[1335.0,638.5],[1338.0,638.5],[1341.0,639.5],[1344.5,640.0],[1348.0,640.5],[1350.0,641.5],[1354.0,641.5],[1357.0,642.5],[1361.0,642.5],[1364.0,643.5],[1367.0,643.5],[1370.0,644.5],[1373.5,645.0],[1377.0,645.5],[1379.5,646.0],[1383.0,646.5],[1386.0,647.5],[1389.5,648.0],[1393.0,648.5],[1396.0,648.5],[1400.0,648.5],[1403.0,649.5],[1406.0,650.5],[1408.0,651.5],[1411.0,652.5],[1413.5,654.0],[1415.5,656.0],[1416.5,658.0],[1418.5,660.0],[1420.5,662.0],[1422.5,664.0],[1425.0,665.5],[1426.5,667.0],[1429.0,668.5],[1432.0,669.5],[1435.0,670.5],[1438.0,670.5],[1440.0,668.5],[1441.0,665.5],[1440.5,663.0],[1439.5,660.0],[1438.5,658.0],[1436.5,656.0],[1435.0,653.5],[1433.5,651.0],[1432.0,649.5],[1430.5,647.0],[1428.5,645.0],[1426.0,643.5],[1424.5,642.0],[1422.5,640.0],[1420.5,638.0],[1418.5,636.0],[1417.5,633.0],[1417.5,630.0],[1418.5,627.0],[1420.0,624.5],[1422.0,622.5],[1424.0,621.5],[1426.5,620.0],[1429.0,618.5],[1432.0,619.5],[1435.0,620.5],[1437.0,621.5],[1439.5,623.0],[1441.5,625.0],[1443.5,627.0],[1445.0,628.5],[1446.5,631.0],[1448.0,633.5],[1449.5,636.0],[1451.0,637.5],[1453.5,639.0],[1455.5,641.0],[1457.0,643.5],[1459.5,645.0],[1461.0,646.5],[1463.0,648.5],[1465.0,650.5],[1467.5,652.0],[1469.0,653.5],[1471.5,655.0],[1474.0,656.5],[1476.0,658.5],[1478.5,660.0],[1480.5,661.0],[1483.0,662.5],[1485.0,664.5],[1487.0,666.5],[1489.0,667.5],[1491.5,669.0],[1494.5,670.0],[1497.0,671.5],[1499.0,672.5],[1502.0,673.5],[1505.0,674.5],[1508.0,675.5],[1511.0,676.5],[1513.5,677.0],[1516.0,678.5],[1519.0,679.5],[1521.5,681.0],[1523.0,682.5],[1526.0,683.5],[1529.0,684.5],[1531.5,686.0],[1534.0,687.5],[1536.0,688.5],[1538.5,690.0],[1541.5,691.0],[1544.0,692.5],[1545.5,694.0],[1548.0,695.5],[1550.5,697.0],[1553.0,698.5],[1555.5,699.0],[1558.0,700.5],[1560.5,702.0],[1563.0,703.5],[1565.5,705.0],[1567.0,706.5],[1569.5,708.0],[1571.5,710.0],[1572.5,713.0],[1573.5,715.0],[1574.5,718.0],[1575.5,721.0],[1576.0,724.5],[1577.0,727.5],[1577.5,730.0],[1579.0,732.5],[1580.5,735.0],[1581.5,738.0],[1582.5,740.0],[1582.5,744.0],[1582.0,747.5],[1580.0,749.5],[1578.0,750.5],[1575.0,751.5],[1572.0,752.5]]",243051.9340015091,431154.8255766509,50.76310818826495,SPW_여수로_교각_도수면,SPW_여수로_교각_도수면,SPW_0245,0.9699794449334688,-20.971192775403164
frame_030243.jpg,R000026,CRC,균열,"[[1912.0,862.5],[1909.0,862.5],[1906.0,862.5],[1904.5,862.0],[1902.0,861.5],[1899.0,861.5],[1897.0,860.5],[1895.0,860.5],[1893.0,859.5],[1890.5,859.0],[1888.0,858.5],[1886.0,857.5],[1885.0,856.5],[1882.5,856.0],[1880.0,855.5],[1878.0,854.5],[1875.0,854.5],[1873.5,854.0],[1871.0,853.5],[1869.0,852.5],[1866.0,852.5],[1864.5,852.0],[1862.0,851.5],[1860.0,850.5],[1858.0,849.5],[1855.0,849.5],[1854.0,848.5],[1851.0,848.5],[1849.0,847.5],[1846.5,847.0],[1844.0,846.5],[1842.5,846.0],[1840.0,845.5],[1837.0,845.5],[1835.0,844.5],[1833.0,844.5],[1831.0,843.5],[1828.5,843.0],[1826.0,842.5],[1824.0,841.5],[1822.5,841.0],[1820.0,840.5],[1818.0,839.5],[1815.5,839.0],[1813.0,838.5],[1811.5,838.0],[1809.5,837.0],[1807.0,836.5],[1805.0,835.5],[1803.5,835.0],[1801.0,834.5],[1799.0,833.5],[1796.0,833.5],[1793.0,833.5],[1792.0,832.5],[1789.0,832.5],[1787.0,831.5],[1784.5,831.0],[1783.0,830.5],[1781.0,829.5],[1779.0,828.5],[1776.5,828.0],[1774.5,827.0],[1773.0,826.5],[1771.0,825.5],[1769.0,824.5],[1767.0,823.5],[1765.0,822.5],[1764.0,821.5],[1762.5,820.0],[1760.5,819.0],[1758.5,818.0],[1757.0,817.5],[1755.0,816.5],[1752.5,816.0],[1750.5,815.0],[1748.0,814.5],[1747.0,813.5],[1744.5,813.0],[1742.0,812.5],[1740.0,811.5],[1737.5,811.0],[1736.0,810.5],[1733.5,810.0],[1731.0,809.5],[1729.0,808.5],[1727.0,808.5],[1724.5,808.0],[1722.0,807.5],[1719.5,807.0],[1717.0,806.5],[1716.0,805.5],[1713.5,805.0],[1711.0,804.5],[1709.0,803.5],[1706.5,803.0],[1705.0,802.5],[1702.5,802.0],[1700.0,801.5],[1698.0,800.5],[1696.0,800.5],[1693.5,800.0],[1691.0,799.5],[1689.0,798.5],[1686.0,798.5],[1685.0,797.5],[1682.5,797.0],[1680.5,796.0],[1678.0,795.5],[1677.0,794.5],[1675.0,793.5],[1673.0,792.5],[1671.0,791.5],[1669.5,790.0],[1669.0,788.5],[1667.5,787.0],[1666.0,785.5],[1665.0,783.5],[1663.5,782.0],[1663.0,780.5],[1661.5,779.0],[1660.5,777.0],[1661.5,775.0],[1663.0,774.5],[1664.5,773.0],[1666.5,772.0],[1668.5,771.0],[1670.5,770.0],[1672.0,769.5],[1674.0,768.5],[1676.5,768.0],[1679.0,767.5],[1681.5,768.0],[1683.0,768.5],[1686.0,768.5],[1689.0,768.5],[1692.0,768.5],[1694.0,768.5],[1697.0,768.5],[1700.0,768.5],[1702.0,769.5],[1704.5,770.0],[1706.0,770.5],[1708.0,771.5],[1710.5,772.0],[1713.0,772.5],[1715.0,773.5],[1717.0,773.5],[1719.0,774.5],[1721.5,775.0],[1724.0,775.5],[1726.0,775.5],[1729.0,775.5],[1731.0,776.5],[1734.0,776.5],[1737.0,776.5],[1739.0,776.5],[1741.0,777.5],[1744.0,777.5],[1746.0,778.5],[1747.5,779.0],[1750.0,779.5],[1752.0,780.5],[1754.5,781.0],[1757.0,781.5],[1758.0,782.5],[1760.5,783.0],[1763.0,783.5],[1765.0,784.5],[1767.0,785.5],[1769.0,785.5],[1771.0,786.5],[1773.0,787.5],[1775.0,788.5],[1776.5,789.0],[1778.0,790.5],[1780.0,791.5],[1782.0,792.5],[1784.0,793.5],[1785.0,794.5],[1787.0,795.5],[1789.5,796.0],[1791.5,797.0],[1794.0,797.5],[1795.0,798.5],[1797.0,799.5],[1799.5,800.0],[1802.0,800.5],[1804.0,800.5],[1806.0,801.5],[1809.0,801.5],[1812.0,801.5],[1815.0,801.5],[1817.0,801.5],[1820.0,801.5],[1823.0,801.5],[1825.0,800.5],[1827.0,799.5],[1829.0,799.5],[1831.5,799.0],[1834.0,798.5],[1837.0,798.5],[1839.0,798.5],[1842.0,798.5],[1845.0,798.5],[1848.0,798.5],[1851.0,798.5],[1853.0,798.5],[1856.0,798.5],[1859.0,798.5],[1862.0,798.5],[1863.5,799.0],[1866.0,799.5],[1869.0,799.5],[1871.0,800.5],[1874.0,800.5],[1875.0,801.5],[1878.0,801.5],[1880.0,802.5],[1883.0,802.5],[1885.0,803.5],[1887.0,803.5],[1889.0,804.5],[1892.0,804.5],[1894.5,805.0],[1896.0,805.5],[1898.5,806.0],[1901.0,806.5],[1903.0,807.5],[1905.0,808.5],[1907.0,808.5],[1909.0,809.5],[1911.5,810.0],[1913.0,811.5],[1914.0,813.5],[1914.5,815.0],[1915.5,817.0],[1916.5,819.0],[1916.5,822.0],[1916.5,824.0],[1917.5,826.0],[1917.5,829.0],[1917.5,832.0],[1917.5,835.0],[1917.5,837.0],[1917.5,840.0],[1917.5,843.0],[1917.5,846.0],[1917.5,849.0],[1917.5,851.0],[1916.5,853.0],[1916.0,855.5],[1915.5,858.0],[1914.5,859.0],[1913.5,861.0],[1912.0,862.5]]",243051.97937268633,431154.6899226706,50.76310818826495,SPW_여수로_교각_도수면,SPW_여수로_교각_도수면,SPW_0245,0.9848864193551352,-20.828152410819833
frame_030293.jpg,R000027,CRC,균열,"[[1001.0,507.5],[999.0,507.5],[997.0,507.5],[995.0,507.5],[993.0,507.5],[991.5,507.0],[991.0,506.5],[989.0,506.5],[987.0,506.5],[985.0,506.5],[984.0,505.5],[982.0,505.5],[980.5,505.0],[979.0,504.5],[977.0,504.5],[976.0,503.5],[974.0,503.5],[973.0,502.5],[972.0,502.5],[970.0,502.5],[968.5,502.0],[967.0,501.5],[965.0,501.5],[964.0,500.5],[962.0,500.5],[960.0,500.5],[958.5,500.0],[957.0,499.5],[955.0,499.5],[954.0,499.5],[953.0,498.5],[951.0,498.5],[949.0,498.5],[948.0,497.5],[946.0,497.5],[945.0,496.5],[943.0,496.5],[941.5,496.0],[940.0,495.5],[938.0,495.5],[937.0,494.5],[936.0,494.5],[934.0,494.5],[932.0,494.5],[931.0,493.5],[929.0,493.5],[927.0,493.5],[925.5,493.0],[924.0,492.5],[922.0,492.5],[920.0,492.5],[918.0,492.5],[917.0,491.5],[916.0,491.5],[914.0,491.5],[912.0,491.5],[910.5,491.0],[909.0,490.5],[907.0,490.5],[906.0,489.5],[904.5,489.0],[903.0,488.5],[901.5,488.0],[900.0,487.5],[899.5,487.0],[898.0,486.5],[896.5,486.0],[895.0,485.5],[893.5,485.0],[892.0,484.5],[890.5,484.0],[889.0,483.5],[888.0,482.5],[886.5,482.0],[885.5,481.0],[884.5,480.0],[884.0,479.5],[882.5,479.0],[881.0,478.5],[880.0,477.5],[878.5,477.0],[877.5,476.0],[876.5,475.0],[875.5,474.0],[874.0,473.5],[873.0,472.5],[872.0,471.5],[871.5,471.0],[870.5,470.0],[869.0,469.5],[868.0,468.5],[867.0,467.5],[866.0,466.5],[865.0,465.5],[863.5,465.0],[862.5,464.0],[861.0,463.5],[860.0,462.5],[858.5,462.0],[858.0,461.5],[857.0,460.5],[855.5,460.0],[854.5,459.0],[854.0,457.5],[853.5,456.0],[852.5,455.0],[851.5,454.0],[851.5,452.0],[852.5,451.0],[853.5,450.0],[854.5,449.0],[855.0,448.5],[856.0,447.5],[857.5,447.0],[859.0,446.5],[860.5,446.0],[862.0,445.5],[864.0,445.5],[866.0,445.5],[868.0,445.5],[870.0,445.5],[872.0,445.5],[873.0,445.5],[875.0,445.5],[877.0,445.5],[879.0,445.5],[881.0,445.5],[882.5,446.0],[884.0,446.5],[885.0,447.5],[887.0,447.5],[888.0,448.5],[889.5,449.0],[890.5,450.0],[891.0,450.5],[892.0,451.5],[893.0,452.5],[894.5,453.0],[895.5,454.0],[896.5,455.0],[898.0,455.5],[899.0,456.5],[900.0,457.5],[901.5,458.0],[903.0,458.5],[903.5,459.0],[904.5,460.0],[906.0,460.5],[907.0,461.5],[908.0,462.5],[909.5,463.0],[911.0,463.5],[912.0,464.5],[914.0,464.5],[915.0,465.5],[916.5,466.0],[918.0,466.5],[919.0,466.5],[920.0,467.5],[922.0,467.5],[923.0,468.5],[925.0,468.5],[926.5,469.0],[928.0,469.5],[929.0,470.5],[931.0,470.5],[932.0,471.5],[934.0,471.5],[935.0,472.5],[936.0,472.5],[937.5,473.0],[939.0,473.5],[940.5,474.0],[942.0,474.5],[943.5,475.0],[945.0,475.5],[946.5,476.0],[948.0,476.5],[950.0,476.5],[951.5,477.0],[952.0,477.5],[954.0,477.5],[956.0,477.5],[958.0,477.5],[959.0,478.5],[961.0,478.5],[963.0,478.5],[965.0,478.5],[966.5,479.0],[968.0,479.5],[970.0,479.5],[972.0,479.5],[973.0,479.5],[975.0,479.5],[977.0,479.5],[978.0,480.5],[980.0,480.5],[981.0,479.5],[983.0,479.5],[985.0,479.5],[987.0,479.5],[989.0,479.5],[991.0,479.5],[992.0,479.5],[994.0,479.5],[995.0,478.5],[997.0,478.5],[998.0,477.5],[999.5,477.0],[1001.0,476.5],[1002.0,475.5],[1003.5,475.0],[1005.0,474.5],[1006.0,473.5],[1007.5,473.0],[1008.0,472.5],[1009.5,472.0],[1011.0,471.5],[1013.0,471.5],[1015.0,471.5],[1017.0,471.5],[1019.0,471.5],[1020.0,472.5],[1021.5,473.0],[1023.0,473.5],[1024.0,474.5],[1024.5,476.0],[1024.5,477.0],[1024.5,479.0],[1024.5,481.0],[1024.0,482.5],[1023.5,484.0],[1022.5,485.0],[1022.0,486.5],[1021.5,488.0],[1020.5,489.0],[1020.5,491.0],[1019.5,492.0],[1019.5,493.0],[1018.5,494.0],[1018.5,496.0],[1017.5,497.0],[1017.0,498.5],[1016.0,499.5],[1015.0,500.5],[1014.0,501.5],[1012.5,502.0],[1011.0,502.5],[1010.0,503.5],[1008.5,504.0],[1008.0,504.5],[1006.5,505.0],[1005.0,505.5],[1004.0,506.5],[1002.0,506.5],[1001.0,507.5]]",243051.9455180256,431154.79114374885,50.76310818826495,SPW_여수로_교각_도수면,SPW_여수로_교각_도수면,SPW_0245,0.9675915144959136,-20.93488499545525
frame_030293.jpg,R000028,CRC,균열,"[[1304.0,614.5],[1301.0,614.5],[1298.0,614.5],[1295.0,614.5],[1292.0,614.5],[1289.0,614.5],[1286.0,614.5],[1284.0,613.5],[1282.0,612.5],[1279.0,612.5],[1277.0,611.5],[1275.0,610.5],[1273.0,609.5],[1271.0,608.5],[1269.0,607.5],[1267.0,606.5],[1265.0,605.5],[1263.0,604.5],[1260.5,604.0],[1258.5,603.0],[1256.5,602.0],[1255.0,600.5],[1253.5,599.0],[1252.0,597.5],[1250.0,596.5],[1248.5,595.0],[1247.5,593.0],[1246.0,591.5],[1244.5,590.0],[1243.0,588.5],[1241.5,587.0],[1240.0,585.5],[1238.5,584.0],[1236.5,583.0],[1234.5,582.0],[1232.0,581.5],[1230.0,580.5],[1228.0,579.5],[1226.0,578.5],[1223.5,578.0],[1221.0,577.5],[1219.0,576.5],[1216.5,576.0],[1215.0,575.5],[1212.0,575.5],[1210.0,574.5],[1207.0,574.5],[1205.0,573.5],[1203.0,572.5],[1200.0,572.5],[1198.0,571.5],[1196.0,570.5],[1193.0,570.5],[1191.0,569.5],[1188.0,569.5],[1185.0,569.5],[1182.0,569.5],[1179.0,569.5],[1177.0,570.5],[1174.0,570.5],[1171.0,570.5],[1168.0,570.5],[1165.5,571.0],[1163.0,571.5],[1161.0,572.5],[1158.0,572.5],[1155.0,572.5],[1152.0,572.5],[1150.0,571.5],[1147.5,571.0],[1145.0,570.5],[1143.0,569.5],[1141.0,568.5],[1139.0,567.5],[1137.0,566.5],[1135.0,565.5],[1133.5,564.0],[1132.0,562.5],[1130.0,561.5],[1128.5,560.0],[1127.0,558.5],[1125.5,557.0],[1124.0,555.5],[1122.0,554.5],[1120.0,553.5],[1118.0,552.5],[1115.5,552.0],[1113.0,551.5],[1111.0,550.5],[1109.0,549.5],[1107.0,548.5],[1104.5,548.0],[1102.0,547.5],[1100.0,546.5],[1097.0,546.5],[1094.0,546.5],[1091.0,546.5],[1089.0,545.5],[1086.0,545.5],[1083.0,545.5],[1080.5,545.0],[1078.0,544.5],[1075.0,544.5],[1073.0,543.5],[1070.5,543.0],[1068.0,542.5],[1066.0,541.5],[1064.0,540.5],[1062.0,539.5],[1060.0,538.5],[1058.0,537.5],[1056.0,536.5],[1054.5,535.0],[1052.5,534.0],[1050.5,533.0],[1049.0,531.5],[1047.0,530.5],[1045.0,529.5],[1043.5,528.0],[1042.5,526.0],[1041.5,524.0],[1040.5,522.0],[1040.5,519.0],[1040.5,516.0],[1041.0,513.5],[1042.0,511.5],[1043.5,510.0],[1045.0,508.5],[1046.5,508.0],[1049.0,507.5],[1051.5,507.0],[1054.0,506.5],[1056.0,507.5],[1058.5,508.0],[1061.0,508.5],[1063.0,509.5],[1064.5,511.0],[1066.5,512.0],[1068.0,513.5],[1070.0,514.5],[1072.0,515.5],[1074.0,516.5],[1076.0,517.5],[1078.0,518.5],[1080.5,519.0],[1083.0,519.5],[1085.0,520.5],[1087.0,521.5],[1089.5,522.0],[1092.0,522.5],[1094.0,523.5],[1097.0,523.5],[1099.0,524.5],[1102.0,524.5],[1105.0,524.5],[1107.0,525.5],[1110.0,525.5],[1112.0,526.5],[1115.0,526.5],[1117.0,527.5],[1119.5,528.0],[1122.0,528.5],[1123.5,530.0],[1125.5,531.0],[1128.0,531.5],[1130.0,532.5],[1132.0,533.5],[1134.5,534.0],[1137.0,534.5],[1139.0,535.5],[1142.0,535.5],[1144.0,536.5],[1147.0,536.5],[1150.0,536.5],[1152.0,537.5],[1154.5,537.0],[1157.0,536.5],[1160.0,536.5],[1162.0,537.5],[1165.0,537.5],[1168.0,537.5],[1170.0,538.5],[1173.0,538.5],[1175.0,539.5],[1178.0,539.5],[1180.0,540.5],[1182.0,541.5],[1184.0,542.5],[1186.0,543.5],[1188.0,544.5],[1190.0,545.5],[1191.5,547.0],[1193.5,548.0],[1195.0,549.5],[1197.0,550.5],[1199.5,551.0],[1201.5,552.0],[1204.0,552.5],[1206.0,553.5],[1209.0,553.5],[1211.0,554.5],[1214.0,554.5],[1217.0,554.5],[1220.0,554.5],[1223.0,554.5],[1226.0,554.5],[1228.0,555.5],[1230.5,556.0],[1233.0,556.5],[1235.0,557.5],[1236.5,559.0],[1238.0,560.5],[1239.5,562.0],[1240.5,563.0],[1242.0,564.5],[1244.0,565.5],[1246.0,566.5],[1248.0,567.5],[1250.0,568.5],[1251.5,570.0],[1253.5,571.0],[1255.5,572.0],[1257.5,573.0],[1259.0,574.5],[1261.0,575.5],[1263.0,576.5],[1265.0,577.5],[1267.0,578.5],[1269.0,579.5],[1271.0,580.5],[1273.0,581.5],[1274.5,583.0],[1276.5,584.0],[1278.0,585.5],[1280.0,586.5],[1282.0,587.5],[1284.0,588.5],[1285.5,590.0],[1287.5,591.0],[1289.0,592.5],[1291.0,593.5],[1293.0,594.5],[1295.5,595.0],[1297.5,596.0],[1299.5,597.0],[1301.0,598.5],[1303.0,599.5],[1304.5,601.0],[1306.0,602.5],[1307.0,604.5],[1307.5,607.0],[1308.5,609.0],[1309.0,610.5],[1308.0,612.5],[1306.0,613.5],[1304.0,614.5]]",243051.97699891325,431154.6970199466,50.76310818826495,SPW_여수로_교각_도수면,SPW_여수로_교각_도수면,SPW_0245,0.9693338338331968,-20.835636134778163
frame_030293.jpg,R000029,CRC,균열,"[[1552.0,720.5],[1550.0,719.5],[1547.0,719.5],[1546.0,718.5],[1543.0,718.5],[1541.0,717.5],[1539.0,716.5],[1538.0,715.5],[1536.0,714.5],[1533.5,714.0],[1531.5,713.0],[1529.5,712.0],[1528.0,711.5],[1526.0,710.5],[1524.0,709.5],[1521.5,709.0],[1520.5,708.0],[1518.5,707.0],[1517.0,705.5],[1515.0,704.5],[1513.0,703.5],[1512.0,702.5],[1509.5,702.0],[1507.5,701.0],[1506.0,699.5],[1504.5,699.0],[1502.0,698.5],[1500.0,697.5],[1497.5,697.0],[1495.0,696.5],[1493.5,696.0],[1491.0,695.5],[1489.0,694.5],[1486.5,694.0],[1485.0,693.5],[1483.0,692.5],[1481.0,691.5],[1479.0,690.5],[1477.0,689.5],[1476.0,688.5],[1474.0,687.5],[1472.0,686.5],[1470.5,685.0],[1469.0,684.5],[1467.5,683.0],[1465.5,682.0],[1464.0,680.5],[1462.5,680.0],[1460.5,679.0],[1459.0,677.5],[1457.5,676.0],[1455.5,675.0],[1454.5,674.0],[1452.5,673.0],[1450.0,672.5],[1448.0,671.5],[1446.5,671.0],[1444.5,670.0],[1442.5,669.0],[1440.5,668.0],[1438.5,667.0],[1437.0,666.5],[1434.0,666.5],[1431.0,666.5],[1428.0,666.5],[1426.0,666.5],[1423.0,666.5],[1421.0,665.5],[1418.5,665.0],[1416.0,664.5],[1415.0,663.5],[1412.5,663.0],[1410.0,662.5],[1408.0,661.5],[1406.5,661.0],[1405.0,659.5],[1403.0,658.5],[1401.0,657.5],[1399.0,656.5],[1398.5,655.0],[1397.0,653.5],[1396.0,651.5],[1394.5,650.0],[1393.5,649.0],[1392.0,647.5],[1390.5,646.0],[1388.5,645.0],[1387.0,643.5],[1385.0,643.5],[1383.0,642.5],[1381.0,641.5],[1378.5,641.0],[1377.0,640.5],[1375.0,639.5],[1373.5,638.0],[1371.0,637.5],[1369.0,636.5],[1368.0,635.5],[1366.0,634.5],[1364.0,633.5],[1362.5,632.0],[1361.0,631.5],[1359.0,630.5],[1357.0,629.5],[1355.0,628.5],[1353.0,627.5],[1351.5,627.0],[1350.0,625.5],[1348.0,624.5],[1346.0,623.5],[1345.0,622.5],[1343.5,621.0],[1341.5,620.0],[1340.0,618.5],[1338.5,617.0],[1337.5,616.0],[1336.5,614.0],[1335.5,612.0],[1335.5,609.0],[1336.5,608.0],[1337.0,605.5],[1338.0,603.5],[1338.5,601.0],[1339.5,599.0],[1340.5,598.0],[1342.0,596.5],[1343.5,595.0],[1345.0,593.5],[1346.0,592.5],[1348.0,591.5],[1351.0,591.5],[1354.0,591.5],[1355.5,592.0],[1358.0,592.5],[1361.0,592.5],[1363.0,593.5],[1364.5,595.0],[1366.0,595.5],[1368.0,596.5],[1369.5,598.0],[1371.0,599.5],[1372.0,600.5],[1373.5,602.0],[1375.5,603.0],[1377.0,604.5],[1378.5,606.0],[1380.0,606.5],[1381.5,608.0],[1383.5,609.0],[1385.0,610.5],[1386.0,611.5],[1387.5,613.0],[1389.0,614.5],[1390.5,616.0],[1392.0,617.5],[1393.0,618.5],[1394.0,620.5],[1395.0,622.5],[1396.0,624.5],[1396.5,626.0],[1398.0,627.5],[1399.5,629.0],[1401.0,630.5],[1402.5,632.0],[1403.5,633.0],[1405.0,634.5],[1407.0,635.5],[1409.0,636.5],[1410.5,637.0],[1413.0,637.5],[1415.0,638.5],[1417.0,639.5],[1420.0,639.5],[1421.0,640.5],[1423.5,641.0],[1426.0,641.5],[1428.0,642.5],[1430.0,642.5],[1432.0,643.5],[1434.5,644.0],[1437.0,644.5],[1440.0,644.5],[1442.0,644.5],[1444.0,645.5],[1447.0,645.5],[1450.0,645.5],[1451.0,646.5],[1454.0,646.5],[1457.0,646.5],[1460.0,646.5],[1463.0,646.5],[1465.0,646.5],[1468.0,646.5],[1470.0,647.5],[1471.5,649.0],[1472.5,650.0],[1474.0,651.5],[1475.5,653.0],[1476.5,655.0],[1478.0,656.5],[1479.0,657.5],[1481.0,658.5],[1482.5,660.0],[1484.5,661.0],[1485.5,662.0],[1487.5,663.0],[1489.0,664.5],[1491.5,665.0],[1494.0,665.5],[1495.0,666.5],[1497.0,667.5],[1499.5,668.0],[1501.0,669.5],[1502.5,670.0],[1504.0,671.5],[1506.0,672.5],[1508.0,673.5],[1509.5,674.0],[1511.5,675.0],[1513.5,676.0],[1515.5,677.0],[1517.5,678.0],[1518.5,679.0],[1520.5,680.0],[1523.0,680.5],[1525.0,681.5],[1527.0,681.5],[1529.0,682.5],[1532.0,682.5],[1535.0,682.5],[1537.5,683.0],[1538.5,684.0],[1540.0,685.5],[1541.5,687.0],[1542.5,689.0],[1543.5,690.0],[1545.0,691.5],[1546.5,693.0],[1548.5,694.0],[1550.0,695.5],[1551.0,696.5],[1552.5,698.0],[1553.5,700.0],[1555.0,701.5],[1555.5,703.0],[1557.0,704.5],[1557.5,707.0],[1558.5,709.0],[1559.5,711.0],[1559.5,713.0],[1560.5,715.0],[1560.5,718.0],[1559.0,719.5],[1557.0,719.5],[1554.0,719.5],[1552.0,720.5]]",243052.01271315,431154.59023897536,50.76310818826495,SPW_여수로_교각_도수면,SPW_여수로_교각_도수면,SPW_0245,0.9605825213395413,-20.723040919934416
frame_030293.jpg,R000030,CRC,균열,"[[1911.0,844.5],[1909.0,843.5],[1907.5,843.0],[1905.0,842.5],[1903.0,841.5],[1900.0,841.5],[1898.0,841.5],[1895.5,841.0],[1893.0,840.5],[1891.0,839.5],[1889.5,839.0],[1887.5,838.0],[1885.5,837.0],[1883.5,836.0],[1882.0,835.5],[1880.0,834.5],[1878.0,833.5],[1875.5,833.0],[1874.0,832.5],[1871.5,832.0],[1869.0,831.5],[1868.0,830.5],[1865.5,830.0],[1863.0,829.5],[1861.0,828.5],[1859.5,828.0],[1857.5,827.0],[1855.0,826.5],[1853.0,825.5],[1851.0,825.5],[1849.0,824.5],[1846.0,824.5],[1844.0,823.5],[1842.0,823.5],[1840.0,822.5],[1837.0,822.5],[1835.0,821.5],[1833.0,821.5],[1831.0,820.5],[1828.5,820.0],[1827.0,819.5],[1824.5,819.0],[1822.0,818.5],[1820.0,817.5],[1818.0,817.5],[1816.0,816.5],[1814.0,815.5],[1812.0,814.5],[1810.5,814.0],[1808.5,813.0],[1806.0,812.5],[1804.0,811.5],[1803.0,810.5],[1801.0,809.5],[1799.0,808.5],[1797.0,807.5],[1795.5,807.0],[1793.5,806.0],[1791.0,805.5],[1790.0,804.5],[1787.5,804.0],[1785.0,803.5],[1783.0,802.5],[1781.5,802.0],[1779.0,801.5],[1777.0,800.5],[1774.5,800.0],[1773.0,799.5],[1770.5,799.0],[1768.0,798.5],[1766.0,797.5],[1764.5,797.0],[1762.0,796.5],[1760.0,795.5],[1758.0,794.5],[1756.0,794.5],[1754.0,793.5],[1751.5,793.0],[1749.0,792.5],[1748.0,791.5],[1746.0,790.5],[1744.0,789.5],[1742.5,789.0],[1740.0,788.5],[1738.0,787.5],[1736.0,786.5],[1734.5,786.0],[1732.0,785.5],[1730.0,784.5],[1728.0,783.5],[1726.5,783.0],[1724.0,782.5],[1722.0,781.5],[1720.0,780.5],[1718.5,780.0],[1716.5,779.0],[1714.5,778.0],[1712.5,777.0],[1711.5,776.0],[1709.5,775.0],[1708.0,773.5],[1706.5,773.0],[1704.5,772.0],[1703.0,770.5],[1701.0,769.5],[1699.5,769.0],[1698.0,767.5],[1696.0,766.5],[1694.0,765.5],[1692.5,765.0],[1690.0,764.5],[1688.0,763.5],[1686.0,762.5],[1684.5,762.0],[1683.0,760.5],[1682.0,758.5],[1680.5,757.0],[1679.5,756.0],[1678.5,754.0],[1677.5,752.0],[1677.0,750.5],[1676.5,748.0],[1676.5,745.0],[1677.5,743.0],[1678.0,741.5],[1680.0,740.5],[1681.5,739.0],[1684.0,738.5],[1686.0,738.5],[1689.0,738.5],[1692.0,738.5],[1695.0,738.5],[1697.0,738.5],[1700.0,738.5],[1702.0,739.5],[1704.5,740.0],[1706.0,740.5],[1708.0,741.5],[1710.0,742.5],[1711.0,743.5],[1713.0,744.5],[1715.0,745.5],[1717.5,746.0],[1719.0,746.5],[1721.5,747.0],[1724.0,747.5],[1726.0,748.5],[1727.5,749.0],[1730.0,749.5],[1732.0,750.5],[1735.0,750.5],[1737.0,750.5],[1740.0,750.5],[1742.0,751.5],[1745.0,751.5],[1746.0,752.5],[1749.0,752.5],[1751.0,753.5],[1752.5,754.0],[1755.0,754.5],[1757.0,755.5],[1760.0,755.5],[1761.0,756.5],[1764.0,756.5],[1766.0,757.5],[1768.0,758.5],[1770.0,758.5],[1772.0,759.5],[1775.0,759.5],[1777.0,760.5],[1779.0,760.5],[1781.5,761.0],[1784.0,761.5],[1786.0,762.5],[1788.0,762.5],[1790.0,763.5],[1793.0,763.5],[1794.0,764.5],[1797.0,764.5],[1799.5,765.0],[1802.0,765.5],[1804.0,765.5],[1806.5,766.0],[1809.0,766.5],[1812.0,766.5],[1813.0,767.5],[1816.0,767.5],[1818.5,768.0],[1821.0,768.5],[1823.0,768.5],[1825.0,769.5],[1828.0,769.5],[1830.0,770.5],[1832.0,770.5],[1834.0,771.5],[1836.5,772.0],[1839.0,772.5],[1840.0,773.5],[1842.5,774.0],[1845.0,774.5],[1846.0,775.5],[1848.0,776.5],[1850.0,777.5],[1852.0,778.5],[1853.0,779.5],[1855.0,780.5],[1856.5,782.0],[1858.5,783.0],[1859.5,784.0],[1861.0,785.5],[1862.5,787.0],[1864.5,788.0],[1865.5,789.0],[1867.0,790.5],[1868.5,792.0],[1870.0,793.5],[1871.0,794.5],[1872.5,796.0],[1874.0,797.5],[1875.5,798.0],[1877.0,799.5],[1879.0,800.5],[1880.5,802.0],[1881.5,803.0],[1883.0,804.5],[1885.0,805.5],[1886.5,807.0],[1887.5,808.0],[1889.5,809.0],[1891.0,810.5],[1893.0,811.5],[1894.0,812.5],[1896.0,813.5],[1899.0,813.5],[1901.0,814.5],[1902.0,815.5],[1905.0,815.5],[1907.0,816.5],[1909.0,816.5],[1911.5,817.0],[1913.5,818.0],[1915.5,819.0],[1916.5,820.0],[1918.0,821.5],[1919.5,823.0],[1919.5,826.0],[1919.5,828.0],[1919.5,831.0],[1919.5,834.0],[1919.5,837.0],[1919.5,839.0],[1918.0,840.5],[1916.5,842.0],[1914.5,843.0],[1913.0,843.5],[1911.0,844.5]]",243052.05952934484,431154.45026457845,50.76310818826495,SPW_여수로_교각_도수면,SPW_여수로_교각_도수면,SPW_0245,0.9828244743064848,-20.57544489128858
frame_030393.jpg,R000032,CRC,균열,"[[1913.0,793.5],[1904.0,792.5],[1895.0,791.5],[1886.0,790.5],[1876.0,789.5],[1866.0,789.5],[1857.0,788.5],[1849.0,786.5],[1841.5,784.0],[1835.5,780.0],[1830.5,775.0],[1826.0,768.5],[1820.0,764.5],[1813.0,761.5],[1806.5,758.0],[1799.5,755.0],[1792.5,752.0],[1786.0,748.5],[1779.0,744.5],[1772.0,741.5],[1765.0,738.5],[1758.5,735.0],[1751.0,732.5],[1744.0,729.5],[1736.0,727.5],[1727.0,725.5],[1719.0,723.5],[1711.0,721.5],[1703.0,719.5],[1695.0,717.5],[1688.0,714.5],[1681.0,711.5],[1675.0,706.5],[1669.5,702.0],[1664.0,697.5],[1658.5,693.0],[1652.0,689.5],[1645.0,686.5],[1638.0,683.5],[1629.0,681.5],[1621.0,679.5],[1614.0,676.5],[1606.0,674.5],[1598.5,672.0],[1591.5,669.0],[1584.0,666.5],[1576.0,664.5],[1567.5,662.0],[1560.0,659.5],[1552.5,657.0],[1546.0,653.5],[1539.0,650.5],[1533.0,646.5],[1526.0,643.5],[1517.0,641.5],[1509.0,639.5],[1501.0,637.5],[1493.0,635.5],[1486.0,632.5],[1479.0,629.5],[1472.0,626.5],[1465.0,622.5],[1458.0,619.5],[1452.0,615.5],[1445.0,612.5],[1437.0,610.5],[1429.5,608.0],[1421.5,606.0],[1413.0,603.5],[1406.0,600.5],[1398.0,598.5],[1390.0,596.5],[1382.0,594.5],[1374.0,592.5],[1366.0,590.5],[1358.0,587.5],[1351.0,584.5],[1344.0,581.5],[1337.0,578.5],[1330.0,575.5],[1323.0,572.5],[1315.5,570.0],[1307.0,567.5],[1300.0,564.5],[1292.5,562.0],[1284.0,560.5],[1275.0,559.5],[1267.0,557.5],[1259.0,555.5],[1250.5,553.0],[1243.0,550.5],[1236.0,547.5],[1229.0,544.5],[1222.0,541.5],[1215.5,538.0],[1208.0,535.5],[1200.0,532.5],[1193.0,529.5],[1186.5,526.0],[1179.0,523.5],[1171.5,521.0],[1163.5,519.0],[1155.0,517.5],[1146.0,515.5],[1137.0,514.5],[1129.0,512.5],[1121.5,510.0],[1115.0,506.5],[1108.0,503.5],[1101.0,500.5],[1094.0,496.5],[1086.5,494.0],[1078.5,492.0],[1070.0,490.5],[1062.5,488.0],[1055.0,485.5],[1046.5,484.0],[1038.0,481.5],[1030.0,479.5],[1021.0,478.5],[1013.0,478.5],[1003.0,478.5],[993.0,478.5],[986.0,475.5],[980.0,470.5],[976.0,464.5],[974.5,458.0],[978.5,452.0],[985.5,449.0],[995.0,448.5],[1004.0,449.5],[1012.5,451.0],[1021.5,453.0],[1029.0,455.5],[1037.0,457.5],[1045.0,459.5],[1054.0,460.5],[1063.0,461.5],[1071.0,461.5],[1080.5,463.0],[1088.5,465.0],[1096.0,467.5],[1103.0,470.5],[1110.0,473.5],[1117.0,476.5],[1125.0,478.5],[1135.0,479.5],[1145.0,479.5],[1155.0,479.5],[1165.0,479.5],[1173.5,481.0],[1182.0,482.5],[1188.0,486.5],[1195.0,490.5],[1201.0,494.5],[1207.0,498.5],[1214.0,501.5],[1222.0,503.5],[1230.0,505.5],[1237.5,508.0],[1245.0,511.5],[1251.0,515.5],[1258.0,518.5],[1264.5,522.0],[1272.0,524.5],[1280.0,526.5],[1289.0,527.5],[1298.0,529.5],[1304.5,533.0],[1311.0,536.5],[1317.5,540.0],[1324.5,543.0],[1332.0,545.5],[1340.0,547.5],[1349.5,549.0],[1357.5,551.0],[1365.0,553.5],[1371.5,557.0],[1378.0,560.5],[1385.0,563.5],[1393.0,565.5],[1403.5,566.0],[1411.0,568.5],[1419.0,570.5],[1426.0,573.5],[1433.0,576.5],[1440.0,579.5],[1447.0,582.5],[1456.0,584.5],[1465.0,585.5],[1473.0,587.5],[1480.0,590.5],[1486.5,594.0],[1492.5,598.0],[1499.0,601.5],[1506.5,605.0],[1513.0,608.5],[1521.0,610.5],[1529.0,612.5],[1538.0,613.5],[1547.0,614.5],[1556.0,615.5],[1566.0,616.5],[1574.0,618.5],[1584.0,618.5],[1594.0,618.5],[1600.5,622.0],[1607.5,625.0],[1613.5,629.0],[1620.5,633.0],[1627.0,636.5],[1634.0,639.5],[1641.0,642.5],[1649.0,644.5],[1657.0,646.5],[1666.0,647.5],[1673.0,650.5],[1680.5,654.0],[1687.0,657.5],[1694.0,660.5],[1700.5,664.0],[1708.0,666.5],[1716.0,668.5],[1723.0,671.5],[1730.5,675.0],[1737.0,678.5],[1743.0,682.5],[1750.0,685.5],[1756.0,689.5],[1763.0,692.5],[1770.0,695.5],[1780.0,696.5],[1788.5,698.0],[1795.5,701.0],[1801.0,705.5],[1807.0,709.5],[1813.0,713.5],[1819.5,717.0],[1827.5,720.0],[1836.0,721.5],[1842.5,725.0],[1849.5,728.0],[1856.5,731.0],[1864.0,733.5],[1871.5,736.0],[1880.0,738.5],[1886.0,742.5],[1893.0,745.5],[1900.5,748.0],[1908.5,750.0],[1917.0,751.5],[1919.5,759.0],[1919.5,770.0],[1919.5,780.0],[1919.5,790.0],[1913.0,793.5]]",243052.0938698082,431154.3475910129,50.76310818826495,SPW_여수로_교각_도수면,SPW_여수로_교각_도수면,SPW_0245,0.9846351559731654,-20.46718073113233
frame_030543.jpg,R000033,CRC,균열,"[[1913.0,764.5],[1904.0,764.5],[1896.0,763.5],[1887.0,763.5],[1878.0,763.5],[1871.0,761.5],[1864.0,759.5],[1857.5,756.0],[1852.0,752.5],[1845.5,750.0],[1838.5,748.0],[1831.0,746.5],[1822.0,746.5],[1815.0,744.5],[1810.0,740.5],[1805.5,736.0],[1801.5,731.0],[1797.5,726.0],[1793.5,721.0],[1787.0,717.5],[1781.0,714.5],[1774.0,712.5],[1766.0,711.5],[1757.0,711.5],[1749.0,710.5],[1740.0,710.5],[1732.5,709.0],[1725.5,707.0],[1718.0,705.5],[1711.0,703.5],[1704.5,701.0],[1698.0,697.5],[1692.0,694.5],[1686.5,691.0],[1681.5,687.0],[1677.0,682.5],[1672.0,678.5],[1667.0,674.5],[1661.0,671.5],[1655.5,668.0],[1650.0,664.5],[1644.0,661.5],[1637.0,659.5],[1629.0,657.5],[1621.0,656.5],[1613.0,655.5],[1605.5,654.0],[1598.0,652.5],[1591.0,650.5],[1584.0,648.5],[1577.5,646.0],[1571.0,643.5],[1564.0,641.5],[1557.5,639.0],[1551.0,636.5],[1544.5,633.0],[1538.0,630.5],[1532.0,627.5],[1526.0,624.5],[1520.0,621.5],[1514.0,618.5],[1508.0,615.5],[1501.5,613.0],[1495.0,610.5],[1489.5,607.0],[1483.5,604.0],[1477.5,601.0],[1470.0,598.5],[1463.0,596.5],[1455.0,595.5],[1447.5,594.0],[1440.0,592.5],[1432.0,591.5],[1424.5,590.0],[1418.5,587.0],[1412.0,584.5],[1406.0,581.5],[1400.0,578.5],[1394.0,575.5],[1387.0,572.5],[1380.0,570.5],[1372.5,569.0],[1365.0,567.5],[1358.0,565.5],[1351.0,563.5],[1343.0,562.5],[1336.0,560.5],[1329.0,558.5],[1322.5,556.0],[1316.0,553.5],[1309.5,551.0],[1303.0,548.5],[1296.0,545.5],[1289.5,543.0],[1283.0,540.5],[1277.0,537.5],[1270.5,535.0],[1264.0,532.5],[1256.5,531.0],[1249.0,529.5],[1243.0,526.5],[1236.0,524.5],[1228.0,523.5],[1221.0,521.5],[1212.0,520.5],[1205.0,518.5],[1197.0,517.5],[1190.0,515.5],[1182.0,514.5],[1175.0,512.5],[1168.0,510.5],[1161.5,508.0],[1155.5,505.0],[1150.0,501.5],[1143.5,499.0],[1137.5,496.0],[1130.0,493.5],[1122.0,492.5],[1113.0,492.5],[1104.0,492.5],[1096.0,493.5],[1087.0,493.5],[1079.5,492.0],[1073.5,489.0],[1068.5,485.0],[1066.5,478.0],[1067.5,472.0],[1073.0,468.5],[1082.0,467.5],[1090.0,468.5],[1097.0,470.5],[1103.0,473.5],[1111.0,474.5],[1120.0,474.5],[1128.0,473.5],[1136.0,472.5],[1144.0,471.5],[1152.0,470.5],[1160.0,471.5],[1167.0,473.5],[1175.5,475.0],[1183.0,476.5],[1190.0,478.5],[1197.0,480.5],[1204.5,482.0],[1212.0,483.5],[1219.5,485.0],[1227.0,486.5],[1234.0,488.5],[1241.0,490.5],[1248.0,492.5],[1254.0,495.5],[1262.0,497.5],[1268.0,500.5],[1275.0,502.5],[1283.0,503.5],[1291.0,504.5],[1298.0,506.5],[1305.5,508.0],[1312.0,510.5],[1318.0,513.5],[1324.0,516.5],[1330.5,519.0],[1337.0,521.5],[1345.0,523.5],[1352.0,525.5],[1360.0,526.5],[1367.0,528.5],[1373.5,531.0],[1379.5,534.0],[1385.5,537.0],[1391.5,540.0],[1397.5,543.0],[1404.0,545.5],[1410.5,548.0],[1417.0,550.5],[1423.0,553.5],[1430.0,556.5],[1435.5,560.0],[1441.5,563.0],[1448.0,565.5],[1454.0,568.5],[1460.5,571.0],[1467.0,573.5],[1473.0,576.5],[1480.0,578.5],[1489.0,578.5],[1497.0,577.5],[1506.0,577.5],[1515.0,578.5],[1521.5,581.0],[1527.0,584.5],[1532.5,588.0],[1538.0,591.5],[1544.0,594.5],[1551.0,596.5],[1559.0,597.5],[1567.0,598.5],[1575.0,599.5],[1583.0,600.5],[1590.0,602.5],[1596.5,606.0],[1602.5,609.0],[1610.0,610.5],[1618.0,611.5],[1627.0,611.5],[1634.0,613.5],[1641.0,615.5],[1648.0,617.5],[1654.0,620.5],[1660.0,623.5],[1666.0,626.5],[1672.0,629.5],[1678.5,633.0],[1684.5,636.0],[1690.5,639.0],[1697.0,641.5],[1703.0,644.5],[1710.0,646.5],[1716.5,649.0],[1723.0,651.5],[1729.5,654.0],[1736.0,656.5],[1742.0,659.5],[1748.5,662.0],[1756.0,664.5],[1762.0,667.5],[1768.0,670.5],[1774.5,673.0],[1781.5,675.0],[1789.0,676.5],[1797.0,677.5],[1805.0,678.5],[1811.5,681.0],[1817.0,684.5],[1822.0,688.5],[1825.5,694.0],[1829.5,700.0],[1834.5,704.0],[1841.0,706.5],[1848.0,708.5],[1854.0,711.5],[1860.5,714.0],[1867.0,716.5],[1873.0,719.5],[1879.5,722.0],[1887.0,723.5],[1895.0,724.5],[1903.0,725.5],[1912.0,724.5],[1918.0,727.5],[1919.5,735.0],[1919.5,744.0],[1919.5,753.0],[1919.0,761.5],[1913.0,764.5]]",243052.17915217482,431154.0926077131,50.76310818826495,SPW_여수로_교각_도수면,SPW_여수로_교각_도수면,SPW_0245,0.9848632238679013,-20.19831354363233
frame_030643.jpg,R000034,CRC,균열,"[[1724.0,674.5],[1717.0,674.5],[1710.0,674.5],[1704.5,674.0],[1698.5,673.0],[1693.0,671.5],[1688.5,669.0],[1684.0,666.5],[1679.5,664.0],[1676.0,661.5],[1671.5,659.0],[1667.0,656.5],[1662.0,654.5],[1657.0,652.5],[1652.0,650.5],[1647.0,649.5],[1642.5,647.0],[1637.5,645.0],[1632.0,643.5],[1626.0,642.5],[1620.0,641.5],[1615.0,640.5],[1609.0,639.5],[1604.0,637.5],[1599.0,635.5],[1594.0,633.5],[1589.5,631.0],[1585.0,629.5],[1579.0,628.5],[1574.0,626.5],[1568.5,625.0],[1563.0,623.5],[1557.0,622.5],[1553.0,620.5],[1548.0,618.5],[1543.0,616.5],[1539.0,613.5],[1534.0,611.5],[1530.0,608.5],[1526.5,606.0],[1522.5,603.0],[1519.0,599.5],[1514.0,597.5],[1509.0,595.5],[1504.0,593.5],[1499.5,592.0],[1494.0,590.5],[1488.0,589.5],[1482.0,588.5],[1477.0,586.5],[1471.0,585.5],[1466.5,584.0],[1461.0,582.5],[1455.0,581.5],[1449.0,580.5],[1444.0,578.5],[1438.0,577.5],[1433.0,576.5],[1427.5,575.0],[1422.0,573.5],[1417.0,571.5],[1412.0,569.5],[1406.5,568.0],[1402.5,566.0],[1398.0,563.5],[1393.5,561.0],[1388.5,559.0],[1383.5,557.0],[1378.5,555.0],[1374.0,553.5],[1369.0,551.5],[1364.0,549.5],[1358.5,548.0],[1352.5,547.0],[1346.5,546.0],[1341.0,545.5],[1335.0,544.5],[1329.0,543.5],[1323.5,542.0],[1318.0,540.5],[1313.0,538.5],[1308.0,537.5],[1303.5,535.0],[1298.5,533.0],[1293.0,531.5],[1288.0,529.5],[1284.0,527.5],[1279.5,525.0],[1275.0,522.5],[1270.0,520.5],[1264.5,519.0],[1259.0,517.5],[1254.5,516.0],[1249.0,514.5],[1243.0,513.5],[1237.0,512.5],[1230.0,512.5],[1224.0,511.5],[1219.0,510.5],[1213.0,509.5],[1207.0,508.5],[1201.0,507.5],[1195.0,506.5],[1189.0,505.5],[1185.0,503.5],[1180.0,501.5],[1175.0,499.5],[1170.0,497.5],[1165.0,495.5],[1160.0,493.5],[1155.0,492.5],[1149.0,491.5],[1142.0,491.5],[1135.5,492.0],[1129.0,492.5],[1122.5,493.0],[1117.5,493.0],[1111.0,492.5],[1104.0,492.5],[1099.0,490.5],[1093.5,489.0],[1089.5,486.0],[1086.0,483.5],[1084.5,478.0],[1085.5,472.0],[1087.0,466.5],[1091.5,464.0],[1095.5,461.0],[1099.5,459.0],[1105.0,457.5],[1112.0,457.5],[1118.5,457.0],[1124.0,457.5],[1130.0,458.5],[1135.5,459.0],[1142.0,459.5],[1148.0,460.5],[1154.0,461.5],[1161.0,461.5],[1167.0,460.5],[1173.0,460.5],[1179.0,459.5],[1186.0,459.5],[1191.5,461.0],[1196.5,463.0],[1201.0,465.5],[1205.5,467.0],[1210.0,469.5],[1215.0,471.5],[1220.0,473.5],[1225.0,475.5],[1231.0,476.5],[1236.0,477.5],[1242.0,478.5],[1249.0,478.5],[1254.5,480.0],[1260.0,481.5],[1265.0,483.5],[1269.0,485.5],[1274.0,487.5],[1279.0,489.5],[1283.5,492.0],[1288.5,494.0],[1294.0,495.5],[1299.0,496.5],[1304.5,498.0],[1310.0,499.5],[1315.0,501.5],[1321.0,502.5],[1326.0,504.5],[1330.0,506.5],[1335.0,508.5],[1340.0,510.5],[1344.5,513.0],[1349.5,515.0],[1354.0,516.5],[1359.0,518.5],[1364.0,520.5],[1369.5,522.0],[1375.0,523.5],[1381.0,524.5],[1385.5,526.0],[1391.0,527.5],[1397.0,528.5],[1402.0,530.5],[1407.0,532.5],[1412.0,534.5],[1416.0,536.5],[1421.0,538.5],[1425.0,541.5],[1430.0,543.5],[1434.5,546.0],[1439.0,548.5],[1444.0,549.5],[1448.5,552.0],[1453.0,554.5],[1458.0,556.5],[1463.0,558.5],[1468.0,560.5],[1472.0,562.5],[1477.0,564.5],[1482.0,566.5],[1487.0,568.5],[1492.0,570.5],[1498.0,571.5],[1502.5,573.0],[1508.5,574.0],[1515.0,574.5],[1522.0,574.5],[1528.0,575.5],[1533.0,577.5],[1537.0,579.5],[1542.0,581.5],[1547.0,583.5],[1551.5,586.0],[1556.0,588.5],[1560.0,591.5],[1563.5,594.0],[1568.5,596.0],[1573.0,598.5],[1578.5,600.0],[1583.5,602.0],[1588.0,604.5],[1592.5,606.0],[1598.0,607.5],[1603.0,609.5],[1608.0,611.5],[1613.0,613.5],[1620.0,613.5],[1625.0,614.5],[1632.0,614.5],[1638.0,615.5],[1645.0,615.5],[1651.5,616.0],[1657.5,617.0],[1662.0,618.5],[1667.5,620.0],[1672.5,622.0],[1677.0,624.5],[1681.5,627.0],[1686.0,629.5],[1690.0,631.5],[1694.5,634.0],[1698.5,637.0],[1702.5,640.0],[1706.5,643.0],[1711.0,645.5],[1715.0,647.5],[1719.0,650.5],[1723.0,653.5],[1727.0,656.5],[1728.5,662.0],[1731.0,666.5],[1733.0,670.5],[1729.5,673.0],[1724.0,674.5]]",243052.24662499802,431153.8908733471,50.76310818826495,SPW_여수로_교각_도수면,SPW_여수로_교각_도수면,SPW_0246,0.9817237580502126,-19.985594630871915
frame_033093.jpg,R000035,CRC,균열,"[[647.0,1020.5],[640.0,1020.5],[634.0,1020.5],[627.0,1020.5],[621.0,1020.5],[615.0,1019.5],[609.5,1019.0],[604.0,1017.5],[599.0,1016.5],[593.0,1015.5],[588.0,1014.5],[582.0,1013.5],[576.0,1013.5],[570.0,1012.5],[565.0,1011.5],[558.0,1011.5],[553.0,1010.5],[547.0,1009.5],[541.0,1009.5],[534.0,1009.5],[528.5,1010.0],[522.0,1010.5],[517.0,1011.5],[511.0,1010.5],[506.0,1009.5],[500.5,1008.0],[496.0,1006.5],[490.0,1005.5],[485.0,1004.5],[479.0,1003.5],[474.0,1002.5],[468.0,1001.5],[463.5,1000.0],[457.0,999.5],[452.0,998.5],[446.0,997.5],[441.0,996.5],[435.0,995.5],[429.0,995.5],[422.0,995.5],[417.0,994.5],[411.0,993.5],[406.0,992.5],[399.0,992.5],[394.0,991.5],[388.0,990.5],[383.0,989.5],[377.0,988.5],[372.5,987.0],[367.0,985.5],[362.0,984.5],[356.0,983.5],[349.5,983.0],[344.0,982.5],[337.0,982.5],[332.0,981.5],[325.0,981.5],[319.0,981.5],[312.0,981.5],[306.0,981.5],[300.0,982.5],[295.0,981.5],[289.0,980.5],[284.0,979.5],[279.0,977.5],[274.5,976.0],[269.0,974.5],[265.0,972.5],[259.0,971.5],[254.5,970.0],[248.5,969.0],[243.0,968.5],[237.0,967.5],[231.0,967.5],[225.0,966.5],[220.0,965.5],[216.0,962.5],[212.0,960.5],[208.0,957.5],[205.0,954.5],[199.0,953.5],[193.0,953.5],[186.0,953.5],[180.0,953.5],[174.0,954.5],[168.5,954.0],[162.0,953.5],[156.0,953.5],[150.0,952.5],[145.0,951.5],[139.0,950.5],[133.0,950.5],[126.0,950.5],[121.0,949.5],[115.0,950.5],[109.0,950.5],[102.0,950.5],[96.0,950.5],[89.0,950.5],[83.0,950.5],[77.0,951.5],[72.0,952.5],[66.0,953.5],[60.0,954.5],[55.0,955.5],[48.5,955.0],[43.0,954.5],[37.0,953.5],[33.0,951.5],[29.0,948.5],[25.5,946.0],[20.0,944.5],[15.0,943.5],[10.0,941.5],[5.0,940.5],[0.0,938.5],[-0.5,933.0],[-0.5,926.0],[-0.5,920.0],[-0.5,913.0],[-0.5,907.0],[-0.5,900.0],[-0.5,894.0],[3.0,890.5],[7.0,888.5],[13.0,887.5],[18.0,886.5],[24.0,885.5],[29.0,886.5],[33.5,889.0],[36.5,892.0],[41.0,894.5],[44.5,897.0],[48.5,900.0],[52.0,902.5],[58.0,903.5],[63.5,903.0],[69.0,901.5],[75.0,901.5],[81.0,902.5],[85.5,904.0],[90.0,906.5],[93.5,909.0],[99.0,910.5],[104.0,911.5],[111.0,911.5],[117.0,911.5],[123.0,912.5],[128.0,913.5],[133.5,915.0],[138.0,916.5],[144.0,917.5],[149.0,918.5],[155.0,919.5],[161.0,920.5],[167.0,920.5],[173.0,921.5],[178.0,922.5],[185.0,922.5],[190.5,922.0],[196.5,921.0],[201.5,920.0],[207.0,918.5],[212.0,917.5],[218.0,918.5],[222.0,920.5],[225.5,924.0],[228.5,927.0],[232.5,930.0],[237.0,931.5],[242.0,933.5],[247.0,934.5],[253.0,935.5],[259.0,935.5],[265.5,935.0],[270.0,933.5],[277.0,933.5],[282.0,934.5],[287.5,936.0],[292.5,937.0],[298.0,938.5],[303.0,939.5],[309.0,940.5],[314.0,941.5],[319.0,943.5],[323.5,945.0],[329.0,946.5],[333.5,948.0],[339.0,949.5],[345.0,949.5],[351.0,950.5],[356.5,951.0],[362.0,952.5],[367.5,953.0],[374.0,953.5],[379.0,954.5],[385.0,955.5],[391.0,955.5],[397.0,956.5],[403.0,956.5],[408.5,958.0],[413.5,959.0],[420.0,959.5],[425.0,960.5],[431.0,961.5],[438.0,961.5],[443.0,962.5],[449.0,963.5],[453.5,965.0],[459.0,966.5],[463.0,968.5],[469.0,969.5],[474.0,970.5],[479.0,972.5],[483.5,974.0],[488.5,976.0],[493.0,977.5],[500.0,977.5],[505.0,978.5],[511.0,979.5],[516.5,980.0],[523.0,980.5],[529.0,980.5],[536.0,980.5],[541.0,981.5],[547.5,982.0],[553.0,982.5],[559.0,983.5],[565.0,983.5],[572.0,983.5],[577.0,984.5],[584.0,984.5],[589.5,985.0],[596.0,985.5],[601.0,986.5],[607.0,987.5],[612.0,988.5],[618.0,989.5],[624.0,989.5],[631.0,989.5],[637.0,989.5],[644.0,989.5],[649.0,990.5],[656.0,990.5],[660.0,992.5],[665.5,994.0],[669.5,996.0],[673.0,999.5],[675.5,1003.0],[675.0,1009.5],[672.0,1012.5],[667.5,1015.0],[663.5,1017.0],[658.0,1018.5],[653.0,1019.5],[647.0,1020.5]]",243055.36446436547,431148.0292708977,52.251068763733336,SPW_여수로_교각_도수면,SPW_여수로_교각_도수면,SPW_0227,0.9869350718280036,-13.437615698649259
frame_033093.jpg,R000036,CRC,균열,"[[1228.0,1077.5],[1220.0,1077.5],[1214.0,1075.5],[1208.0,1073.5],[1202.0,1071.5],[1199.0,1066.5],[1196.0,1061.5],[1192.5,1057.0],[1188.0,1053.5],[1181.0,1052.5],[1174.0,1051.5],[1166.0,1051.5],[1158.0,1051.5],[1151.0,1051.5],[1143.0,1051.5],[1136.0,1050.5],[1128.0,1050.5],[1120.0,1050.5],[1112.0,1050.5],[1104.0,1050.5],[1097.0,1049.5],[1090.0,1050.5],[1082.0,1050.5],[1074.0,1050.5],[1067.0,1049.5],[1059.0,1049.5],[1052.5,1048.0],[1046.0,1046.5],[1039.0,1045.5],[1032.0,1044.5],[1025.0,1043.5],[1018.5,1042.0],[1012.5,1040.0],[1007.0,1037.5],[1001.5,1035.0],[996.0,1032.5],[990.0,1030.5],[984.0,1028.5],[978.0,1026.5],[973.0,1024.5],[967.0,1022.5],[961.0,1020.5],[955.5,1018.0],[949.5,1016.0],[943.5,1014.0],[937.0,1012.5],[931.0,1010.5],[925.0,1008.5],[918.0,1007.5],[911.5,1009.0],[904.0,1009.5],[896.0,1009.5],[890.0,1011.5],[882.0,1011.5],[875.0,1012.5],[868.0,1013.5],[862.0,1015.5],[856.0,1017.5],[850.0,1019.5],[842.0,1019.5],[835.0,1018.5],[830.0,1015.5],[826.5,1011.0],[830.5,1007.0],[835.0,1004.5],[840.0,1001.5],[846.0,999.5],[853.0,998.5],[860.0,997.5],[867.5,998.0],[874.5,998.0],[879.0,994.5],[884.0,991.5],[889.0,988.5],[896.0,987.5],[903.0,986.5],[911.0,986.5],[919.0,986.5],[927.0,986.5],[935.0,986.5],[942.0,987.5],[949.0,988.5],[957.0,988.5],[965.0,988.5],[973.0,988.5],[980.0,987.5],[988.0,987.5],[996.0,987.5],[1004.0,987.5],[1012.0,987.5],[1019.0,987.5],[1027.0,987.5],[1034.0,986.5],[1041.0,985.5],[1048.0,984.5],[1055.0,983.5],[1060.5,981.0],[1065.5,978.0],[1070.0,974.5],[1075.5,972.0],[1081.5,970.0],[1088.0,968.5],[1095.0,967.5],[1103.0,967.5],[1111.0,967.5],[1118.0,966.5],[1125.0,967.5],[1132.0,968.5],[1138.0,970.5],[1145.0,971.5],[1153.0,971.5],[1160.0,970.5],[1167.0,969.5],[1175.0,969.5],[1182.0,970.5],[1187.0,972.5],[1193.0,974.5],[1200.0,975.5],[1207.0,976.5],[1215.0,976.5],[1222.0,975.5],[1229.0,976.5],[1236.0,977.5],[1243.0,978.5],[1250.0,979.5],[1257.5,980.0],[1264.0,981.5],[1270.0,983.5],[1276.0,985.5],[1283.0,986.5],[1291.0,986.5],[1298.0,987.5],[1306.0,987.5],[1313.0,986.5],[1320.5,986.0],[1328.0,985.5],[1336.0,985.5],[1343.0,984.5],[1351.0,984.5],[1358.0,985.5],[1364.0,987.5],[1368.0,990.5],[1373.0,993.5],[1378.0,996.5],[1383.0,999.5],[1388.0,1002.5],[1393.5,1005.0],[1401.0,1005.5],[1408.0,1004.5],[1415.0,1003.5],[1423.0,1003.5],[1430.0,1002.5],[1438.0,1002.5],[1445.0,1003.5],[1452.0,1002.5],[1458.5,1001.0],[1465.5,1000.0],[1472.5,999.0],[1479.0,997.5],[1486.0,996.5],[1493.0,995.5],[1500.0,996.5],[1507.0,997.5],[1514.5,997.0],[1520.5,995.0],[1525.5,992.0],[1531.0,990.5],[1538.0,989.5],[1544.5,991.0],[1551.0,992.5],[1556.5,995.0],[1562.5,997.0],[1568.5,999.0],[1576.0,999.5],[1583.0,1000.5],[1590.0,1001.5],[1596.0,1003.5],[1601.5,1006.0],[1607.0,1008.5],[1612.0,1011.5],[1616.0,1015.5],[1621.0,1018.5],[1625.5,1022.0],[1630.0,1025.5],[1636.0,1027.5],[1643.0,1028.5],[1650.0,1029.5],[1656.0,1031.5],[1657.5,1036.0],[1654.5,1041.0],[1649.0,1043.5],[1642.0,1044.5],[1635.0,1044.5],[1627.0,1044.5],[1620.0,1045.5],[1612.0,1045.5],[1605.0,1044.5],[1599.0,1042.5],[1592.0,1041.5],[1584.0,1041.5],[1577.5,1043.0],[1573.0,1046.5],[1568.5,1050.0],[1563.0,1052.5],[1557.0,1054.5],[1550.0,1053.5],[1545.0,1050.5],[1540.5,1047.0],[1536.0,1043.5],[1532.0,1039.5],[1527.5,1036.0],[1521.0,1034.5],[1515.5,1037.0],[1511.5,1041.0],[1506.5,1044.0],[1501.5,1047.0],[1495.0,1048.5],[1489.0,1049.5],[1483.0,1047.5],[1475.0,1047.5],[1467.0,1047.5],[1460.0,1048.5],[1454.0,1050.5],[1447.5,1052.0],[1441.0,1053.5],[1434.5,1055.0],[1428.0,1056.5],[1420.0,1056.5],[1412.0,1056.5],[1405.0,1055.5],[1398.0,1054.5],[1391.0,1053.5],[1384.0,1052.5],[1376.0,1052.5],[1369.0,1053.5],[1363.0,1055.5],[1356.0,1056.5],[1349.0,1057.5],[1342.0,1058.5],[1334.0,1058.5],[1326.0,1058.5],[1318.0,1058.5],[1310.0,1058.5],[1304.0,1057.5],[1296.0,1057.5],[1288.0,1057.5],[1280.0,1057.5],[1274.5,1060.0],[1270.0,1063.5],[1266.5,1068.0],[1262.0,1071.5],[1256.0,1073.5],[1249.0,1074.5],[1242.0,1075.5],[1235.0,1076.5],[1228.0,1077.5]]",243055.48638185937,431147.6647563126,52.251068763733336,SPW_여수로_교각_도수면,SPW_여수로_교각_도수면,SPW_0227,0.9907072006305317,-13.053252905680509
frame_033643.jpg,R000039,CRC,균열,"[[1284.0,1079.5],[1276.0,1079.5],[1268.0,1079.5],[1260.0,1079.5],[1252.0,1079.5],[1244.0,1079.5],[1235.5,1079.0],[1235.5,1071.0],[1236.5,1064.0],[1237.5,1057.0],[1239.5,1051.0],[1240.0,1044.5],[1239.5,1037.0],[1239.5,1029.0],[1239.5,1021.0],[1240.5,1014.0],[1240.5,1006.0],[1241.5,999.0],[1242.5,991.0],[1244.5,985.0],[1246.5,979.0],[1249.0,973.5],[1252.0,968.5],[1253.5,962.0],[1255.5,956.0],[1258.0,950.5],[1261.5,946.0],[1263.5,940.0],[1265.0,933.5],[1266.0,925.5],[1266.5,918.0],[1267.5,911.0],[1267.5,903.0],[1268.5,896.0],[1268.5,888.0],[1269.5,881.0],[1270.5,874.0],[1272.5,868.0],[1272.5,860.0],[1272.5,852.0],[1273.5,845.0],[1273.5,836.0],[1273.5,828.0],[1273.5,820.0],[1274.5,813.0],[1274.5,805.0],[1274.5,797.0],[1273.5,790.0],[1274.0,782.5],[1274.5,775.0],[1274.5,767.0],[1274.5,759.0],[1273.5,752.0],[1272.5,744.0],[1271.5,737.0],[1269.5,731.0],[1267.5,725.0],[1266.5,718.0],[1265.5,711.0],[1264.5,704.0],[1264.5,696.0],[1263.5,689.0],[1262.5,682.0],[1260.5,676.0],[1260.5,667.0],[1261.0,659.5],[1263.0,653.5],[1265.5,648.0],[1267.5,642.0],[1269.5,636.0],[1272.5,631.0],[1275.0,625.5],[1277.0,619.5],[1278.5,613.0],[1279.5,606.0],[1280.5,599.0],[1281.5,591.0],[1281.5,585.0],[1280.5,578.0],[1280.5,572.0],[1281.5,565.0],[1284.0,559.5],[1285.5,553.0],[1286.5,546.0],[1285.5,539.0],[1284.5,532.0],[1282.5,526.0],[1279.5,520.0],[1277.5,514.0],[1275.5,508.0],[1273.0,502.5],[1270.5,497.0],[1268.0,491.5],[1266.5,485.0],[1265.5,478.0],[1265.5,470.0],[1264.5,463.0],[1262.5,457.0],[1260.0,451.5],[1256.5,446.0],[1255.0,439.5],[1252.5,434.0],[1249.0,429.5],[1246.5,424.0],[1244.5,418.0],[1243.5,411.0],[1241.5,405.0],[1240.5,398.0],[1240.0,390.5],[1238.5,384.0],[1237.5,377.0],[1237.5,368.0],[1237.5,360.0],[1237.5,352.0],[1237.5,344.0],[1236.5,337.0],[1233.5,332.0],[1231.0,326.5],[1227.5,322.0],[1224.5,317.0],[1221.0,312.5],[1217.0,308.5],[1213.0,303.5],[1209.5,299.0],[1207.0,293.5],[1206.5,286.0],[1208.0,279.5],[1211.5,275.0],[1216.0,271.5],[1221.0,270.5],[1227.0,272.5],[1233.0,274.5],[1239.0,276.5],[1245.0,278.5],[1251.0,281.5],[1255.5,285.0],[1259.5,289.0],[1262.5,294.0],[1265.5,299.0],[1265.5,305.0],[1263.5,311.0],[1261.0,316.5],[1259.5,323.0],[1258.5,330.0],[1257.5,337.0],[1257.5,346.0],[1258.5,353.0],[1259.5,360.0],[1260.5,367.0],[1260.5,375.0],[1260.5,383.0],[1262.0,389.5],[1263.5,396.0],[1265.5,402.0],[1267.5,408.0],[1269.5,414.0],[1271.0,420.5],[1272.5,428.0],[1274.5,434.0],[1277.5,439.0],[1280.0,444.5],[1281.5,451.0],[1282.5,458.0],[1284.0,464.5],[1286.5,470.0],[1289.5,475.0],[1292.5,480.0],[1295.5,485.0],[1297.5,491.0],[1300.5,497.0],[1302.5,503.0],[1304.5,509.0],[1305.5,516.0],[1307.0,522.5],[1308.5,529.0],[1309.5,536.0],[1309.5,544.0],[1308.5,551.0],[1306.5,557.0],[1306.5,565.0],[1307.5,573.0],[1307.5,581.0],[1308.5,588.0],[1308.5,596.0],[1306.5,602.0],[1304.5,608.0],[1302.5,614.0],[1301.0,620.5],[1298.0,625.5],[1295.5,631.0],[1294.5,638.0],[1294.5,646.0],[1295.5,654.0],[1295.5,662.0],[1296.5,669.0],[1296.5,677.0],[1295.0,683.5],[1293.5,690.0],[1292.5,697.0],[1292.5,703.0],[1293.0,710.5],[1295.0,716.5],[1297.5,722.0],[1299.5,729.0],[1300.5,736.0],[1300.5,744.0],[1299.5,751.0],[1297.5,757.0],[1297.5,765.0],[1298.5,772.0],[1299.5,779.0],[1300.5,786.0],[1302.5,792.0],[1303.5,799.0],[1304.0,806.5],[1304.5,815.0],[1304.5,823.0],[1304.0,830.5],[1303.5,838.0],[1302.5,845.0],[1301.5,852.0],[1299.5,858.0],[1297.5,864.0],[1295.5,870.0],[1293.5,876.0],[1290.5,881.0],[1288.5,887.0],[1287.5,895.0],[1285.5,901.0],[1284.5,908.0],[1283.0,914.5],[1281.5,921.0],[1281.0,928.5],[1279.5,935.0],[1278.0,941.5],[1276.0,947.5],[1274.5,954.0],[1273.5,961.0],[1272.5,969.0],[1270.5,975.0],[1267.0,979.5],[1265.5,986.0],[1266.5,993.0],[1267.5,1000.0],[1269.0,1006.5],[1270.5,1013.0],[1272.5,1019.0],[1274.5,1025.0],[1276.5,1031.0],[1278.0,1037.5],[1280.5,1044.0],[1282.0,1050.5],[1282.5,1058.0],[1283.5,1065.0],[1283.5,1073.0],[1284.0,1079.5]]",243060.47396135944,431133.3177318431,52.48725729834813,SPW_여수로_교각_도수면,SPW_여수로_교각_도수면,SPW_0230,0.9794365924680389,2.134948372936948
frame_033843.jpg,R000041,CRC,균열,"[[865.0,664.5],[862.0,664.5],[860.0,664.5],[857.0,664.5],[855.5,664.0],[853.5,663.0],[852.0,662.5],[850.0,661.5],[849.0,660.5],[847.5,659.0],[846.5,658.0],[844.5,657.0],[843.5,656.0],[842.0,654.5],[841.0,653.5],[839.5,652.0],[838.0,651.5],[836.5,650.0],[835.5,649.0],[834.0,647.5],[833.0,646.5],[832.0,644.5],[831.0,643.5],[829.5,642.0],[829.0,640.5],[829.5,639.0],[829.5,637.0],[830.0,634.5],[830.5,633.0],[832.0,631.5],[833.5,631.0],[835.0,629.5],[836.5,629.0],[838.0,627.5],[839.5,627.0],[841.5,626.0],[843.0,625.5],[845.0,624.5],[847.0,624.5],[849.0,623.5],[851.0,623.5],[854.0,623.5],[855.5,623.0],[858.0,622.5],[860.0,622.5],[863.0,622.5],[865.0,622.5],[868.0,622.5],[870.0,622.5],[873.0,622.5],[875.0,622.5],[878.0,622.5],[880.5,622.0],[882.0,621.5],[884.5,621.0],[886.0,620.5],[888.5,620.0],[890.0,619.5],[892.5,619.0],[894.0,618.5],[897.0,618.5],[898.0,617.5],[901.0,617.5],[902.0,616.5],[905.0,616.5],[906.5,616.0],[909.0,615.5],[910.5,615.0],[913.0,614.5],[914.5,614.0],[917.0,613.5],[919.0,613.5],[921.0,612.5],[923.0,612.5],[925.0,611.5],[927.0,611.5],[929.5,611.0],[931.0,610.5],[934.0,610.5],[935.0,609.5],[938.0,609.5],[939.0,608.5],[941.5,608.0],[943.0,607.5],[944.5,606.0],[945.5,605.0],[947.0,603.5],[947.5,602.0],[948.5,600.0],[949.0,598.5],[950.0,596.5],[950.5,595.0],[952.0,593.5],[952.5,592.0],[953.5,590.0],[954.5,589.0],[955.0,586.5],[955.5,585.0],[956.5,583.0],[956.5,581.0],[957.5,579.0],[958.0,577.5],[958.5,575.0],[959.5,573.0],[960.5,572.0],[961.5,570.0],[962.5,569.0],[964.0,567.5],[965.5,567.0],[968.0,566.5],[969.0,565.5],[971.5,565.0],[973.0,564.5],[976.0,564.5],[977.0,563.5],[980.0,563.5],[982.0,563.5],[985.0,563.5],[987.0,563.5],[990.0,563.5],[992.0,563.5],[994.5,563.0],[996.0,562.5],[999.0,562.5],[1001.0,562.5],[1003.0,561.5],[1005.0,561.5],[1008.0,561.5],[1009.0,560.5],[1012.0,560.5],[1013.5,560.0],[1016.0,559.5],[1018.0,559.5],[1020.5,560.0],[1022.0,560.5],[1025.0,560.5],[1026.5,561.0],[1029.0,561.5],[1030.5,562.0],[1033.0,562.5],[1034.0,563.5],[1036.5,564.0],[1038.0,564.5],[1040.0,565.5],[1041.0,566.5],[1042.0,568.5],[1042.5,570.0],[1043.5,572.0],[1042.5,573.0],[1041.0,574.5],[1040.0,575.5],[1038.0,576.5],[1036.5,577.0],[1035.0,578.5],[1033.5,580.0],[1032.0,580.5],[1030.5,582.0],[1029.0,582.5],[1027.0,583.5],[1026.0,584.5],[1024.0,585.5],[1022.5,586.0],[1020.5,587.0],[1019.0,587.5],[1017.0,588.5],[1016.0,589.5],[1013.5,590.0],[1012.0,590.5],[1010.0,591.5],[1009.0,592.5],[1007.0,593.5],[1006.0,594.5],[1004.5,596.0],[1003.5,597.0],[1002.0,598.5],[1001.0,599.5],[999.0,600.5],[998.0,601.5],[996.5,603.0],[995.5,604.0],[993.5,605.0],[992.5,606.0],[990.5,607.0],[989.0,607.5],[987.0,608.5],[986.0,609.5],[984.0,610.5],[983.0,611.5],[981.0,612.5],[980.0,613.5],[978.5,615.0],[977.0,615.5],[975.5,617.0],[974.5,618.0],[973.0,619.5],[972.0,620.5],[970.0,621.5],[969.0,622.5],[967.0,623.5],[966.0,624.5],[964.5,626.0],[963.5,627.0],[961.5,628.0],[960.0,628.5],[958.5,630.0],[956.5,631.0],[955.0,631.5],[953.5,633.0],[952.0,633.5],[950.0,634.5],[949.0,635.5],[946.5,636.0],[945.0,636.5],[942.5,637.0],[941.0,637.5],[939.0,638.5],[937.0,638.5],[935.0,639.5],[933.0,639.5],[931.0,640.5],[930.0,641.5],[928.0,642.5],[926.0,642.5],[924.0,643.5],[922.0,643.5],[920.0,644.5],[918.0,644.5],[916.0,645.5],[914.0,645.5],[912.0,646.5],[910.5,647.0],[908.0,647.5],[907.0,648.5],[904.5,649.0],[903.0,649.5],[900.0,649.5],[898.0,649.5],[896.0,650.5],[894.0,650.5],[891.5,651.0],[890.0,651.5],[887.5,652.0],[886.0,652.5],[884.0,653.5],[883.0,654.5],[881.0,655.5],[880.0,656.5],[878.0,657.5],[877.0,658.5],[875.0,659.5],[874.0,660.5],[872.0,661.5],[870.5,662.0],[868.0,662.5],[867.0,663.5],[865.0,664.5]]",243064.15547543945,431122.4632449676,52.55145722986903,SPW_여수로_교각_도수면,SPW_여수로_교각_도수면,SPW_0232,0.981183031121251,13.596675643431707
frame_038753.jpg,R000042,CRC,균열,"[[991.0,539.5],[976.0,539.5],[961.0,539.5],[947.0,538.5],[934.0,536.5],[920.0,535.5],[906.0,534.5],[892.5,533.0],[879.0,531.5],[864.0,531.5],[849.5,532.0],[836.0,533.5],[822.0,534.5],[808.5,536.0],[795.0,537.5],[781.0,538.5],[766.0,538.5],[752.0,537.5],[738.0,536.5],[725.0,534.5],[712.0,532.5],[698.0,531.5],[685.0,529.5],[672.0,527.5],[659.0,525.5],[646.0,523.5],[631.0,522.5],[616.0,522.5],[602.0,523.5],[589.0,525.5],[575.0,526.5],[561.5,528.0],[548.0,529.5],[534.0,530.5],[520.0,531.5],[506.0,532.5],[492.0,533.5],[478.5,534.0],[464.0,533.5],[450.5,532.0],[437.0,530.5],[423.0,529.5],[409.5,528.0],[396.0,526.5],[382.0,527.5],[369.0,529.5],[355.0,530.5],[341.0,531.5],[327.0,530.5],[314.5,528.0],[303.0,524.5],[290.0,522.5],[277.5,520.0],[265.0,517.5],[254.0,513.5],[258.0,505.5],[271.0,503.5],[286.0,503.5],[299.0,501.5],[311.0,498.5],[324.0,496.5],[338.0,495.5],[352.0,496.5],[365.0,498.5],[379.0,499.5],[392.0,501.5],[406.0,502.5],[420.0,503.5],[435.0,503.5],[448.0,501.5],[459.0,497.5],[471.0,494.5],[485.5,495.0],[498.0,497.5],[512.0,498.5],[524.0,495.5],[536.0,492.5],[549.0,489.5],[560.0,485.5],[571.0,481.5],[583.0,478.5],[597.0,477.5],[612.0,477.5],[626.0,478.5],[640.0,479.5],[654.0,480.5],[669.0,480.5],[684.0,480.5],[698.0,481.5],[712.0,482.5],[726.0,483.5],[740.0,484.5],[755.0,484.5],[770.0,484.5],[784.0,483.5],[796.0,480.5],[808.0,477.5],[821.0,475.5],[833.5,473.0],[846.0,470.5],[858.0,467.5],[870.5,465.0],[882.5,462.0],[896.0,462.5],[910.0,463.5],[923.0,465.5],[936.0,467.5],[949.0,469.5],[963.0,470.5],[976.0,472.5],[989.5,474.0],[1002.5,476.0],[1013.5,480.0],[1024.5,484.0],[1037.0,486.5],[1050.0,484.5],[1062.0,481.5],[1075.0,481.5],[1087.0,484.5],[1097.5,489.0],[1109.5,491.0],[1123.0,489.5],[1132.0,483.5],[1142.0,478.5],[1154.0,475.5],[1167.0,473.5],[1180.0,473.5],[1193.0,473.5],[1207.0,475.5],[1219.0,478.5],[1230.0,482.5],[1241.0,486.5],[1252.0,490.5],[1266.0,491.5],[1281.0,491.5],[1295.0,490.5],[1310.0,490.5],[1324.0,489.5],[1338.0,488.5],[1352.0,487.5],[1366.0,486.5],[1379.0,488.5],[1390.5,492.0],[1402.0,495.5],[1417.0,495.5],[1431.0,494.5],[1445.0,493.5],[1457.0,490.5],[1470.5,492.0],[1482.5,495.0],[1495.0,497.5],[1509.0,498.5],[1522.0,500.5],[1537.0,500.5],[1551.0,499.5],[1565.0,500.5],[1579.0,501.5],[1594.0,501.5],[1607.0,501.5],[1620.0,499.5],[1633.0,497.5],[1647.0,496.5],[1661.0,495.5],[1673.0,492.5],[1685.0,489.5],[1697.0,486.5],[1711.0,485.5],[1722.0,489.5],[1731.0,495.5],[1739.5,502.0],[1751.0,505.5],[1766.0,505.5],[1780.0,504.5],[1795.0,504.5],[1808.0,502.5],[1822.0,501.5],[1837.0,501.5],[1850.0,499.5],[1861.0,495.5],[1873.0,491.5],[1886.0,489.5],[1898.5,492.0],[1910.5,495.0],[1919.5,501.0],[1919.5,516.0],[1917.0,528.5],[1904.0,526.5],[1892.0,523.5],[1879.0,521.5],[1866.0,519.5],[1852.0,518.5],[1839.0,516.5],[1825.0,515.5],[1810.0,515.5],[1797.0,517.5],[1785.0,520.5],[1772.0,520.5],[1759.0,518.5],[1747.0,515.5],[1733.5,514.0],[1720.0,514.5],[1706.0,515.5],[1692.0,516.5],[1678.0,517.5],[1664.0,518.5],[1650.0,519.5],[1636.0,520.5],[1622.0,521.5],[1608.0,522.5],[1593.0,522.5],[1578.0,522.5],[1563.0,522.5],[1548.5,522.0],[1534.0,521.5],[1520.0,520.5],[1507.0,520.5],[1493.0,519.5],[1479.0,518.5],[1464.0,518.5],[1450.0,517.5],[1435.0,517.5],[1422.0,515.5],[1407.0,515.5],[1392.0,515.5],[1377.0,515.5],[1363.0,514.5],[1349.0,513.5],[1336.0,513.5],[1322.0,514.5],[1309.0,514.5],[1296.0,517.5],[1282.0,518.5],[1270.0,517.5],[1259.0,513.5],[1246.0,511.5],[1233.5,514.0],[1220.5,516.0],[1208.0,518.5],[1196.0,521.5],[1184.0,524.5],[1171.0,526.5],[1158.0,526.5],[1148.0,521.5],[1137.0,517.5],[1126.0,513.5],[1113.5,512.0],[1100.0,513.5],[1088.0,516.5],[1075.5,519.0],[1063.5,522.0],[1051.0,524.5],[1039.0,527.5],[1027.0,530.5],[1015.0,533.5],[1003.0,536.5],[991.0,539.5]]",243065.26797533338,431116.115003752,51.251146916497426,SPW_여수로_교각_도수면,SPW_여수로_교각_도수면,SPW_0254,0.9829461702290878,19.969883836042776
frame_039103.jpg,R000046,CRC,균열,"[[1347.0,657.5],[1331.0,656.5],[1315.0,656.5],[1301.0,653.5],[1285.0,652.5],[1270.0,651.5],[1255.0,649.5],[1241.5,646.0],[1230.5,641.0],[1220.5,634.0],[1208.0,629.5],[1193.0,628.5],[1178.0,628.5],[1163.0,627.5],[1146.0,627.5],[1129.0,627.5],[1114.0,628.5],[1100.5,632.0],[1088.5,637.0],[1076.0,640.5],[1059.0,640.5],[1043.0,639.5],[1028.0,638.5],[1012.0,637.5],[996.0,636.5],[981.0,635.5],[965.0,634.5],[950.0,634.5],[936.0,632.5],[920.0,631.5],[905.0,629.5],[890.0,628.5],[874.0,627.5],[859.0,628.5],[848.0,634.5],[835.0,638.5],[820.5,637.0],[805.0,635.5],[791.0,632.5],[775.0,632.5],[760.0,634.5],[746.0,637.5],[731.5,638.0],[719.0,633.5],[707.0,628.5],[695.5,624.0],[683.0,619.5],[670.0,615.5],[656.0,613.5],[640.0,612.5],[624.0,611.5],[609.0,610.5],[593.0,609.5],[577.0,608.5],[563.0,608.5],[548.0,610.5],[534.5,613.0],[521.0,616.5],[508.0,620.5],[492.0,620.5],[477.0,618.5],[463.0,615.5],[448.0,614.5],[431.0,614.5],[415.5,616.0],[400.5,617.0],[385.0,618.5],[369.0,619.5],[353.0,619.5],[336.0,619.5],[319.0,619.5],[304.5,618.0],[289.0,616.5],[274.0,614.5],[258.5,614.0],[242.0,613.5],[228.0,611.5],[214.5,608.0],[202.0,603.5],[191.0,598.5],[177.0,595.5],[160.0,595.5],[145.0,596.5],[131.0,593.5],[119.0,588.5],[118.0,576.5],[124.0,565.5],[132.0,556.5],[142.0,550.5],[154.5,553.0],[164.0,560.5],[175.0,565.5],[191.0,566.5],[207.0,565.5],[222.0,566.5],[237.0,568.5],[253.0,568.5],[268.0,568.5],[285.0,568.5],[297.0,564.5],[308.5,559.0],[320.5,554.0],[332.5,550.0],[347.5,548.0],[363.0,546.5],[378.0,545.5],[394.5,546.0],[408.5,549.0],[420.0,553.5],[431.0,559.5],[441.0,566.5],[454.0,569.5],[468.0,566.5],[484.0,565.5],[499.0,564.5],[513.0,567.5],[527.0,570.5],[541.0,572.5],[557.0,571.5],[572.0,570.5],[582.0,563.5],[591.5,556.0],[600.5,549.0],[606.5,538.0],[618.0,534.5],[633.0,533.5],[649.0,534.5],[665.0,533.5],[679.0,531.5],[691.5,536.0],[701.0,543.5],[711.0,549.5],[722.5,555.0],[730.0,564.5],[738.5,572.0],[749.0,578.5],[760.0,584.5],[773.0,587.5],[790.0,587.5],[805.0,586.5],[819.0,583.5],[832.0,579.5],[843.0,574.5],[856.0,570.5],[870.5,573.0],[884.0,575.5],[899.0,577.5],[913.0,580.5],[927.0,580.5],[940.0,576.5],[951.0,570.5],[965.0,570.5],[976.5,576.0],[989.0,580.5],[1002.5,578.0],[1015.0,573.5],[1027.5,569.0],[1040.0,565.5],[1050.5,572.0],[1060.5,579.0],[1074.0,581.5],[1089.0,579.5],[1102.0,576.5],[1115.0,572.5],[1127.5,568.0],[1140.0,566.5],[1154.5,569.0],[1167.0,573.5],[1180.0,576.5],[1195.0,578.5],[1209.0,575.5],[1224.0,574.5],[1238.5,577.0],[1251.0,581.5],[1263.0,585.5],[1277.0,588.5],[1292.0,586.5],[1305.0,587.5],[1316.5,593.0],[1326.0,600.5],[1336.0,606.5],[1350.0,609.5],[1364.0,609.5],[1380.0,610.5],[1397.0,610.5],[1411.0,608.5],[1425.0,605.5],[1434.5,598.0],[1440.5,588.0],[1444.5,575.0],[1448.5,562.0],[1457.0,554.5],[1470.0,552.5],[1484.0,555.5],[1495.0,560.5],[1506.5,566.0],[1519.0,570.5],[1530.5,575.0],[1543.5,579.0],[1557.0,582.5],[1572.0,583.5],[1586.5,581.0],[1601.0,579.5],[1615.0,582.5],[1627.0,587.5],[1638.0,592.5],[1652.5,595.0],[1669.0,595.5],[1682.5,598.0],[1696.0,601.5],[1710.5,599.0],[1720.0,592.5],[1728.0,583.5],[1736.5,588.0],[1742.5,598.0],[1752.5,605.0],[1765.0,609.5],[1780.0,610.5],[1795.5,612.0],[1808.0,616.5],[1818.5,622.0],[1825.0,632.5],[1819.5,643.0],[1806.5,646.0],[1793.0,649.5],[1779.0,651.5],[1762.0,651.5],[1746.0,650.5],[1731.0,649.5],[1717.0,646.5],[1702.0,644.5],[1687.0,643.5],[1671.0,642.5],[1655.5,641.0],[1641.0,639.5],[1625.0,638.5],[1610.5,636.0],[1598.0,632.5],[1585.0,628.5],[1572.0,624.5],[1557.0,623.5],[1541.0,624.5],[1524.0,624.5],[1509.0,623.5],[1494.0,621.5],[1479.0,622.5],[1464.0,624.5],[1451.0,628.5],[1440.0,633.5],[1428.0,638.5],[1416.5,644.0],[1405.5,649.0],[1391.0,651.5],[1376.0,653.5],[1362.0,655.5],[1347.0,657.5]]",243068.60183753772,431108.9711638035,52.464452392703,SPW_여수로_교각_도수면,SPW_여수로_교각_도수면,SPW_0235,0.9874467334109132,27.802388074531
frame_039153.jpg,R000047,CRC,균열,"[[1822.0,642.5],[1807.0,641.5],[1793.0,640.5],[1778.0,639.5],[1763.0,639.5],[1747.0,639.5],[1732.0,638.5],[1718.0,637.5],[1702.0,637.5],[1687.0,637.5],[1672.0,636.5],[1657.0,635.5],[1642.5,635.0],[1628.0,635.5],[1614.0,634.5],[1599.0,633.5],[1585.0,632.5],[1570.0,631.5],[1555.0,630.5],[1540.0,630.5],[1525.0,629.5],[1513.0,626.5],[1500.0,623.5],[1487.0,620.5],[1475.5,617.0],[1462.5,614.0],[1448.0,613.5],[1433.0,612.5],[1418.0,611.5],[1404.0,610.5],[1389.0,609.5],[1375.0,608.5],[1360.0,607.5],[1344.0,607.5],[1331.0,605.5],[1317.0,603.5],[1303.0,602.5],[1289.0,604.5],[1275.0,606.5],[1263.0,609.5],[1250.5,613.0],[1239.0,616.5],[1227.0,620.5],[1215.0,623.5],[1200.0,624.5],[1186.0,626.5],[1172.0,627.5],[1157.0,628.5],[1143.0,629.5],[1128.5,630.0],[1114.0,628.5],[1101.0,626.5],[1087.0,624.5],[1073.5,623.0],[1059.0,621.5],[1045.0,619.5],[1033.5,616.0],[1022.0,611.5],[1013.0,605.5],[1001.0,601.5],[988.0,598.5],[974.0,597.5],[961.0,594.5],[948.0,592.5],[933.0,593.5],[920.0,595.5],[906.0,597.5],[892.5,600.0],[880.0,602.5],[866.0,604.5],[852.0,605.5],[837.0,604.5],[821.0,604.5],[806.0,604.5],[792.0,606.5],[778.0,607.5],[764.0,609.5],[749.0,610.5],[734.0,610.5],[721.0,607.5],[710.0,603.5],[698.0,599.5],[683.0,598.5],[668.0,598.5],[654.0,598.5],[639.0,598.5],[624.5,599.0],[609.0,598.5],[594.0,598.5],[579.0,599.5],[565.0,598.5],[551.0,596.5],[539.0,593.5],[524.0,592.5],[509.0,591.5],[497.0,588.5],[486.0,583.5],[476.0,578.5],[463.0,575.5],[447.0,575.5],[433.0,576.5],[418.0,577.5],[404.0,576.5],[391.0,573.5],[383.5,565.0],[389.5,556.0],[399.5,550.0],[409.0,544.5],[413.5,533.0],[419.5,523.0],[428.5,517.0],[441.0,513.5],[453.0,510.5],[466.0,507.5],[479.0,510.5],[484.5,520.0],[485.5,535.0],[491.5,544.0],[505.0,546.5],[519.0,545.5],[532.0,542.5],[548.0,542.5],[562.0,541.5],[576.0,539.5],[586.0,534.5],[594.5,527.0],[596.5,513.0],[601.5,503.0],[613.0,500.5],[626.0,502.5],[640.0,504.5],[651.0,509.5],[662.0,513.5],[672.0,519.5],[681.0,525.5],[691.0,531.5],[699.0,539.5],[708.0,545.5],[720.0,549.5],[730.0,546.5],[743.0,543.5],[756.0,545.5],[767.0,550.5],[777.0,556.5],[787.0,561.5],[799.0,565.5],[812.0,567.5],[826.5,568.0],[839.0,564.5],[852.0,562.5],[867.0,563.5],[882.0,563.5],[896.0,561.5],[907.5,557.0],[916.5,551.0],[931.0,549.5],[941.5,554.0],[955.0,556.5],[967.5,553.0],[978.0,548.5],[989.5,544.0],[1000.0,539.5],[1013.0,538.5],[1026.0,541.5],[1036.0,546.5],[1046.5,552.0],[1055.5,558.0],[1069.0,560.5],[1082.0,558.5],[1097.0,557.5],[1109.5,561.0],[1119.5,566.0],[1130.0,571.5],[1141.0,575.5],[1156.0,576.5],[1172.0,576.5],[1185.0,576.5],[1201.0,576.5],[1216.0,576.5],[1231.0,575.5],[1245.5,574.0],[1254.5,568.0],[1258.5,556.0],[1256.5,543.0],[1253.5,530.0],[1250.5,517.0],[1256.5,508.0],[1267.0,502.5],[1277.5,498.0],[1290.5,500.0],[1301.5,505.0],[1311.0,510.5],[1320.5,517.0],[1325.5,527.0],[1318.5,536.0],[1325.0,544.5],[1336.5,549.0],[1349.0,552.5],[1361.0,555.5],[1374.0,558.5],[1388.0,557.5],[1402.0,555.5],[1416.0,555.5],[1426.5,560.0],[1438.0,564.5],[1448.0,569.5],[1460.0,573.5],[1473.0,574.5],[1486.5,573.0],[1498.0,568.5],[1509.0,564.5],[1519.5,559.0],[1529.0,552.5],[1541.0,549.5],[1555.0,551.5],[1565.5,556.0],[1574.0,563.5],[1580.5,572.0],[1591.5,577.0],[1603.0,581.5],[1614.0,585.5],[1626.0,589.5],[1639.0,591.5],[1651.0,587.5],[1660.5,581.0],[1669.0,574.5],[1682.5,573.0],[1693.0,577.5],[1708.0,578.5],[1722.0,578.5],[1733.0,582.5],[1742.0,589.5],[1749.0,597.5],[1758.5,604.0],[1771.0,607.5],[1786.0,607.5],[1802.0,607.5],[1817.0,607.5],[1832.0,608.5],[1848.0,608.5],[1858.5,604.0],[1868.5,598.0],[1877.5,592.0],[1890.0,588.5],[1901.5,592.0],[1916.0,593.5],[1919.5,606.0],[1919.5,621.0],[1919.5,637.0],[1909.0,637.5],[1893.0,637.5],[1877.0,637.5],[1863.5,637.0],[1849.0,638.5],[1836.5,641.0],[1822.0,642.5]]",243068.70333245085,431108.667802696,52.464452392703,SPW_여수로_교각_도수면,SPW_여수로_교각_도수면,SPW_0235,0.9867520437713616,28.122277397447665
frame_039353.jpg,R000053,CRC,균열,"[[1039.0,663.5],[1027.0,662.5],[1016.0,660.5],[1005.5,658.0],[995.0,655.5],[984.0,653.5],[971.0,653.5],[959.0,653.5],[946.0,653.5],[934.0,654.5],[922.0,655.5],[911.0,653.5],[901.0,650.5],[892.0,646.5],[882.0,643.5],[871.0,641.5],[860.0,639.5],[847.0,639.5],[835.0,640.5],[823.0,639.5],[811.5,638.0],[802.0,635.5],[792.0,632.5],[782.0,629.5],[771.0,627.5],[758.0,627.5],[747.0,627.5],[734.0,627.5],[723.0,625.5],[711.0,624.5],[698.0,624.5],[686.0,625.5],[674.5,627.0],[664.0,629.5],[652.0,629.5],[641.0,627.5],[632.0,623.5],[623.0,619.5],[613.5,616.0],[604.0,612.5],[591.0,612.5],[579.0,613.5],[569.5,617.0],[559.0,619.5],[549.0,622.5],[541.0,627.5],[531.0,630.5],[520.5,632.0],[512.5,628.0],[504.5,623.0],[496.0,618.5],[487.0,616.5],[477.0,619.5],[468.0,623.5],[458.0,626.5],[446.0,627.5],[433.0,627.5],[424.0,631.5],[414.0,634.5],[403.0,636.5],[391.0,635.5],[382.0,632.5],[372.5,629.0],[362.5,626.0],[352.0,623.5],[340.0,622.5],[327.0,622.5],[315.0,621.5],[302.0,621.5],[290.0,620.5],[277.0,620.5],[265.0,619.5],[252.0,619.5],[240.0,618.5],[229.0,617.5],[217.0,616.5],[205.0,615.5],[193.0,614.5],[180.0,614.5],[167.0,614.5],[155.5,613.0],[146.0,609.5],[137.0,605.5],[128.0,601.5],[118.0,600.5],[105.0,600.5],[92.0,600.5],[80.0,599.5],[70.0,597.5],[60.5,594.0],[53.0,588.5],[45.0,583.5],[39.0,576.5],[34.5,568.0],[34.5,557.0],[42.5,552.0],[53.0,549.5],[64.0,549.5],[77.0,549.5],[89.0,548.5],[102.0,548.5],[114.0,548.5],[126.0,549.5],[136.0,552.5],[143.5,558.0],[150.0,564.5],[158.0,569.5],[170.0,570.5],[181.0,568.5],[192.0,566.5],[203.0,564.5],[215.0,563.5],[227.0,564.5],[237.5,567.0],[247.5,570.0],[259.0,570.5],[271.5,570.0],[282.0,567.5],[295.0,567.5],[306.0,569.5],[317.5,571.0],[329.0,570.5],[340.5,570.0],[347.5,576.0],[353.0,583.5],[360.0,589.5],[367.0,595.5],[376.0,599.5],[387.0,600.5],[400.0,600.5],[412.0,601.5],[424.0,602.5],[435.0,604.5],[445.5,602.0],[455.0,598.5],[465.0,595.5],[476.0,595.5],[486.0,598.5],[497.0,598.5],[508.0,596.5],[521.0,596.5],[531.0,598.5],[543.0,599.5],[554.0,599.5],[563.0,595.5],[572.0,591.5],[580.5,587.0],[591.0,584.5],[602.0,582.5],[612.0,579.5],[620.5,575.0],[629.0,570.5],[639.0,567.5],[651.0,566.5],[663.0,565.5],[675.0,565.5],[687.0,566.5],[700.0,566.5],[712.0,565.5],[724.0,564.5],[737.0,564.5],[749.0,563.5],[761.0,564.5],[774.0,564.5],[785.5,563.0],[794.5,559.0],[804.0,555.5],[814.0,552.5],[825.0,551.5],[836.0,553.5],[846.5,556.0],[856.0,559.5],[867.0,561.5],[878.0,563.5],[887.0,567.5],[895.5,572.0],[904.0,576.5],[912.0,581.5],[921.5,585.0],[932.0,587.5],[943.0,589.5],[953.0,592.5],[963.0,594.5],[974.0,596.5],[984.0,599.5],[995.0,601.5],[1005.0,602.5],[1018.0,602.5],[1031.0,602.5],[1043.0,603.5],[1055.0,604.5],[1066.5,603.0],[1077.0,600.5],[1087.0,597.5],[1098.0,595.5],[1109.0,594.5],[1120.0,592.5],[1132.0,591.5],[1142.0,588.5],[1153.0,586.5],[1162.0,582.5],[1170.0,577.5],[1178.0,572.5],[1187.0,568.5],[1199.0,567.5],[1210.0,565.5],[1219.0,561.5],[1227.0,556.5],[1235.0,551.5],[1244.0,548.5],[1254.0,545.5],[1266.0,546.5],[1276.0,549.5],[1284.5,554.0],[1293.5,558.0],[1300.5,564.0],[1310.0,565.5],[1316.5,559.0],[1325.5,555.0],[1334.0,550.5],[1339.5,558.0],[1335.5,567.0],[1337.5,577.0],[1342.5,585.0],[1346.5,594.0],[1346.0,604.5],[1337.0,608.5],[1326.0,606.5],[1316.0,603.5],[1306.0,600.5],[1295.0,600.5],[1282.0,600.5],[1270.0,601.5],[1258.0,600.5],[1246.0,599.5],[1235.0,600.5],[1225.0,603.5],[1218.0,609.5],[1211.0,615.5],[1203.0,620.5],[1194.0,624.5],[1183.0,626.5],[1171.0,627.5],[1160.0,629.5],[1151.0,633.5],[1142.0,637.5],[1133.0,641.5],[1124.0,645.5],[1115.5,650.0],[1106.0,652.5],[1095.0,654.5],[1084.0,656.5],[1072.0,657.5],[1061.0,659.5],[1050.0,661.5],[1039.0,663.5]]",243068.96223872394,431107.8939501817,52.464452392703,SPW_여수로_교각_도수면,SPW_여수로_교각_도수면,SPW_0235,0.9856514693268071,28.93829220864558
frame_039403.jpg,R000056,CRC,균열,"[[611.0,683.5],[601.0,683.5],[592.0,683.5],[582.0,683.5],[572.0,683.5],[563.0,682.5],[554.0,682.5],[544.0,682.5],[535.0,681.5],[525.0,681.5],[517.5,680.0],[510.0,677.5],[503.0,674.5],[495.0,672.5],[488.0,670.5],[479.0,669.5],[470.0,668.5],[461.0,667.5],[452.5,667.0],[443.0,666.5],[434.0,665.5],[426.0,663.5],[419.0,661.5],[411.0,659.5],[403.0,657.5],[395.0,655.5],[387.0,654.5],[378.0,653.5],[368.0,653.5],[360.0,652.5],[351.0,651.5],[342.0,650.5],[333.0,649.5],[324.0,649.5],[315.0,648.5],[305.0,648.5],[296.0,649.5],[288.0,650.5],[278.0,650.5],[268.0,650.5],[258.0,650.5],[250.0,651.5],[240.0,651.5],[230.5,651.0],[222.0,649.5],[214.5,648.0],[206.5,646.0],[198.0,644.5],[188.0,644.5],[181.0,646.5],[173.5,649.0],[165.0,650.5],[155.0,650.5],[146.0,650.5],[137.0,651.5],[128.0,652.5],[119.0,653.5],[111.0,654.5],[102.0,655.5],[93.0,656.5],[86.0,658.5],[78.0,660.5],[71.0,663.5],[64.0,666.5],[57.0,668.5],[49.0,670.5],[39.0,670.5],[29.5,671.0],[22.0,672.5],[13.0,673.5],[4.0,674.5],[-0.5,669.0],[-0.5,660.0],[-0.5,650.0],[-0.5,640.0],[-0.5,630.0],[-0.5,621.0],[-0.5,611.0],[-0.5,601.0],[-0.5,591.0],[3.0,585.5],[12.0,584.5],[22.0,584.5],[31.0,583.5],[39.0,582.5],[48.0,581.5],[58.0,581.5],[66.0,582.5],[74.0,584.5],[82.5,586.0],[90.0,588.5],[98.0,587.5],[108.0,587.5],[118.0,587.5],[127.0,586.5],[136.0,586.5],[145.0,587.5],[153.5,586.0],[161.0,583.5],[169.0,582.5],[178.0,581.5],[187.0,580.5],[196.0,579.5],[204.0,578.5],[214.0,578.5],[223.0,579.5],[232.0,578.5],[241.0,578.5],[251.0,578.5],[261.0,578.5],[271.0,578.5],[280.0,578.5],[290.0,578.5],[299.0,579.5],[308.0,579.5],[317.0,578.5],[325.0,576.5],[332.0,573.5],[338.0,570.5],[345.0,567.5],[353.0,565.5],[363.0,565.5],[371.0,566.5],[380.0,567.5],[389.0,568.5],[399.0,568.5],[407.0,569.5],[414.5,572.0],[421.0,575.5],[427.0,579.5],[432.5,583.0],[439.0,586.5],[445.0,590.5],[451.0,594.5],[456.0,598.5],[462.5,602.0],[470.0,604.5],[478.0,606.5],[485.0,608.5],[493.5,610.0],[502.5,611.0],[511.0,612.5],[519.0,613.5],[527.0,615.5],[535.0,617.5],[542.5,619.0],[550.5,621.0],[559.0,622.5],[569.0,622.5],[578.0,622.5],[586.5,621.0],[596.0,620.5],[605.0,619.5],[614.0,619.5],[623.0,618.5],[632.0,619.5],[641.0,618.5],[648.0,616.5],[657.0,615.5],[666.0,614.5],[674.0,612.5],[680.5,610.0],[688.0,607.5],[696.0,605.5],[703.0,602.5],[710.0,600.5],[718.0,598.5],[727.0,597.5],[736.0,596.5],[745.0,596.5],[754.0,595.5],[761.5,593.0],[768.0,590.5],[775.0,587.5],[782.0,584.5],[788.0,580.5],[794.0,577.5],[800.5,574.0],[807.5,571.0],[814.0,567.5],[820.5,565.0],[829.0,563.5],[837.0,565.5],[846.0,566.5],[854.0,567.5],[862.0,567.5],[872.0,567.5],[882.0,567.5],[889.0,565.5],[897.5,564.0],[905.0,561.5],[911.5,558.0],[916.5,554.0],[922.5,550.0],[931.0,548.5],[939.0,550.5],[942.5,556.0],[940.5,564.0],[936.0,569.5],[930.5,573.0],[924.0,576.5],[917.5,580.0],[910.0,582.5],[904.5,586.0],[900.5,592.0],[899.0,599.5],[902.0,606.5],[907.0,610.5],[914.0,613.5],[921.5,616.0],[928.5,619.0],[932.5,624.0],[932.5,632.0],[927.0,636.5],[918.0,637.5],[911.5,635.0],[906.0,630.5],[900.5,626.0],[894.0,622.5],[888.0,619.5],[880.0,617.5],[872.0,615.5],[862.0,615.5],[853.0,615.5],[843.0,615.5],[833.0,615.5],[824.0,614.5],[816.0,615.5],[807.0,616.5],[798.0,617.5],[790.0,618.5],[782.5,621.0],[775.0,623.5],[767.5,626.0],[761.0,628.5],[754.5,632.0],[748.0,635.5],[741.0,638.5],[735.0,641.5],[727.5,644.0],[719.0,645.5],[710.5,647.0],[702.0,647.5],[692.0,647.5],[683.0,648.5],[674.0,649.5],[667.0,651.5],[659.5,654.0],[653.5,658.0],[648.5,663.0],[644.5,668.0],[640.0,673.5],[633.5,677.0],[626.5,680.0],[619.0,681.5],[611.0,683.5]]",243069.01340808618,431107.74100858177,52.464452392703,SPW_여수로_교각_도수면,SPW_여수로_교각_도수면,SPW_0235,0.9901723973720727,29.099566622708082
frame_039453.jpg,R000061,CRC,균열,"[[125.0,682.5],[121.0,682.5],[117.0,682.5],[112.0,682.5],[108.0,682.5],[105.0,681.5],[102.0,680.5],[99.0,679.5],[96.5,678.0],[94.0,675.5],[91.0,674.5],[88.0,673.5],[85.0,672.5],[82.0,671.5],[77.0,671.5],[74.0,672.5],[70.0,672.5],[66.0,672.5],[63.0,673.5],[60.0,674.5],[56.0,675.5],[53.5,677.0],[50.0,677.5],[46.0,677.5],[42.0,677.5],[37.0,677.5],[33.0,677.5],[30.0,676.5],[27.0,675.5],[23.5,675.0],[20.0,674.5],[16.0,673.5],[13.0,672.5],[10.0,671.5],[7.5,670.0],[5.5,668.0],[3.5,666.0],[1.5,663.0],[0.5,660.0],[-0.5,657.0],[-0.5,653.0],[-0.5,649.0],[-0.5,644.0],[-0.5,640.0],[-0.5,636.0],[-0.5,632.0],[-0.5,628.0],[-0.5,624.0],[-0.5,619.0],[-0.5,615.0],[-0.5,611.0],[-0.5,607.0],[-0.5,603.0],[-0.5,598.0],[1.0,595.5],[3.5,597.0],[6.5,598.0],[10.0,598.5],[14.0,598.5],[18.0,599.5],[21.5,600.0],[24.5,601.0],[27.0,602.5],[30.0,603.5],[33.0,605.5],[36.0,606.5],[39.0,607.5],[42.0,608.5],[45.0,609.5],[47.5,611.0],[51.0,612.5],[54.0,613.5],[57.0,614.5],[60.5,615.0],[64.0,615.5],[68.0,616.5],[72.0,616.5],[76.0,616.5],[79.0,617.5],[83.0,617.5],[86.0,618.5],[91.0,618.5],[94.0,619.5],[97.0,620.5],[101.0,620.5],[104.0,621.5],[109.0,621.5],[112.0,622.5],[116.0,622.5],[119.0,623.5],[123.0,623.5],[127.0,623.5],[132.0,623.5],[136.0,623.5],[140.0,623.5],[144.0,623.5],[147.0,622.5],[151.0,622.5],[155.0,621.5],[158.0,620.5],[161.5,620.0],[164.5,619.0],[168.0,618.5],[172.0,617.5],[175.0,616.5],[178.0,615.5],[182.0,615.5],[185.0,614.5],[189.0,614.5],[193.0,613.5],[196.0,612.5],[199.5,612.0],[203.0,611.5],[206.0,610.5],[210.0,609.5],[213.5,609.0],[217.0,608.5],[220.0,607.5],[223.0,606.5],[226.5,606.0],[230.5,605.0],[233.5,604.0],[236.5,603.0],[239.0,601.5],[242.0,600.5],[246.0,599.5],[249.0,598.5],[252.0,597.5],[255.0,596.5],[259.0,596.5],[262.0,595.5],[267.0,595.5],[270.0,594.5],[274.0,594.5],[278.0,594.5],[281.0,593.5],[285.5,593.0],[289.0,592.5],[293.0,592.5],[296.0,591.5],[299.5,591.0],[302.5,590.0],[306.0,588.5],[309.0,587.5],[312.5,587.0],[316.0,586.5],[319.0,585.5],[322.5,584.0],[325.5,583.0],[329.0,582.5],[332.0,581.5],[336.0,581.5],[339.0,582.5],[343.0,583.5],[347.0,583.5],[351.0,583.5],[354.0,584.5],[357.0,583.5],[362.0,583.5],[365.0,582.5],[368.5,582.0],[372.0,581.5],[376.0,581.5],[380.0,581.5],[384.0,582.5],[387.0,583.5],[389.5,585.0],[392.0,586.5],[393.5,589.0],[392.5,592.0],[391.5,596.0],[390.0,598.5],[388.0,600.5],[386.0,602.5],[384.0,604.5],[381.0,606.5],[379.0,608.5],[376.0,609.5],[372.5,610.0],[369.0,610.5],[366.0,609.5],[361.0,609.5],[357.0,609.5],[353.0,609.5],[350.0,610.5],[346.5,611.0],[342.5,612.0],[339.0,612.5],[336.0,613.5],[332.5,614.0],[329.0,614.5],[326.5,616.0],[323.0,617.5],[320.0,618.5],[317.0,619.5],[313.5,620.0],[310.0,620.5],[306.0,621.5],[302.5,622.0],[299.0,622.5],[295.5,623.0],[292.0,623.5],[289.0,624.5],[285.0,625.5],[282.0,626.5],[279.0,627.5],[276.0,628.5],[273.0,629.5],[269.0,630.5],[266.0,631.5],[263.0,632.5],[260.5,634.0],[258.0,635.5],[255.0,636.5],[252.0,638.5],[249.0,639.5],[247.0,641.5],[244.0,642.5],[241.5,644.0],[238.0,645.5],[235.0,646.5],[232.0,647.5],[228.5,648.0],[225.0,648.5],[222.0,649.5],[218.0,650.5],[214.5,651.0],[211.0,651.5],[208.0,652.5],[205.0,653.5],[201.5,654.0],[197.5,655.0],[194.0,655.5],[191.5,657.0],[189.0,658.5],[186.5,660.0],[183.5,662.0],[181.0,663.5],[179.0,665.5],[177.0,667.5],[175.0,669.5],[172.5,671.0],[169.0,672.5],[166.0,673.5],[163.0,674.5],[160.0,675.5],[157.0,676.5],[153.0,677.5],[150.0,678.5],[147.0,679.5],[143.0,679.5],[140.0,680.5],[136.0,680.5],[132.0,681.5],[128.0,681.5],[125.0,682.5]]",243069.05205299475,431107.6255016869,52.464452392703,SPW_여수로_교각_도수면,SPW_여수로_교각_도수면,SPW_0235,0.9878198825396024,29.221366752916413
frame_040053.jpg,R000079,CRC,균열,"[[1069.0,489.5],[1063.0,489.5],[1058.0,488.5],[1053.5,488.0],[1048.0,487.5],[1043.0,486.5],[1038.0,485.5],[1033.0,484.5],[1028.5,484.0],[1024.0,482.5],[1020.0,480.5],[1016.5,478.0],[1012.0,476.5],[1008.0,475.5],[1003.5,477.0],[999.0,478.5],[995.0,480.5],[990.0,481.5],[986.0,482.5],[981.0,483.5],[975.0,483.5],[969.0,483.5],[964.0,482.5],[959.5,482.0],[955.0,480.5],[950.0,479.5],[945.0,478.5],[941.0,477.5],[936.0,476.5],[931.0,475.5],[926.0,474.5],[921.0,473.5],[917.0,472.5],[912.0,471.5],[907.0,470.5],[901.0,470.5],[896.0,469.5],[891.5,469.0],[886.0,468.5],[880.0,468.5],[874.0,468.5],[869.0,469.5],[864.5,470.0],[859.5,471.0],[855.0,472.5],[850.0,473.5],[845.0,474.5],[841.0,475.5],[835.0,475.5],[829.0,475.5],[823.0,475.5],[818.0,476.5],[813.0,476.5],[807.0,476.5],[802.0,475.5],[796.5,475.0],[792.5,473.0],[789.5,471.0],[786.5,468.0],[787.5,463.0],[789.0,458.5],[791.5,455.0],[793.5,452.0],[796.0,448.5],[799.0,445.5],[803.0,443.5],[807.0,441.5],[810.5,440.0],[815.0,438.5],[819.0,436.5],[823.0,434.5],[827.0,432.5],[830.0,430.5],[833.0,427.5],[837.0,425.5],[841.0,423.5],[845.0,421.5],[848.5,420.0],[853.0,418.5],[857.0,416.5],[861.5,415.0],[865.0,413.5],[870.0,412.5],[875.0,411.5],[879.5,410.0],[885.0,409.5],[889.0,408.5],[893.0,410.5],[897.0,412.5],[900.5,415.0],[904.0,417.5],[908.0,418.5],[913.0,419.5],[918.0,418.5],[924.0,418.5],[929.0,419.5],[934.0,419.5],[939.0,420.5],[944.5,420.0],[950.0,419.5],[955.0,418.5],[959.5,418.0],[965.0,417.5],[970.0,418.5],[975.0,419.5],[979.5,421.0],[983.0,422.5],[986.5,425.0],[990.0,427.5],[993.0,430.5],[996.5,433.0],[999.5,435.0],[1005.0,435.5],[1009.5,434.0],[1012.0,430.5],[1015.0,427.5],[1018.0,425.5],[1020.5,422.0],[1022.5,418.0],[1024.5,414.0],[1026.5,410.0],[1027.5,406.0],[1029.5,402.0],[1031.5,398.0],[1033.5,394.0],[1036.0,390.5],[1038.0,387.5],[1041.5,385.0],[1046.0,383.5],[1052.0,383.5],[1056.0,382.5],[1062.0,382.5],[1066.0,380.5],[1071.0,379.5],[1076.0,380.5],[1080.5,381.0],[1085.0,382.5],[1089.0,384.5],[1093.0,386.5],[1096.0,389.5],[1099.0,391.5],[1102.0,394.5],[1104.5,398.0],[1107.5,401.0],[1110.0,404.5],[1112.5,407.0],[1115.0,410.5],[1118.0,413.5],[1122.0,415.5],[1128.0,415.5],[1132.0,414.5],[1136.0,412.5],[1139.0,409.5],[1142.5,407.0],[1144.0,402.5],[1145.0,398.5],[1145.5,393.0],[1148.0,389.5],[1151.0,386.5],[1155.0,384.5],[1159.0,383.5],[1165.0,383.5],[1171.0,383.5],[1176.5,383.0],[1182.0,382.5],[1185.5,381.0],[1189.5,379.0],[1192.5,376.0],[1196.5,374.0],[1202.0,373.5],[1206.0,372.5],[1211.0,373.5],[1216.5,374.0],[1221.0,375.5],[1225.0,377.5],[1229.0,378.5],[1233.0,380.5],[1237.0,382.5],[1240.5,385.0],[1243.5,387.0],[1247.0,389.5],[1250.5,392.0],[1254.0,394.5],[1258.0,396.5],[1261.5,398.0],[1265.0,400.5],[1269.0,402.5],[1273.0,404.5],[1277.5,406.0],[1281.0,407.5],[1285.0,409.5],[1289.0,411.5],[1293.0,413.5],[1297.0,415.5],[1300.0,417.5],[1303.5,420.0],[1306.5,423.0],[1309.5,426.0],[1313.0,428.5],[1315.5,431.0],[1318.0,434.5],[1320.5,438.0],[1321.5,443.0],[1321.5,449.0],[1320.5,453.0],[1318.5,457.0],[1316.0,460.5],[1312.5,463.0],[1308.5,465.0],[1305.5,467.0],[1301.0,468.5],[1296.0,469.5],[1290.0,469.5],[1285.0,470.5],[1280.0,470.5],[1274.0,470.5],[1268.0,470.5],[1262.0,470.5],[1256.0,470.5],[1251.0,470.5],[1245.0,470.5],[1239.0,470.5],[1233.0,470.5],[1227.0,470.5],[1222.5,470.0],[1217.0,469.5],[1211.5,470.0],[1206.0,470.5],[1200.0,470.5],[1195.0,470.5],[1189.0,470.5],[1183.0,470.5],[1177.0,470.5],[1172.0,470.5],[1166.0,470.5],[1160.0,470.5],[1154.0,470.5],[1149.0,469.5],[1144.0,469.5],[1139.0,468.5],[1134.0,467.5],[1129.0,468.5],[1123.5,469.0],[1119.0,469.5],[1114.0,470.5],[1108.5,471.0],[1103.0,471.5],[1098.0,472.5],[1095.0,474.5],[1091.0,476.5],[1088.0,479.5],[1084.5,482.0],[1081.0,484.5],[1078.0,486.5],[1073.0,487.5],[1069.0,489.5]]",243073.65044683768,431093.97530052037,52.504874156609546,SPW_여수로_교각_도수면,SPW_여수로_교각_도수면,SPW_0238,0.990233772584732,43.625266593856594
