image,damage_id,damage_type,damage_name_ko,pixel_nodes_json,world_center_x_m,world_center_y_m,world_center_z_m,member_name,section_name,grid_id,DRI,surface_local_x_m
frame_008373.jpg,R000005,SPL,박락,"[[33.0,710.5],[31.0,710.5],[29.0,710.5],[27.0,710.5],[26.0,710.5],[24.0,710.5],[22.0,710.5],[20.0,710.5],[18.0,710.5],[16.0,710.5],[14.0,710.5],[13.5,710.0],[12.0,709.5],[10.0,709.5],[8.0,709.5],[7.0,708.5],[6.0,707.5],[5.5,707.0],[4.5,706.0],[4.0,704.5],[3.5,703.0],[3.5,701.0],[2.5,700.0],[2.5,698.0],[2.5,697.0],[2.5,695.0],[1.5,694.0],[1.5,692.0],[1.5,690.0],[1.5,688.0],[1.5,686.0],[1.5,685.0],[1.5,683.0],[1.5,681.0],[1.5,679.0],[1.5,677.0],[0.5,676.0],[0.5,675.0],[0.5,673.0],[-0.5,672.0],[-0.5,670.0],[-0.5,668.0],[-0.5,666.0],[-0.5,664.0],[-0.5,663.0],[-0.5,661.0],[-0.5,659.0],[-0.5,657.0],[0.5,656.0],[1.5,655.0],[2.0,653.5],[2.5,653.0],[3.5,652.0],[4.5,651.0],[6.0,650.5],[7.0,649.5],[9.0,649.5],[10.0,648.5],[11.0,648.5],[13.0,648.5],[14.0,647.5],[16.0,647.5],[17.5,647.0],[19.0,646.5],[20.0,646.5],[22.0,646.5],[23.5,646.0],[25.0,645.5],[27.0,645.5],[28.0,644.5],[30.0,644.5],[30.5,644.0],[32.0,643.5],[34.0,643.5],[35.5,643.0],[37.0,642.5],[39.0,642.5],[41.0,642.5],[42.0,642.5],[44.0,642.5],[46.0,642.5],[48.0,642.5],[50.0,642.5],[52.0,642.5],[53.0,642.5],[54.5,642.0],[56.0,641.5],[58.0,641.5],[60.0,641.5],[62.0,641.5],[64.0,641.5],[65.0,641.5],[67.0,641.5],[69.0,641.5],[71.0,641.5],[73.0,641.5],[75.0,641.5],[77.0,641.5],[78.0,641.5],[79.5,641.0],[81.0,640.5],[83.0,640.5],[85.0,640.5],[87.0,640.5],[89.0,640.5],[90.0,640.5],[92.0,640.5],[94.0,640.5],[96.0,640.5],[98.0,640.5],[100.0,640.5],[100.5,641.0],[102.0,641.5],[104.0,641.5],[106.0,641.5],[108.0,641.5],[110.0,641.5],[112.0,641.5],[113.0,641.5],[115.0,641.5],[117.0,641.5],[118.0,642.5],[120.0,642.5],[122.0,642.5],[123.0,643.5],[124.0,643.5],[125.0,644.5],[127.0,644.5],[128.5,645.0],[130.0,645.5],[131.5,646.0],[132.0,646.5],[134.0,646.5],[135.0,647.5],[137.0,647.5],[138.0,648.5],[140.0,648.5],[141.0,649.5],[142.0,649.5],[143.5,650.0],[145.0,650.5],[146.0,651.5],[147.5,652.0],[149.0,652.5],[150.5,653.0],[151.0,653.5],[152.5,654.0],[154.0,654.5],[155.0,655.5],[156.0,656.5],[157.5,657.0],[157.5,658.0],[158.5,659.0],[159.5,660.0],[160.5,661.0],[161.5,662.0],[162.5,663.0],[163.5,664.0],[164.0,664.5],[164.5,666.0],[164.5,668.0],[165.5,669.0],[165.5,671.0],[165.0,672.5],[164.0,673.5],[163.5,674.0],[162.5,675.0],[161.5,676.0],[161.0,677.5],[160.0,678.5],[158.5,679.0],[157.0,679.5],[156.5,680.0],[155.0,680.5],[153.5,681.0],[152.0,681.5],[150.5,682.0],[149.0,682.5],[148.5,683.0],[147.0,683.5],[145.5,684.0],[144.0,684.5],[142.0,684.5],[141.0,685.5],[139.0,685.5],[138.0,685.5],[137.0,686.5],[135.0,686.5],[134.0,687.5],[132.0,687.5],[131.0,688.5],[129.0,688.5],[128.0,688.5],[127.0,689.5],[125.0,689.5],[123.5,690.0],[122.0,690.5],[120.0,690.5],[119.5,691.0],[118.0,691.5],[116.5,692.0],[115.0,692.5],[113.5,693.0],[112.0,693.5],[110.0,693.5],[109.0,693.5],[108.0,694.5],[106.0,694.5],[104.0,694.5],[103.0,695.5],[101.0,695.5],[99.0,695.5],[98.0,695.5],[97.0,696.5],[95.0,696.5],[93.5,697.0],[92.0,697.5],[90.0,697.5],[89.0,698.5],[88.0,698.5],[86.5,699.0],[85.0,699.5],[83.0,699.5],[82.0,700.5],[80.0,700.5],[79.0,700.5],[77.5,701.0],[76.0,701.5],[74.0,701.5],[72.5,702.0],[71.0,702.5],[69.0,702.5],[68.0,702.5],[66.5,703.0],[65.0,703.5],[63.0,703.5],[61.0,703.5],[60.0,704.5],[58.0,704.5],[57.0,704.5],[55.0,704.5],[54.0,705.5],[52.0,705.5],[50.5,706.0],[49.0,706.5],[48.0,706.5],[46.5,707.0],[45.0,707.5],[43.0,707.5],[42.0,708.5],[40.0,708.5],[38.5,709.0],[38.0,709.5],[36.0,709.5],[34.0,709.5],[33.0,710.5]]",243045.2296580891,431179.2677646917,52.65386455368345,SPW_여수로_교각_도수면,SPW_여수로_교각_도수면,SPW_0220,0.9881705056969714,-46.27764564709477
frame_008423.jpg,R000007,SPL,박락,"[[53.0,722.5],[51.0,721.5],[48.0,721.5],[46.0,721.5],[43.5,721.0],[41.0,720.5],[38.5,720.0],[36.5,719.0],[35.0,718.5],[33.5,717.0],[31.5,716.0],[30.0,714.5],[28.0,713.5],[26.0,712.5],[24.5,712.0],[22.5,711.0],[20.0,710.5],[18.0,709.5],[16.0,708.5],[14.0,708.5],[12.0,707.5],[10.0,706.5],[7.5,706.0],[6.5,704.0],[6.0,702.5],[5.5,700.0],[5.0,697.5],[4.5,695.0],[4.5,692.0],[5.0,690.5],[5.5,688.0],[5.5,685.0],[6.5,683.0],[6.5,680.0],[7.0,678.5],[7.5,676.0],[8.5,674.0],[9.5,672.0],[10.5,670.0],[10.5,667.0],[10.0,665.5],[9.5,663.0],[9.0,660.5],[8.5,658.0],[7.5,656.0],[7.5,654.0],[7.5,651.0],[7.5,648.0],[8.5,646.0],[9.0,643.5],[9.5,642.0],[11.0,640.5],[13.0,639.5],[15.0,638.5],[18.0,638.5],[19.0,637.5],[22.0,637.5],[24.0,636.5],[26.5,636.0],[29.0,635.5],[31.0,635.5],[33.5,635.0],[36.0,634.5],[39.0,634.5],[42.0,634.5],[44.0,635.5],[46.0,635.5],[49.0,635.5],[52.0,635.5],[55.0,635.5],[58.0,635.5],[60.0,635.5],[62.0,636.5],[64.5,637.0],[67.0,637.5],[69.0,638.5],[70.5,639.0],[72.5,640.0],[74.0,641.5],[75.5,643.0],[76.5,645.0],[77.5,646.0],[78.5,648.0],[79.5,650.0],[81.0,651.5],[82.5,653.0],[83.0,654.5],[85.0,655.5],[86.5,657.0],[88.5,658.0],[90.5,659.0],[93.0,659.5],[94.0,660.5],[96.5,661.0],[99.0,661.5],[101.0,662.5],[104.0,662.5],[105.5,663.0],[108.0,663.5],[111.0,663.5],[113.0,664.5],[115.0,665.5],[116.5,666.0],[118.5,667.0],[121.0,667.5],[123.0,668.5],[125.5,669.0],[127.0,669.5],[130.0,669.5],[133.0,669.5],[136.0,669.5],[139.0,669.5],[141.0,669.5],[143.0,668.5],[145.5,668.0],[147.5,667.0],[149.5,666.0],[151.5,665.0],[152.5,664.0],[154.5,663.0],[156.5,662.0],[158.0,660.5],[160.0,659.5],[161.0,658.5],[163.0,657.5],[165.0,656.5],[166.5,655.0],[168.5,654.0],[170.0,653.5],[171.5,652.0],[173.5,651.0],[175.5,650.0],[177.0,648.5],[178.5,648.0],[180.5,647.0],[183.0,646.5],[185.0,645.5],[187.0,644.5],[189.0,644.5],[192.0,644.5],[195.0,644.5],[198.0,644.5],[201.0,644.5],[203.5,645.0],[205.0,645.5],[207.0,646.5],[209.0,647.5],[211.0,648.5],[212.5,650.0],[213.5,651.0],[215.0,652.5],[217.0,653.5],[219.0,654.5],[221.0,655.5],[222.0,656.5],[224.0,657.5],[226.0,658.5],[227.5,660.0],[230.0,660.5],[231.0,661.5],[233.0,662.5],[235.0,663.5],[237.5,664.0],[239.0,665.5],[240.0,666.5],[241.5,668.0],[243.5,669.0],[245.0,670.5],[245.5,673.0],[245.5,676.0],[245.5,678.0],[244.5,680.0],[242.5,681.0],[241.0,682.5],[239.0,683.5],[237.5,684.0],[235.5,685.0],[233.5,686.0],[231.5,687.0],[229.5,688.0],[228.0,688.5],[226.0,689.5],[224.0,690.5],[221.0,690.5],[219.0,691.5],[217.5,692.0],[215.5,693.0],[213.5,694.0],[211.5,695.0],[210.0,696.5],[208.5,697.0],[207.0,698.5],[205.0,699.5],[202.5,700.0],[200.5,701.0],[198.5,702.0],[197.0,702.5],[195.0,703.5],[192.5,704.0],[190.0,704.5],[188.0,705.5],[186.5,706.0],[184.5,707.0],[182.0,707.5],[180.0,708.5],[178.0,709.5],[176.0,709.5],[174.0,710.5],[171.0,710.5],[168.0,710.5],[166.0,711.5],[164.0,711.5],[161.0,711.5],[159.0,712.5],[156.0,712.5],[153.0,712.5],[152.0,713.5],[149.0,713.5],[146.0,713.5],[143.5,714.0],[141.0,714.5],[138.0,714.5],[136.0,714.5],[134.0,715.5],[131.0,715.5],[128.0,715.5],[125.0,715.5],[123.0,715.5],[120.0,715.5],[118.0,716.5],[115.0,716.5],[112.0,716.5],[110.0,716.5],[108.0,717.5],[105.0,717.5],[102.0,717.5],[99.0,717.5],[97.0,717.5],[94.0,717.5],[91.0,717.5],[88.0,717.5],[86.0,716.5],[84.0,716.5],[81.5,717.0],[79.0,717.5],[76.0,717.5],[73.0,717.5],[71.0,718.5],[69.0,718.5],[66.5,719.0],[64.0,719.5],[62.0,720.5],[59.5,721.0],[58.0,721.5],[55.0,721.5],[53.0,722.5]]",243045.31425233977,431179.0148389742,52.65386455368345,SPW_여수로_교각_도수면,SPW_여수로_교각_도수면,SPW_0220,0.9884699823595489,-46.01094805594894
frame_008573.jpg,R000009,SPL,박락,"[[314.0,724.5],[310.0,724.5],[305.0,724.5],[302.0,723.5],[299.0,721.5],[296.0,720.5],[294.0,718.5],[291.0,716.5],[288.5,715.0],[285.0,713.5],[283.0,711.5],[280.0,710.5],[277.0,708.5],[274.0,707.5],[271.0,705.5],[267.5,705.0],[263.5,704.0],[260.0,703.5],[257.0,702.5],[252.5,702.0],[250.0,700.5],[245.0,700.5],[242.0,699.5],[239.0,698.5],[235.0,697.5],[232.0,696.5],[228.0,695.5],[224.5,695.0],[222.0,693.5],[218.0,692.5],[215.5,691.0],[212.0,689.5],[208.0,689.5],[205.0,688.5],[200.0,688.5],[197.0,687.5],[192.5,687.0],[189.0,686.5],[186.0,685.5],[182.0,684.5],[178.5,684.0],[175.0,682.5],[172.0,681.5],[168.0,680.5],[165.5,679.0],[163.0,677.5],[159.5,676.0],[157.0,674.5],[154.0,672.5],[151.5,671.0],[149.0,669.5],[145.5,668.0],[142.0,667.5],[137.0,667.5],[134.0,668.5],[130.5,669.0],[126.5,670.0],[124.0,671.5],[120.0,672.5],[117.0,673.5],[114.0,674.5],[110.0,675.5],[106.0,675.5],[101.0,675.5],[97.0,675.5],[93.0,674.5],[90.0,673.5],[87.0,672.5],[84.0,670.5],[82.0,668.5],[79.5,666.0],[77.5,664.0],[75.5,662.0],[73.5,659.0],[72.5,656.0],[70.5,653.0],[68.5,651.0],[67.5,648.0],[67.5,643.0],[68.0,639.5],[70.0,636.5],[72.0,634.5],[74.5,633.0],[78.5,632.0],[82.0,631.5],[86.0,630.5],[89.0,629.5],[93.0,629.5],[97.0,628.5],[100.5,628.0],[105.0,627.5],[109.0,627.5],[114.0,627.5],[117.0,626.5],[121.0,626.5],[125.5,626.0],[129.0,625.5],[134.0,625.5],[138.0,625.5],[141.0,626.5],[145.5,627.0],[149.0,627.5],[153.0,628.5],[156.0,629.5],[159.5,630.0],[163.5,631.0],[167.0,631.5],[171.0,632.5],[174.0,633.5],[177.0,634.5],[180.0,636.5],[183.0,637.5],[187.0,638.5],[190.0,639.5],[193.5,640.0],[198.0,640.5],[202.0,640.5],[207.0,640.5],[210.0,639.5],[215.0,639.5],[218.0,638.5],[221.5,638.0],[225.0,636.5],[228.0,635.5],[233.0,635.5],[236.0,634.5],[240.0,634.5],[244.0,633.5],[248.0,633.5],[252.0,632.5],[256.0,632.5],[260.0,632.5],[264.0,633.5],[268.0,633.5],[272.0,634.5],[276.0,634.5],[280.0,634.5],[285.0,634.5],[289.0,634.5],[293.5,634.0],[297.0,633.5],[302.0,633.5],[306.0,633.5],[310.0,633.5],[314.5,633.0],[318.0,632.5],[322.0,633.5],[326.0,633.5],[330.0,633.5],[333.5,635.0],[336.0,636.5],[339.0,638.5],[341.5,640.0],[344.0,641.5],[346.5,644.0],[348.5,646.0],[351.0,648.5],[353.5,650.0],[355.5,652.0],[358.5,654.0],[361.0,655.5],[365.0,656.5],[368.0,657.5],[371.0,658.5],[376.0,658.5],[380.0,658.5],[384.0,659.5],[387.0,658.5],[392.0,658.5],[395.0,659.5],[399.0,659.5],[403.0,660.5],[407.0,660.5],[412.0,660.5],[416.0,660.5],[420.0,660.5],[424.0,661.5],[428.0,661.5],[432.0,660.5],[436.0,660.5],[439.5,660.0],[443.5,659.0],[446.5,658.0],[450.0,656.5],[453.5,656.0],[456.5,655.0],[460.0,653.5],[464.0,653.5],[468.0,652.5],[472.0,652.5],[476.0,652.5],[480.0,653.5],[483.0,654.5],[486.0,656.5],[488.5,658.0],[490.5,661.0],[492.5,663.0],[494.5,665.0],[496.5,668.0],[498.5,670.0],[499.5,674.0],[500.5,677.0],[499.0,679.5],[496.5,682.0],[494.0,683.5],[491.5,686.0],[489.0,687.5],[487.0,689.5],[484.0,691.5],[482.0,693.5],[478.5,695.0],[475.5,696.0],[473.0,697.5],[469.0,698.5],[466.0,699.5],[462.5,701.0],[459.5,702.0],[456.0,703.5],[453.5,705.0],[451.0,706.5],[447.0,707.5],[444.5,709.0],[441.0,710.5],[438.0,711.5],[434.5,712.0],[431.0,713.5],[428.0,714.5],[424.0,715.5],[421.0,716.5],[417.0,716.5],[413.0,717.5],[409.0,717.5],[405.0,718.5],[401.0,718.5],[398.0,717.5],[393.0,717.5],[389.0,717.5],[384.0,717.5],[381.0,718.5],[377.0,718.5],[372.0,718.5],[368.0,718.5],[363.0,718.5],[359.0,718.5],[355.0,717.5],[351.0,717.5],[347.0,717.5],[342.0,717.5],[339.0,718.5],[334.5,719.0],[331.0,719.5],[328.0,720.5],[323.5,721.0],[320.5,722.0],[317.0,723.5],[314.0,724.5]]",243045.41551508306,431178.7120764051,52.653864553683455,SPW_여수로_교각_도수면,SPW_여수로_교각_도수면,SPW_0220,0.9895720558787308,-45.69170000907394
frame_008723.jpg,R000011,SPL,박락,"[[490.0,690.5],[486.0,689.5],[482.0,688.5],[478.0,687.5],[474.5,686.0],[472.0,683.5],[469.0,681.5],[466.5,679.0],[464.0,676.5],[461.0,674.5],[457.5,673.0],[454.0,671.5],[450.5,670.0],[447.0,668.5],[443.0,667.5],[439.0,666.5],[434.5,666.0],[430.5,665.0],[427.0,663.5],[424.0,662.5],[419.5,662.0],[415.0,661.5],[410.5,661.0],[406.0,660.5],[402.0,659.5],[397.5,659.0],[393.0,658.5],[389.0,657.5],[385.0,656.5],[381.0,655.5],[377.5,654.0],[374.0,652.5],[370.0,651.5],[366.5,650.0],[363.0,648.5],[360.0,646.5],[356.5,645.0],[353.0,643.5],[349.0,642.5],[345.0,641.5],[341.0,640.5],[337.0,639.5],[332.5,639.0],[328.0,638.5],[323.5,638.0],[319.0,637.5],[315.5,636.0],[312.5,634.0],[309.5,632.0],[306.5,630.0],[304.0,627.5],[301.5,625.0],[299.5,622.0],[297.5,619.0],[297.5,614.0],[297.5,610.0],[297.5,605.0],[298.0,600.5],[298.5,596.0],[298.5,591.0],[299.5,587.0],[299.5,582.0],[300.5,578.0],[301.5,574.0],[302.5,570.0],[303.5,566.0],[304.5,562.0],[306.5,559.0],[308.0,555.5],[311.0,553.5],[315.0,552.5],[319.0,551.5],[324.0,551.5],[328.0,552.5],[333.0,552.5],[337.5,553.0],[342.0,553.5],[346.0,554.5],[351.0,554.5],[356.0,554.5],[360.0,555.5],[364.0,556.5],[367.5,558.0],[370.5,560.0],[372.5,563.0],[374.5,566.0],[377.0,568.5],[379.5,571.0],[381.5,574.0],[382.5,578.0],[383.0,582.5],[385.5,585.0],[387.5,587.0],[390.5,589.0],[394.0,590.5],[398.0,591.5],[403.0,591.5],[408.0,591.5],[412.0,590.5],[417.0,590.5],[422.0,590.5],[427.0,590.5],[431.5,590.0],[436.0,589.5],[440.0,590.5],[445.0,590.5],[449.5,591.0],[453.0,590.5],[457.5,590.0],[461.0,588.5],[465.0,587.5],[469.0,586.5],[473.0,585.5],[477.0,584.5],[480.5,583.0],[484.0,581.5],[488.0,580.5],[491.5,579.0],[496.0,578.5],[499.5,578.0],[504.0,578.5],[508.0,577.5],[513.0,577.5],[517.0,578.5],[521.0,579.5],[524.0,581.5],[527.0,583.5],[530.5,585.0],[533.5,586.0],[537.0,587.5],[541.0,588.5],[545.0,589.5],[548.0,591.5],[552.0,592.5],[556.0,593.5],[560.5,594.0],[565.0,594.5],[570.0,594.5],[575.0,594.5],[580.0,594.5],[585.0,594.5],[590.0,594.5],[594.0,595.5],[598.0,596.5],[603.0,596.5],[608.0,596.5],[612.0,597.5],[616.0,598.5],[621.0,598.5],[626.0,598.5],[631.0,598.5],[636.0,598.5],[641.0,598.5],[646.0,598.5],[651.0,598.5],[655.0,599.5],[660.0,599.5],[665.0,599.5],[670.0,599.5],[675.0,599.5],[680.0,599.5],[684.0,600.5],[688.0,601.5],[692.0,602.5],[695.0,603.5],[699.0,604.5],[703.0,605.5],[707.0,606.5],[711.0,607.5],[715.0,608.5],[720.0,608.5],[724.0,609.5],[728.0,610.5],[731.0,612.5],[735.0,613.5],[740.0,613.5],[744.0,614.5],[749.0,614.5],[754.0,614.5],[759.0,614.5],[764.0,614.5],[768.0,615.5],[772.0,616.5],[775.0,618.5],[775.5,623.0],[775.5,628.0],[773.5,631.0],[772.0,634.5],[769.5,637.0],[766.0,638.5],[763.0,640.5],[759.0,641.5],[754.0,641.5],[750.0,642.5],[745.0,642.5],[741.0,643.5],[737.0,644.5],[733.0,645.5],[729.0,646.5],[725.0,647.5],[721.0,648.5],[718.0,649.5],[714.0,650.5],[710.0,651.5],[706.5,653.0],[702.5,654.0],[699.0,655.5],[695.5,657.0],[692.0,658.5],[688.5,660.0],[685.0,661.5],[681.0,662.5],[677.0,663.5],[673.0,664.5],[669.0,665.5],[665.0,666.5],[661.0,667.5],[656.5,668.0],[652.0,668.5],[648.0,669.5],[643.5,670.0],[639.0,670.5],[634.0,670.5],[630.0,671.5],[625.0,671.5],[621.0,672.5],[616.0,672.5],[612.0,673.5],[607.0,673.5],[602.0,673.5],[598.0,674.5],[593.0,674.5],[588.0,674.5],[584.0,675.5],[579.0,675.5],[575.0,676.5],[571.0,677.5],[567.5,678.0],[563.0,678.5],[559.0,679.5],[554.0,679.5],[550.0,680.5],[546.0,681.5],[541.0,681.5],[537.0,682.5],[532.0,682.5],[528.0,683.5],[523.0,683.5],[519.0,684.5],[514.5,685.0],[510.0,685.5],[506.0,686.5],[502.0,687.5],[498.0,688.5],[494.0,689.5],[490.0,690.5]]",243045.52607415774,431178.3815190016,52.653864553683455,SPW_여수로_교각_도수면,SPW_여수로_교각_도수면,SPW_0220,0.9919044736842348,-45.34314369396977
frame_008923.jpg,R000013,SPL,박락,"[[844.0,749.5],[838.0,749.5],[833.5,749.0],[828.0,748.5],[823.0,748.5],[817.0,748.5],[813.0,747.5],[808.0,748.5],[803.0,747.5],[798.0,747.5],[793.0,746.5],[789.0,745.5],[784.0,744.5],[780.5,743.0],[776.0,741.5],[771.0,740.5],[767.0,739.5],[763.0,737.5],[759.0,736.5],[754.5,735.0],[750.0,733.5],[745.5,733.0],[741.0,731.5],[737.0,730.5],[732.0,729.5],[728.0,728.5],[722.5,728.0],[718.0,726.5],[714.0,725.5],[709.5,724.0],[705.0,723.5],[700.0,722.5],[696.0,721.5],[691.0,720.5],[686.0,719.5],[682.0,718.5],[677.0,717.5],[673.0,716.5],[668.0,715.5],[664.0,714.5],[658.0,714.5],[653.0,713.5],[648.0,713.5],[643.0,712.5],[639.0,711.5],[634.5,710.0],[630.0,708.5],[626.5,707.0],[622.0,705.5],[618.0,704.5],[613.5,703.0],[609.5,702.0],[605.0,700.5],[600.0,699.5],[596.0,698.5],[591.0,697.5],[586.0,697.5],[581.0,696.5],[577.0,695.5],[573.0,693.5],[570.0,690.5],[567.5,688.0],[565.5,684.0],[563.5,681.0],[562.5,676.0],[562.5,671.0],[564.5,667.0],[567.0,663.5],[569.5,661.0],[573.0,658.5],[576.0,656.5],[580.0,654.5],[586.0,654.5],[591.0,654.5],[597.0,654.5],[601.0,655.5],[607.0,655.5],[611.0,656.5],[616.0,657.5],[621.0,658.5],[625.0,659.5],[631.0,659.5],[635.0,660.5],[641.0,660.5],[645.0,661.5],[651.0,661.5],[657.0,661.5],[662.0,661.5],[666.0,659.5],[670.0,658.5],[674.0,656.5],[677.0,654.5],[681.0,652.5],[685.0,650.5],[688.5,649.0],[693.0,647.5],[696.5,646.0],[701.0,644.5],[705.0,643.5],[710.0,642.5],[715.5,642.0],[720.0,641.5],[726.0,641.5],[730.0,642.5],[736.0,642.5],[741.0,643.5],[745.0,644.5],[750.5,645.0],[755.0,645.5],[760.0,646.5],[764.0,645.5],[770.0,645.5],[776.0,645.5],[780.0,644.5],[785.5,644.0],[790.0,643.5],[795.0,642.5],[799.0,641.5],[804.0,640.5],[809.0,639.5],[813.0,638.5],[817.5,637.0],[821.0,635.5],[825.0,633.5],[828.5,632.0],[833.5,631.0],[839.0,630.5],[844.0,630.5],[849.5,631.0],[853.5,632.0],[858.0,633.5],[862.0,635.5],[866.0,636.5],[871.0,637.5],[875.0,638.5],[879.0,640.5],[883.0,641.5],[888.0,642.5],[894.0,642.5],[898.5,642.0],[904.0,641.5],[909.0,641.5],[914.0,640.5],[919.0,640.5],[925.0,640.5],[931.0,640.5],[936.0,640.5],[941.0,641.5],[946.0,641.5],[951.0,640.5],[955.0,639.5],[961.0,639.5],[966.0,638.5],[971.0,638.5],[976.0,637.5],[980.0,636.5],[986.0,636.5],[991.0,635.5],[995.0,634.5],[1000.0,633.5],[1005.0,633.5],[1010.0,632.5],[1015.0,632.5],[1020.0,633.5],[1025.0,634.5],[1030.0,634.5],[1035.0,635.5],[1038.5,637.0],[1042.5,639.0],[1046.0,640.5],[1051.0,641.5],[1055.0,643.5],[1058.0,645.5],[1062.0,647.5],[1065.0,649.5],[1069.5,651.0],[1073.5,652.0],[1078.0,653.5],[1083.0,654.5],[1086.5,656.0],[1091.0,657.5],[1094.0,659.5],[1099.0,660.5],[1103.0,661.5],[1108.0,662.5],[1112.5,664.0],[1116.0,665.5],[1119.5,668.0],[1122.5,670.0],[1125.5,673.0],[1128.5,676.0],[1130.5,679.0],[1129.5,684.0],[1128.5,688.0],[1126.0,691.5],[1124.0,694.5],[1121.5,698.0],[1119.5,702.0],[1116.5,704.0],[1113.0,706.5],[1109.5,708.0],[1105.5,710.0],[1102.0,711.5],[1097.0,712.5],[1092.5,714.0],[1088.5,715.0],[1084.0,716.5],[1080.0,717.5],[1075.0,718.5],[1071.0,719.5],[1066.0,720.5],[1061.0,721.5],[1057.0,722.5],[1052.5,724.0],[1049.0,725.5],[1044.0,726.5],[1039.0,727.5],[1034.0,727.5],[1028.0,727.5],[1023.0,727.5],[1018.0,728.5],[1013.0,728.5],[1007.0,728.5],[1002.0,729.5],[998.0,730.5],[993.0,731.5],[989.0,732.5],[984.0,733.5],[980.0,734.5],[975.0,735.5],[970.0,736.5],[965.0,736.5],[960.0,737.5],[956.0,738.5],[951.0,739.5],[947.0,740.5],[941.5,741.0],[936.0,741.5],[931.5,742.0],[926.0,742.5],[921.0,742.5],[916.0,743.5],[910.0,743.5],[906.0,744.5],[900.0,744.5],[895.0,744.5],[889.0,744.5],[884.0,744.5],[879.0,745.5],[873.0,745.5],[868.0,745.5],[863.0,746.5],[858.5,747.0],[853.0,747.5],[849.0,748.5],[844.0,749.5]]",243045.6486059664,431178.0151649967,52.65386455368345,SPW_여수로_교각_도수면,SPW_여수로_교각_도수면,SPW_0221,0.9937967198699612,-44.95684161063644
frame_009123.jpg,R000015,SPL,박락,"[[935.0,736.5],[929.0,736.5],[922.0,736.5],[917.0,735.5],[912.0,734.5],[907.5,732.0],[905.0,728.5],[902.0,724.5],[899.5,721.0],[896.5,718.0],[893.5,714.0],[890.0,711.5],[887.0,708.5],[882.5,706.0],[878.5,704.0],[874.0,702.5],[869.0,700.5],[864.0,699.5],[859.5,698.0],[854.0,696.5],[849.0,695.5],[843.0,694.5],[839.5,692.0],[836.0,689.5],[830.0,688.5],[824.0,688.5],[818.0,688.5],[812.0,687.5],[807.0,686.5],[801.0,686.5],[795.0,685.5],[789.0,685.5],[782.0,685.5],[776.0,685.5],[770.0,685.5],[764.0,684.5],[758.0,684.5],[753.0,683.5],[746.5,683.0],[741.0,682.5],[736.0,681.5],[730.0,680.5],[726.0,678.5],[720.5,677.0],[715.5,676.0],[711.0,674.5],[705.5,673.0],[701.0,671.5],[696.5,670.0],[692.0,667.5],[687.0,666.5],[683.0,664.5],[678.5,662.0],[675.5,659.0],[672.5,656.0],[671.5,650.0],[671.5,644.0],[672.0,639.5],[674.0,635.5],[676.5,632.0],[679.5,628.0],[683.0,625.5],[686.5,623.0],[691.0,620.5],[695.0,618.5],[699.0,616.5],[705.0,615.5],[711.0,615.5],[718.0,615.5],[724.0,615.5],[729.0,616.5],[735.0,617.5],[740.0,618.5],[745.0,619.5],[752.0,619.5],[757.0,620.5],[763.0,620.5],[769.0,621.5],[775.0,621.5],[782.0,621.5],[787.0,620.5],[791.5,619.0],[796.5,617.0],[801.0,615.5],[805.0,613.5],[810.0,611.5],[814.5,610.0],[819.0,608.5],[826.0,608.5],[831.0,607.5],[836.0,608.5],[843.0,608.5],[848.0,609.5],[855.0,609.5],[861.0,609.5],[866.0,608.5],[872.0,609.5],[877.0,608.5],[882.0,607.5],[887.5,606.0],[893.0,605.5],[898.0,604.5],[904.5,604.0],[910.0,603.5],[916.0,602.5],[922.0,602.5],[927.0,603.5],[934.0,603.5],[940.0,603.5],[946.0,603.5],[952.5,603.0],[958.0,602.5],[964.0,602.5],[970.0,603.5],[976.0,603.5],[981.0,604.5],[986.0,606.5],[990.0,608.5],[995.0,610.5],[998.0,613.5],[1001.5,616.0],[1004.0,620.5],[1007.0,623.5],[1010.0,626.5],[1014.5,629.0],[1019.0,630.5],[1023.5,632.0],[1029.0,633.5],[1034.0,634.5],[1040.0,635.5],[1046.0,635.5],[1052.0,635.5],[1059.0,635.5],[1065.0,635.5],[1071.0,635.5],[1078.0,635.5],[1084.0,635.5],[1090.0,635.5],[1096.0,634.5],[1102.0,634.5],[1108.0,633.5],[1114.0,633.5],[1119.0,632.5],[1125.0,631.5],[1130.5,631.0],[1135.0,629.5],[1140.0,627.5],[1145.0,626.5],[1149.5,625.0],[1154.5,623.0],[1159.0,621.5],[1163.0,619.5],[1168.0,617.5],[1173.0,616.5],[1180.0,616.5],[1184.0,616.5],[1189.5,617.0],[1195.0,618.5],[1199.0,620.5],[1204.0,621.5],[1208.5,624.0],[1212.5,626.0],[1216.0,628.5],[1221.0,630.5],[1226.0,631.5],[1232.0,632.5],[1237.0,633.5],[1242.0,634.5],[1248.0,635.5],[1254.0,635.5],[1258.0,635.5],[1265.0,635.5],[1271.0,635.5],[1276.0,634.5],[1282.0,633.5],[1288.0,633.5],[1294.0,633.5],[1300.0,634.5],[1304.5,636.0],[1309.0,638.5],[1312.0,641.5],[1313.5,646.0],[1311.0,650.5],[1307.5,653.0],[1304.5,656.0],[1300.0,658.5],[1296.0,660.5],[1291.0,661.5],[1285.5,663.0],[1281.0,664.5],[1275.5,666.0],[1270.5,667.0],[1266.0,668.5],[1261.0,670.5],[1256.0,671.5],[1251.0,672.5],[1245.0,673.5],[1240.0,674.5],[1235.0,675.5],[1229.0,676.5],[1224.0,677.5],[1219.0,679.5],[1214.0,680.5],[1209.0,681.5],[1203.0,682.5],[1198.0,683.5],[1193.0,684.5],[1188.0,686.5],[1184.0,688.5],[1180.0,690.5],[1174.0,691.5],[1170.0,693.5],[1165.5,695.0],[1160.0,696.5],[1155.5,698.0],[1150.0,699.5],[1145.0,700.5],[1141.0,702.5],[1135.0,703.5],[1130.5,705.0],[1126.0,706.5],[1120.0,707.5],[1116.0,709.5],[1111.0,710.5],[1106.0,712.5],[1101.0,713.5],[1095.0,714.5],[1089.0,714.5],[1084.0,715.5],[1078.0,716.5],[1072.0,716.5],[1066.5,717.0],[1060.0,717.5],[1054.0,717.5],[1048.0,717.5],[1041.0,717.5],[1035.0,717.5],[1028.0,717.5],[1022.0,717.5],[1016.0,717.5],[1009.0,717.5],[1003.0,717.5],[997.0,717.5],[991.0,718.5],[985.0,718.5],[980.0,717.5],[973.0,717.5],[967.0,717.5],[962.0,718.5],[957.0,720.5],[953.5,723.0],[949.5,726.0],[946.5,729.0],[943.5,732.0],[939.0,734.5],[935.0,736.5]]",243045.74655374457,431177.72231445095,52.65386455368345,SPW_여수로_교각_도수면,SPW_여수로_교각_도수면,SPW_0221,0.993118731076797,-44.64804522391769
frame_009223.jpg,R000017,SPL,박락,"[[974.0,763.5],[968.0,763.5],[962.0,763.5],[956.0,763.5],[951.0,762.5],[947.0,760.5],[944.0,758.5],[941.0,755.5],[938.0,752.5],[935.0,749.5],[932.0,746.5],[929.0,743.5],[926.0,740.5],[922.5,738.0],[919.0,735.5],[915.0,733.5],[911.5,732.0],[907.0,730.5],[902.0,729.5],[897.0,728.5],[892.0,727.5],[887.0,726.5],[881.0,726.5],[876.0,727.5],[871.0,728.5],[865.0,728.5],[859.0,728.5],[854.0,728.5],[849.0,729.5],[843.5,730.0],[838.5,730.0],[833.0,729.5],[827.0,729.5],[821.5,729.0],[817.0,727.5],[813.0,725.5],[809.0,723.5],[804.0,722.5],[801.0,720.5],[797.0,718.5],[793.0,716.5],[788.5,715.0],[784.0,713.5],[780.0,711.5],[775.0,710.5],[771.0,708.5],[766.0,707.5],[762.0,705.5],[758.0,704.5],[753.0,703.5],[748.0,702.5],[743.0,701.5],[738.0,700.5],[733.5,699.0],[729.0,697.5],[726.0,694.5],[723.5,691.0],[720.0,688.5],[717.5,685.0],[717.5,680.0],[718.5,675.0],[720.5,671.0],[722.5,667.0],[724.5,663.0],[726.5,659.0],[729.0,655.5],[733.0,653.5],[738.0,652.5],[743.0,651.5],[749.0,651.5],[754.0,651.5],[760.0,651.5],[766.0,651.5],[772.0,651.5],[778.0,651.5],[783.5,652.0],[788.0,653.5],[793.0,654.5],[797.0,656.5],[802.0,657.5],[806.0,658.5],[811.0,659.5],[816.0,660.5],[822.0,660.5],[828.0,660.5],[834.0,660.5],[840.0,660.5],[845.0,659.5],[849.0,657.5],[853.0,655.5],[856.5,653.0],[859.5,651.0],[863.0,648.5],[867.0,646.5],[871.0,644.5],[875.5,643.0],[879.5,641.0],[884.0,639.5],[889.0,638.5],[894.0,637.5],[900.0,637.5],[905.0,637.5],[911.0,637.5],[916.0,638.5],[922.0,638.5],[928.0,638.5],[933.5,638.0],[939.0,637.5],[945.0,637.5],[950.0,636.5],[956.0,636.5],[962.0,636.5],[967.0,636.5],[972.0,635.5],[977.0,634.5],[982.0,633.5],[987.0,632.5],[991.0,630.5],[995.5,629.0],[999.5,627.0],[1004.0,625.5],[1008.0,623.5],[1013.0,622.5],[1017.0,621.5],[1022.0,620.5],[1027.0,621.5],[1032.0,622.5],[1035.5,625.0],[1039.0,627.5],[1041.5,631.0],[1044.0,634.5],[1047.5,637.0],[1051.0,639.5],[1054.0,641.5],[1057.5,644.0],[1060.5,647.0],[1063.5,650.0],[1066.5,653.0],[1070.0,655.5],[1074.0,657.5],[1078.0,659.5],[1082.0,661.5],[1086.0,663.5],[1090.5,665.0],[1094.0,666.5],[1099.0,667.5],[1105.0,667.5],[1110.0,666.5],[1115.5,666.0],[1121.0,665.5],[1127.0,665.5],[1132.0,666.5],[1137.0,667.5],[1142.0,666.5],[1148.0,666.5],[1152.0,665.5],[1156.0,663.5],[1159.5,661.0],[1162.5,658.0],[1165.5,655.0],[1168.0,651.5],[1171.0,648.5],[1174.0,645.5],[1178.0,643.5],[1181.0,640.5],[1184.5,639.0],[1188.5,637.0],[1194.0,636.5],[1200.0,636.5],[1204.5,638.0],[1209.0,639.5],[1214.0,640.5],[1218.0,642.5],[1222.0,644.5],[1226.5,646.0],[1231.0,647.5],[1234.5,649.0],[1238.0,651.5],[1241.5,654.0],[1245.5,656.0],[1249.5,658.0],[1253.0,660.5],[1257.0,662.5],[1260.5,665.0],[1264.0,667.5],[1268.0,669.5],[1271.5,671.0],[1274.0,674.5],[1276.5,678.0],[1277.5,683.0],[1277.5,689.0],[1276.0,693.5],[1273.5,697.0],[1271.0,700.5],[1267.0,702.5],[1262.0,703.5],[1257.0,704.5],[1254.0,706.5],[1249.5,708.0],[1245.0,709.5],[1240.0,710.5],[1235.5,712.0],[1231.0,713.5],[1226.0,714.5],[1221.5,716.0],[1217.5,718.0],[1213.0,719.5],[1209.0,721.5],[1205.0,722.5],[1201.0,724.5],[1196.5,726.0],[1192.0,727.5],[1188.0,729.5],[1183.5,731.0],[1179.5,733.0],[1175.0,734.5],[1171.0,736.5],[1167.0,738.5],[1163.0,739.5],[1158.5,741.0],[1153.0,741.5],[1148.0,742.5],[1143.0,743.5],[1139.0,745.5],[1134.0,746.5],[1130.0,748.5],[1125.0,749.5],[1120.0,750.5],[1115.0,751.5],[1111.0,752.5],[1106.0,753.5],[1101.0,754.5],[1096.0,755.5],[1090.0,755.5],[1084.0,755.5],[1078.0,755.5],[1073.0,756.5],[1067.0,756.5],[1062.0,755.5],[1057.0,754.5],[1052.0,754.5],[1047.0,753.5],[1041.0,753.5],[1035.0,753.5],[1029.0,753.5],[1023.5,754.0],[1018.0,754.5],[1013.0,755.5],[1008.0,756.5],[1003.0,757.5],[999.0,758.5],[993.0,758.5],[988.0,759.5],[983.5,761.0],[979.0,762.5],[974.0,763.5]]",243045.82768966962,431177.47972906125,52.65386455368344,SPW_여수로_교각_도수면,SPW_여수로_교각_도수면,SPW_0221,0.9931307620394052,-44.39225095308436
frame_028243.jpg,R000019,SPL,박락,"[[912.0,898.5],[909.5,898.0],[908.0,897.5],[906.0,896.5],[904.5,896.0],[903.0,894.5],[902.0,893.5],[900.5,892.0],[900.0,890.5],[899.0,888.5],[898.5,887.0],[897.5,885.0],[897.5,883.0],[897.5,880.0],[897.5,878.0],[897.5,875.0],[898.5,874.0],[898.5,871.0],[899.5,870.0],[899.5,867.0],[900.5,866.0],[900.5,863.0],[900.5,861.0],[900.5,858.0],[901.0,856.5],[901.5,854.0],[901.5,852.0],[901.5,849.0],[901.5,847.0],[902.0,844.5],[902.5,843.0],[903.5,841.0],[903.5,839.0],[904.5,837.0],[905.0,835.5],[905.5,833.0],[906.0,831.5],[906.5,829.0],[906.5,827.0],[906.5,824.0],[906.5,822.0],[906.5,819.0],[906.5,817.0],[906.5,814.0],[906.0,812.5],[905.5,810.0],[905.5,808.0],[904.5,806.0],[904.5,804.0],[904.5,801.0],[904.5,799.0],[904.5,796.0],[904.5,793.0],[904.5,791.0],[905.5,789.0],[906.0,787.5],[906.5,785.0],[907.5,784.0],[907.5,781.0],[907.5,779.0],[908.5,777.0],[907.5,776.0],[907.5,773.0],[907.5,771.0],[906.5,769.0],[907.5,768.0],[907.5,765.0],[908.5,764.0],[909.0,761.5],[909.5,760.0],[910.0,757.5],[910.5,756.0],[911.5,754.0],[911.5,752.0],[911.5,749.0],[911.5,747.0],[911.5,744.0],[911.5,742.0],[911.5,739.0],[911.5,737.0],[911.5,734.0],[911.5,732.0],[912.5,730.0],[913.0,728.5],[913.5,726.0],[914.5,725.0],[915.0,722.5],[915.5,721.0],[916.5,719.0],[917.5,718.0],[918.5,716.0],[919.5,715.0],[921.5,714.0],[923.0,713.5],[925.0,712.5],[926.5,712.0],[929.0,711.5],[931.0,711.5],[933.0,710.5],[934.0,711.5],[937.0,711.5],[938.5,712.0],[941.0,712.5],[943.0,713.5],[944.5,714.0],[947.0,714.5],[948.0,715.5],[950.0,716.5],[951.0,717.5],[952.5,719.0],[953.5,720.0],[955.0,721.5],[956.5,722.0],[958.5,723.0],[959.5,724.0],[961.0,725.5],[962.0,726.5],[964.0,727.5],[965.0,728.5],[967.0,729.5],[968.0,730.5],[969.5,732.0],[970.0,733.5],[970.5,736.0],[971.5,737.0],[971.5,740.0],[970.5,741.0],[970.0,743.5],[969.5,745.0],[968.5,747.0],[968.0,748.5],[967.0,750.5],[966.5,752.0],[965.5,754.0],[965.5,756.0],[965.5,759.0],[965.0,760.5],[964.5,763.0],[963.5,764.0],[962.5,766.0],[961.5,767.0],[960.0,768.5],[959.5,770.0],[958.5,772.0],[957.5,773.0],[956.5,775.0],[956.5,777.0],[957.0,779.5],[957.5,781.0],[958.5,783.0],[959.5,784.0],[960.5,786.0],[961.5,787.0],[963.0,788.5],[964.5,790.0],[965.5,791.0],[967.0,792.5],[968.0,793.5],[969.5,795.0],[971.0,795.5],[972.5,797.0],[973.5,798.0],[975.5,799.0],[976.5,800.0],[978.0,801.5],[979.0,802.5],[981.0,803.5],[982.0,804.5],[984.0,805.5],[985.0,806.5],[986.5,808.0],[987.5,809.0],[989.0,810.5],[990.0,811.5],[991.5,813.0],[993.0,813.5],[994.5,815.0],[996.0,815.5],[998.0,816.5],[999.0,817.5],[1001.0,818.5],[1002.0,819.5],[1004.0,820.5],[1005.0,821.5],[1006.5,823.0],[1007.5,824.0],[1008.5,826.0],[1009.5,827.0],[1010.5,829.0],[1010.5,831.0],[1010.5,834.0],[1009.5,835.0],[1009.5,838.0],[1008.5,839.0],[1007.5,841.0],[1007.0,842.5],[1006.0,844.5],[1005.5,846.0],[1004.5,848.0],[1004.0,849.5],[1003.0,851.5],[1002.5,853.0],[1001.5,855.0],[1000.5,856.0],[999.5,858.0],[998.5,860.0],[997.5,861.0],[996.0,862.5],[995.0,863.5],[993.5,865.0],[992.5,866.0],[991.0,867.5],[989.5,868.0],[988.0,869.5],[987.0,870.5],[985.0,871.5],[984.0,872.5],[982.0,873.5],[981.0,874.5],[979.0,875.5],[977.5,876.0],[975.0,876.5],[974.0,877.5],[972.0,878.5],[970.5,879.0],[968.5,880.0],[967.0,880.5],[965.0,881.5],[963.5,882.0],[961.5,883.0],[960.0,883.5],[958.0,884.5],[956.0,884.5],[954.0,885.5],[952.0,885.5],[950.0,886.5],[948.0,886.5],[946.0,887.5],[944.0,887.5],[942.0,888.5],[940.5,889.0],[938.0,889.5],[937.0,890.5],[935.0,891.5],[933.0,891.5],[931.0,892.5],[929.5,893.0],[927.0,893.5],[926.0,894.5],[923.5,895.0],[922.0,895.5],[920.0,896.5],[918.0,896.5],[916.0,897.5],[914.0,897.5],[912.0,898.5]]",243046.55454376928,431172.16887555085,51.30465780977085,SPW_여수로_교각_도수면,SPW_여수로_교각_도수면,SPW_0242,0.9887466138022487,-39.12518852477554
frame_029293.jpg,R000021,SPL,박락,"[[1912.0,832.5],[1896.0,830.5],[1883.5,825.0],[1870.5,820.0],[1857.5,815.0],[1846.0,808.5],[1833.0,803.5],[1821.5,797.0],[1809.0,791.5],[1796.5,786.0],[1784.0,780.5],[1772.0,774.5],[1759.5,769.0],[1747.0,763.5],[1735.5,757.0],[1723.0,751.5],[1710.0,746.5],[1697.0,741.5],[1684.0,736.5],[1671.0,731.5],[1659.0,725.5],[1645.0,721.5],[1631.0,717.5],[1617.0,713.5],[1605.5,707.0],[1592.0,702.5],[1581.0,695.5],[1569.0,689.5],[1556.0,684.5],[1543.5,679.0],[1530.0,674.5],[1516.0,670.5],[1503.0,665.5],[1490.0,660.5],[1477.0,655.5],[1463.5,651.0],[1450.5,646.0],[1436.0,642.5],[1423.0,637.5],[1410.0,632.5],[1397.0,627.5],[1385.0,621.5],[1372.5,616.0],[1361.0,609.5],[1348.5,604.0],[1337.5,597.0],[1326.5,590.0],[1315.0,583.5],[1301.0,583.5],[1285.0,585.5],[1271.0,583.5],[1263.0,573.5],[1255.5,563.0],[1247.0,553.5],[1234.0,548.5],[1220.0,544.5],[1206.0,540.5],[1192.0,536.5],[1178.5,532.0],[1165.0,527.5],[1150.0,524.5],[1135.0,521.5],[1120.5,518.0],[1105.0,515.5],[1091.0,510.5],[1077.0,506.5],[1064.0,501.5],[1050.5,497.0],[1036.5,493.0],[1022.5,489.0],[1008.5,485.0],[994.5,481.0],[980.0,477.5],[966.0,473.5],[951.0,470.5],[938.0,465.5],[926.5,459.0],[916.5,451.0],[905.5,444.0],[892.5,439.0],[880.5,433.0],[869.5,426.0],[859.0,418.5],[845.0,414.5],[829.0,412.5],[812.0,411.5],[794.0,411.5],[777.0,412.5],[762.0,409.5],[752.0,401.5],[742.5,393.0],[731.5,386.0],[719.0,380.5],[705.5,376.0],[691.0,372.5],[673.0,372.5],[657.0,370.5],[643.0,366.5],[630.0,361.5],[617.5,356.0],[605.5,350.0],[593.5,344.0],[581.5,338.0],[573.5,328.0],[570.5,315.0],[578.0,304.5],[589.0,297.5],[601.0,291.5],[616.0,288.5],[631.0,291.5],[643.0,297.5],[656.5,302.0],[670.0,306.5],[682.0,312.5],[693.0,319.5],[707.0,321.5],[720.0,316.5],[728.5,307.0],[737.5,298.0],[752.5,298.0],[755.5,311.0],[757.0,327.5],[766.5,336.0],[779.5,341.0],[788.0,350.5],[796.0,360.5],[803.5,371.0],[815.0,377.5],[827.0,371.5],[840.0,366.5],[855.0,369.5],[869.0,373.5],[882.0,378.5],[896.0,382.5],[910.5,386.0],[924.0,390.5],[941.0,391.5],[956.0,388.5],[971.0,385.5],[985.0,381.5],[1000.0,384.5],[1010.5,392.0],[1020.0,400.5],[1028.5,410.0],[1037.0,419.5],[1044.0,430.5],[1055.0,437.5],[1069.5,441.0],[1084.0,444.5],[1098.0,448.5],[1110.0,454.5],[1122.5,460.0],[1133.0,467.5],[1144.0,474.5],[1155.0,481.5],[1170.0,484.5],[1186.0,482.5],[1202.0,480.5],[1219.0,481.5],[1233.0,485.5],[1248.0,488.5],[1261.0,483.5],[1268.5,473.0],[1268.5,457.0],[1264.0,443.5],[1267.5,432.0],[1280.0,432.5],[1290.5,440.0],[1301.0,447.5],[1309.5,457.0],[1319.0,465.5],[1327.0,475.5],[1333.5,487.0],[1341.5,497.0],[1351.0,505.5],[1360.0,514.5],[1370.0,522.5],[1381.0,529.5],[1386.0,542.5],[1393.5,553.0],[1400.5,564.0],[1409.0,573.5],[1421.5,579.0],[1437.0,577.5],[1448.0,570.5],[1458.0,562.5],[1472.0,560.5],[1483.5,567.0],[1489.5,579.0],[1498.0,588.5],[1510.0,594.5],[1522.0,600.5],[1535.0,606.5],[1546.0,613.5],[1558.5,619.0],[1570.5,625.0],[1583.0,630.5],[1596.5,635.0],[1609.0,640.5],[1622.0,645.5],[1632.5,653.0],[1646.0,657.5],[1656.0,649.5],[1649.5,639.0],[1640.0,630.5],[1630.5,622.0],[1619.0,615.5],[1610.5,606.0],[1604.0,594.5],[1596.0,584.5],[1587.0,575.5],[1576.0,568.5],[1560.5,566.0],[1549.5,559.0],[1543.5,547.0],[1535.5,537.0],[1541.0,524.5],[1555.5,526.0],[1567.0,532.5],[1581.0,536.5],[1597.0,538.5],[1613.0,540.5],[1624.0,547.5],[1634.5,555.0],[1646.0,561.5],[1659.0,566.5],[1670.5,573.0],[1681.0,580.5],[1691.0,588.5],[1700.0,597.5],[1708.5,607.0],[1717.5,616.0],[1727.0,624.5],[1738.0,631.5],[1751.0,636.5],[1765.0,640.5],[1777.5,646.0],[1792.0,649.5],[1806.0,653.5],[1820.0,657.5],[1834.0,661.5],[1846.5,667.0],[1858.0,673.5],[1869.5,680.0],[1881.0,686.5],[1892.0,693.5],[1905.0,698.5],[1914.5,707.0],[1916.0,722.5],[1915.5,738.0],[1915.5,756.0],[1917.5,772.0],[1918.0,788.5],[1918.5,805.0],[1919.5,822.0],[1912.0,832.5]]",243049.45988808994,431166.7704336495,52.718600090957004,SPW_여수로_교각_도수면,SPW_여수로_교각_도수면,SPW_0223,0.9894151059491944,-33.08386025619655
frame_030293.jpg,R000031,SPL,박락,"[[1612.0,735.5],[1610.0,735.5],[1607.0,735.5],[1606.0,734.5],[1604.0,734.5],[1601.5,734.0],[1600.0,733.5],[1598.0,733.5],[1596.5,733.0],[1594.0,732.5],[1592.0,732.5],[1590.5,732.0],[1588.0,731.5],[1586.5,731.0],[1585.0,730.5],[1583.5,729.0],[1582.0,728.5],[1581.0,727.5],[1579.0,726.5],[1578.0,725.5],[1576.0,725.5],[1575.0,724.5],[1573.0,723.5],[1572.0,722.5],[1570.0,722.5],[1568.0,721.5],[1566.5,721.0],[1565.0,720.5],[1563.0,719.5],[1561.0,719.5],[1560.5,718.0],[1560.5,716.0],[1559.5,714.0],[1559.5,712.0],[1559.5,710.0],[1558.5,708.0],[1557.5,707.0],[1557.5,705.0],[1556.0,703.5],[1555.5,702.0],[1554.5,701.0],[1553.0,699.5],[1552.5,698.0],[1551.5,697.0],[1550.5,696.0],[1549.0,694.5],[1548.0,693.5],[1546.5,693.0],[1545.0,691.5],[1544.0,690.5],[1543.0,689.5],[1541.5,688.0],[1541.0,686.5],[1540.0,685.5],[1538.5,684.0],[1537.5,683.0],[1537.0,681.5],[1536.5,680.0],[1536.0,677.5],[1535.0,676.5],[1534.5,675.0],[1533.5,673.0],[1532.5,672.0],[1531.5,671.0],[1530.0,669.5],[1528.5,669.0],[1527.5,668.0],[1526.0,667.5],[1524.0,666.5],[1523.0,665.5],[1521.5,665.0],[1519.5,664.0],[1518.5,663.0],[1517.5,662.0],[1516.0,660.5],[1514.5,660.0],[1513.5,659.0],[1511.5,658.0],[1510.5,657.0],[1509.0,656.5],[1508.0,655.5],[1506.5,654.0],[1505.0,653.5],[1504.0,652.5],[1502.5,651.0],[1501.5,650.0],[1500.5,649.0],[1499.0,647.5],[1497.5,647.0],[1496.0,646.5],[1494.5,645.0],[1493.0,644.5],[1492.0,643.5],[1490.0,643.5],[1488.0,642.5],[1487.0,641.5],[1485.5,641.0],[1483.5,640.0],[1482.0,639.5],[1481.0,638.5],[1479.0,637.5],[1477.5,637.0],[1476.5,636.0],[1475.0,634.5],[1474.0,633.5],[1473.0,632.5],[1471.5,632.0],[1469.5,631.0],[1468.5,630.0],[1467.5,629.0],[1466.0,627.5],[1465.5,626.0],[1465.5,624.0],[1465.5,621.0],[1466.5,620.0],[1466.5,618.0],[1468.0,617.5],[1470.0,616.5],[1472.0,616.5],[1474.0,616.5],[1477.0,616.5],[1479.0,616.5],[1481.0,616.5],[1483.5,617.0],[1485.0,617.5],[1486.5,618.0],[1489.0,618.5],[1490.0,619.5],[1491.5,620.0],[1493.0,620.5],[1495.0,621.5],[1497.0,621.5],[1498.0,622.5],[1500.0,623.5],[1501.5,624.0],[1503.0,624.5],[1505.0,625.5],[1506.0,626.5],[1507.5,627.0],[1509.0,628.5],[1510.0,629.5],[1511.5,630.0],[1512.5,631.0],[1514.5,632.0],[1515.5,633.0],[1516.5,634.0],[1518.0,635.5],[1519.0,636.5],[1520.5,637.0],[1522.0,638.5],[1523.5,639.0],[1524.5,640.0],[1526.0,640.5],[1527.5,642.0],[1528.5,643.0],[1529.5,644.0],[1531.5,645.0],[1532.5,646.0],[1534.0,646.5],[1535.5,648.0],[1536.5,649.0],[1537.5,650.0],[1539.5,651.0],[1540.5,652.0],[1541.5,653.0],[1543.0,653.5],[1545.0,654.5],[1546.0,655.5],[1547.0,656.5],[1549.0,657.5],[1551.0,657.5],[1552.0,658.5],[1554.5,659.0],[1556.0,659.5],[1558.0,659.5],[1560.0,660.5],[1562.0,660.5],[1563.0,661.5],[1565.0,661.5],[1567.5,662.0],[1569.0,662.5],[1571.0,662.5],[1573.0,663.5],[1575.0,663.5],[1576.5,664.0],[1579.0,664.5],[1580.5,665.0],[1582.0,665.5],[1584.0,666.5],[1585.0,667.5],[1586.5,668.0],[1588.0,668.5],[1589.5,670.0],[1591.0,670.5],[1592.0,671.5],[1594.0,672.5],[1595.0,673.5],[1596.0,674.5],[1598.0,675.5],[1599.0,676.5],[1600.5,677.0],[1601.5,678.0],[1603.5,679.0],[1605.0,679.5],[1606.5,680.0],[1608.5,681.0],[1610.0,681.5],[1611.5,682.0],[1614.0,682.5],[1615.5,683.0],[1617.0,683.5],[1619.0,684.5],[1621.0,684.5],[1622.0,685.5],[1623.5,686.0],[1625.5,687.0],[1626.5,688.0],[1627.5,689.0],[1629.0,690.5],[1630.0,691.5],[1631.5,692.0],[1633.0,693.5],[1634.0,694.5],[1634.5,696.0],[1636.0,697.5],[1637.0,698.5],[1638.0,699.5],[1639.5,700.0],[1640.5,702.0],[1639.5,703.0],[1638.5,704.0],[1637.0,705.5],[1635.5,706.0],[1634.0,706.5],[1632.0,707.5],[1631.0,708.5],[1630.0,709.5],[1629.0,710.5],[1627.5,712.0],[1626.5,713.0],[1625.5,714.0],[1624.0,715.5],[1623.5,717.0],[1623.0,718.5],[1622.5,721.0],[1622.5,723.0],[1622.0,724.5],[1621.5,727.0],[1620.5,728.0],[1620.0,729.5],[1619.5,731.0],[1618.0,732.5],[1617.0,733.5],[1615.5,734.0],[1613.0,734.5],[1612.0,735.5]]",243052.0268778329,431154.54788839666,50.76310818826495,SPW_여수로_교각_도수면,SPW_여수로_교각_도수면,SPW_0245,0.9552556529301026,-20.67838434441358
frame_033243.jpg,R000037,SPL,박락,"[[1184.0,241.5],[1179.0,241.5],[1175.0,241.5],[1170.5,241.0],[1166.0,240.5],[1163.0,239.5],[1159.0,238.5],[1156.0,237.5],[1152.0,236.5],[1148.5,235.0],[1146.0,233.5],[1142.0,232.5],[1138.0,231.5],[1135.5,230.0],[1132.0,228.5],[1128.0,227.5],[1125.0,226.5],[1121.0,225.5],[1117.0,225.5],[1112.0,225.5],[1107.0,225.5],[1103.0,225.5],[1098.0,225.5],[1093.0,225.5],[1089.0,225.5],[1084.5,225.0],[1080.0,224.5],[1077.0,223.5],[1073.0,222.5],[1069.0,222.5],[1065.0,221.5],[1060.0,221.5],[1056.5,221.0],[1052.0,220.5],[1047.5,220.0],[1044.0,219.5],[1041.0,217.5],[1037.0,216.5],[1034.0,215.5],[1030.0,214.5],[1027.0,213.5],[1023.0,212.5],[1020.0,210.5],[1017.0,209.5],[1014.0,207.5],[1010.0,206.5],[1007.0,205.5],[1003.0,204.5],[999.0,204.5],[994.5,205.0],[990.0,205.5],[986.0,205.5],[982.0,204.5],[978.5,203.0],[977.0,200.5],[975.5,197.0],[973.5,194.0],[971.5,192.0],[969.5,189.0],[968.5,186.0],[967.5,182.0],[967.5,177.0],[967.5,173.0],[969.0,169.5],[970.5,166.0],[973.0,164.5],[976.5,163.0],[980.0,161.5],[984.0,161.5],[988.0,160.5],[992.0,160.5],[997.0,160.5],[1001.5,160.0],[1004.0,158.5],[1007.0,156.5],[1010.0,154.5],[1012.5,153.0],[1015.5,151.0],[1018.5,149.0],[1021.0,147.5],[1024.0,145.5],[1026.5,144.0],[1028.5,141.0],[1030.5,138.0],[1032.0,135.5],[1032.5,131.0],[1033.5,127.0],[1033.5,123.0],[1032.5,119.0],[1030.5,116.0],[1029.0,113.5],[1027.5,110.0],[1026.0,107.5],[1024.0,104.5],[1022.5,101.0],[1021.0,98.5],[1019.5,95.0],[1019.5,90.0],[1020.5,87.0],[1021.5,83.0],[1024.0,80.5],[1026.5,79.0],[1029.0,76.5],[1031.5,75.0],[1034.5,73.0],[1038.0,71.5],[1040.5,70.0],[1044.0,68.5],[1048.0,67.5],[1052.0,67.5],[1055.5,67.0],[1060.0,67.5],[1063.5,68.0],[1067.0,69.5],[1070.0,70.5],[1075.0,70.5],[1078.5,69.0],[1081.0,67.5],[1084.5,66.0],[1088.0,64.5],[1091.0,63.5],[1094.5,62.0],[1097.0,59.5],[1098.5,57.0],[1100.5,54.0],[1102.5,52.0],[1104.5,49.0],[1106.5,46.0],[1108.0,43.5],[1110.5,41.0],[1113.5,39.0],[1116.0,37.5],[1120.5,37.0],[1124.0,36.5],[1129.0,36.5],[1133.0,37.5],[1137.0,37.5],[1142.0,37.5],[1147.0,37.5],[1150.0,36.5],[1154.0,37.5],[1159.0,37.5],[1162.0,38.5],[1165.0,40.5],[1169.0,40.5],[1173.0,41.5],[1178.0,41.5],[1182.0,41.5],[1186.5,41.0],[1190.0,39.5],[1192.0,37.5],[1195.0,35.5],[1198.5,34.0],[1202.0,33.5],[1205.0,31.5],[1208.0,30.5],[1211.0,28.5],[1214.5,27.0],[1216.5,25.0],[1219.0,22.5],[1222.0,20.5],[1225.0,19.5],[1229.0,18.5],[1233.0,17.5],[1237.0,17.5],[1242.0,17.5],[1246.0,17.5],[1251.0,17.5],[1255.0,18.5],[1258.0,19.5],[1262.0,20.5],[1266.5,21.0],[1270.0,21.5],[1273.0,23.5],[1276.0,25.5],[1278.0,27.5],[1281.5,29.0],[1283.5,31.0],[1285.0,34.5],[1286.5,38.0],[1285.5,41.0],[1284.5,45.0],[1283.0,48.5],[1281.5,51.0],[1281.5,56.0],[1282.0,60.5],[1282.5,64.0],[1283.5,68.0],[1283.5,72.0],[1284.5,76.0],[1284.5,81.0],[1285.5,84.0],[1286.5,88.0],[1288.0,91.5],[1290.0,93.5],[1293.0,95.5],[1295.0,98.5],[1296.5,101.0],[1297.5,105.0],[1298.5,108.0],[1299.5,112.0],[1300.5,116.0],[1301.5,119.0],[1302.5,123.0],[1303.5,127.0],[1304.5,130.0],[1304.5,135.0],[1304.5,140.0],[1303.5,143.0],[1301.5,146.0],[1299.5,148.0],[1297.0,150.5],[1294.5,153.0],[1292.5,155.0],[1290.0,157.5],[1288.0,160.5],[1286.5,163.0],[1285.5,167.0],[1284.5,170.0],[1284.5,175.0],[1284.5,180.0],[1283.5,183.0],[1282.5,187.0],[1281.5,191.0],[1279.5,193.0],[1277.0,195.5],[1274.5,198.0],[1272.0,199.5],[1268.5,201.0],[1266.0,202.5],[1262.0,203.5],[1259.0,205.5],[1256.0,206.5],[1252.5,208.0],[1249.0,209.5],[1246.0,210.5],[1243.0,212.5],[1240.0,214.5],[1237.0,215.5],[1234.0,217.5],[1231.5,219.0],[1228.5,221.0],[1225.5,223.0],[1223.5,225.0],[1220.5,227.0],[1218.0,229.5],[1215.5,231.0],[1212.0,232.5],[1209.0,234.5],[1206.0,235.5],[1202.0,236.5],[1199.0,237.5],[1195.0,238.5],[1191.0,239.5],[1188.0,240.5],[1184.0,241.5]]",243056.61825584972,431145.13331967656,52.61773621937989,SPW_여수로_교각_도수면,SPW_여수로_교각_도수면,SPW_0227,0.9942113678440602,-10.293488261516249
frame_033293.jpg,R000038,SPL,박락,"[[304.0,294.5],[300.0,294.5],[297.0,293.5],[292.0,293.5],[289.0,292.5],[285.5,292.0],[282.0,291.5],[278.0,290.5],[275.0,289.5],[272.0,288.5],[269.0,287.5],[266.0,285.5],[263.0,284.5],[259.0,284.5],[256.0,283.5],[251.0,283.5],[247.5,283.0],[244.0,282.5],[241.0,281.5],[237.5,280.0],[234.5,279.0],[231.5,278.0],[228.5,277.0],[225.0,275.5],[222.0,274.5],[219.0,273.5],[216.5,272.0],[213.5,270.0],[211.0,268.5],[208.0,267.5],[205.5,266.0],[202.5,264.0],[200.0,262.5],[197.5,261.0],[195.0,259.5],[192.0,257.5],[190.5,255.0],[189.0,252.5],[188.5,249.0],[187.5,246.0],[187.5,241.0],[187.5,237.0],[187.5,233.0],[187.5,229.0],[187.5,224.0],[187.0,220.5],[185.5,218.0],[183.0,216.5],[179.5,215.0],[176.0,214.5],[173.0,213.5],[170.5,212.0],[170.5,209.0],[171.5,206.0],[173.5,204.0],[176.0,202.5],[179.5,201.0],[182.5,200.0],[185.0,198.5],[188.0,197.5],[191.5,196.0],[194.0,194.5],[197.0,193.5],[200.0,192.5],[203.0,190.5],[205.5,189.0],[207.5,187.0],[209.5,185.0],[212.0,182.5],[213.5,180.0],[214.5,177.0],[216.0,174.5],[217.5,171.0],[218.5,168.0],[220.0,165.5],[222.0,163.5],[224.0,161.5],[226.5,159.0],[229.0,157.5],[232.0,156.5],[234.0,154.5],[236.5,152.0],[238.5,150.0],[241.0,148.5],[243.0,146.5],[245.5,144.0],[247.5,142.0],[249.5,140.0],[252.0,138.5],[255.0,136.5],[258.0,135.5],[261.0,134.5],[264.0,133.5],[267.0,131.5],[270.0,130.5],[272.0,128.5],[274.5,127.0],[276.5,124.0],[278.0,121.5],[280.0,119.5],[282.0,117.5],[284.5,115.0],[287.0,113.5],[289.5,112.0],[293.0,111.5],[297.0,110.5],[300.0,109.5],[303.5,109.0],[306.5,108.0],[310.0,106.5],[313.0,105.5],[316.0,104.5],[319.0,103.5],[322.0,102.5],[325.0,100.5],[328.0,99.5],[331.5,99.0],[335.0,98.5],[339.0,99.5],[343.0,99.5],[347.0,99.5],[350.0,98.5],[354.0,97.5],[357.0,96.5],[359.5,95.0],[362.0,93.5],[365.0,91.5],[367.0,89.5],[370.0,88.5],[373.0,87.5],[376.0,85.5],[379.0,84.5],[382.0,83.5],[385.0,82.5],[389.0,81.5],[392.5,81.0],[396.0,80.5],[399.0,79.5],[404.0,79.5],[407.5,80.0],[411.0,80.5],[415.0,80.5],[419.0,81.5],[423.0,81.5],[427.0,81.5],[431.0,81.5],[435.0,81.5],[440.0,81.5],[444.0,81.5],[448.0,81.5],[452.0,81.5],[457.0,81.5],[461.0,81.5],[464.0,82.5],[467.0,83.5],[470.5,85.0],[473.5,86.0],[476.0,87.5],[479.0,88.5],[483.0,89.5],[485.5,91.0],[488.0,92.5],[490.0,94.5],[493.0,96.5],[494.0,98.5],[493.0,101.5],[491.5,104.0],[489.5,107.0],[487.5,109.0],[485.5,111.0],[484.0,113.5],[481.5,116.0],[479.5,118.0],[477.5,120.0],[476.0,122.5],[473.5,125.0],[472.0,127.5],[470.0,129.5],[468.0,131.5],[466.0,134.5],[464.0,136.5],[462.0,138.5],[460.0,140.5],[458.0,142.5],[455.5,145.0],[453.5,147.0],[452.0,149.5],[449.5,151.0],[447.0,153.5],[445.5,156.0],[444.5,159.0],[443.5,162.0],[441.5,165.0],[441.0,168.5],[440.5,172.0],[439.5,175.0],[439.5,180.0],[438.5,183.0],[438.0,186.5],[437.5,190.0],[436.0,193.5],[435.0,196.5],[433.5,199.0],[432.0,201.5],[429.5,204.0],[428.0,206.5],[425.5,208.0],[423.5,210.0],[420.5,212.0],[418.5,214.0],[416.0,215.5],[414.0,217.5],[411.0,219.5],[408.5,221.0],[406.5,223.0],[404.5,225.0],[402.0,227.5],[400.0,229.5],[398.5,232.0],[396.5,234.0],[395.0,236.5],[392.5,239.0],[391.0,241.5],[388.5,243.0],[386.0,244.5],[383.0,246.5],[380.0,247.5],[377.5,249.0],[375.0,250.5],[371.0,251.5],[368.0,252.5],[365.5,254.0],[363.0,255.5],[360.0,257.5],[358.0,259.5],[355.5,261.0],[353.5,263.0],[350.5,265.0],[348.5,267.0],[346.5,269.0],[344.5,271.0],[342.0,273.5],[339.5,275.0],[337.5,277.0],[336.0,279.5],[333.5,282.0],[331.0,283.5],[329.0,285.5],[326.5,287.0],[323.5,289.0],[320.5,290.0],[318.0,291.5],[314.5,292.0],[310.5,293.0],[307.0,293.5],[304.0,294.5]]",243058.50576864375,431136.988615627,51.536620774822765,SPW_여수로_교각_도수면,SPW_여수로_교각_도수면,SPW_0249,0.9919093838942141,-1.9707400161990325
frame_033643.jpg,R000040,SPL,박락,"[[8.0,266.5],[1.0,266.5],[-0.5,261.0],[-0.5,254.0],[-0.5,246.0],[-0.5,239.0],[-0.5,232.0],[0.0,225.5],[5.0,227.5],[11.0,228.5],[19.0,228.5],[26.0,228.5],[33.0,228.5],[39.0,227.5],[45.0,228.5],[52.0,228.5],[59.0,228.5],[66.0,227.5],[72.0,226.5],[78.0,225.5],[84.0,224.5],[90.0,223.5],[95.5,222.0],[102.0,220.5],[107.5,219.0],[113.5,218.0],[119.5,217.0],[125.5,216.0],[131.0,214.5],[137.0,213.5],[142.5,211.0],[148.0,209.5],[153.0,207.5],[159.0,206.5],[164.0,204.5],[170.0,203.5],[177.0,202.5],[183.0,201.5],[189.0,200.5],[196.0,200.5],[203.0,200.5],[210.0,200.5],[217.0,200.5],[224.0,199.5],[229.5,198.0],[235.0,196.5],[240.0,194.5],[246.0,193.5],[253.0,193.5],[260.0,193.5],[267.0,192.5],[273.0,191.5],[279.0,192.5],[286.0,192.5],[292.0,193.5],[299.0,193.5],[306.0,192.5],[312.5,192.0],[318.5,191.0],[324.0,189.5],[330.0,188.5],[336.0,187.5],[342.5,187.0],[350.0,186.5],[357.0,186.5],[363.5,187.0],[369.5,188.0],[375.0,189.5],[381.0,190.5],[388.0,191.5],[394.0,190.5],[400.5,190.0],[406.0,188.5],[411.0,186.5],[417.0,185.5],[423.0,184.5],[428.0,181.5],[433.0,179.5],[438.0,177.5],[444.0,176.5],[451.0,176.5],[458.0,176.5],[465.0,175.5],[472.0,175.5],[478.0,174.5],[484.0,173.5],[491.0,173.5],[498.0,173.5],[505.0,173.5],[510.0,170.5],[514.5,168.0],[518.0,164.5],[522.0,161.5],[525.5,158.0],[529.0,154.5],[533.5,151.0],[537.5,148.0],[541.0,144.5],[544.0,140.5],[546.5,136.0],[550.0,132.5],[554.0,129.5],[560.0,127.5],[565.0,125.5],[570.0,123.5],[574.0,120.5],[579.5,119.0],[586.0,118.5],[592.0,120.5],[594.5,125.0],[594.5,130.0],[591.5,134.0],[588.5,138.0],[582.0,138.5],[575.0,138.5],[568.0,139.5],[562.0,140.5],[558.0,143.5],[554.5,147.0],[552.5,152.0],[552.5,159.0],[557.0,162.5],[563.0,163.5],[569.0,162.5],[575.0,161.5],[579.0,158.5],[582.5,155.0],[586.0,151.5],[590.0,147.5],[595.5,147.0],[599.0,150.5],[603.0,153.5],[608.0,155.5],[615.0,155.5],[620.5,154.0],[626.5,152.0],[630.0,148.5],[633.5,145.0],[637.0,141.5],[641.0,140.5],[644.5,144.0],[648.5,148.0],[651.5,152.0],[655.0,155.5],[657.5,160.0],[658.5,166.0],[657.5,172.0],[655.5,177.0],[653.0,182.5],[650.5,187.0],[647.5,191.0],[645.0,195.5],[642.5,200.0],[639.0,203.5],[635.0,207.5],[631.5,211.0],[627.0,213.5],[622.0,215.5],[617.0,217.5],[612.0,219.5],[607.0,221.5],[602.0,224.5],[596.5,226.0],[591.5,228.0],[586.0,229.5],[581.0,231.5],[576.0,233.5],[569.0,234.5],[562.0,234.5],[556.0,233.5],[551.0,231.5],[546.0,229.5],[540.0,228.5],[533.0,228.5],[526.0,229.5],[520.0,230.5],[514.0,231.5],[508.0,232.5],[502.0,233.5],[496.0,234.5],[488.0,234.5],[481.0,234.5],[475.0,233.5],[468.0,233.5],[462.0,232.5],[455.0,232.5],[448.0,232.5],[441.0,231.5],[434.0,231.5],[428.0,230.5],[422.0,231.5],[417.0,233.5],[411.5,235.0],[405.5,237.0],[400.0,238.5],[395.0,240.5],[390.0,242.5],[385.0,244.5],[379.5,246.0],[374.0,247.5],[366.0,247.5],[359.0,247.5],[353.0,246.5],[346.0,246.5],[339.0,246.5],[333.0,247.5],[326.0,248.5],[320.0,249.5],[313.0,249.5],[306.0,249.5],[300.0,248.5],[293.0,248.5],[286.0,248.5],[279.0,247.5],[272.0,247.5],[266.0,246.5],[259.0,246.5],[252.0,246.5],[245.0,246.5],[239.0,247.5],[231.0,247.5],[225.0,248.5],[218.0,248.5],[211.0,248.5],[204.0,248.5],[197.0,248.5],[190.0,249.5],[183.0,249.5],[177.0,250.5],[170.0,250.5],[163.0,250.5],[157.0,249.5],[151.0,248.5],[144.0,247.5],[138.0,246.5],[131.0,246.5],[124.0,246.5],[118.0,247.5],[112.0,248.5],[105.0,249.5],[98.0,249.5],[92.0,250.5],[85.0,250.5],[79.0,251.5],[72.0,251.5],[66.0,252.5],[58.5,253.0],[52.0,253.5],[46.0,254.5],[39.5,255.0],[34.0,256.5],[29.0,258.5],[23.0,260.5],[18.0,262.5],[13.0,264.5],[8.0,266.5]]",243060.35378286056,431133.6769276626,52.48725729834814,SPW_여수로_교각_도수면,SPW_여수로_교각_도수면,SPW_0230,0.9869783665059854,1.7561812830931978
frame_038753.jpg,R000043,SPL,박락,"[[1438.0,637.5],[1437.0,637.5],[1436.0,636.5],[1435.0,636.5],[1434.0,636.5],[1432.0,636.5],[1431.0,636.5],[1430.0,636.5],[1429.0,635.5],[1428.0,635.5],[1427.0,635.5],[1426.0,634.5],[1425.0,634.5],[1424.0,634.5],[1423.0,633.5],[1422.0,633.5],[1421.0,633.5],[1420.0,632.5],[1419.0,632.5],[1418.5,632.0],[1417.0,631.5],[1416.0,631.5],[1415.5,631.0],[1415.0,630.5],[1413.5,630.0],[1413.0,629.5],[1412.0,629.5],[1411.0,628.5],[1410.0,628.5],[1409.5,628.0],[1408.0,627.5],[1407.5,627.0],[1407.0,626.5],[1406.0,625.5],[1405.5,625.0],[1405.0,624.5],[1404.0,623.5],[1403.5,623.0],[1403.5,622.0],[1402.5,621.0],[1402.0,620.5],[1401.5,620.0],[1400.5,619.0],[1400.5,618.0],[1400.0,617.5],[1399.5,616.0],[1399.0,615.5],[1398.5,615.0],[1398.5,613.0],[1398.0,612.5],[1397.5,612.0],[1397.5,610.0],[1397.5,609.0],[1397.5,608.0],[1398.0,606.5],[1398.5,606.0],[1398.5,605.0],[1398.5,603.0],[1399.0,602.5],[1399.5,602.0],[1400.0,600.5],[1400.5,600.0],[1401.0,599.5],[1401.5,598.0],[1402.0,597.5],[1402.5,597.0],[1403.0,596.5],[1404.0,595.5],[1404.5,595.0],[1404.5,594.0],[1405.5,593.0],[1406.0,592.5],[1406.5,592.0],[1408.0,591.5],[1408.5,591.0],[1409.0,590.5],[1410.0,589.5],[1411.0,589.5],[1411.5,589.0],[1413.0,588.5],[1414.0,588.5],[1414.5,588.0],[1416.0,587.5],[1417.0,587.5],[1418.0,587.5],[1419.5,587.0],[1420.0,586.5],[1421.0,586.5],[1423.0,586.5],[1423.5,586.0],[1424.0,585.5],[1426.0,585.5],[1427.0,585.5],[1427.5,585.0],[1429.0,584.5],[1430.0,584.5],[1431.0,584.5],[1432.0,583.5],[1433.0,583.5],[1434.0,583.5],[1436.0,583.5],[1437.0,583.5],[1437.5,583.0],[1439.0,582.5],[1440.0,582.5],[1441.0,582.5],[1443.0,582.5],[1444.0,582.5],[1445.0,582.5],[1446.0,582.5],[1448.0,582.5],[1449.0,582.5],[1450.0,582.5],[1452.0,582.5],[1453.0,582.5],[1454.0,582.5],[1456.0,582.5],[1457.0,582.5],[1458.0,582.5],[1460.0,582.5],[1461.0,582.5],[1462.0,582.5],[1464.0,582.5],[1465.0,582.5],[1466.0,582.5],[1467.5,583.0],[1468.0,583.5],[1469.0,583.5],[1471.0,583.5],[1472.0,583.5],[1472.5,584.0],[1474.0,584.5],[1475.0,584.5],[1476.0,584.5],[1477.0,585.5],[1478.0,585.5],[1479.0,585.5],[1480.5,586.0],[1481.0,586.5],[1482.0,586.5],[1483.5,587.0],[1484.0,587.5],[1485.0,587.5],[1486.5,588.0],[1487.0,588.5],[1488.0,588.5],[1489.0,589.5],[1490.0,589.5],[1490.5,590.0],[1491.0,590.5],[1492.0,591.5],[1493.0,591.5],[1493.5,592.0],[1495.0,592.5],[1495.5,593.0],[1496.0,593.5],[1497.0,594.5],[1498.0,594.5],[1498.5,595.0],[1499.5,596.0],[1500.0,596.5],[1501.0,596.5],[1502.0,597.5],[1502.5,598.0],[1503.0,598.5],[1504.0,599.5],[1504.5,600.0],[1505.0,600.5],[1506.0,601.5],[1506.5,602.0],[1507.0,602.5],[1508.0,603.5],[1508.5,604.0],[1509.0,604.5],[1510.0,605.5],[1510.5,606.0],[1510.5,607.0],[1511.0,608.5],[1511.5,609.0],[1511.5,610.0],[1511.5,612.0],[1511.5,613.0],[1511.5,614.0],[1510.5,615.0],[1510.5,616.0],[1510.0,616.5],[1509.5,618.0],[1509.0,618.5],[1508.5,619.0],[1507.5,620.0],[1507.0,620.5],[1506.0,620.5],[1505.5,621.0],[1504.0,621.5],[1503.5,622.0],[1503.0,622.5],[1501.5,623.0],[1501.0,623.5],[1500.5,624.0],[1499.0,624.5],[1498.5,625.0],[1498.0,625.5],[1496.0,625.5],[1495.5,626.0],[1495.0,626.5],[1493.0,626.5],[1492.5,627.0],[1492.0,627.5],[1490.0,627.5],[1489.5,628.0],[1489.0,628.5],[1487.0,628.5],[1486.0,628.5],[1485.5,629.0],[1484.0,629.5],[1483.0,629.5],[1482.0,629.5],[1481.0,630.5],[1480.0,630.5],[1479.0,630.5],[1477.0,630.5],[1476.0,630.5],[1475.5,631.0],[1474.0,631.5],[1473.0,631.5],[1472.0,631.5],[1471.0,632.5],[1470.0,632.5],[1469.0,632.5],[1467.5,633.0],[1467.0,633.5],[1466.0,633.5],[1464.0,633.5],[1463.0,633.5],[1462.5,634.0],[1462.0,634.5],[1460.0,634.5],[1459.0,634.5],[1458.5,635.0],[1457.0,635.5],[1456.0,635.5],[1455.0,635.5],[1453.0,635.5],[1452.0,635.5],[1451.5,636.0],[1450.0,636.5],[1449.0,636.5],[1448.0,636.5],[1446.0,636.5],[1445.0,636.5],[1444.0,636.5],[1442.0,636.5],[1441.0,636.5],[1440.0,636.5],[1438.5,637.0],[1438.0,637.5]]",243065.3156521912,431115.972502603,51.251146916497426,SPW_여수로_교각_도수면,SPW_여수로_교각_도수면,SPW_0254,0.9823323416645044,20.120149135521945
frame_038753.jpg,R000044,SPL,박락,"[[1030.0,698.5],[1029.0,698.5],[1028.0,698.5],[1026.0,698.5],[1025.0,698.5],[1024.0,698.5],[1023.0,698.5],[1022.0,698.5],[1020.0,698.5],[1019.0,698.5],[1018.0,698.5],[1017.0,698.5],[1016.0,698.5],[1015.0,698.5],[1013.0,698.5],[1012.5,698.0],[1012.0,697.5],[1011.0,697.5],[1010.0,697.5],[1008.0,697.5],[1007.5,697.0],[1007.0,696.5],[1006.0,696.5],[1005.5,696.0],[1004.0,695.5],[1003.5,695.0],[1003.0,694.5],[1002.5,694.0],[1002.0,693.5],[1001.0,692.5],[1000.5,692.0],[1000.0,691.5],[999.5,691.0],[999.5,690.0],[998.5,689.0],[998.5,688.0],[998.0,687.5],[997.5,687.0],[998.0,686.5],[998.5,686.0],[999.0,684.5],[999.5,684.0],[1000.0,683.5],[1000.5,683.0],[1000.5,682.0],[1001.5,681.0],[1001.5,680.0],[1001.5,679.0],[1002.0,678.5],[1002.5,678.0],[1003.5,677.0],[1003.5,676.0],[1004.0,675.5],[1004.5,675.0],[1005.0,674.5],[1005.5,673.0],[1006.0,672.5],[1006.5,672.0],[1006.5,671.0],[1006.5,670.0],[1007.5,669.0],[1007.5,668.0],[1008.0,667.5],[1008.5,667.0],[1008.5,666.0],[1008.5,665.0],[1009.5,664.0],[1009.5,663.0],[1010.0,662.5],[1010.5,662.0],[1010.5,661.0],[1010.5,659.0],[1011.0,658.5],[1011.5,658.0],[1011.5,657.0],[1011.5,656.0],[1012.5,655.0],[1012.5,654.0],[1013.0,653.5],[1013.5,653.0],[1013.5,652.0],[1014.0,650.5],[1014.5,650.0],[1014.5,649.0],[1014.5,648.0],[1015.0,647.5],[1016.0,646.5],[1016.5,646.0],[1016.5,645.0],[1017.0,644.5],[1017.5,644.0],[1018.0,643.5],[1018.5,642.0],[1019.0,641.5],[1019.5,641.0],[1019.5,640.0],[1020.0,639.5],[1021.0,638.5],[1021.5,638.0],[1021.5,637.0],[1022.0,636.5],[1022.5,636.0],[1023.5,635.0],[1023.5,634.0],[1024.0,633.5],[1024.5,633.0],[1024.5,632.0],[1025.5,631.0],[1025.5,630.0],[1026.0,629.5],[1026.5,629.0],[1026.5,628.0],[1027.5,627.0],[1028.0,626.5],[1028.5,626.0],[1028.5,625.0],[1029.0,624.5],[1029.5,624.0],[1030.5,623.0],[1031.0,622.5],[1031.5,622.0],[1031.5,621.0],[1032.0,620.5],[1033.0,619.5],[1033.5,619.0],[1034.0,618.5],[1034.5,618.0],[1035.0,617.5],[1036.0,616.5],[1036.5,616.0],[1037.0,615.5],[1038.0,615.5],[1038.5,615.0],[1040.0,614.5],[1040.5,614.0],[1041.0,613.5],[1042.0,613.5],[1043.0,613.5],[1044.5,613.0],[1045.0,612.5],[1046.0,612.5],[1047.0,612.5],[1048.0,612.5],[1049.0,612.5],[1051.0,612.5],[1051.5,613.0],[1052.0,613.5],[1053.0,613.5],[1054.0,613.5],[1055.5,614.0],[1056.0,614.5],[1057.0,614.5],[1057.5,615.0],[1058.0,615.5],[1059.0,616.5],[1059.5,617.0],[1060.0,617.5],[1060.5,618.0],[1061.0,618.5],[1061.5,620.0],[1062.0,620.5],[1062.5,621.0],[1062.5,622.0],[1062.5,623.0],[1063.0,624.5],[1063.5,625.0],[1063.5,626.0],[1063.5,627.0],[1063.5,628.0],[1063.5,629.0],[1063.5,631.0],[1063.5,632.0],[1063.5,633.0],[1063.5,634.0],[1063.0,634.5],[1062.5,636.0],[1062.5,637.0],[1062.5,638.0],[1062.5,639.0],[1062.5,640.0],[1062.5,642.0],[1062.0,642.5],[1061.5,643.0],[1061.5,644.0],[1061.5,645.0],[1061.5,647.0],[1061.0,647.5],[1060.5,648.0],[1060.5,649.0],[1060.5,650.0],[1060.0,651.5],[1059.5,652.0],[1059.5,653.0],[1059.5,654.0],[1059.0,654.5],[1058.5,655.0],[1058.5,657.0],[1058.5,658.0],[1058.5,659.0],[1058.0,659.5],[1057.5,660.0],[1057.5,662.0],[1057.5,663.0],[1057.0,663.5],[1056.5,664.0],[1056.5,665.0],[1056.0,666.5],[1055.5,667.0],[1055.5,668.0],[1055.0,668.5],[1054.5,669.0],[1054.5,671.0],[1054.0,671.5],[1053.5,672.0],[1053.0,672.5],[1052.5,673.0],[1052.0,674.5],[1051.5,675.0],[1051.0,675.5],[1050.5,676.0],[1050.5,677.0],[1050.0,677.5],[1049.0,678.5],[1048.5,679.0],[1048.5,680.0],[1048.0,680.5],[1047.5,681.0],[1046.5,682.0],[1046.0,682.5],[1045.5,683.0],[1045.5,684.0],[1045.0,684.5],[1044.0,685.5],[1043.5,686.0],[1043.0,686.5],[1042.5,687.0],[1042.0,687.5],[1041.5,689.0],[1041.0,689.5],[1040.5,690.0],[1040.0,690.5],[1039.5,691.0],[1038.5,692.0],[1038.0,692.5],[1037.5,693.0],[1037.0,693.5],[1036.5,694.0],[1036.0,694.5],[1035.0,695.5],[1034.0,695.5],[1033.5,696.0],[1033.0,696.5],[1032.5,697.0],[1031.0,697.5],[1030.5,698.0],[1030.0,698.5]]",243065.26006258518,431116.13865413,51.251146916497426,SPW_여수로_교각_도수면,SPW_여수로_교각_도수면,SPW_0254,0.9789310464650496,19.944944871199027
frame_038953.jpg,R000045,SPL,박락,"[[311.0,562.5],[294.0,562.5],[277.0,562.5],[261.0,561.5],[246.0,559.5],[232.0,556.5],[218.0,553.5],[202.0,552.5],[186.0,551.5],[171.0,549.5],[155.0,548.5],[141.0,551.5],[125.0,552.5],[109.0,553.5],[97.5,548.0],[94.5,534.0],[97.5,520.0],[103.0,508.5],[110.0,498.5],[118.0,489.5],[126.5,481.0],[135.5,473.0],[144.0,464.5],[149.5,453.0],[155.5,442.0],[164.0,433.5],[173.0,425.5],[179.5,415.0],[187.5,406.0],[197.5,399.0],[209.0,393.5],[222.0,389.5],[236.0,386.5],[248.0,381.5],[262.0,378.5],[273.0,372.5],[284.0,366.5],[297.0,362.5],[307.0,355.5],[319.0,350.5],[331.0,345.5],[343.0,340.5],[358.0,338.5],[374.0,337.5],[391.0,337.5],[407.0,336.5],[424.0,336.5],[439.0,334.5],[455.0,333.5],[472.0,333.5],[486.0,330.5],[502.0,329.5],[517.0,327.5],[532.0,325.5],[546.5,323.0],[561.0,320.5],[575.0,317.5],[591.0,316.5],[604.5,313.0],[617.0,308.5],[632.0,306.5],[648.5,307.0],[665.0,307.5],[681.0,308.5],[697.0,307.5],[711.0,304.5],[727.0,303.5],[743.0,304.5],[758.0,306.5],[774.0,307.5],[791.0,307.5],[808.0,307.5],[823.5,306.0],[838.0,303.5],[853.5,302.0],[869.0,300.5],[885.0,299.5],[900.0,297.5],[915.0,295.5],[931.0,294.5],[947.0,293.5],[962.0,291.5],[979.0,291.5],[994.5,293.0],[1011.0,293.5],[1027.0,294.5],[1044.0,294.5],[1060.0,293.5],[1075.0,291.5],[1089.0,288.5],[1103.0,285.5],[1117.0,282.5],[1133.0,281.5],[1147.5,284.0],[1160.5,288.0],[1174.0,291.5],[1188.0,294.5],[1203.0,296.5],[1217.5,299.0],[1233.0,298.5],[1249.0,299.5],[1266.0,299.5],[1282.0,300.5],[1299.0,300.5],[1316.0,300.5],[1331.0,302.5],[1347.0,301.5],[1363.0,302.5],[1377.0,305.5],[1394.0,305.5],[1410.0,306.5],[1426.0,305.5],[1442.0,306.5],[1459.0,306.5],[1474.0,304.5],[1488.0,303.5],[1504.0,302.5],[1519.0,300.5],[1536.0,300.5],[1552.0,299.5],[1568.0,298.5],[1582.0,297.5],[1599.0,297.5],[1614.0,295.5],[1630.0,294.5],[1647.0,294.5],[1663.0,295.5],[1679.0,296.5],[1694.0,297.5],[1711.0,297.5],[1727.0,298.5],[1744.0,298.5],[1761.0,298.5],[1776.0,300.5],[1793.0,300.5],[1809.0,301.5],[1824.0,303.5],[1838.0,306.5],[1852.0,309.5],[1865.5,313.0],[1879.0,316.5],[1891.5,321.0],[1905.0,324.5],[1917.5,329.0],[1919.5,344.0],[1919.5,361.0],[1919.5,378.0],[1919.5,395.0],[1919.5,412.0],[1919.5,429.0],[1919.5,446.0],[1919.5,463.0],[1919.5,480.0],[1919.5,497.0],[1919.5,514.0],[1912.0,523.5],[1899.0,527.5],[1887.0,532.5],[1874.0,536.5],[1860.0,539.5],[1843.0,539.5],[1826.5,540.0],[1811.0,541.5],[1797.0,544.5],[1781.5,546.0],[1765.0,546.5],[1748.5,547.0],[1732.5,548.0],[1717.0,549.5],[1703.0,552.5],[1687.0,553.5],[1671.0,554.5],[1654.0,554.5],[1638.0,555.5],[1623.0,557.5],[1606.0,557.5],[1589.0,557.5],[1572.0,557.5],[1556.0,556.5],[1540.0,557.5],[1523.0,557.5],[1507.0,556.5],[1491.0,555.5],[1475.0,554.5],[1458.0,554.5],[1442.0,555.5],[1426.0,554.5],[1409.0,554.5],[1393.0,553.5],[1376.0,553.5],[1360.0,554.5],[1344.0,553.5],[1329.0,551.5],[1312.0,551.5],[1295.0,551.5],[1279.0,550.5],[1262.0,550.5],[1247.0,550.5],[1230.5,550.0],[1214.0,549.5],[1197.0,549.5],[1180.0,549.5],[1164.0,548.5],[1148.0,547.5],[1132.0,546.5],[1116.0,547.5],[1099.0,547.5],[1082.5,547.0],[1067.0,545.5],[1050.0,545.5],[1034.0,546.5],[1018.0,547.5],[1002.0,548.5],[986.0,549.5],[971.0,551.5],[955.0,552.5],[939.0,553.5],[923.0,554.5],[906.0,554.5],[890.0,555.5],[874.0,556.5],[859.0,558.5],[844.0,560.5],[827.0,560.5],[810.0,560.5],[794.0,561.5],[778.0,560.5],[761.0,560.5],[745.0,559.5],[728.0,559.5],[713.0,559.5],[697.0,558.5],[680.0,558.5],[663.0,558.5],[648.0,556.5],[633.0,554.5],[617.0,555.5],[601.0,556.5],[585.5,555.0],[569.0,554.5],[552.0,554.5],[536.0,553.5],[519.0,553.5],[503.0,552.5],[487.0,551.5],[470.0,551.5],[454.0,552.5],[437.0,552.5],[421.0,553.5],[405.0,554.5],[389.0,555.5],[373.5,557.0],[358.0,558.5],[342.0,559.5],[326.0,560.5],[311.0,562.5]]",243067.6730768876,431112.2520964774,52.68164124398929,SPW_여수로_교각_도수면,SPW_여수로_교각_도수면,SPW_0234,0.9976214260607156,24.396298675081304
frame_039153.jpg,R000048,SPL,박락,"[[1085.0,514.5],[1083.0,514.5],[1082.0,514.5],[1080.0,514.5],[1078.0,514.5],[1077.0,513.5],[1076.0,513.5],[1074.0,513.5],[1072.0,513.5],[1071.5,513.0],[1070.0,512.5],[1068.0,512.5],[1067.0,511.5],[1066.0,511.5],[1065.0,510.5],[1063.5,510.0],[1063.0,509.5],[1061.5,509.0],[1060.0,508.5],[1059.0,507.5],[1058.0,507.5],[1057.0,506.5],[1056.0,505.5],[1054.5,505.0],[1054.5,504.0],[1053.5,503.0],[1052.5,502.0],[1052.0,501.5],[1051.5,500.0],[1050.5,499.0],[1050.0,497.5],[1049.5,497.0],[1048.5,496.0],[1048.0,494.5],[1047.5,494.0],[1047.0,492.5],[1046.5,491.0],[1045.5,490.0],[1045.5,489.0],[1045.0,487.5],[1044.5,486.0],[1044.5,485.0],[1044.5,483.0],[1044.5,481.0],[1044.5,479.0],[1044.5,478.0],[1045.0,476.5],[1045.5,475.0],[1045.5,474.0],[1046.5,473.0],[1047.0,471.5],[1048.0,470.5],[1048.5,470.0],[1049.0,468.5],[1050.0,467.5],[1050.5,467.0],[1051.5,466.0],[1052.5,465.0],[1053.5,464.0],[1054.0,463.5],[1055.0,462.5],[1056.0,461.5],[1056.5,461.0],[1057.5,460.0],[1058.5,459.0],[1059.5,458.0],[1060.0,457.5],[1061.0,456.5],[1062.0,455.5],[1063.0,454.5],[1063.5,454.0],[1064.0,452.5],[1065.0,451.5],[1065.5,451.0],[1066.0,449.5],[1066.5,448.0],[1067.5,447.0],[1068.0,446.5],[1068.5,445.0],[1069.5,444.0],[1070.0,443.5],[1071.0,442.5],[1072.0,441.5],[1073.0,440.5],[1073.5,440.0],[1074.5,439.0],[1075.5,438.0],[1075.5,437.0],[1076.5,436.0],[1077.5,435.0],[1078.5,434.0],[1079.0,433.5],[1079.5,432.0],[1080.5,431.0],[1080.5,430.0],[1081.5,429.0],[1082.0,427.5],[1082.5,426.0],[1082.5,425.0],[1083.5,424.0],[1083.5,422.0],[1084.0,421.5],[1084.5,420.0],[1085.0,418.5],[1085.5,417.0],[1085.5,416.0],[1086.0,414.5],[1086.5,413.0],[1087.0,411.5],[1087.5,411.0],[1087.5,409.0],[1088.5,408.0],[1088.5,407.0],[1090.0,406.5],[1091.0,405.5],[1092.0,404.5],[1092.5,404.0],[1093.5,403.0],[1095.0,402.5],[1095.5,402.0],[1096.5,401.0],[1097.5,400.0],[1099.0,399.5],[1099.5,399.0],[1101.0,398.5],[1103.0,398.5],[1103.5,398.0],[1105.0,397.5],[1107.0,397.5],[1109.0,397.5],[1109.5,397.0],[1111.0,396.5],[1113.0,396.5],[1114.0,396.5],[1116.0,396.5],[1118.0,396.5],[1120.0,396.5],[1121.0,396.5],[1123.0,396.5],[1125.0,396.5],[1125.5,397.0],[1127.0,397.5],[1129.0,397.5],[1130.0,398.5],[1131.0,398.5],[1132.5,399.0],[1134.0,399.5],[1134.5,400.0],[1135.5,401.0],[1137.0,401.5],[1138.0,402.5],[1138.5,403.0],[1139.5,404.0],[1141.0,404.5],[1142.0,405.5],[1142.5,406.0],[1143.5,407.0],[1144.5,408.0],[1144.5,409.0],[1144.5,411.0],[1144.5,413.0],[1145.5,414.0],[1145.5,415.0],[1145.5,417.0],[1145.5,419.0],[1145.5,420.0],[1145.5,422.0],[1144.5,423.0],[1144.5,425.0],[1144.5,426.0],[1144.5,428.0],[1143.5,429.0],[1143.5,430.0],[1143.5,432.0],[1143.5,434.0],[1143.5,436.0],[1143.5,437.0],[1143.5,439.0],[1143.5,441.0],[1143.5,442.0],[1143.5,444.0],[1143.5,446.0],[1143.5,448.0],[1143.5,449.0],[1142.5,450.0],[1142.5,452.0],[1142.5,453.0],[1142.0,454.5],[1141.5,456.0],[1141.0,457.5],[1140.5,458.0],[1140.5,460.0],[1139.5,461.0],[1139.5,463.0],[1139.5,464.0],[1138.5,465.0],[1138.5,467.0],[1138.0,467.5],[1137.5,469.0],[1136.5,470.0],[1136.0,471.5],[1135.5,472.0],[1135.5,474.0],[1134.5,475.0],[1134.5,476.0],[1133.5,477.0],[1133.0,478.5],[1132.5,480.0],[1132.5,481.0],[1131.5,482.0],[1131.0,483.5],[1130.5,484.0],[1129.5,485.0],[1129.0,486.5],[1128.0,487.5],[1127.5,488.0],[1127.0,489.5],[1126.0,490.5],[1125.5,491.0],[1124.5,492.0],[1123.5,493.0],[1122.5,494.0],[1122.0,494.5],[1121.0,495.5],[1119.5,496.0],[1119.0,496.5],[1118.0,497.5],[1116.5,498.0],[1115.5,499.0],[1115.0,499.5],[1113.5,500.0],[1112.0,500.5],[1111.5,501.0],[1110.5,502.0],[1109.0,502.5],[1108.0,503.5],[1107.5,504.0],[1106.0,504.5],[1105.0,505.5],[1104.0,506.5],[1103.5,507.0],[1102.5,508.0],[1101.0,508.5],[1100.5,509.0],[1099.5,510.0],[1098.0,510.5],[1097.0,511.5],[1096.0,511.5],[1094.5,512.0],[1093.0,512.5],[1092.5,513.0],[1091.0,513.5],[1089.0,513.5],[1087.0,513.5],[1086.0,513.5],[1085.0,514.5]]",243068.6966354081,431108.68781968247,52.464452392703,SPW_여수로_교각_도수면,SPW_여수로_교각_도수면,SPW_0235,0.9875393847293574,28.10116981281225
frame_039203.jpg,R000049,SPL,박락,"[[1641.0,658.5],[1622.0,658.5],[1604.0,657.5],[1587.0,658.5],[1569.0,657.5],[1550.0,657.5],[1532.0,656.5],[1514.0,656.5],[1496.0,655.5],[1478.0,654.5],[1459.0,654.5],[1440.0,654.5],[1422.5,654.0],[1405.0,652.5],[1386.0,652.5],[1368.0,651.5],[1350.0,650.5],[1334.0,648.5],[1318.5,645.0],[1301.0,643.5],[1284.5,641.0],[1269.5,638.0],[1252.0,636.5],[1235.5,634.0],[1220.0,630.5],[1204.0,627.5],[1189.0,624.5],[1170.0,624.5],[1151.0,624.5],[1132.0,624.5],[1113.0,624.5],[1096.0,623.5],[1079.0,625.5],[1063.0,628.5],[1047.0,631.5],[1032.0,634.5],[1015.0,636.5],[998.0,638.5],[982.0,641.5],[966.0,644.5],[950.0,646.5],[934.0,649.5],[917.0,651.5],[900.0,653.5],[883.0,653.5],[868.5,650.0],[853.0,646.5],[837.0,643.5],[820.0,641.5],[806.0,637.5],[789.0,635.5],[773.5,632.0],[758.0,628.5],[741.0,626.5],[724.0,625.5],[705.0,625.5],[687.0,626.5],[669.0,627.5],[652.0,628.5],[634.5,630.0],[617.0,631.5],[600.0,633.5],[583.0,633.5],[566.0,632.5],[549.0,630.5],[531.0,629.5],[513.0,628.5],[495.0,627.5],[479.0,625.5],[462.0,623.5],[443.0,623.5],[425.0,622.5],[408.0,621.5],[391.0,621.5],[374.0,623.5],[359.0,627.5],[342.0,627.5],[326.0,625.5],[309.0,623.5],[292.0,621.5],[276.0,618.5],[261.0,614.5],[246.0,611.5],[232.0,606.5],[213.0,606.5],[195.5,608.0],[179.0,609.5],[162.0,607.5],[144.0,606.5],[126.0,605.5],[108.0,604.5],[91.0,603.5],[73.0,604.5],[55.0,605.5],[39.5,609.0],[24.0,612.5],[7.5,611.0],[3.5,596.0],[4.5,578.0],[2.5,561.0],[1.5,544.0],[5.5,529.0],[19.0,523.5],[34.0,519.5],[51.5,519.0],[67.0,521.5],[85.0,520.5],[103.0,521.5],[121.0,520.5],[135.5,517.0],[147.5,510.0],[157.0,500.5],[171.0,495.5],[182.5,503.0],[193.0,510.5],[209.0,513.5],[219.0,504.5],[219.5,490.0],[223.5,475.0],[236.0,469.5],[249.0,475.5],[266.0,477.5],[281.0,473.5],[297.0,471.5],[314.0,473.5],[326.5,480.0],[334.5,491.0],[345.5,499.0],[361.0,497.5],[373.5,491.0],[391.0,491.5],[406.0,493.5],[419.5,488.0],[429.0,479.5],[442.5,474.0],[459.0,471.5],[476.0,473.5],[492.0,473.5],[510.0,474.5],[529.0,474.5],[547.0,475.5],[563.0,474.5],[578.0,471.5],[595.0,469.5],[611.0,466.5],[627.5,464.0],[643.0,460.5],[657.0,456.5],[672.0,452.5],[689.5,451.0],[705.0,447.5],[716.5,441.0],[728.0,433.5],[746.0,432.5],[763.0,434.5],[781.0,433.5],[795.0,437.5],[808.5,443.0],[821.0,449.5],[834.0,443.5],[839.5,431.0],[846.0,418.5],[860.0,413.5],[878.0,414.5],[893.5,418.0],[909.0,420.5],[924.0,424.5],[940.0,427.5],[956.0,430.5],[972.0,433.5],[988.0,431.5],[1007.0,431.5],[1023.0,430.5],[1037.0,425.5],[1049.5,420.0],[1064.0,415.5],[1081.0,413.5],[1099.0,414.5],[1117.0,415.5],[1134.0,416.5],[1152.5,417.0],[1170.0,418.5],[1188.0,419.5],[1205.0,419.5],[1221.0,417.5],[1236.0,413.5],[1251.0,409.5],[1268.0,407.5],[1285.0,408.5],[1302.0,410.5],[1319.0,412.5],[1337.0,413.5],[1353.0,414.5],[1369.0,416.5],[1387.0,417.5],[1405.0,418.5],[1421.5,421.0],[1438.0,423.5],[1456.0,423.5],[1475.0,423.5],[1493.0,422.5],[1510.0,420.5],[1528.0,420.5],[1545.0,418.5],[1564.0,418.5],[1581.5,417.0],[1600.0,416.5],[1616.0,414.5],[1634.0,413.5],[1650.5,416.0],[1664.5,421.0],[1678.0,425.5],[1691.5,431.0],[1701.5,440.0],[1711.0,449.5],[1721.0,458.5],[1733.0,464.5],[1748.0,468.5],[1766.0,469.5],[1784.5,469.0],[1802.0,469.5],[1818.0,467.5],[1826.5,457.0],[1834.0,445.5],[1848.0,440.5],[1864.0,438.5],[1873.5,448.0],[1881.5,459.0],[1892.0,467.5],[1906.0,470.5],[1919.5,475.0],[1919.5,494.0],[1919.5,513.0],[1919.5,532.0],[1919.5,551.0],[1919.5,569.0],[1919.5,588.0],[1919.5,607.0],[1919.5,626.0],[1919.5,644.0],[1912.0,651.5],[1894.5,653.0],[1877.0,654.5],[1859.0,653.5],[1841.0,653.5],[1822.0,653.5],[1804.0,654.5],[1786.0,655.5],[1768.0,656.5],[1750.5,656.0],[1732.0,655.5],[1713.0,655.5],[1695.0,656.5],[1677.0,656.5],[1658.0,656.5],[1641.0,658.5]]",243068.7591187627,431108.5010613607,52.464452392703,SPW_여수로_교각_도수면,SPW_여수로_교각_도수면,SPW_0235,0.9956747717393727,28.298103406562248
frame_039253.jpg,R000050,SPL,박락,"[[440.0,509.5],[438.0,509.5],[436.0,509.5],[434.0,509.5],[432.0,509.5],[430.0,509.5],[427.0,509.5],[425.0,509.5],[423.0,509.5],[421.5,509.0],[420.0,508.5],[418.0,508.5],[416.0,508.5],[414.0,508.5],[413.0,507.5],[411.0,507.5],[409.0,507.5],[407.5,507.0],[405.0,506.5],[404.0,505.5],[402.0,505.5],[401.0,504.5],[399.5,504.0],[398.5,503.0],[397.0,502.5],[396.0,501.5],[395.0,500.5],[394.0,499.5],[393.5,498.0],[392.5,496.0],[391.5,495.0],[391.5,493.0],[390.5,492.0],[390.5,490.0],[391.5,489.0],[391.5,487.0],[392.5,486.0],[392.5,484.0],[393.5,483.0],[394.0,481.5],[394.5,480.0],[395.0,477.5],[395.5,476.0],[396.5,475.0],[397.0,473.5],[398.0,472.5],[398.5,471.0],[399.5,470.0],[400.0,468.5],[401.0,467.5],[402.0,466.5],[403.0,465.5],[404.0,464.5],[405.5,463.0],[406.5,462.0],[407.5,461.0],[408.5,460.0],[409.5,459.0],[410.5,458.0],[411.5,457.0],[412.5,456.0],[413.5,455.0],[415.0,454.5],[416.0,453.5],[417.5,452.0],[418.5,451.0],[419.0,449.5],[420.0,448.5],[421.0,447.5],[422.0,446.5],[423.0,445.5],[423.5,444.0],[424.5,443.0],[425.5,442.0],[426.5,441.0],[427.0,439.5],[428.5,438.0],[429.0,436.5],[430.0,435.5],[431.0,434.5],[432.0,433.5],[433.0,432.5],[434.0,431.5],[434.5,430.0],[435.5,429.0],[436.0,427.5],[437.0,426.5],[438.0,424.5],[438.5,423.0],[439.5,422.0],[438.5,421.0],[438.5,419.0],[438.5,417.0],[438.5,415.0],[438.0,413.5],[437.5,412.0],[436.5,411.0],[436.0,409.5],[435.5,408.0],[434.0,406.5],[433.0,405.5],[432.0,404.5],[431.0,403.5],[430.0,402.5],[429.0,401.5],[428.0,400.5],[427.0,399.5],[426.0,398.5],[425.0,397.5],[424.0,396.5],[423.0,395.5],[421.0,394.5],[420.0,393.5],[418.5,393.0],[417.5,392.0],[417.5,390.0],[417.5,388.0],[417.5,386.0],[418.5,385.0],[419.0,383.5],[420.5,383.0],[421.5,382.0],[423.5,381.0],[425.0,380.5],[426.5,380.0],[428.0,379.5],[430.0,379.5],[432.0,379.5],[434.0,379.5],[435.0,378.5],[437.0,378.5],[439.0,378.5],[441.0,378.5],[443.0,378.5],[446.0,378.5],[448.0,378.5],[450.0,378.5],[452.0,378.5],[453.0,377.5],[455.0,377.5],[457.0,377.5],[459.0,377.5],[460.0,376.5],[461.0,377.5],[463.0,377.5],[466.0,377.5],[468.0,377.5],[470.0,377.5],[471.0,378.5],[473.0,378.5],[475.0,378.5],[476.5,379.0],[478.0,379.5],[479.5,380.0],[481.0,380.5],[482.5,381.0],[484.0,381.5],[485.5,383.0],[487.0,383.5],[488.0,384.5],[489.0,385.5],[490.0,386.5],[490.5,388.0],[491.5,389.0],[492.5,390.0],[493.0,391.5],[494.0,392.5],[494.5,394.0],[494.5,396.0],[495.5,398.0],[495.5,400.0],[495.5,402.0],[494.5,403.0],[494.5,405.0],[493.5,406.0],[493.5,408.0],[493.5,410.0],[492.5,411.0],[492.5,413.0],[492.0,414.5],[491.5,417.0],[490.5,418.0],[490.5,420.0],[489.5,421.0],[489.5,423.0],[489.5,425.0],[490.0,426.5],[490.5,428.0],[490.5,430.0],[491.5,431.0],[492.0,432.5],[493.0,433.5],[494.0,435.5],[494.5,437.0],[495.5,438.0],[495.5,440.0],[495.5,442.0],[495.5,444.0],[495.5,446.0],[494.5,447.0],[494.5,449.0],[494.0,450.5],[493.5,452.0],[492.5,454.0],[491.5,455.0],[490.5,456.0],[489.5,457.0],[488.5,458.0],[487.5,459.0],[487.0,460.5],[486.0,461.5],[485.0,462.5],[484.0,463.5],[483.0,464.5],[482.0,465.5],[480.5,467.0],[479.5,468.0],[478.5,469.0],[477.5,470.0],[477.0,471.5],[476.0,472.5],[475.5,474.0],[474.5,475.0],[473.5,476.0],[472.5,477.0],[471.5,478.0],[470.5,479.0],[469.0,480.5],[468.5,482.0],[467.5,483.0],[466.5,484.0],[466.0,485.5],[465.0,486.5],[464.5,488.0],[463.5,489.0],[463.0,490.5],[462.0,491.5],[461.5,493.0],[460.0,494.5],[459.0,495.5],[458.0,496.5],[457.0,497.5],[456.0,498.5],[455.0,499.5],[454.0,500.5],[453.0,501.5],[451.5,502.0],[450.5,503.0],[449.5,504.0],[448.5,505.0],[447.0,506.5],[445.5,507.0],[444.5,508.0],[443.0,508.5],[441.0,508.5],[440.0,509.5]]",243068.7691324386,431108.47113119264,52.464452392703,SPW_여수로_교각_도수면,SPW_여수로_교각_도수면,SPW_0235,0.9802519779267278,28.32966427895808
frame_039253.jpg,R000051,SPL,박락,"[[1773.0,674.5],[1753.0,673.5],[1732.0,672.5],[1713.0,670.5],[1694.0,668.5],[1673.0,667.5],[1655.0,664.5],[1636.0,662.5],[1616.0,660.5],[1597.0,658.5],[1578.0,656.5],[1558.5,654.0],[1539.0,652.5],[1518.0,651.5],[1499.0,649.5],[1478.0,649.5],[1456.0,649.5],[1435.0,649.5],[1414.0,649.5],[1392.5,650.0],[1374.0,652.5],[1354.0,653.5],[1335.0,656.5],[1316.0,658.5],[1298.0,661.5],[1279.0,664.5],[1260.0,666.5],[1239.0,666.5],[1219.0,664.5],[1202.0,660.5],[1184.0,657.5],[1164.0,655.5],[1146.0,652.5],[1126.0,650.5],[1107.0,650.5],[1087.0,651.5],[1067.0,653.5],[1046.0,653.5],[1026.0,652.5],[1006.0,650.5],[987.0,648.5],[969.0,645.5],[950.0,642.5],[931.0,640.5],[913.0,637.5],[894.5,634.0],[877.0,630.5],[859.0,627.5],[840.0,624.5],[822.0,621.5],[806.5,616.0],[791.5,609.0],[773.0,606.5],[753.0,607.5],[733.0,605.5],[713.0,606.5],[695.0,602.5],[680.5,596.0],[668.5,587.0],[651.5,582.0],[639.0,589.5],[630.0,601.5],[616.0,609.5],[600.0,614.5],[584.0,619.5],[565.0,622.5],[547.0,625.5],[528.0,627.5],[507.0,628.5],[487.0,629.5],[466.0,629.5],[447.5,626.0],[429.0,623.5],[413.5,618.0],[400.0,609.5],[389.0,599.5],[376.0,590.5],[361.5,584.0],[343.0,581.5],[325.0,585.5],[306.0,587.5],[287.0,589.5],[267.0,591.5],[248.0,593.5],[229.0,595.5],[210.0,598.5],[190.0,599.5],[171.0,597.5],[152.0,594.5],[132.5,593.0],[113.0,591.5],[93.0,589.5],[74.0,587.5],[57.0,583.5],[42.5,576.0],[34.5,563.0],[41.0,547.5],[57.5,546.0],[75.0,549.5],[95.0,549.5],[114.5,549.0],[132.0,552.5],[152.5,553.0],[171.0,554.5],[185.0,561.5],[203.5,565.0],[220.0,569.5],[239.0,567.5],[256.0,562.5],[270.5,556.0],[289.0,553.5],[309.0,555.5],[327.5,553.0],[341.5,546.0],[340.5,529.0],[352.0,519.5],[364.0,528.5],[376.5,538.0],[390.0,545.5],[402.0,555.5],[419.5,558.0],[434.0,551.5],[453.0,548.5],[470.5,550.0],[483.5,558.0],[494.0,569.5],[509.0,575.5],[525.0,580.5],[543.5,581.0],[556.5,573.0],[553.5,557.0],[548.5,540.0],[553.5,526.0],[565.0,516.5],[583.0,514.5],[599.0,519.5],[611.5,513.0],[621.5,501.0],[633.5,492.0],[648.0,486.5],[661.5,494.0],[669.5,507.0],[685.0,513.5],[701.0,512.5],[718.0,508.5],[737.0,505.5],[750.5,498.0],[757.5,484.0],[769.0,473.5],[785.0,468.5],[798.0,476.5],[812.0,484.5],[830.0,485.5],[845.0,479.5],[850.0,465.5],[846.5,448.0],[850.0,430.5],[856.0,416.5],[874.0,417.5],[890.5,422.0],[894.0,435.5],[899.5,450.0],[906.5,465.0],[922.0,470.5],[939.0,470.5],[956.0,465.5],[976.0,466.5],[995.0,466.5],[1016.0,467.5],[1037.0,467.5],[1055.5,469.0],[1075.5,470.0],[1096.0,470.5],[1116.0,469.5],[1134.0,471.5],[1143.5,483.0],[1151.5,496.0],[1170.0,497.5],[1188.0,500.5],[1198.5,511.0],[1209.5,522.0],[1222.0,530.5],[1232.5,542.0],[1234.5,559.0],[1245.0,569.5],[1263.0,573.5],[1278.0,579.5],[1294.5,581.0],[1308.0,572.5],[1314.5,558.0],[1314.5,539.0],[1321.0,523.5],[1333.0,514.5],[1350.5,516.0],[1354.5,528.0],[1352.5,545.0],[1361.0,557.5],[1375.0,549.5],[1376.5,532.0],[1373.5,516.0],[1384.0,504.5],[1394.5,494.0],[1403.5,481.0],[1412.0,468.5],[1424.0,459.5],[1435.5,449.0],[1447.0,439.5],[1460.5,435.0],[1467.5,450.0],[1474.0,464.5],[1484.5,475.0],[1481.5,490.0],[1471.0,500.5],[1461.0,511.5],[1452.0,524.5],[1444.5,538.0],[1446.0,553.5],[1459.0,562.5],[1471.0,571.5],[1477.0,586.5],[1494.0,589.5],[1514.0,588.5],[1532.5,590.0],[1552.0,587.5],[1572.0,588.5],[1593.0,587.5],[1613.0,588.5],[1633.0,589.5],[1650.5,594.0],[1667.0,598.5],[1682.0,604.5],[1695.0,613.5],[1708.5,621.0],[1726.0,624.5],[1743.0,629.5],[1758.0,635.5],[1777.0,633.5],[1794.0,628.5],[1812.0,625.5],[1830.0,622.5],[1847.0,617.5],[1863.0,612.5],[1879.0,607.5],[1896.0,602.5],[1911.0,596.5],[1919.5,608.0],[1910.0,619.5],[1890.0,620.5],[1875.0,627.5],[1859.0,632.5],[1845.5,640.0],[1830.0,646.5],[1815.5,653.0],[1802.0,660.5],[1789.0,669.5],[1773.0,674.5]]",243068.84200076674,431108.2533329204,52.464452392703,SPW_여수로_교각_도수면,SPW_여수로_교각_도수면,SPW_0235,0.9872048186364505,28.559328992499747
frame_039303.jpg,R000052,SPL,박락,"[[1443.0,697.5],[1426.5,697.0],[1411.0,695.5],[1395.0,694.5],[1379.0,693.5],[1364.0,691.5],[1349.0,689.5],[1333.0,688.5],[1317.0,687.5],[1303.0,684.5],[1286.0,684.5],[1270.0,683.5],[1255.0,681.5],[1239.0,680.5],[1224.0,678.5],[1208.5,677.0],[1194.0,674.5],[1177.0,674.5],[1161.0,673.5],[1146.0,671.5],[1130.0,670.5],[1113.0,670.5],[1098.0,672.5],[1082.0,673.5],[1067.0,675.5],[1051.0,676.5],[1035.0,677.5],[1018.0,677.5],[1003.0,679.5],[987.0,680.5],[971.0,681.5],[955.0,682.5],[939.0,683.5],[923.0,684.5],[907.5,686.0],[891.0,686.5],[874.0,686.5],[858.0,687.5],[843.0,689.5],[827.0,690.5],[812.0,690.5],[797.0,688.5],[782.0,686.5],[767.0,684.5],[752.0,682.5],[737.5,680.0],[724.0,676.5],[708.0,675.5],[691.0,675.5],[675.0,676.5],[660.0,678.5],[644.0,679.5],[628.0,680.5],[612.5,679.0],[598.0,676.5],[582.0,675.5],[566.0,674.5],[551.0,672.5],[535.0,671.5],[521.0,668.5],[509.0,663.5],[496.5,659.0],[482.0,656.5],[466.0,655.5],[451.0,653.5],[435.0,652.5],[419.0,651.5],[404.5,649.0],[392.0,644.5],[380.0,639.5],[368.0,634.5],[353.0,634.5],[338.5,637.0],[323.0,638.5],[308.0,636.5],[296.5,631.0],[284.5,626.0],[273.0,620.5],[262.0,614.5],[250.5,609.0],[241.0,601.5],[234.5,591.0],[222.0,586.5],[209.5,589.0],[199.0,593.5],[188.5,587.0],[187.5,573.0],[189.5,558.0],[187.5,543.0],[184.5,529.0],[187.5,515.0],[189.5,502.0],[187.5,487.0],[186.5,471.0],[189.5,457.0],[201.0,451.5],[215.0,448.5],[225.5,442.0],[234.5,434.0],[243.0,425.5],[252.0,417.5],[261.0,409.5],[272.0,403.5],[283.0,397.5],[298.0,395.5],[314.0,396.5],[329.0,398.5],[345.0,397.5],[359.0,394.5],[373.0,391.5],[388.0,391.5],[401.0,395.5],[415.0,398.5],[428.5,402.0],[443.0,404.5],[460.0,404.5],[477.0,404.5],[492.0,402.5],[509.0,402.5],[524.0,404.5],[540.0,403.5],[554.0,400.5],[569.0,398.5],[583.0,395.5],[599.0,394.5],[615.5,395.0],[631.0,394.5],[647.0,393.5],[661.0,393.5],[678.0,393.5],[694.0,394.5],[711.0,394.5],[727.0,393.5],[743.0,394.5],[760.0,394.5],[777.0,394.5],[794.0,394.5],[810.0,393.5],[822.5,389.0],[836.0,385.5],[849.5,382.0],[865.0,382.5],[879.0,385.5],[892.0,389.5],[908.0,390.5],[923.0,388.5],[938.0,386.5],[954.0,385.5],[971.0,385.5],[988.0,385.5],[1003.0,383.5],[1019.0,382.5],[1034.5,384.0],[1048.0,387.5],[1061.0,391.5],[1075.0,394.5],[1089.0,397.5],[1106.0,397.5],[1123.0,397.5],[1139.0,398.5],[1155.0,399.5],[1170.0,399.5],[1187.0,399.5],[1202.0,401.5],[1217.0,403.5],[1231.0,402.5],[1244.0,398.5],[1258.0,395.5],[1273.5,395.0],[1287.0,398.5],[1301.0,401.5],[1317.0,402.5],[1332.0,404.5],[1342.5,411.0],[1350.5,420.0],[1358.0,429.5],[1369.0,435.5],[1383.0,434.5],[1395.0,429.5],[1407.0,424.5],[1417.0,417.5],[1427.5,411.0],[1439.0,405.5],[1450.5,400.0],[1465.0,397.5],[1481.0,396.5],[1497.0,397.5],[1513.0,398.5],[1529.0,397.5],[1545.0,398.5],[1561.0,399.5],[1578.0,399.5],[1593.0,401.5],[1608.0,403.5],[1624.0,404.5],[1639.0,404.5],[1652.5,408.0],[1660.5,417.0],[1664.5,428.0],[1659.0,438.5],[1660.5,454.0],[1666.0,465.5],[1677.0,469.5],[1684.5,460.0],[1682.5,445.0],[1688.0,433.5],[1700.5,434.0],[1709.5,442.0],[1720.0,448.5],[1727.5,458.0],[1733.5,469.0],[1740.0,479.5],[1750.5,486.0],[1760.5,493.0],[1772.0,498.5],[1783.0,504.5],[1791.5,513.0],[1805.0,516.5],[1818.5,520.0],[1829.0,526.5],[1838.0,534.5],[1845.5,544.0],[1849.5,557.0],[1844.0,568.5],[1833.5,575.0],[1819.0,577.5],[1803.0,578.5],[1791.0,583.5],[1781.0,590.5],[1772.0,598.5],[1761.0,604.5],[1746.0,604.5],[1730.0,605.5],[1720.5,613.0],[1712.5,622.0],[1704.5,631.0],[1692.0,635.5],[1678.5,632.0],[1664.0,629.5],[1648.0,630.5],[1632.0,631.5],[1618.0,634.5],[1606.0,639.5],[1596.5,647.0],[1587.0,654.5],[1576.0,660.5],[1563.0,664.5],[1549.0,667.5],[1535.0,670.5],[1522.0,674.5],[1510.5,680.0],[1497.5,684.0],[1485.0,688.5],[1472.0,692.5],[1458.0,695.5],[1443.0,697.5]]",243068.92530028702,431108.0043565536,52.46445239270301,SPW_여수로_교각_도수면,SPW_여수로_교각_도수면,SPW_0235,0.9964843138617845,28.821870496406
frame_039353.jpg,R000054,SPL,박락,"[[1588.0,455.5],[1585.0,454.5],[1581.0,453.5],[1578.5,452.0],[1576.5,450.0],[1574.0,447.5],[1572.5,445.0],[1569.5,443.0],[1567.5,441.0],[1565.5,439.0],[1562.5,437.0],[1560.0,435.5],[1558.0,433.5],[1554.5,432.0],[1552.5,430.0],[1549.5,428.0],[1547.0,426.5],[1545.0,424.5],[1543.0,421.5],[1541.5,419.0],[1540.5,416.0],[1538.5,413.0],[1537.5,410.0],[1536.5,407.0],[1536.5,402.0],[1536.0,399.5],[1537.5,396.0],[1539.0,393.5],[1541.0,391.5],[1544.0,389.5],[1546.0,387.5],[1549.0,386.5],[1552.0,384.5],[1553.5,382.0],[1555.0,378.5],[1557.0,376.5],[1559.0,374.5],[1561.5,372.0],[1563.0,369.5],[1565.0,367.5],[1568.0,365.5],[1569.5,363.0],[1571.5,361.0],[1573.5,358.0],[1575.0,355.5],[1577.5,353.0],[1580.0,351.5],[1582.0,349.5],[1585.0,347.5],[1588.0,346.5],[1591.0,345.5],[1596.0,345.5],[1600.0,345.5],[1605.0,345.5],[1609.0,345.5],[1612.0,344.5],[1616.5,344.0],[1620.0,343.5],[1623.0,342.5],[1626.5,341.0],[1629.5,340.0],[1632.0,338.5],[1636.0,337.5],[1639.0,336.5],[1643.0,335.5],[1646.0,334.5],[1650.0,334.5],[1654.0,335.5],[1658.0,335.5],[1661.0,336.5],[1665.0,337.5],[1668.5,338.0],[1673.0,338.5],[1676.0,339.5],[1679.0,340.5],[1684.0,340.5],[1687.0,341.5],[1691.0,341.5],[1695.5,342.0],[1699.0,342.5],[1702.5,343.0],[1707.0,343.5],[1710.0,344.5],[1714.5,345.0],[1718.0,345.5],[1721.0,346.5],[1725.5,347.0],[1729.0,347.5],[1732.0,348.5],[1736.5,349.0],[1740.0,349.5],[1744.0,350.5],[1748.0,350.5],[1751.5,351.0],[1756.0,351.5],[1759.0,352.5],[1762.0,353.5],[1766.0,354.5],[1768.0,356.5],[1771.0,357.5],[1774.5,359.0],[1778.0,359.5],[1782.0,360.5],[1786.0,360.5],[1790.0,360.5],[1795.0,360.5],[1799.0,360.5],[1803.0,360.5],[1808.0,360.5],[1812.0,360.5],[1816.0,359.5],[1820.0,359.5],[1824.0,359.5],[1829.0,359.5],[1833.0,359.5],[1837.0,359.5],[1842.0,359.5],[1846.0,359.5],[1849.0,360.5],[1854.0,360.5],[1857.0,359.5],[1861.0,360.5],[1865.0,360.5],[1869.0,360.5],[1874.0,360.5],[1878.0,360.5],[1882.0,360.5],[1887.0,360.5],[1891.0,360.5],[1896.0,360.5],[1900.0,360.5],[1904.0,360.5],[1909.0,360.5],[1912.5,361.0],[1916.0,361.5],[1919.5,363.0],[1919.5,367.0],[1919.5,372.0],[1919.5,376.0],[1919.5,380.0],[1919.5,385.0],[1919.5,389.0],[1919.5,393.0],[1919.5,398.0],[1919.5,402.0],[1919.5,406.0],[1919.5,411.0],[1919.5,415.0],[1919.5,420.0],[1919.5,424.0],[1919.5,428.0],[1919.5,433.0],[1919.5,437.0],[1919.5,441.0],[1918.0,444.5],[1915.0,445.5],[1910.5,445.0],[1908.0,443.5],[1905.0,442.5],[1901.0,441.5],[1898.0,440.5],[1894.5,440.0],[1891.0,438.5],[1888.0,437.5],[1886.0,435.5],[1882.5,434.0],[1880.0,432.5],[1876.0,431.5],[1873.0,430.5],[1870.0,429.5],[1866.0,428.5],[1863.0,427.5],[1860.0,426.5],[1856.0,425.5],[1853.0,424.5],[1849.5,423.0],[1847.0,421.5],[1844.0,420.5],[1840.5,419.0],[1837.5,418.0],[1835.0,416.5],[1831.0,415.5],[1828.0,414.5],[1825.0,413.5],[1821.0,412.5],[1818.0,411.5],[1813.0,411.5],[1810.0,410.5],[1806.0,410.5],[1801.0,410.5],[1797.5,411.0],[1795.0,412.5],[1791.5,414.0],[1788.0,414.5],[1783.0,414.5],[1780.0,413.5],[1776.5,413.0],[1772.0,412.5],[1769.0,411.5],[1766.0,410.5],[1762.0,409.5],[1758.0,409.5],[1755.0,408.5],[1750.5,409.0],[1747.0,409.5],[1742.5,410.0],[1739.0,410.5],[1735.0,410.5],[1730.0,410.5],[1726.0,410.5],[1723.0,409.5],[1718.0,409.5],[1715.0,408.5],[1711.0,407.5],[1708.0,406.5],[1705.0,405.5],[1700.0,405.5],[1697.5,407.0],[1695.0,408.5],[1693.0,411.5],[1691.0,413.5],[1689.0,415.5],[1686.0,417.5],[1684.0,419.5],[1682.0,422.5],[1681.5,426.0],[1680.5,429.0],[1679.5,433.0],[1678.0,435.5],[1676.5,438.0],[1674.0,440.5],[1671.5,442.0],[1668.0,443.5],[1665.0,444.5],[1662.0,445.5],[1658.0,446.5],[1654.0,446.5],[1650.0,446.5],[1645.0,446.5],[1642.0,445.5],[1639.0,444.5],[1634.5,444.0],[1631.0,443.5],[1626.0,443.5],[1623.0,442.5],[1619.0,442.5],[1614.0,442.5],[1611.0,443.5],[1608.0,444.5],[1605.0,446.5],[1602.5,448.0],[1599.0,449.5],[1597.0,451.5],[1594.0,452.5],[1591.0,454.5],[1588.0,455.5]]",243069.09690125962,431107.4914533995,52.46445239270301,SPW_여수로_교각_도수면,SPW_여수로_교각_도수면,SPW_0235,0.9887060344642743,29.36271847817683
frame_039353.jpg,R000055,SPL,박락,"[[1273.0,448.5],[1270.0,448.5],[1268.0,448.5],[1265.0,448.5],[1263.0,448.5],[1260.0,448.5],[1258.0,448.5],[1255.0,448.5],[1253.0,448.5],[1250.5,448.0],[1249.0,447.5],[1247.0,446.5],[1245.0,446.5],[1243.0,445.5],[1242.0,444.5],[1239.5,444.0],[1238.0,443.5],[1236.0,442.5],[1234.0,442.5],[1232.0,441.5],[1230.5,441.0],[1228.0,440.5],[1227.0,439.5],[1224.5,439.0],[1223.0,438.5],[1221.0,437.5],[1220.0,436.5],[1217.5,436.0],[1216.0,435.5],[1214.0,434.5],[1212.5,434.0],[1210.0,433.5],[1208.0,433.5],[1205.0,433.5],[1203.0,433.5],[1200.0,433.5],[1199.0,432.5],[1196.0,432.5],[1194.0,432.5],[1192.0,431.5],[1190.0,431.5],[1188.0,430.5],[1186.0,430.5],[1184.0,429.5],[1183.0,428.5],[1180.5,428.0],[1179.0,427.5],[1177.0,426.5],[1175.0,426.5],[1173.0,425.5],[1171.0,425.5],[1168.0,425.5],[1166.0,424.5],[1164.0,424.5],[1161.0,424.5],[1159.0,424.5],[1157.0,423.5],[1155.0,423.5],[1153.0,422.5],[1151.0,422.5],[1149.0,421.5],[1148.0,420.5],[1146.0,419.5],[1145.0,418.5],[1143.5,417.0],[1142.5,416.0],[1141.0,414.5],[1140.0,413.5],[1138.5,412.0],[1137.5,411.0],[1136.5,409.0],[1135.5,408.0],[1134.5,406.0],[1133.5,405.0],[1132.5,403.0],[1131.5,402.0],[1130.5,400.0],[1129.5,399.0],[1129.0,396.5],[1128.5,395.0],[1127.5,393.0],[1126.5,392.0],[1127.5,390.0],[1127.5,388.0],[1128.0,385.5],[1128.5,384.0],[1128.5,381.0],[1129.0,379.5],[1129.5,377.0],[1130.5,376.0],[1131.5,374.0],[1132.0,372.5],[1133.0,370.5],[1134.0,369.5],[1135.5,368.0],[1136.5,367.0],[1138.5,366.0],[1139.5,365.0],[1141.0,363.5],[1142.0,362.5],[1143.0,360.5],[1144.0,359.5],[1146.0,358.5],[1147.5,357.0],[1148.5,356.0],[1150.0,354.5],[1151.5,354.0],[1153.0,352.5],[1154.5,352.0],[1156.0,350.5],[1157.5,350.0],[1159.5,349.0],[1161.0,348.5],[1163.0,347.5],[1165.0,347.5],[1167.0,346.5],[1169.0,346.5],[1172.0,346.5],[1173.5,346.0],[1176.0,345.5],[1178.0,345.5],[1180.5,345.0],[1182.0,344.5],[1185.0,344.5],[1187.0,344.5],[1190.0,344.5],[1192.0,344.5],[1195.0,344.5],[1197.0,344.5],[1200.0,344.5],[1202.0,344.5],[1205.0,344.5],[1207.0,344.5],[1210.0,344.5],[1212.0,344.5],[1215.0,344.5],[1217.0,344.5],[1220.0,344.5],[1222.0,344.5],[1225.0,344.5],[1227.0,344.5],[1230.0,344.5],[1232.0,344.5],[1234.5,344.0],[1236.0,343.5],[1239.0,343.5],[1241.0,343.5],[1244.0,343.5],[1245.5,343.0],[1248.0,342.5],[1250.0,342.5],[1253.0,342.5],[1255.0,342.5],[1258.0,342.5],[1261.0,342.5],[1263.0,342.5],[1265.0,341.5],[1267.0,341.5],[1270.0,341.5],[1272.0,341.5],[1275.0,341.5],[1277.0,341.5],[1280.0,341.5],[1282.0,341.5],[1285.0,341.5],[1287.0,341.5],[1289.5,341.0],[1291.0,340.5],[1294.0,340.5],[1296.0,340.5],[1299.0,340.5],[1300.5,340.0],[1303.0,339.5],[1305.0,339.5],[1308.0,339.5],[1310.0,339.5],[1313.0,339.5],[1314.5,340.0],[1317.0,340.5],[1318.5,341.0],[1321.0,341.5],[1322.0,342.5],[1324.5,343.0],[1326.0,343.5],[1328.0,344.5],[1329.0,345.5],[1331.0,346.5],[1332.5,347.0],[1333.5,349.0],[1334.0,350.5],[1334.5,353.0],[1335.5,354.0],[1336.0,356.5],[1336.5,358.0],[1336.5,361.0],[1337.5,362.0],[1336.5,364.0],[1336.0,365.5],[1335.5,368.0],[1335.0,369.5],[1334.5,372.0],[1333.5,373.0],[1332.5,375.0],[1332.0,376.5],[1331.5,379.0],[1331.0,381.5],[1330.5,383.0],[1330.5,386.0],[1329.5,387.0],[1329.5,390.0],[1329.0,391.5],[1328.5,394.0],[1328.0,395.5],[1327.5,398.0],[1327.0,399.5],[1326.0,401.5],[1325.0,402.5],[1323.5,404.0],[1322.5,405.0],[1321.0,406.5],[1320.0,407.5],[1318.5,409.0],[1317.5,410.0],[1315.5,411.0],[1314.0,411.5],[1312.5,413.0],[1311.5,414.0],[1309.5,415.0],[1308.5,416.0],[1306.5,417.0],[1305.5,418.0],[1304.0,419.5],[1303.0,420.5],[1301.0,421.5],[1300.5,423.0],[1299.0,424.5],[1298.0,425.5],[1296.5,427.0],[1295.5,428.0],[1294.0,429.5],[1293.0,430.5],[1291.5,432.0],[1290.5,433.0],[1288.5,434.0],[1287.5,435.0],[1286.0,436.5],[1285.0,437.5],[1284.0,439.5],[1283.0,440.5],[1281.5,442.0],[1281.0,443.5],[1279.5,445.0],[1278.0,445.5],[1276.0,446.5],[1275.0,447.5],[1273.0,448.5]]",243069.03202951603,431107.6853504467,52.464452392703,SPW_여수로_교각_도수면,SPW_여수로_교각_도수면,SPW_0235,0.9893169341537968,29.158257215156
frame_039403.jpg,R000057,SPL,박락,"[[853.0,465.5],[850.0,465.5],[847.0,465.5],[843.0,465.5],[840.0,465.5],[838.0,464.5],[836.0,463.5],[833.0,462.5],[830.0,462.5],[828.0,461.5],[826.0,460.5],[824.0,459.5],[821.0,458.5],[819.0,457.5],[817.0,456.5],[815.0,455.5],[812.5,455.0],[809.5,454.0],[807.5,453.0],[805.0,452.5],[803.0,451.5],[799.0,451.5],[797.0,450.5],[794.0,450.5],[791.0,450.5],[788.0,450.5],[784.0,450.5],[781.0,450.5],[778.0,450.5],[775.0,450.5],[772.0,450.5],[769.0,449.5],[766.0,449.5],[764.0,448.5],[761.5,448.0],[758.5,447.0],[756.5,446.0],[754.5,445.0],[753.0,443.5],[751.0,442.5],[748.0,441.5],[746.0,440.5],[744.0,439.5],[742.0,438.5],[740.0,437.5],[738.0,435.5],[736.0,434.5],[734.0,433.5],[732.5,432.0],[730.5,430.0],[728.5,429.0],[727.0,427.5],[725.5,426.0],[724.0,424.5],[721.0,423.5],[719.0,422.5],[716.5,422.0],[714.0,421.5],[710.5,421.0],[708.0,420.5],[705.0,420.5],[702.0,420.5],[699.5,420.0],[696.0,419.5],[693.0,419.5],[690.5,419.0],[688.0,418.5],[686.0,417.5],[683.0,416.5],[681.0,415.5],[680.0,413.5],[679.5,411.0],[678.5,408.0],[679.5,406.0],[680.5,404.0],[681.5,402.0],[682.0,399.5],[683.0,396.5],[684.0,394.5],[685.0,392.5],[686.0,390.5],[687.0,388.5],[688.0,385.5],[688.5,383.0],[689.5,381.0],[689.5,378.0],[690.0,374.5],[690.5,372.0],[691.0,369.5],[692.5,368.0],[694.5,367.0],[697.0,365.5],[699.0,364.5],[702.0,364.5],[704.0,363.5],[707.0,363.5],[711.0,363.5],[714.0,363.5],[717.0,363.5],[720.0,363.5],[724.0,363.5],[726.0,364.5],[729.0,364.5],[731.5,364.0],[734.0,363.5],[737.5,363.0],[739.5,362.0],[742.0,361.5],[744.0,360.5],[747.0,359.5],[749.5,359.0],[752.0,358.5],[754.0,357.5],[756.0,356.5],[759.0,355.5],[761.0,354.5],[764.0,354.5],[766.0,353.5],[769.0,353.5],[773.0,353.5],[775.0,352.5],[778.0,352.5],[780.5,352.0],[784.0,351.5],[787.0,351.5],[789.0,350.5],[792.0,350.5],[795.0,350.5],[799.0,350.5],[801.0,351.5],[804.0,351.5],[806.5,352.0],[809.0,352.5],[812.5,353.0],[815.0,353.5],[818.0,353.5],[821.0,353.5],[825.0,353.5],[828.0,353.5],[830.5,353.0],[833.0,352.5],[835.5,352.0],[838.0,350.5],[840.5,350.0],[842.5,349.0],[844.5,348.0],[846.5,347.0],[849.0,345.5],[851.0,344.5],[853.5,344.0],[856.0,343.5],[859.0,342.5],[862.0,342.5],[864.0,341.5],[867.0,341.5],[869.5,341.0],[873.0,340.5],[876.0,340.5],[879.0,340.5],[881.5,340.0],[885.0,339.5],[887.5,339.0],[890.0,338.5],[892.0,337.5],[895.0,337.5],[898.0,336.5],[901.0,336.5],[903.0,335.5],[906.0,335.5],[909.0,335.5],[912.0,336.5],[914.0,337.5],[916.0,338.5],[918.0,339.5],[921.0,340.5],[922.5,342.0],[924.5,343.0],[926.5,344.0],[928.5,345.0],[931.0,346.5],[933.0,347.5],[935.0,348.5],[937.0,349.5],[939.0,350.5],[941.5,352.0],[943.0,353.5],[945.0,354.5],[946.0,356.5],[948.0,358.5],[949.5,360.0],[950.5,362.0],[951.5,364.0],[952.5,366.0],[953.5,369.0],[954.5,371.0],[954.5,374.0],[954.5,377.0],[953.5,379.0],[953.0,382.5],[952.5,385.0],[952.0,387.5],[951.5,390.0],[950.5,393.0],[949.5,395.0],[948.5,397.0],[947.5,399.0],[946.5,401.0],[944.5,403.0],[943.0,404.5],[941.5,406.0],[940.5,408.0],[938.5,410.0],[937.0,411.5],[935.5,413.0],[934.0,414.5],[932.5,416.0],[930.0,417.5],[928.5,419.0],[926.5,420.0],[925.0,421.5],[923.0,422.5],[920.5,424.0],[919.0,425.5],[917.0,426.5],[915.5,428.0],[913.0,429.5],[911.0,430.5],[909.0,431.5],[907.0,432.5],[905.0,433.5],[903.0,435.5],[901.0,436.5],[898.5,437.0],[897.0,438.5],[895.0,439.5],[893.0,441.5],[891.5,443.0],[889.5,444.0],[888.0,445.5],[886.0,447.5],[884.5,449.0],[883.0,450.5],[881.5,452.0],[880.0,453.5],[877.5,455.0],[876.0,456.5],[874.0,457.5],[872.0,458.5],[870.0,459.5],[867.5,461.0],[865.0,461.5],[863.0,462.5],[861.0,463.5],[857.5,464.0],[855.0,464.5],[853.0,465.5]]",243069.05677554986,431107.61138630414,52.464452392703,SPW_여수로_교각_도수면,SPW_여수로_교각_도수면,SPW_0235,0.9911534805976587,29.236251193020582
frame_039403.jpg,R000058,SPL,박락,"[[1276.0,445.5],[1274.0,445.5],[1272.0,445.5],[1270.0,445.5],[1269.0,445.5],[1267.0,445.5],[1265.0,445.5],[1264.0,444.5],[1262.0,444.5],[1261.0,443.5],[1259.0,443.5],[1257.5,443.0],[1257.0,442.5],[1255.5,442.0],[1254.0,441.5],[1253.0,440.5],[1252.0,439.5],[1250.5,439.0],[1249.5,438.0],[1248.5,437.0],[1248.0,436.5],[1247.0,435.5],[1246.0,434.5],[1245.0,433.5],[1244.0,432.5],[1243.0,431.5],[1242.0,430.5],[1241.0,429.5],[1240.5,429.0],[1239.0,428.5],[1238.0,427.5],[1237.0,426.5],[1235.5,426.0],[1234.5,425.0],[1233.0,424.5],[1232.0,423.5],[1231.5,423.0],[1230.5,422.0],[1229.5,421.0],[1228.5,420.0],[1227.5,419.0],[1227.0,417.5],[1226.0,416.5],[1225.5,415.0],[1225.0,414.5],[1224.5,413.0],[1224.5,411.0],[1224.0,409.5],[1223.5,408.0],[1223.5,406.0],[1223.0,404.5],[1222.5,403.0],[1222.5,402.0],[1222.0,400.5],[1221.5,399.0],[1220.5,398.0],[1220.5,396.0],[1219.5,395.0],[1219.0,393.5],[1218.5,392.0],[1218.0,391.5],[1217.5,390.0],[1216.5,389.0],[1216.0,387.5],[1215.5,386.0],[1214.5,385.0],[1214.5,383.0],[1213.5,382.0],[1213.5,381.0],[1212.5,380.0],[1212.0,378.5],[1211.0,377.5],[1210.5,376.0],[1210.5,374.0],[1210.0,372.5],[1209.5,371.0],[1209.5,370.0],[1210.0,368.5],[1210.5,367.0],[1211.5,366.0],[1212.5,365.0],[1213.0,363.5],[1213.5,362.0],[1214.5,361.0],[1215.0,360.5],[1216.0,359.5],[1217.5,359.0],[1218.5,358.0],[1219.5,357.0],[1220.5,356.0],[1222.0,355.5],[1223.0,354.5],[1224.0,354.5],[1225.0,353.5],[1226.5,353.0],[1228.0,352.5],[1229.5,352.0],[1231.0,351.5],[1232.0,350.5],[1234.0,350.5],[1234.5,350.0],[1236.0,349.5],[1237.0,348.5],[1238.5,348.0],[1240.0,347.5],[1241.0,346.5],[1242.5,346.0],[1244.0,345.5],[1244.5,345.0],[1246.0,344.5],[1247.0,343.5],[1248.5,343.0],[1250.0,342.5],[1251.0,341.5],[1252.5,341.0],[1253.5,340.0],[1254.0,339.5],[1255.5,339.0],[1257.0,338.5],[1258.5,338.0],[1260.0,337.5],[1262.0,337.5],[1263.0,336.5],[1265.0,336.5],[1266.0,336.5],[1268.0,336.5],[1269.0,335.5],[1271.0,335.5],[1273.0,335.5],[1275.0,335.5],[1276.0,336.5],[1278.0,336.5],[1279.0,336.5],[1280.5,337.0],[1282.0,337.5],[1284.0,337.5],[1285.0,338.5],[1287.0,338.5],[1288.0,339.5],[1290.0,339.5],[1290.5,340.0],[1292.0,340.5],[1293.5,341.0],[1295.0,341.5],[1297.0,341.5],[1298.0,342.5],[1300.0,342.5],[1301.0,343.5],[1302.0,343.5],[1304.0,343.5],[1306.0,343.5],[1308.0,343.5],[1310.0,343.5],[1312.0,343.5],[1314.0,343.5],[1315.5,344.0],[1316.0,344.5],[1318.0,344.5],[1320.0,344.5],[1322.0,344.5],[1324.0,344.5],[1326.0,344.5],[1327.0,345.5],[1329.0,345.5],[1330.0,345.5],[1331.5,346.0],[1333.0,346.5],[1333.5,348.0],[1334.0,349.5],[1334.5,351.0],[1334.5,353.0],[1334.5,355.0],[1334.5,356.0],[1334.5,358.0],[1334.5,360.0],[1335.5,361.0],[1335.0,362.5],[1334.0,363.5],[1333.0,364.5],[1331.5,365.0],[1331.0,365.5],[1329.5,366.0],[1328.5,367.0],[1327.0,367.5],[1326.0,368.5],[1324.5,369.0],[1323.5,370.0],[1322.0,370.5],[1321.5,371.0],[1320.5,372.0],[1319.0,372.5],[1318.0,373.5],[1317.0,374.5],[1315.5,375.0],[1314.5,376.0],[1313.0,376.5],[1312.5,377.0],[1312.5,379.0],[1313.0,380.5],[1313.5,382.0],[1314.0,383.5],[1314.5,385.0],[1315.0,386.5],[1315.5,388.0],[1315.5,389.0],[1315.5,391.0],[1315.5,393.0],[1315.5,395.0],[1314.5,396.0],[1314.5,398.0],[1313.5,399.0],[1313.5,401.0],[1313.5,402.0],[1313.5,404.0],[1313.5,406.0],[1313.5,408.0],[1313.5,410.0],[1313.5,412.0],[1313.5,414.0],[1313.0,415.5],[1312.5,416.0],[1312.0,417.5],[1311.0,418.5],[1310.0,419.5],[1309.5,421.0],[1308.5,422.0],[1307.5,423.0],[1307.0,424.5],[1306.5,425.0],[1305.5,426.0],[1304.5,427.0],[1303.5,428.0],[1303.0,429.5],[1302.0,430.5],[1301.0,431.5],[1300.0,432.5],[1299.0,432.5],[1298.0,433.5],[1297.0,434.5],[1296.0,435.5],[1294.5,436.0],[1293.5,437.0],[1292.0,437.5],[1291.0,438.5],[1290.5,439.0],[1289.0,439.5],[1288.0,440.5],[1286.5,441.0],[1285.0,441.5],[1284.0,442.5],[1282.5,443.0],[1281.0,443.5],[1280.5,444.0],[1279.0,444.5],[1277.0,444.5],[1276.0,445.5]]",243069.11630892128,431107.43344527314,52.464452392703,SPW_여수로_교각_도수면,SPW_여수로_교각_도수면,SPW_0235,0.986235602077384,29.4238870979685
frame_039403.jpg,R000059,SPL,박락,"[[1726.0,491.5],[1724.0,491.5],[1722.0,491.5],[1719.0,491.5],[1717.0,491.5],[1715.0,491.5],[1713.0,491.5],[1711.0,491.5],[1709.5,491.0],[1707.0,490.5],[1705.5,490.0],[1704.0,489.5],[1702.5,489.0],[1701.0,488.5],[1700.0,487.5],[1698.0,486.5],[1697.0,485.5],[1695.5,485.0],[1694.5,484.0],[1693.5,483.0],[1692.5,482.0],[1691.5,480.0],[1690.5,479.0],[1689.5,478.0],[1689.0,476.5],[1688.5,475.0],[1687.5,474.0],[1686.5,472.0],[1686.5,470.0],[1685.5,469.0],[1685.5,467.0],[1684.5,466.0],[1684.0,463.5],[1683.5,462.0],[1683.0,460.5],[1682.5,459.0],[1682.0,457.5],[1681.5,456.0],[1680.5,454.0],[1680.5,452.0],[1680.5,450.0],[1680.5,448.0],[1680.5,446.0],[1680.5,444.0],[1680.5,441.0],[1681.0,439.5],[1681.5,438.0],[1681.5,436.0],[1682.5,435.0],[1682.5,433.0],[1683.5,431.0],[1684.0,429.5],[1684.5,428.0],[1685.0,426.5],[1685.5,425.0],[1686.5,424.0],[1687.5,422.0],[1688.0,420.5],[1688.5,419.0],[1689.5,418.0],[1691.0,417.5],[1693.0,416.5],[1694.0,415.5],[1695.0,414.5],[1696.0,413.5],[1697.0,412.5],[1698.5,412.0],[1700.5,411.0],[1702.0,410.5],[1703.0,409.5],[1705.0,409.5],[1706.0,408.5],[1708.0,408.5],[1710.0,407.5],[1712.0,407.5],[1714.0,407.5],[1715.0,406.5],[1717.0,406.5],[1718.0,405.5],[1720.5,405.0],[1722.0,404.5],[1723.0,403.5],[1724.0,402.5],[1725.5,402.0],[1727.0,401.5],[1729.0,400.5],[1730.0,399.5],[1731.0,398.5],[1731.5,397.0],[1732.5,396.0],[1733.5,394.0],[1734.5,393.0],[1734.5,391.0],[1734.0,389.5],[1733.5,388.0],[1733.5,386.0],[1733.5,383.0],[1733.5,381.0],[1733.5,379.0],[1733.5,377.0],[1733.5,375.0],[1733.5,373.0],[1733.5,370.0],[1733.5,368.0],[1733.0,366.5],[1732.5,365.0],[1732.0,363.5],[1731.5,362.0],[1731.5,359.0],[1731.5,357.0],[1731.5,355.0],[1732.0,353.5],[1732.5,352.0],[1733.5,351.0],[1734.5,349.0],[1735.0,347.5],[1736.0,346.5],[1737.5,346.0],[1739.0,345.5],[1741.0,344.5],[1742.0,343.5],[1743.5,343.0],[1745.0,342.5],[1746.5,342.0],[1748.0,341.5],[1750.5,341.0],[1752.0,340.5],[1753.5,340.0],[1755.0,339.5],[1757.0,339.5],[1759.0,339.5],[1762.0,339.5],[1764.0,339.5],[1766.0,339.5],[1768.0,339.5],[1770.0,339.5],[1772.0,339.5],[1774.0,340.5],[1775.5,341.0],[1777.0,341.5],[1778.0,342.5],[1779.0,343.5],[1781.0,344.5],[1782.0,345.5],[1783.0,346.5],[1784.0,347.5],[1785.0,348.5],[1786.0,349.5],[1787.5,351.0],[1788.5,352.0],[1789.5,353.0],[1790.5,354.0],[1791.5,355.0],[1792.5,356.0],[1793.5,358.0],[1793.5,360.0],[1794.5,361.0],[1795.0,362.5],[1795.5,364.0],[1796.5,365.0],[1797.5,367.0],[1798.0,368.5],[1798.5,370.0],[1798.5,372.0],[1798.5,374.0],[1798.5,376.0],[1798.5,379.0],[1798.0,380.5],[1797.5,382.0],[1797.5,384.0],[1796.5,385.0],[1796.5,388.0],[1797.0,389.5],[1797.5,391.0],[1797.5,393.0],[1798.0,394.5],[1798.5,396.0],[1799.5,398.0],[1800.0,399.5],[1800.5,401.0],[1800.5,403.0],[1800.5,405.0],[1800.5,407.0],[1800.5,410.0],[1800.5,412.0],[1800.5,414.0],[1800.5,416.0],[1800.5,418.0],[1800.5,420.0],[1800.0,422.5],[1799.5,424.0],[1799.5,426.0],[1799.0,427.5],[1798.5,429.0],[1798.0,430.5],[1797.5,433.0],[1796.5,434.0],[1796.5,436.0],[1795.5,437.0],[1795.5,439.0],[1794.5,441.0],[1794.0,442.5],[1793.5,444.0],[1793.0,445.5],[1792.0,446.5],[1791.0,447.5],[1789.0,448.5],[1787.5,449.0],[1786.0,449.5],[1785.0,450.5],[1783.5,451.0],[1782.0,451.5],[1780.0,452.5],[1779.0,453.5],[1778.0,454.5],[1776.5,455.0],[1775.0,455.5],[1774.0,456.5],[1772.0,457.5],[1770.5,458.0],[1769.0,458.5],[1768.0,459.5],[1766.5,460.0],[1765.0,460.5],[1763.0,461.5],[1762.0,462.5],[1760.5,463.0],[1759.0,463.5],[1758.0,464.5],[1756.0,465.5],[1755.0,466.5],[1754.0,467.5],[1753.0,468.5],[1752.0,469.5],[1751.0,470.5],[1749.5,472.0],[1748.5,473.0],[1748.0,474.5],[1747.0,475.5],[1746.0,476.5],[1745.0,477.5],[1743.5,479.0],[1742.5,480.0],[1742.0,481.5],[1741.0,482.5],[1740.0,483.5],[1739.0,484.5],[1737.0,485.5],[1736.0,486.5],[1735.0,487.5],[1734.0,488.5],[1733.0,489.5],[1731.5,490.0],[1729.0,490.5],[1727.0,490.5],[1726.0,491.5]]",243069.17865594404,431107.24709443754,52.464452392703,SPW_여수로_교각_도수면,SPW_여수로_교각_도수면,SPW_0235,0.9861556469178554,29.620391004218497
frame_039403.jpg,R000060,SPL,박락,"[[1604.0,451.5],[1601.0,451.5],[1600.0,450.5],[1597.0,450.5],[1595.5,450.0],[1593.0,449.5],[1591.5,449.0],[1589.0,448.5],[1588.0,447.5],[1586.0,446.5],[1585.0,445.5],[1583.0,444.5],[1582.0,443.5],[1580.0,442.5],[1578.5,441.0],[1577.0,440.5],[1575.0,439.5],[1574.0,438.5],[1572.0,437.5],[1570.5,437.0],[1568.0,436.5],[1566.5,436.0],[1564.0,435.5],[1562.0,435.5],[1560.0,434.5],[1557.0,434.5],[1555.5,434.0],[1553.0,433.5],[1551.0,433.5],[1549.0,432.5],[1547.0,432.5],[1544.0,432.5],[1542.5,432.0],[1540.0,431.5],[1539.0,430.5],[1536.5,430.0],[1535.0,429.5],[1532.5,429.0],[1530.0,428.5],[1528.0,428.5],[1526.0,427.5],[1524.0,427.5],[1521.0,427.5],[1520.0,426.5],[1517.0,426.5],[1515.0,426.5],[1513.0,425.5],[1511.0,425.5],[1509.0,424.5],[1506.0,424.5],[1504.5,424.0],[1502.0,423.5],[1501.0,422.5],[1498.5,422.0],[1497.0,421.5],[1495.0,420.5],[1493.0,420.5],[1491.0,419.5],[1489.0,419.5],[1487.0,418.5],[1485.0,418.5],[1483.0,417.5],[1481.0,416.5],[1479.5,416.0],[1477.0,415.5],[1476.0,414.5],[1474.0,413.5],[1473.0,412.5],[1471.5,411.0],[1470.5,410.0],[1469.0,408.5],[1468.0,407.5],[1467.0,405.5],[1465.5,404.0],[1465.5,402.0],[1464.5,400.0],[1465.0,398.5],[1466.0,396.5],[1466.5,395.0],[1467.5,393.0],[1468.0,391.5],[1469.5,390.0],[1471.0,389.5],[1472.5,388.0],[1473.5,387.0],[1475.0,385.5],[1476.5,384.0],[1477.5,383.0],[1478.5,381.0],[1479.5,380.0],[1481.0,378.5],[1481.5,377.0],[1483.0,375.5],[1483.5,374.0],[1484.5,372.0],[1485.5,371.0],[1485.5,368.0],[1485.5,366.0],[1485.5,363.0],[1486.5,361.0],[1487.5,360.0],[1489.0,358.5],[1490.0,357.5],[1492.0,356.5],[1493.0,355.5],[1495.0,354.5],[1496.5,354.0],[1499.0,353.5],[1501.0,353.5],[1503.0,352.5],[1506.0,352.5],[1508.0,352.5],[1511.0,352.5],[1513.0,352.5],[1515.0,351.5],[1517.0,351.5],[1520.0,351.5],[1521.5,351.0],[1524.0,350.5],[1526.0,350.5],[1528.0,349.5],[1530.0,349.5],[1533.0,349.5],[1536.0,349.5],[1538.0,349.5],[1540.5,350.0],[1542.0,350.5],[1545.0,350.5],[1546.5,351.0],[1549.0,351.5],[1551.0,351.5],[1554.0,351.5],[1555.0,352.5],[1558.0,352.5],[1561.0,352.5],[1563.0,352.5],[1566.0,352.5],[1568.0,352.5],[1571.0,352.5],[1573.0,352.5],[1576.0,352.5],[1578.0,352.5],[1581.0,352.5],[1583.0,352.5],[1586.0,352.5],[1588.0,352.5],[1590.0,353.5],[1593.0,353.5],[1595.0,353.5],[1597.5,354.0],[1599.0,354.5],[1602.0,354.5],[1603.0,355.5],[1606.0,355.5],[1607.0,356.5],[1610.0,356.5],[1611.5,357.0],[1614.0,357.5],[1617.0,357.5],[1619.0,357.5],[1621.0,358.5],[1623.0,358.5],[1626.0,358.5],[1628.0,358.5],[1630.0,359.5],[1632.0,359.5],[1635.0,359.5],[1636.5,360.0],[1639.0,360.5],[1641.0,360.5],[1643.5,361.0],[1646.0,361.5],[1648.0,361.5],[1650.0,362.5],[1652.0,362.5],[1655.0,362.5],[1656.0,363.5],[1658.5,364.0],[1660.0,364.5],[1662.5,365.0],[1664.0,365.5],[1666.0,366.5],[1667.5,367.0],[1669.5,368.0],[1671.5,369.0],[1673.0,369.5],[1674.5,371.0],[1675.5,372.0],[1676.5,374.0],[1677.5,375.0],[1678.5,377.0],[1679.5,378.0],[1679.5,381.0],[1680.5,382.0],[1680.5,385.0],[1681.5,387.0],[1682.0,388.5],[1682.5,391.0],[1683.5,392.0],[1684.0,394.5],[1684.5,396.0],[1685.5,398.0],[1686.0,399.5],[1686.0,401.5],[1685.5,403.0],[1684.5,405.0],[1683.5,406.0],[1682.5,408.0],[1681.0,409.5],[1680.0,410.5],[1678.5,412.0],[1677.5,413.0],[1676.5,415.0],[1675.0,415.5],[1673.5,417.0],[1672.0,417.5],[1670.0,418.5],[1668.5,419.0],[1666.5,420.0],[1664.0,420.5],[1663.0,421.5],[1661.0,422.5],[1659.0,422.5],[1657.0,423.5],[1655.5,424.0],[1653.5,425.0],[1652.5,426.0],[1650.5,427.0],[1649.5,428.0],[1647.5,429.0],[1646.5,430.0],[1645.0,431.5],[1643.5,433.0],[1642.5,434.0],[1641.0,435.5],[1640.0,436.5],[1638.5,438.0],[1637.0,438.5],[1635.5,440.0],[1634.5,441.0],[1632.5,442.0],[1631.0,442.5],[1629.0,443.5],[1627.0,444.5],[1625.5,445.0],[1623.0,445.5],[1622.0,446.5],[1619.5,447.0],[1618.0,447.5],[1616.0,448.5],[1614.0,448.5],[1612.0,449.5],[1610.5,450.0],[1608.0,450.5],[1606.0,450.5],[1604.0,451.5]]",243069.1565874879,431107.31305548997,52.464452392702995,SPW_여수로_교각_도수면,SPW_여수로_교각_도수면,SPW_0235,0.9874400580806808,29.55083615395808
frame_039453.jpg,R000062,SPL,박락,"[[1318.0,498.5],[1311.0,497.5],[1306.0,495.5],[1301.0,492.5],[1298.0,488.5],[1294.5,484.0],[1290.5,480.0],[1287.5,476.0],[1286.5,469.0],[1288.0,463.5],[1289.5,457.0],[1290.0,450.5],[1288.5,445.0],[1286.5,439.0],[1284.0,434.5],[1280.0,430.5],[1276.0,427.5],[1271.0,424.5],[1265.5,422.0],[1259.0,421.5],[1253.0,423.5],[1248.0,425.5],[1242.5,428.0],[1237.5,431.0],[1233.0,433.5],[1227.0,435.5],[1222.0,437.5],[1217.0,440.5],[1211.0,442.5],[1206.0,444.5],[1199.0,445.5],[1193.0,444.5],[1186.0,443.5],[1181.0,440.5],[1177.5,437.0],[1174.0,432.5],[1170.0,429.5],[1164.0,427.5],[1157.0,426.5],[1151.0,425.5],[1143.0,425.5],[1136.0,425.5],[1128.0,425.5],[1121.0,425.5],[1113.0,425.5],[1106.0,426.5],[1099.0,426.5],[1092.0,425.5],[1087.0,423.5],[1082.0,420.5],[1077.0,417.5],[1072.5,415.0],[1067.0,412.5],[1062.0,410.5],[1055.5,409.0],[1049.5,407.0],[1045.0,404.5],[1040.0,401.5],[1035.0,399.5],[1029.0,397.5],[1021.0,397.5],[1014.0,397.5],[1007.0,396.5],[1001.0,395.5],[994.0,394.5],[988.0,393.5],[981.0,392.5],[974.0,393.5],[969.0,395.5],[963.5,398.0],[959.0,400.5],[954.0,403.5],[949.5,407.0],[945.0,409.5],[939.0,411.5],[933.0,412.5],[926.0,411.5],[920.0,409.5],[915.0,407.5],[909.0,405.5],[902.0,405.5],[894.0,405.5],[887.5,407.0],[883.0,409.5],[877.0,411.5],[872.0,413.5],[865.5,415.0],[859.0,416.5],[853.0,417.5],[845.0,417.5],[838.0,417.5],[830.5,418.0],[824.5,418.0],[817.5,417.0],[811.0,415.5],[804.5,415.0],[797.5,414.0],[792.0,412.5],[787.0,409.5],[784.5,404.0],[785.5,398.0],[786.5,391.0],[786.5,384.0],[786.5,376.0],[787.5,369.0],[788.0,362.5],[790.0,356.5],[792.5,352.0],[796.0,347.5],[801.5,345.0],[807.0,343.5],[813.0,341.5],[818.0,339.5],[824.0,337.5],[831.0,336.5],[837.0,335.5],[844.0,334.5],[850.0,333.5],[857.0,332.5],[863.0,331.5],[870.5,331.0],[878.0,330.5],[884.0,329.5],[892.0,329.5],[899.0,329.5],[906.0,330.5],[911.5,333.0],[916.5,335.0],[923.5,336.0],[930.0,336.5],[937.0,335.5],[945.0,335.5],[951.5,336.0],[958.5,337.0],[964.0,338.5],[970.0,340.5],[974.5,344.0],[978.5,347.0],[979.5,354.0],[978.5,360.0],[978.0,367.5],[978.5,373.0],[982.5,377.0],[986.5,381.0],[992.0,382.5],[1000.0,382.5],[1006.0,383.5],[1013.5,384.0],[1020.0,385.5],[1026.0,386.5],[1032.0,388.5],[1038.0,387.5],[1044.0,385.5],[1049.5,383.0],[1054.0,380.5],[1057.5,376.0],[1060.5,372.0],[1063.0,366.5],[1065.0,360.5],[1066.5,355.0],[1068.0,348.5],[1072.0,345.5],[1077.0,342.5],[1084.0,341.5],[1089.5,340.0],[1096.0,338.5],[1102.0,337.5],[1109.0,336.5],[1115.0,335.5],[1122.0,336.5],[1129.0,337.5],[1136.0,337.5],[1144.0,337.5],[1151.0,337.5],[1158.0,336.5],[1166.0,336.5],[1172.0,337.5],[1179.0,338.5],[1184.5,340.0],[1189.5,343.0],[1196.0,344.5],[1201.5,346.0],[1209.0,346.5],[1216.0,346.5],[1224.0,346.5],[1231.0,345.5],[1237.0,344.5],[1243.5,343.0],[1249.0,341.5],[1257.0,341.5],[1263.5,343.0],[1270.0,343.5],[1277.0,344.5],[1282.0,346.5],[1289.0,347.5],[1295.5,347.0],[1302.0,345.5],[1309.0,344.5],[1315.0,343.5],[1322.0,342.5],[1328.0,341.5],[1335.0,340.5],[1341.0,338.5],[1346.5,337.0],[1352.0,334.5],[1357.0,332.5],[1363.0,330.5],[1369.0,328.5],[1375.0,329.5],[1381.0,331.5],[1385.0,334.5],[1389.5,338.0],[1392.5,343.0],[1393.5,349.0],[1394.5,356.0],[1396.5,361.0],[1400.0,365.5],[1405.0,367.5],[1411.5,369.0],[1417.5,371.0],[1422.5,373.0],[1427.0,376.5],[1430.0,380.5],[1433.0,385.5],[1436.0,390.5],[1437.5,396.0],[1437.5,402.0],[1437.5,409.0],[1436.5,416.0],[1435.0,422.5],[1433.0,427.5],[1430.5,433.0],[1428.0,437.5],[1425.0,442.5],[1420.0,445.5],[1413.5,445.0],[1407.0,443.5],[1400.0,443.5],[1393.5,445.0],[1388.0,447.5],[1384.0,450.5],[1379.5,454.0],[1376.0,457.5],[1372.5,462.0],[1369.0,465.5],[1365.0,469.5],[1360.5,473.0],[1356.5,476.0],[1352.0,479.5],[1348.5,483.0],[1344.0,486.5],[1339.5,490.0],[1334.5,492.0],[1329.0,494.5],[1324.0,496.5],[1318.0,498.5]]",243069.17634863115,431107.2539908323,52.464452392702995,SPW_여수로_교각_도수면,SPW_여수로_교각_도수면,SPW_0235,0.9880450573302026,29.61311886880183
frame_039453.jpg,R000063,SPL,박락,"[[410.0,468.5],[407.0,468.5],[405.0,468.5],[402.0,468.5],[400.0,468.5],[398.0,467.5],[397.0,466.5],[395.5,465.0],[394.0,464.5],[392.5,463.0],[391.0,462.5],[389.5,461.0],[388.5,460.0],[387.0,458.5],[386.0,457.5],[384.5,456.0],[383.0,455.5],[381.5,454.0],[380.5,453.0],[378.5,452.0],[377.5,451.0],[375.5,450.0],[374.5,449.0],[373.0,447.5],[371.5,447.0],[370.0,445.5],[369.0,444.5],[367.5,443.0],[366.5,442.0],[365.0,440.5],[363.5,439.0],[362.5,438.0],[361.0,436.5],[360.0,435.5],[357.5,435.0],[356.0,434.5],[353.5,434.0],[352.5,434.0],[350.0,434.5],[348.0,434.5],[345.0,434.5],[343.0,434.5],[340.0,434.5],[338.0,434.5],[336.0,433.5],[335.0,432.5],[332.5,432.0],[331.0,431.5],[329.0,430.5],[328.0,429.5],[326.5,428.0],[325.5,427.0],[324.0,425.5],[323.5,424.0],[322.5,422.0],[322.5,420.0],[323.5,418.0],[324.0,415.5],[324.5,414.0],[325.0,411.5],[325.5,410.0],[325.5,407.0],[324.5,406.0],[323.5,404.0],[323.0,402.5],[321.5,401.0],[320.5,400.0],[319.5,398.0],[318.5,397.0],[317.5,395.0],[316.5,394.0],[315.5,392.0],[315.5,390.0],[316.5,388.0],[317.0,386.5],[317.5,384.0],[318.0,382.5],[318.5,380.0],[319.0,378.5],[320.5,377.0],[322.0,376.5],[324.0,375.5],[325.5,375.0],[328.0,374.5],[329.0,373.5],[332.0,373.5],[334.0,372.5],[336.0,372.5],[339.0,372.5],[340.0,371.5],[342.0,370.5],[343.5,370.0],[346.0,369.5],[348.0,369.5],[350.0,368.5],[352.0,368.5],[354.5,368.0],[356.0,367.5],[358.5,367.0],[360.0,366.5],[362.0,365.5],[363.5,365.0],[365.5,364.0],[367.0,363.5],[369.0,362.5],[370.0,361.5],[373.0,361.5],[374.0,360.5],[376.5,360.0],[378.0,359.5],[380.0,358.5],[381.5,358.0],[383.5,357.0],[385.0,356.5],[387.0,355.5],[389.0,354.5],[390.5,354.0],[392.5,353.0],[394.0,352.5],[396.0,351.5],[397.0,350.5],[399.0,349.5],[400.5,349.0],[402.5,348.0],[404.0,347.5],[406.0,346.5],[408.0,346.5],[411.0,346.5],[412.5,346.0],[415.0,345.5],[417.0,345.5],[420.0,345.5],[421.5,345.0],[424.0,344.5],[426.0,344.5],[429.0,344.5],[431.0,344.5],[434.0,344.5],[436.0,344.5],[439.0,344.5],[441.0,344.5],[444.0,344.5],[447.0,344.5],[449.0,344.5],[452.0,344.5],[454.0,344.5],[456.0,345.5],[458.0,345.5],[461.0,345.5],[462.0,346.5],[465.0,346.5],[466.5,347.0],[469.0,347.5],[471.0,347.5],[474.0,347.5],[475.0,348.5],[478.0,348.5],[480.0,348.5],[483.0,348.5],[485.0,348.5],[487.0,349.5],[489.0,349.5],[491.5,350.0],[493.0,350.5],[495.0,351.5],[496.5,352.0],[498.5,353.0],[500.0,353.5],[502.0,354.5],[502.5,356.0],[504.5,357.0],[505.5,359.0],[506.5,360.0],[508.0,361.5],[508.5,363.0],[508.5,366.0],[508.5,368.0],[507.5,370.0],[507.5,372.0],[506.5,374.0],[505.5,375.0],[505.0,377.5],[504.5,379.0],[503.5,381.0],[503.5,383.0],[502.5,385.0],[501.5,386.0],[500.0,387.5],[499.0,388.5],[497.5,390.0],[496.5,391.0],[495.5,393.0],[494.5,394.0],[493.5,396.0],[492.5,397.0],[491.5,399.0],[490.5,400.0],[489.0,401.5],[488.0,402.5],[486.5,404.0],[485.0,405.5],[484.0,406.5],[482.0,407.5],[481.0,408.5],[479.5,410.0],[478.5,411.0],[477.0,412.5],[475.5,413.0],[474.0,414.5],[473.0,415.5],[471.0,416.5],[470.0,417.5],[468.0,418.5],[467.0,419.5],[465.0,420.5],[464.0,421.5],[462.0,422.5],[461.0,423.5],[459.5,425.0],[458.0,425.5],[456.5,427.0],[455.0,427.5],[453.5,429.0],[452.5,430.0],[450.5,431.0],[449.5,432.0],[448.0,433.5],[446.0,434.5],[445.0,435.5],[443.5,437.0],[442.0,437.5],[440.5,439.0],[439.0,439.5],[437.5,441.0],[436.5,442.0],[435.0,443.5],[434.0,444.5],[432.5,446.0],[431.5,447.0],[430.0,448.5],[429.5,450.0],[428.0,451.5],[427.0,452.5],[426.0,454.5],[425.5,456.0],[424.5,458.0],[424.0,459.5],[423.0,461.5],[422.0,462.5],[420.0,463.5],[419.0,464.5],[417.0,465.5],[416.0,466.5],[414.0,467.5],[412.0,467.5],[410.0,468.5]]",243069.0817302127,431107.5367985842,52.464452392703,SPW_여수로_교각_도수면,SPW_여수로_교각_도수면,SPW_0235,0.9863594801364068,29.314902722968498
frame_039453.jpg,R000064,SPL,박락,"[[1169.0,740.5],[1166.0,740.5],[1163.0,740.5],[1160.0,740.5],[1157.0,740.5],[1154.0,740.5],[1152.0,739.5],[1149.5,739.0],[1148.0,737.5],[1146.5,736.0],[1145.0,734.5],[1144.0,732.5],[1143.5,730.0],[1144.5,728.0],[1144.5,725.0],[1145.5,722.0],[1146.0,719.5],[1146.5,717.0],[1147.5,715.0],[1148.5,713.0],[1149.5,711.0],[1150.5,709.0],[1152.0,707.5],[1152.5,705.0],[1153.5,703.0],[1154.5,701.0],[1154.5,698.0],[1155.5,696.0],[1155.5,693.0],[1156.5,691.0],[1157.5,689.0],[1158.5,687.0],[1159.5,685.0],[1160.5,683.0],[1161.5,681.0],[1162.5,679.0],[1163.5,677.0],[1164.5,675.0],[1165.0,672.5],[1165.5,670.0],[1166.5,668.0],[1167.5,666.0],[1168.5,664.0],[1170.0,661.5],[1171.0,659.5],[1172.0,657.5],[1173.0,655.5],[1173.5,653.0],[1174.5,651.0],[1175.5,649.0],[1175.5,646.0],[1176.5,644.0],[1177.0,641.5],[1178.0,639.5],[1178.5,637.0],[1179.5,635.0],[1180.5,633.0],[1181.5,631.0],[1182.0,628.5],[1182.5,626.0],[1182.5,623.0],[1183.5,621.0],[1184.0,618.5],[1185.0,616.5],[1186.0,614.5],[1187.0,612.5],[1188.0,610.5],[1189.0,608.5],[1190.5,607.0],[1191.5,605.0],[1192.5,603.0],[1194.0,600.5],[1195.0,598.5],[1196.0,596.5],[1197.5,595.0],[1198.5,593.0],[1200.0,591.5],[1201.0,589.5],[1202.5,588.0],[1203.5,586.0],[1204.5,584.0],[1205.5,582.0],[1206.5,580.0],[1206.5,577.0],[1207.5,575.0],[1208.5,573.0],[1209.0,570.5],[1210.0,568.5],[1211.0,566.5],[1212.5,565.0],[1214.0,563.5],[1216.0,562.5],[1218.0,561.5],[1220.0,560.5],[1222.0,559.5],[1224.5,559.0],[1226.5,558.0],[1229.0,557.5],[1231.0,556.5],[1234.0,556.5],[1237.0,555.5],[1240.0,555.5],[1242.0,554.5],[1244.5,554.0],[1247.0,553.5],[1249.0,552.5],[1251.5,552.0],[1254.0,551.5],[1256.0,550.5],[1258.5,550.0],[1261.0,549.5],[1263.5,549.0],[1266.0,548.5],[1268.0,547.5],[1271.0,547.5],[1273.0,546.5],[1275.0,545.5],[1277.5,545.0],[1279.5,544.0],[1282.0,543.5],[1284.0,542.5],[1286.0,541.5],[1288.0,540.5],[1291.0,540.5],[1293.0,539.5],[1296.0,539.5],[1298.0,538.5],[1301.0,538.5],[1305.0,538.5],[1308.0,538.5],[1311.0,538.5],[1313.0,539.5],[1315.0,540.5],[1317.5,541.0],[1320.0,541.5],[1321.5,543.0],[1323.5,544.0],[1325.0,545.5],[1326.5,547.0],[1327.5,549.0],[1328.5,551.0],[1327.5,553.0],[1327.5,556.0],[1326.5,558.0],[1326.5,561.0],[1325.5,563.0],[1324.5,565.0],[1323.5,567.0],[1322.5,569.0],[1321.0,570.5],[1319.5,572.0],[1318.5,574.0],[1317.0,575.5],[1316.0,577.5],[1314.5,579.0],[1313.5,581.0],[1312.5,584.0],[1311.5,586.0],[1310.5,588.0],[1309.0,589.5],[1308.0,591.5],[1306.5,593.0],[1305.5,595.0],[1304.5,597.0],[1304.5,600.0],[1303.5,602.0],[1302.5,604.0],[1301.0,605.5],[1299.0,606.5],[1296.5,607.0],[1294.0,607.5],[1292.0,608.5],[1289.0,608.5],[1286.5,609.0],[1284.0,609.5],[1281.0,609.5],[1279.0,610.5],[1277.0,611.5],[1275.0,612.5],[1273.0,613.5],[1271.0,614.5],[1269.5,616.0],[1268.0,617.5],[1266.5,619.0],[1265.5,621.0],[1264.5,624.0],[1263.5,626.0],[1262.5,628.0],[1261.5,630.0],[1260.5,632.0],[1260.5,635.0],[1259.5,637.0],[1258.5,639.0],[1258.0,641.5],[1257.5,644.0],[1256.5,646.0],[1255.5,648.0],[1255.0,650.5],[1254.0,652.5],[1253.0,654.5],[1252.0,656.5],[1250.5,658.0],[1249.5,660.0],[1248.0,661.5],[1246.5,663.0],[1245.0,664.5],[1243.0,665.5],[1241.0,666.5],[1239.0,667.5],[1237.0,668.5],[1235.0,669.5],[1233.0,670.5],[1231.0,671.5],[1229.0,673.5],[1227.0,674.5],[1225.5,676.0],[1224.0,677.5],[1222.5,679.0],[1221.0,680.5],[1219.5,682.0],[1218.0,683.5],[1216.5,685.0],[1215.5,687.0],[1215.0,689.5],[1214.5,692.0],[1213.5,694.0],[1213.0,696.5],[1212.0,698.5],[1211.0,700.5],[1210.0,702.5],[1208.5,704.0],[1207.5,706.0],[1206.0,707.5],[1205.0,709.5],[1204.0,711.5],[1203.5,714.0],[1202.5,716.0],[1201.5,718.0],[1200.5,720.0],[1199.5,722.0],[1198.0,723.5],[1196.0,725.5],[1194.5,727.0],[1193.0,728.5],[1191.5,730.0],[1190.0,731.5],[1188.5,733.0],[1186.5,734.0],[1184.5,735.0],[1182.5,736.0],[1180.5,737.0],[1178.0,737.5],[1176.0,738.5],[1174.0,739.5],[1171.0,739.5],[1169.0,740.5]]",243069.18986562185,431107.21358950436,52.464452392703,SPW_여수로_교각_도수면,SPW_여수로_교각_도수면,SPW_0235,0.9868413579851048,29.65572140786433
frame_039453.jpg,R000065,SPL,박락,"[[1566.0,734.5],[1564.5,734.0],[1564.0,733.5],[1562.0,733.5],[1560.0,733.5],[1558.0,733.5],[1557.5,733.0],[1556.0,732.5],[1554.5,732.0],[1553.0,731.5],[1552.5,731.0],[1551.0,730.5],[1550.0,729.5],[1549.0,728.5],[1548.0,728.5],[1547.0,727.5],[1546.0,726.5],[1545.0,725.5],[1544.0,725.5],[1543.0,724.5],[1542.0,723.5],[1541.0,722.5],[1540.5,722.0],[1539.5,721.0],[1538.5,720.0],[1538.0,718.5],[1537.5,718.0],[1536.5,717.0],[1535.5,716.0],[1535.5,715.0],[1534.5,714.0],[1534.0,712.5],[1533.5,711.0],[1533.0,710.5],[1532.5,709.0],[1531.5,708.0],[1531.5,706.0],[1531.5,705.0],[1530.5,704.0],[1530.5,702.0],[1529.5,701.0],[1530.0,700.5],[1530.5,699.0],[1530.5,697.0],[1530.5,695.0],[1530.5,694.0],[1531.5,693.0],[1531.5,691.0],[1531.5,689.0],[1532.0,688.5],[1532.5,687.0],[1532.5,685.0],[1532.5,683.0],[1532.5,682.0],[1533.5,681.0],[1533.5,679.0],[1533.5,677.0],[1534.0,676.5],[1534.5,675.0],[1534.5,673.0],[1535.0,672.5],[1535.5,671.0],[1536.5,670.0],[1537.0,668.5],[1537.5,668.0],[1538.0,666.5],[1538.5,665.0],[1539.5,664.0],[1539.5,663.0],[1540.5,662.0],[1541.5,661.0],[1542.0,659.5],[1542.5,659.0],[1543.0,657.5],[1543.5,656.0],[1544.5,655.0],[1544.5,654.0],[1545.5,653.0],[1545.5,651.0],[1546.5,650.0],[1546.5,649.0],[1547.0,647.5],[1547.5,646.0],[1547.5,644.0],[1548.0,643.5],[1548.5,642.0],[1548.5,640.0],[1549.0,639.5],[1549.5,638.0],[1550.0,636.5],[1550.5,635.0],[1550.5,634.0],[1551.5,633.0],[1552.0,631.5],[1552.5,630.0],[1553.0,629.5],[1553.5,628.0],[1554.5,627.0],[1555.0,625.5],[1555.5,625.0],[1556.0,623.5],[1557.0,622.5],[1558.0,621.5],[1558.5,621.0],[1560.0,620.5],[1561.0,619.5],[1562.5,619.0],[1563.0,618.5],[1565.0,618.5],[1566.0,617.5],[1568.0,617.5],[1569.0,617.5],[1570.5,617.0],[1572.0,616.5],[1573.0,616.5],[1575.0,616.5],[1577.0,616.5],[1578.5,617.0],[1579.0,617.5],[1581.0,617.5],[1582.0,618.5],[1583.5,619.0],[1584.0,619.5],[1586.0,619.5],[1587.0,620.5],[1588.5,621.0],[1589.0,621.5],[1590.5,622.0],[1592.0,622.5],[1593.0,623.5],[1593.5,624.0],[1595.0,624.5],[1596.5,625.0],[1598.0,625.5],[1598.5,626.0],[1599.5,627.0],[1601.0,627.5],[1602.0,628.5],[1603.0,628.5],[1604.0,629.5],[1605.5,630.0],[1607.0,630.5],[1607.5,631.0],[1608.5,632.0],[1610.0,632.5],[1610.5,633.0],[1611.5,634.0],[1612.5,635.0],[1613.5,636.0],[1614.0,636.5],[1615.0,637.5],[1616.5,638.0],[1617.5,639.0],[1618.0,639.5],[1619.0,640.5],[1620.0,641.5],[1621.5,642.0],[1622.0,642.5],[1623.0,643.5],[1624.0,644.5],[1625.0,645.5],[1626.0,645.5],[1627.0,646.5],[1628.0,647.5],[1629.0,648.5],[1629.5,649.0],[1630.0,650.5],[1630.5,652.0],[1631.5,653.0],[1632.0,653.5],[1632.5,655.0],[1633.0,656.5],[1633.5,657.0],[1632.5,658.0],[1632.5,660.0],[1632.5,662.0],[1632.5,663.0],[1632.5,665.0],[1632.5,667.0],[1631.5,668.0],[1631.5,669.0],[1631.5,671.0],[1631.0,672.5],[1630.5,674.0],[1630.5,675.0],[1629.5,676.0],[1629.0,677.5],[1628.5,679.0],[1628.5,680.0],[1627.5,681.0],[1627.0,682.5],[1626.5,684.0],[1626.0,684.5],[1625.5,686.0],[1624.5,687.0],[1624.5,689.0],[1624.0,689.5],[1623.5,691.0],[1623.0,692.5],[1622.5,693.0],[1622.5,695.0],[1621.5,696.0],[1621.0,697.5],[1620.5,698.0],[1620.5,700.0],[1619.5,701.0],[1619.0,702.5],[1618.5,703.0],[1617.0,703.5],[1616.0,704.5],[1615.0,705.5],[1614.5,706.0],[1613.5,707.0],[1613.0,708.5],[1612.0,709.5],[1611.0,709.5],[1610.0,710.5],[1609.0,711.5],[1608.0,712.5],[1607.5,713.0],[1606.0,713.5],[1605.0,714.5],[1604.5,716.0],[1604.0,716.5],[1602.5,717.0],[1601.5,718.0],[1600.5,719.0],[1600.0,719.5],[1598.5,720.0],[1597.5,721.0],[1597.0,721.5],[1596.0,722.5],[1594.5,723.0],[1593.5,724.0],[1593.0,724.5],[1592.0,725.5],[1590.5,726.0],[1589.5,727.0],[1589.0,727.5],[1587.5,728.0],[1586.0,728.5],[1585.0,729.5],[1584.0,729.5],[1583.0,730.5],[1581.5,731.0],[1580.0,731.5],[1579.5,732.0],[1578.0,732.5],[1576.0,732.5],[1575.0,733.5],[1574.0,733.5],[1572.0,733.5],[1570.0,733.5],[1568.0,733.5],[1567.0,733.5],[1566.0,734.5]]",243069.2362804117,431107.07485898474,52.464452392703,SPW_여수로_교각_도수면,SPW_여수로_교각_도수면,SPW_0235,0.9898390877408101,29.80201047036433
frame_039703.jpg,R000066,SPL,박락,"[[11.0,534.5],[8.0,534.5],[6.0,534.5],[3.0,534.5],[1.0,533.5],[-0.5,532.0],[-0.5,530.0],[-0.5,527.0],[-0.5,524.0],[-0.5,521.0],[-0.5,519.0],[-0.5,516.0],[-0.5,513.0],[-0.5,510.0],[-0.5,508.0],[-0.5,505.0],[-0.5,502.0],[-0.5,499.0],[-0.5,497.0],[-0.5,494.0],[-0.5,491.0],[-0.5,488.0],[-0.5,486.0],[-0.5,483.0],[-0.5,480.0],[-0.5,477.0],[-0.5,475.0],[-0.5,472.0],[-0.5,469.0],[-0.5,466.0],[-0.5,464.0],[-0.5,461.0],[-0.5,458.0],[-0.5,455.0],[-0.5,453.0],[-0.5,450.0],[-0.5,447.0],[-0.5,444.0],[-0.5,442.0],[-0.5,439.0],[-0.5,436.0],[-0.5,433.0],[-0.5,431.0],[-0.5,428.0],[-0.5,425.0],[-0.5,422.0],[-0.5,420.0],[-0.5,417.0],[-0.5,414.0],[-0.5,411.0],[-0.5,409.0],[-0.5,406.0],[-0.5,403.0],[-0.5,401.0],[-0.5,398.0],[-0.5,395.0],[-0.5,392.0],[-0.5,390.0],[-0.5,387.0],[-0.5,384.0],[-0.5,381.0],[-0.5,379.0],[-0.5,376.0],[-0.5,373.0],[-0.5,370.0],[-0.5,368.0],[-0.5,365.0],[-0.5,362.0],[-0.5,359.0],[-0.5,357.0],[-0.5,354.0],[-0.5,351.0],[-0.5,348.0],[-0.5,346.0],[0.0,343.5],[1.5,342.0],[3.0,340.5],[4.0,339.5],[5.5,338.0],[7.5,337.0],[10.0,336.5],[11.0,335.5],[14.0,335.5],[16.0,334.5],[19.0,334.5],[21.0,334.5],[24.0,334.5],[26.5,334.0],[29.0,333.5],[31.0,333.5],[34.0,333.5],[36.0,334.5],[39.0,334.5],[41.0,334.5],[44.0,334.5],[47.0,334.5],[50.0,334.5],[52.0,334.5],[54.0,335.5],[57.0,335.5],[60.0,335.5],[62.0,335.5],[65.0,335.5],[68.0,335.5],[70.0,335.5],[73.0,335.5],[76.0,335.5],[79.0,335.5],[80.0,336.5],[83.0,336.5],[86.0,336.5],[89.0,336.5],[91.0,336.5],[94.0,336.5],[97.0,336.5],[100.0,336.5],[102.0,336.5],[104.5,337.0],[107.0,337.5],[110.0,337.5],[112.0,337.5],[114.5,338.0],[117.0,338.5],[120.0,338.5],[121.0,339.5],[124.0,339.5],[125.5,341.0],[127.0,342.5],[128.0,343.5],[129.5,345.0],[130.5,347.0],[130.5,350.0],[130.5,352.0],[129.5,354.0],[129.5,357.0],[130.5,359.0],[130.5,361.0],[130.0,363.5],[129.5,366.0],[128.5,368.0],[128.5,370.0],[127.5,372.0],[127.5,375.0],[127.5,378.0],[127.5,380.0],[128.5,382.0],[129.5,384.0],[130.5,386.0],[131.5,387.0],[132.5,389.0],[133.0,391.5],[133.5,394.0],[132.5,395.0],[132.5,398.0],[131.5,400.0],[130.5,401.0],[129.5,403.0],[128.0,404.5],[126.5,406.0],[126.0,407.5],[125.0,409.5],[124.5,412.0],[123.5,414.0],[122.5,415.0],[121.5,417.0],[120.0,418.5],[118.5,420.0],[118.0,421.5],[116.5,423.0],[116.0,425.5],[115.5,428.0],[114.5,429.0],[115.0,431.5],[115.5,434.0],[116.5,436.0],[117.5,437.0],[118.5,439.0],[120.0,440.5],[121.0,442.5],[122.0,443.5],[123.0,445.5],[123.5,448.0],[124.5,450.0],[124.5,452.0],[124.5,455.0],[124.5,458.0],[124.5,461.0],[124.5,463.0],[125.0,465.5],[125.5,468.0],[125.5,471.0],[125.5,473.0],[125.5,476.0],[125.5,479.0],[125.5,482.0],[125.5,484.0],[124.5,486.0],[123.5,488.0],[123.0,490.5],[122.0,491.5],[120.5,493.0],[119.0,494.5],[118.0,496.5],[117.0,497.5],[115.5,499.0],[113.5,500.0],[112.5,501.0],[110.0,501.5],[108.0,502.5],[106.5,504.0],[105.0,504.5],[103.0,505.5],[101.5,507.0],[99.5,508.0],[98.0,508.5],[96.5,510.0],[94.5,511.0],[93.0,512.5],[91.5,513.0],[90.0,514.5],[87.5,515.0],[85.0,515.5],[84.0,516.5],[81.0,516.5],[79.0,517.5],[77.0,518.5],[75.0,518.5],[73.0,519.5],[70.5,520.0],[68.0,520.5],[66.5,521.0],[64.0,521.5],[62.0,522.5],[59.0,522.5],[58.0,523.5],[55.0,523.5],[52.5,524.0],[50.0,524.5],[48.0,524.5],[46.0,525.5],[43.0,525.5],[41.0,526.5],[39.0,526.5],[36.5,527.0],[34.0,527.5],[31.0,527.5],[30.0,528.5],[27.5,529.0],[25.0,529.5],[23.0,530.5],[21.0,530.5],[19.0,531.5],[17.0,532.5],[15.0,533.5],[13.0,533.5],[11.0,534.5]]",243070.45914979538,431098.35645666247,50.28654195193485,SPW_여수로_교각_도수면,SPW_여수로_교각_도수면,SPW_0257,0.9922235698597384,38.45793240787751
frame_039703.jpg,R000067,SPL,박락,"[[944.0,410.5],[943.0,410.5],[941.0,410.5],[940.0,410.5],[938.0,410.5],[937.0,410.5],[936.0,410.5],[934.0,410.5],[933.0,410.5],[932.0,410.5],[930.0,410.5],[929.0,410.5],[927.0,410.5],[926.0,410.5],[925.5,410.0],[924.0,409.5],[923.0,409.5],[921.0,409.5],[920.0,409.5],[919.0,409.5],[917.0,409.5],[916.5,409.0],[915.0,408.5],[914.0,408.5],[913.5,408.0],[912.0,407.5],[911.0,407.5],[910.5,407.0],[909.0,406.5],[908.5,406.0],[907.0,405.5],[906.5,405.0],[906.0,404.5],[904.5,404.0],[904.0,403.5],[902.5,403.0],[902.0,402.5],[901.0,402.5],[900.0,401.5],[899.5,401.0],[898.0,400.5],[897.5,400.0],[897.0,399.5],[896.0,398.5],[895.0,398.5],[894.5,398.0],[893.0,397.5],[892.5,397.0],[891.5,396.0],[891.0,395.5],[890.0,395.5],[889.0,394.5],[888.5,394.0],[887.5,393.0],[887.0,392.5],[886.5,392.0],[885.5,391.0],[885.0,390.5],[884.0,389.5],[883.5,389.0],[883.0,388.5],[882.0,387.5],[881.5,387.0],[881.0,386.5],[880.0,385.5],[879.5,385.0],[879.5,383.0],[879.0,382.5],[878.5,382.0],[878.0,380.5],[877.5,380.0],[877.5,378.0],[877.0,377.5],[876.5,377.0],[877.5,376.0],[877.5,375.0],[878.0,373.5],[878.5,373.0],[878.5,372.0],[878.5,370.0],[879.0,369.5],[879.5,369.0],[880.0,367.5],[880.5,367.0],[881.0,365.5],[881.5,365.0],[881.5,364.0],[882.5,363.0],[883.0,362.5],[884.0,361.5],[884.5,361.0],[885.0,360.5],[886.0,359.5],[886.5,359.0],[887.0,358.5],[888.5,358.0],[889.0,357.5],[890.5,357.0],[891.0,356.5],[892.0,356.5],[893.5,356.0],[894.0,355.5],[896.0,355.5],[896.5,355.0],[897.0,354.5],[899.0,354.5],[899.5,354.0],[901.0,353.5],[902.0,353.5],[903.0,353.5],[904.0,352.5],[905.0,352.5],[906.0,352.5],[907.0,351.5],[908.0,351.5],[909.5,351.0],[910.0,350.5],[911.0,350.5],[913.0,350.5],[914.0,350.5],[915.0,349.5],[916.0,349.5],[917.0,349.5],[919.0,349.5],[920.0,349.5],[922.0,349.5],[923.0,349.5],[923.5,349.0],[925.0,348.5],[926.0,348.5],[927.0,348.5],[929.0,348.5],[930.0,348.5],[932.0,348.5],[933.0,348.5],[934.0,348.5],[936.0,348.5],[936.5,348.0],[938.0,347.5],[939.0,347.5],[940.0,347.5],[942.0,347.5],[943.0,347.5],[944.5,347.0],[945.0,346.5],[946.0,346.5],[948.0,346.5],[949.0,346.5],[950.0,346.5],[952.0,346.5],[953.0,346.5],[955.0,346.5],[956.0,346.5],[957.0,346.5],[959.0,346.5],[960.0,346.5],[962.0,346.5],[963.0,346.5],[964.0,346.5],[966.0,346.5],[966.5,347.0],[968.0,347.5],[969.0,347.5],[970.0,347.5],[971.0,348.5],[972.0,348.5],[972.5,349.0],[973.5,350.0],[974.0,350.5],[975.5,351.0],[976.0,351.5],[976.5,352.0],[977.5,353.0],[978.0,353.5],[979.0,354.5],[979.5,355.0],[980.0,355.5],[981.0,356.5],[981.5,357.0],[981.5,358.0],[982.5,359.0],[982.5,360.0],[983.5,361.0],[984.0,361.5],[984.5,362.0],[985.0,363.5],[985.5,364.0],[986.0,365.5],[986.5,366.0],[986.5,367.0],[987.5,368.0],[987.5,369.0],[988.5,370.0],[988.5,371.0],[988.5,372.0],[989.0,373.5],[989.5,374.0],[989.5,375.0],[989.5,377.0],[989.5,378.0],[989.5,380.0],[989.5,381.0],[989.5,382.0],[989.5,384.0],[989.5,385.0],[988.5,386.0],[988.5,387.0],[988.5,388.0],[988.0,389.5],[987.5,390.0],[987.0,391.5],[986.5,392.0],[986.5,393.0],[985.5,394.0],[985.0,394.5],[984.5,395.0],[983.5,396.0],[983.0,396.5],[982.0,397.5],[981.5,398.0],[981.0,398.5],[980.0,399.5],[979.5,400.0],[978.0,400.5],[977.5,401.0],[977.0,401.5],[976.0,402.5],[975.0,402.5],[973.5,403.0],[973.0,403.5],[972.0,403.5],[971.0,404.5],[970.0,404.5],[969.0,404.5],[967.5,405.0],[967.0,405.5],[965.0,405.5],[964.0,405.5],[963.0,405.5],[962.0,406.5],[961.0,406.5],[959.0,406.5],[958.0,406.5],[957.5,407.0],[956.0,407.5],[955.0,407.5],[953.5,408.0],[953.0,408.5],[952.0,408.5],[950.0,408.5],[949.5,409.0],[949.0,409.5],[947.0,409.5],[946.0,409.5],[944.5,410.0],[944.0,410.5]]",243070.57428021496,431098.012339992,50.28654195193485,SPW_여수로_교각_도수면,SPW_여수로_교각_도수면,SPW_0257,0.9870943619409362,38.82079780501292
frame_039703.jpg,R000068,SPL,박락,"[[131.0,680.5],[126.0,680.5],[121.0,680.5],[116.5,680.0],[112.0,679.5],[109.0,678.5],[105.0,677.5],[102.0,675.5],[98.0,674.5],[94.5,673.0],[91.0,671.5],[89.0,668.5],[87.5,665.0],[87.5,660.0],[87.5,656.0],[88.5,652.0],[89.5,648.0],[92.0,645.5],[94.0,642.5],[96.5,640.0],[99.0,637.5],[101.5,635.0],[103.0,632.5],[105.5,630.0],[107.5,627.0],[109.5,624.0],[112.0,621.5],[114.5,619.0],[117.0,616.5],[119.5,614.0],[121.5,611.0],[123.5,609.0],[125.0,605.5],[126.5,602.0],[127.5,598.0],[129.5,595.0],[131.5,592.0],[133.0,588.5],[135.5,586.0],[137.5,583.0],[139.5,581.0],[140.5,577.0],[142.0,573.5],[143.5,570.0],[145.0,566.5],[147.0,563.5],[148.5,560.0],[150.5,557.0],[153.0,554.5],[155.0,552.5],[157.5,550.0],[159.0,546.5],[161.0,543.5],[162.5,540.0],[164.5,537.0],[166.0,533.5],[167.5,530.0],[169.5,527.0],[171.0,524.5],[173.5,522.0],[175.5,519.0],[177.0,515.5],[178.5,512.0],[180.5,509.0],[182.0,505.5],[184.0,502.5],[185.5,500.0],[187.0,496.5],[189.0,493.5],[191.5,491.0],[193.0,487.5],[195.5,485.0],[197.5,482.0],[199.5,479.0],[202.0,476.5],[203.5,474.0],[205.5,471.0],[206.5,467.0],[208.5,464.0],[211.0,461.5],[213.5,459.0],[216.5,457.0],[220.0,455.5],[224.0,454.5],[227.0,453.5],[230.0,451.5],[232.5,449.0],[234.5,446.0],[236.5,443.0],[238.5,440.0],[240.5,437.0],[243.0,434.5],[245.0,431.5],[246.5,429.0],[248.0,425.5],[249.5,422.0],[251.5,419.0],[252.5,415.0],[254.5,412.0],[256.5,409.0],[259.0,406.5],[262.0,404.5],[265.0,403.5],[269.5,403.0],[274.0,402.5],[278.5,403.0],[283.0,403.5],[288.0,403.5],[293.0,403.5],[297.0,402.5],[299.5,401.0],[302.0,398.5],[304.5,396.0],[307.0,393.5],[309.5,391.0],[312.0,388.5],[314.5,386.0],[317.5,384.0],[320.0,381.5],[322.0,379.5],[325.0,377.5],[328.0,375.5],[331.0,373.5],[334.0,371.5],[337.5,370.0],[342.0,369.5],[346.5,370.0],[349.0,372.5],[351.0,374.5],[353.5,377.0],[352.5,381.0],[352.5,386.0],[351.5,390.0],[350.5,394.0],[349.0,397.5],[347.5,401.0],[346.0,404.5],[344.5,407.0],[343.0,410.5],[341.5,414.0],[341.0,418.5],[340.5,423.0],[341.5,427.0],[342.5,431.0],[342.5,436.0],[343.5,440.0],[342.5,443.0],[342.5,448.0],[342.5,453.0],[343.5,457.0],[344.5,461.0],[344.5,466.0],[345.5,470.0],[346.5,474.0],[348.0,476.5],[350.5,479.0],[353.0,481.5],[355.0,484.5],[357.5,487.0],[359.5,490.0],[361.0,493.5],[362.0,497.5],[361.5,501.0],[361.0,504.5],[359.0,507.5],[356.5,510.0],[353.5,512.0],[349.5,513.0],[345.0,513.5],[340.0,513.5],[335.5,513.0],[332.0,511.5],[329.5,510.0],[326.0,508.5],[322.5,507.0],[319.0,505.5],[315.0,504.5],[311.0,503.5],[307.0,502.5],[303.5,501.0],[300.0,499.5],[297.0,498.5],[294.0,496.5],[291.0,494.5],[287.0,493.5],[283.0,492.5],[279.0,491.5],[274.5,492.0],[271.0,493.5],[268.5,496.0],[267.0,498.5],[265.5,502.0],[263.5,505.0],[261.0,507.5],[258.5,510.0],[256.5,513.0],[254.0,515.5],[252.0,518.5],[250.5,521.0],[248.5,524.0],[246.5,527.0],[244.5,530.0],[243.5,534.0],[242.0,537.5],[240.5,541.0],[238.5,544.0],[236.5,547.0],[235.5,550.0],[233.5,553.0],[231.5,556.0],[230.5,560.0],[228.5,563.0],[227.5,567.0],[225.5,570.0],[224.0,573.5],[222.5,577.0],[220.5,579.0],[219.0,582.5],[217.5,586.0],[215.5,589.0],[213.5,592.0],[211.5,595.0],[209.5,598.0],[207.0,600.5],[205.0,603.5],[203.5,606.0],[202.0,609.5],[200.5,613.0],[199.5,617.0],[198.5,621.0],[196.5,624.0],[194.5,627.0],[192.5,630.0],[190.5,633.0],[189.0,635.5],[187.5,639.0],[185.5,642.0],[183.5,645.0],[181.0,647.5],[178.5,650.0],[176.0,652.5],[173.0,654.5],[171.0,656.5],[168.0,658.5],[165.5,661.0],[162.5,663.0],[159.5,665.0],[156.5,667.0],[154.0,669.5],[151.0,671.5],[148.0,673.5],[145.5,675.0],[142.0,676.5],[138.5,678.0],[135.0,679.5],[131.0,680.5]]",243070.48124071528,431098.29042846744,50.28654195193485,SPW_여수로_교각_도수면,SPW_여수로_교각_도수면,SPW_0257,0.9868778670630133,38.52755805891917
frame_039703.jpg,R000069,SPL,박락,"[[716.0,590.5],[713.0,590.5],[710.0,590.5],[707.5,590.0],[705.0,589.5],[703.0,588.5],[700.5,587.0],[699.0,585.5],[697.0,584.5],[695.5,583.0],[694.0,581.5],[693.0,579.5],[692.0,577.5],[690.5,576.0],[688.5,575.0],[687.0,573.5],[685.0,572.5],[682.5,574.0],[680.5,575.0],[678.5,576.0],[676.5,577.0],[675.0,578.5],[673.0,579.5],[671.5,581.0],[669.5,582.0],[668.0,583.5],[666.0,584.5],[663.5,585.0],[660.5,585.0],[658.0,584.5],[655.0,584.5],[652.5,584.0],[650.0,583.5],[647.0,583.5],[645.0,582.5],[643.0,581.5],[641.0,580.5],[639.5,579.0],[638.0,577.5],[636.0,575.5],[634.5,574.0],[633.0,572.5],[631.5,571.0],[630.5,569.0],[629.0,567.5],[628.0,565.5],[627.0,563.5],[626.0,561.5],[625.5,559.0],[624.5,557.0],[623.5,554.0],[622.5,552.0],[622.5,549.0],[622.5,546.0],[622.5,543.0],[623.0,540.5],[623.5,538.0],[624.5,536.0],[624.5,533.0],[623.5,531.0],[623.0,528.5],[621.0,526.5],[619.0,525.5],[617.5,524.0],[615.5,523.0],[613.5,522.0],[612.0,520.5],[610.0,519.5],[607.0,519.5],[605.0,518.5],[602.0,518.5],[600.0,517.5],[597.5,517.0],[594.5,516.0],[592.5,515.0],[591.0,513.5],[589.0,512.5],[587.0,511.5],[584.5,511.0],[582.0,510.5],[580.0,509.5],[577.0,509.5],[574.0,509.5],[571.0,509.5],[568.0,508.5],[565.0,508.5],[562.0,508.5],[560.0,507.5],[557.0,507.5],[555.0,506.5],[553.5,505.0],[552.5,503.0],[551.5,501.0],[550.5,499.0],[551.5,497.0],[553.0,494.5],[554.0,492.5],[555.0,490.5],[556.5,489.0],[557.5,487.0],[559.5,486.0],[561.0,484.5],[563.0,483.5],[565.0,482.5],[567.0,481.5],[569.0,480.5],[572.0,479.5],[574.0,478.5],[576.0,477.5],[578.5,477.0],[580.5,476.0],[582.5,475.0],[584.0,473.5],[586.0,472.5],[587.5,471.0],[589.5,470.0],[590.5,468.0],[592.5,466.0],[594.0,464.5],[595.5,463.0],[597.0,461.5],[598.5,460.0],[600.0,458.5],[601.5,457.0],[603.5,456.0],[605.5,455.0],[607.5,454.0],[610.0,453.5],[614.0,453.5],[617.0,453.5],[620.0,453.5],[623.0,453.5],[625.0,452.5],[628.0,452.5],[630.0,451.5],[633.0,451.5],[636.0,451.5],[639.0,451.5],[642.0,451.5],[645.0,452.5],[647.0,453.5],[649.0,454.5],[651.0,455.5],[652.5,457.0],[654.5,458.0],[656.5,459.0],[658.5,460.0],[660.5,461.0],[662.5,462.0],[665.0,462.5],[668.0,463.5],[671.0,463.5],[673.0,462.5],[676.0,462.5],[678.0,461.5],[681.0,461.5],[683.0,460.5],[685.5,460.0],[688.0,459.5],[690.5,459.0],[693.0,458.5],[697.0,458.5],[699.5,459.0],[702.0,459.5],[704.0,460.5],[706.5,461.0],[709.0,461.5],[711.0,462.5],[713.0,463.5],[716.0,463.5],[718.0,464.5],[720.5,465.0],[723.5,466.0],[725.5,467.0],[727.5,468.0],[729.0,469.5],[730.5,471.0],[732.0,472.5],[733.5,474.0],[734.5,476.0],[735.5,478.0],[736.0,480.5],[736.5,483.0],[736.5,487.0],[736.5,490.0],[735.5,492.0],[735.0,494.5],[734.0,496.5],[733.5,499.0],[732.5,501.0],[731.0,502.5],[730.0,504.5],[729.0,506.5],[728.5,509.0],[728.5,512.0],[728.5,516.0],[729.5,518.0],[731.0,519.5],[733.0,520.5],[736.0,520.5],[738.0,521.5],[741.0,521.5],[744.0,521.5],[747.0,521.5],[750.0,521.5],[753.0,521.5],[756.0,522.5],[759.0,522.5],[761.5,523.0],[763.0,524.5],[765.0,525.5],[766.5,527.0],[768.0,528.5],[769.5,530.0],[771.0,531.5],[772.5,533.0],[773.5,535.0],[774.5,538.0],[775.5,540.0],[776.0,542.5],[776.5,545.0],[776.5,548.0],[777.0,550.5],[777.5,553.0],[777.5,556.0],[777.5,559.0],[777.5,562.0],[777.0,564.5],[776.5,568.0],[775.5,570.0],[774.5,572.0],[773.0,573.5],[771.0,574.5],[769.5,576.0],[767.5,577.0],[765.0,577.5],[763.0,578.5],[760.0,578.5],[757.0,578.5],[753.0,578.5],[750.5,579.0],[748.0,579.5],[746.0,580.5],[743.5,581.0],[741.0,581.5],[739.0,582.5],[737.0,583.5],[734.5,584.0],[732.0,584.5],[730.0,585.5],[727.5,587.0],[725.5,588.0],[723.5,589.0],[721.0,589.5],[718.0,589.5],[716.0,590.5]]",243070.5393273685,431098.1168115748,50.28654195193485,SPW_여수로_교각_도수면,SPW_여수로_교각_도수면,SPW_0257,0.9800399817568072,38.71063423079417
frame_039703.jpg,R000070,SPL,박락,"[[906.0,537.5],[905.0,537.5],[903.0,537.5],[902.0,537.5],[900.0,537.5],[899.0,537.5],[897.0,537.5],[896.0,537.5],[894.0,537.5],[893.0,537.5],[891.0,537.5],[890.0,537.5],[889.0,537.5],[887.0,537.5],[886.0,537.5],[884.0,537.5],[883.0,537.5],[881.0,537.5],[880.0,537.5],[879.0,536.5],[878.0,536.5],[877.0,536.5],[875.0,536.5],[874.0,536.5],[872.5,536.0],[872.0,535.5],[870.0,535.5],[869.0,535.5],[867.0,535.5],[866.0,535.5],[864.0,535.5],[863.0,535.5],[862.0,535.5],[861.0,534.5],[860.0,534.5],[858.0,534.5],[857.0,534.5],[856.0,533.5],[855.0,533.5],[853.5,533.0],[853.0,532.5],[852.0,532.5],[850.5,532.0],[850.0,531.5],[849.0,530.5],[848.0,530.5],[847.0,529.5],[846.5,529.0],[845.5,528.0],[845.0,527.5],[844.0,526.5],[843.5,526.0],[843.5,525.0],[842.5,524.0],[842.0,523.5],[841.5,522.0],[841.0,521.5],[840.5,520.0],[840.0,519.5],[839.5,518.0],[839.0,517.5],[838.5,516.0],[838.5,515.0],[838.0,514.5],[837.5,513.0],[837.0,512.5],[836.0,511.5],[835.5,511.0],[835.0,509.5],[834.5,509.0],[833.5,508.0],[833.5,507.0],[833.5,506.0],[832.5,505.0],[832.5,504.0],[832.5,502.0],[832.5,501.0],[832.5,499.0],[832.5,498.0],[833.0,496.5],[833.5,496.0],[834.5,495.0],[835.0,494.5],[836.0,494.5],[837.0,493.5],[837.5,493.0],[838.5,492.0],[839.0,491.5],[840.0,490.5],[840.5,490.0],[842.0,489.5],[842.5,489.0],[843.0,488.5],[844.0,487.5],[844.5,487.0],[845.5,486.0],[846.0,485.5],[847.5,485.0],[848.0,484.5],[849.0,483.5],[849.5,483.0],[850.5,482.0],[851.0,481.5],[851.5,481.0],[852.5,480.0],[853.0,479.5],[854.0,478.5],[854.5,478.0],[855.5,477.0],[856.0,476.5],[857.5,476.0],[858.0,475.5],[859.0,474.5],[859.5,474.0],[860.0,473.5],[861.5,473.0],[862.0,472.5],[863.5,472.0],[864.0,471.5],[865.5,471.0],[866.0,470.5],[867.5,470.0],[868.0,469.5],[869.0,469.5],[870.0,468.5],[871.0,468.5],[872.0,467.5],[873.0,467.5],[874.0,466.5],[875.0,466.5],[876.0,465.5],[877.0,465.5],[878.5,465.0],[879.0,464.5],[880.0,464.5],[881.0,463.5],[882.0,463.5],[884.0,463.5],[885.0,463.5],[886.0,462.5],[887.0,462.5],[889.0,462.5],[890.0,462.5],[891.0,462.5],[893.0,462.5],[894.0,462.5],[895.5,462.0],[896.0,461.5],[898.0,461.5],[899.0,461.5],[901.0,461.5],[902.0,461.5],[904.0,461.5],[905.0,461.5],[906.0,461.5],[907.0,462.5],[908.0,462.5],[910.0,462.5],[911.0,462.5],[913.0,462.5],[914.0,462.5],[916.0,462.5],[917.0,462.5],[919.0,462.5],[919.5,463.0],[920.0,463.5],[922.0,463.5],[923.0,463.5],[925.0,463.5],[925.5,464.0],[927.0,464.5],[927.5,465.0],[929.0,465.5],[929.5,466.0],[930.0,466.5],[931.5,467.0],[932.0,467.5],[933.5,468.0],[934.0,468.5],[935.0,469.5],[935.5,470.0],[936.5,471.0],[937.0,471.5],[937.5,473.0],[938.0,473.5],[938.5,474.0],[939.5,475.0],[939.5,476.0],[940.5,477.0],[940.5,478.0],[940.5,480.0],[940.5,481.0],[941.0,482.5],[941.5,483.0],[941.5,484.0],[941.5,486.0],[941.5,487.0],[941.5,489.0],[941.5,490.0],[941.5,492.0],[941.5,493.0],[941.0,494.5],[940.5,495.0],[940.5,497.0],[940.5,498.0],[940.5,499.0],[940.0,500.5],[939.5,501.0],[939.5,503.0],[939.5,504.0],[938.5,505.0],[938.5,506.0],[938.5,508.0],[938.5,509.0],[937.5,510.0],[937.5,511.0],[937.5,512.0],[937.0,513.5],[936.5,514.0],[936.5,516.0],[936.5,517.0],[936.5,519.0],[936.5,520.0],[936.0,521.5],[935.5,522.0],[935.0,522.5],[934.5,524.0],[934.0,524.5],[933.0,525.5],[932.5,526.0],[931.5,527.0],[931.0,527.5],[930.0,528.5],[929.5,529.0],[928.5,530.0],[928.0,530.5],[927.0,530.5],[926.0,531.5],[925.0,531.5],[924.0,532.5],[923.0,532.5],[921.5,533.0],[921.0,533.5],[919.5,534.0],[919.0,534.5],[918.0,534.5],[916.5,535.0],[916.0,535.5],[914.0,535.5],[913.0,535.5],[912.0,536.5],[911.0,536.5],[909.0,536.5],[908.0,536.5],[906.5,537.0],[906.0,537.5]]",243070.5682927174,431098.0302361981,50.28654195193485,SPW_여수로_교각_도수면,SPW_여수로_교각_도수면,SPW_0257,0.9865828342656722,38.80192654850251
frame_039703.jpg,R000071,SPL,박락,"[[541.0,666.5],[538.0,666.5],[535.0,666.5],[532.5,666.0],[530.0,665.5],[527.0,665.5],[525.0,664.5],[523.5,663.0],[521.5,662.0],[520.0,660.5],[519.0,658.5],[518.0,656.5],[517.0,654.5],[516.0,652.5],[515.0,650.5],[514.0,648.5],[512.5,647.0],[511.5,645.0],[510.0,643.5],[509.0,642.5],[508.0,640.5],[507.0,638.5],[505.5,637.0],[504.5,635.0],[503.5,633.0],[502.5,631.0],[501.5,629.0],[500.0,627.5],[499.0,625.5],[497.5,624.0],[496.5,622.0],[495.0,620.5],[494.0,618.5],[492.5,617.0],[491.0,615.5],[489.5,614.0],[488.0,612.5],[486.5,611.0],[485.5,609.0],[484.0,607.5],[482.0,606.5],[480.5,605.0],[478.5,604.0],[476.5,603.0],[474.5,602.0],[472.0,601.5],[470.0,600.5],[467.0,600.5],[464.0,600.5],[461.5,600.0],[459.0,599.5],[456.0,599.5],[453.0,599.5],[451.0,598.5],[448.5,598.0],[447.0,597.5],[445.0,596.5],[443.5,595.0],[442.0,593.5],[440.5,592.0],[438.5,591.0],[437.0,589.5],[435.5,588.0],[434.0,586.5],[432.5,585.0],[431.0,583.5],[429.5,582.0],[428.5,580.0],[428.5,577.0],[428.5,574.0],[427.5,572.0],[426.5,570.0],[425.5,568.0],[425.0,565.5],[424.0,563.5],[423.0,561.5],[422.0,559.5],[421.0,557.5],[419.5,556.0],[418.5,554.0],[417.0,552.5],[415.5,551.0],[414.5,549.0],[413.5,547.0],[412.0,545.5],[410.5,544.0],[409.5,542.0],[408.5,540.0],[408.5,537.0],[407.5,535.0],[407.5,532.0],[406.5,530.0],[406.5,528.0],[407.5,526.0],[408.0,523.5],[409.5,522.0],[411.0,520.5],[413.0,519.5],[415.5,519.0],[418.0,518.5],[421.0,518.5],[423.5,519.0],[426.0,519.5],[428.0,520.5],[430.0,521.5],[431.5,523.0],[433.0,524.5],[434.5,526.0],[436.5,527.0],[438.0,528.5],[440.0,529.5],[441.5,531.0],[443.5,532.0],[445.5,533.0],[447.5,534.0],[450.0,534.5],[452.0,535.5],[454.0,536.5],[456.0,537.5],[459.0,537.5],[461.0,538.5],[464.0,538.5],[467.0,538.5],[469.0,537.5],[471.5,537.0],[474.0,536.5],[476.0,535.5],[478.5,535.0],[480.0,534.5],[482.0,533.5],[484.0,532.5],[486.0,531.5],[488.0,530.5],[490.0,529.5],[492.0,528.5],[494.0,527.5],[496.0,526.5],[499.0,526.5],[501.0,525.5],[504.0,525.5],[507.0,525.5],[510.0,525.5],[513.0,525.5],[515.0,526.5],[517.0,527.5],[519.0,528.5],[521.0,529.5],[522.0,531.5],[523.5,533.0],[524.5,535.0],[526.0,536.5],[527.5,538.0],[528.5,540.0],[530.0,541.5],[531.5,543.0],[532.5,545.0],[533.5,547.0],[534.5,549.0],[536.0,550.5],[537.5,552.0],[539.5,553.0],[541.5,554.0],[544.0,554.5],[547.0,554.5],[549.0,554.5],[552.0,554.5],[555.0,554.5],[558.0,554.5],[560.5,555.0],[563.0,555.5],[566.0,555.5],[568.0,556.5],[571.0,556.5],[573.0,557.5],[575.0,558.5],[577.0,559.5],[578.5,561.0],[580.0,562.5],[582.0,563.5],[583.0,565.5],[584.5,567.0],[585.5,569.0],[587.0,570.5],[588.5,572.0],[589.5,574.0],[591.5,575.0],[593.0,576.5],[594.5,578.0],[596.0,579.5],[598.0,580.5],[599.5,582.0],[601.0,583.5],[602.5,585.0],[604.0,586.5],[605.5,588.0],[607.0,589.5],[608.0,591.5],[608.5,594.0],[609.5,596.0],[611.0,597.5],[612.0,599.5],[613.0,600.5],[614.0,602.5],[615.0,604.5],[616.0,606.5],[617.0,608.5],[618.0,610.5],[618.5,613.0],[618.5,616.0],[618.5,619.0],[617.0,620.5],[615.5,622.0],[614.0,623.5],[612.5,625.0],[611.0,626.5],[609.0,627.5],[607.0,628.5],[604.0,628.5],[602.0,629.5],[600.0,630.5],[597.0,630.5],[595.0,631.5],[592.0,631.5],[590.0,632.5],[587.5,633.0],[585.0,633.5],[583.0,634.5],[581.0,635.5],[578.5,636.0],[576.0,636.5],[574.0,637.5],[571.0,637.5],[568.0,637.5],[565.0,637.5],[562.0,637.5],[559.0,637.5],[557.0,636.5],[555.0,636.5],[552.0,636.5],[550.0,635.5],[548.0,636.5],[545.0,636.5],[543.0,637.5],[541.0,638.5],[540.0,640.5],[540.0,642.5],[540.5,645.0],[541.5,647.0],[542.5,649.0],[542.5,652.0],[542.5,655.0],[542.5,658.0],[543.5,660.0],[543.5,663.0],[542.5,665.0],[541.0,666.5]]",243070.51838055148,431098.1794201273,50.28654195193485,SPW_여수로_교각_도수면,SPW_여수로_교각_도수면,SPW_0257,0.9840625084427722,38.644614536783756
frame_039703.jpg,R000072,SPL,박락,"[[1919.0,711.5],[1918.5,710.0],[1917.0,708.5],[1916.0,707.5],[1915.0,706.5],[1913.0,705.5],[1912.0,704.5],[1910.5,704.0],[1909.0,702.5],[1907.5,702.0],[1906.5,701.0],[1904.5,700.0],[1903.0,699.5],[1902.0,698.5],[1899.0,698.5],[1898.0,697.5],[1895.5,697.0],[1894.0,696.5],[1892.0,696.5],[1890.0,695.5],[1888.5,695.0],[1887.0,694.5],[1884.5,694.0],[1883.0,693.5],[1881.5,693.0],[1879.0,692.5],[1877.5,692.0],[1876.0,691.5],[1874.0,690.5],[1872.0,690.5],[1871.0,689.5],[1869.0,688.5],[1867.5,688.0],[1866.0,687.5],[1864.5,686.0],[1863.5,685.0],[1863.0,683.5],[1861.5,682.0],[1861.0,680.5],[1860.5,679.0],[1859.0,677.5],[1858.0,676.5],[1857.0,675.5],[1855.5,674.0],[1854.5,673.0],[1853.5,671.0],[1852.5,670.0],[1851.5,669.0],[1850.0,667.5],[1849.0,666.5],[1848.0,665.5],[1846.5,664.0],[1846.5,662.0],[1846.5,660.0],[1846.5,657.0],[1847.0,655.5],[1847.5,654.0],[1848.5,652.0],[1849.0,650.5],[1849.5,649.0],[1851.0,647.5],[1852.0,646.5],[1852.5,645.0],[1854.0,643.5],[1855.0,642.5],[1855.5,641.0],[1856.5,639.0],[1856.5,637.0],[1857.5,636.0],[1857.5,633.0],[1857.0,631.5],[1856.0,629.5],[1855.0,628.5],[1854.5,627.0],[1853.0,625.5],[1851.5,625.0],[1850.0,624.5],[1848.0,625.5],[1846.0,625.5],[1845.0,626.5],[1842.5,627.0],[1841.0,627.5],[1840.0,628.5],[1838.0,629.5],[1836.5,630.0],[1835.5,631.0],[1833.5,632.0],[1832.0,632.5],[1831.0,633.5],[1829.0,634.5],[1827.0,634.5],[1825.0,634.5],[1822.0,634.5],[1820.0,634.5],[1819.0,633.5],[1817.0,632.5],[1816.0,631.5],[1814.5,631.0],[1813.0,629.5],[1811.5,629.0],[1810.0,627.5],[1809.0,626.5],[1808.5,625.0],[1807.0,623.5],[1806.5,622.0],[1805.5,621.0],[1804.5,619.0],[1804.5,617.0],[1804.0,615.5],[1803.5,613.0],[1803.0,611.5],[1802.5,610.0],[1802.5,607.0],[1802.5,605.0],[1802.5,603.0],[1802.5,600.0],[1802.5,598.0],[1802.5,596.0],[1803.5,594.0],[1803.5,592.0],[1803.5,590.0],[1804.5,588.0],[1805.0,586.5],[1806.0,585.5],[1807.5,584.0],[1808.5,583.0],[1809.0,581.5],[1810.5,580.0],[1811.0,578.5],[1812.0,576.5],[1812.5,575.0],[1813.5,574.0],[1814.5,572.0],[1814.5,570.0],[1814.5,568.0],[1815.0,565.5],[1815.5,564.0],[1815.5,562.0],[1816.5,560.0],[1817.0,558.5],[1817.5,557.0],[1819.0,555.5],[1820.0,554.5],[1821.5,554.0],[1823.0,552.5],[1824.5,552.0],[1826.0,551.5],[1828.0,550.5],[1830.0,550.5],[1831.5,551.0],[1834.0,551.5],[1836.0,551.5],[1837.0,552.5],[1839.5,553.0],[1841.0,553.5],[1842.5,554.0],[1844.5,555.0],[1846.0,555.5],[1848.0,556.5],[1849.0,557.5],[1850.5,558.0],[1852.0,559.5],[1853.0,560.5],[1854.0,561.5],[1855.5,563.0],[1856.5,564.0],[1857.5,565.0],[1859.0,566.5],[1859.5,568.0],[1860.5,569.0],[1862.0,570.5],[1863.0,571.5],[1863.5,573.0],[1865.0,574.5],[1866.0,575.5],[1867.5,576.0],[1869.0,577.5],[1870.0,578.5],[1871.0,579.5],[1873.0,580.5],[1874.0,581.5],[1875.0,582.5],[1877.0,583.5],[1878.5,584.0],[1879.5,585.0],[1881.5,586.0],[1882.5,587.0],[1884.0,588.5],[1885.5,589.0],[1886.5,590.0],[1888.0,591.5],[1889.0,592.5],[1890.5,593.0],[1892.0,594.5],[1893.0,595.5],[1894.0,596.5],[1896.0,597.5],[1897.0,598.5],[1899.0,598.5],[1901.0,599.5],[1903.0,599.5],[1904.0,600.5],[1907.0,600.5],[1908.5,601.0],[1910.0,601.5],[1912.5,602.0],[1914.0,602.5],[1915.5,603.0],[1917.5,604.0],[1919.0,604.5],[1919.5,606.0],[1919.5,609.0],[1919.5,611.0],[1919.5,614.0],[1919.5,616.0],[1919.5,618.0],[1919.5,621.0],[1919.5,623.0],[1919.5,625.0],[1919.5,628.0],[1919.5,630.0],[1919.5,632.0],[1919.5,635.0],[1919.5,637.0],[1919.5,639.0],[1919.5,642.0],[1919.5,644.0],[1919.5,646.0],[1919.5,649.0],[1919.5,651.0],[1919.5,653.0],[1919.5,656.0],[1919.5,658.0],[1919.5,660.0],[1919.5,663.0],[1919.5,665.0],[1919.5,667.0],[1919.5,670.0],[1919.5,672.0],[1919.5,674.0],[1919.5,677.0],[1919.5,679.0],[1919.5,682.0],[1919.5,684.0],[1919.5,686.0],[1919.5,689.0],[1919.5,691.0],[1919.5,693.0],[1919.5,696.0],[1919.5,698.0],[1919.5,700.0],[1919.5,703.0],[1919.5,705.0],[1919.5,707.0],[1919.5,710.0],[1919.0,711.5]]",243070.69737855846,431097.6444077613,50.28654195193485,SPW_여수로_교각_도수면,SPW_여수로_교각_도수면,SPW_0257,0.9845237771541586,39.208776320637924
frame_039703.jpg,R000073,SPL,박락,"[[1273.0,658.5],[1272.0,658.5],[1271.0,658.5],[1270.0,658.5],[1269.0,658.5],[1268.0,658.5],[1266.0,658.5],[1265.0,658.5],[1264.0,658.5],[1263.0,658.5],[1262.5,658.0],[1262.0,657.5],[1261.0,657.5],[1260.0,657.5],[1259.0,657.5],[1258.5,657.0],[1258.0,656.5],[1256.5,656.0],[1256.0,655.5],[1255.0,655.5],[1254.5,655.0],[1254.0,654.5],[1253.5,654.0],[1253.0,653.5],[1252.0,653.5],[1251.5,653.0],[1251.0,652.5],[1250.5,652.0],[1249.5,651.0],[1249.0,650.5],[1248.5,650.0],[1248.5,649.0],[1248.0,648.5],[1247.5,648.0],[1247.5,647.0],[1247.5,646.0],[1247.5,645.0],[1247.5,644.0],[1247.5,643.0],[1247.5,641.0],[1248.0,640.5],[1248.5,640.0],[1248.5,639.0],[1248.5,638.0],[1248.5,637.0],[1248.5,636.0],[1248.5,635.0],[1249.0,634.5],[1249.5,634.0],[1249.5,633.0],[1249.5,631.0],[1249.5,630.0],[1250.0,629.5],[1250.5,629.0],[1250.5,628.0],[1250.5,627.0],[1250.5,626.0],[1250.5,625.0],[1250.5,624.0],[1250.5,623.0],[1251.0,622.5],[1251.5,621.0],[1251.5,620.0],[1251.5,619.0],[1251.5,618.0],[1251.5,617.0],[1251.5,616.0],[1251.5,615.0],[1251.5,614.0],[1251.5,613.0],[1251.5,612.0],[1251.5,611.0],[1251.5,610.0],[1251.5,608.0],[1251.5,607.0],[1251.5,606.0],[1252.0,605.5],[1252.5,605.0],[1252.5,604.0],[1252.5,603.0],[1252.5,602.0],[1252.5,601.0],[1253.0,600.5],[1253.5,600.0],[1253.5,598.0],[1253.5,597.0],[1253.5,596.0],[1254.0,595.5],[1254.5,595.0],[1254.5,594.0],[1254.5,593.0],[1254.5,592.0],[1255.0,591.5],[1255.5,591.0],[1255.5,590.0],[1256.0,588.5],[1256.5,588.0],[1257.0,587.5],[1257.5,587.0],[1258.0,586.5],[1258.5,586.0],[1259.0,585.5],[1259.5,585.0],[1260.0,584.5],[1260.5,584.0],[1261.0,583.5],[1262.0,582.5],[1262.5,582.0],[1263.0,581.5],[1263.5,581.0],[1264.0,580.5],[1264.5,580.0],[1265.0,579.5],[1266.0,579.5],[1266.5,579.0],[1267.0,578.5],[1268.0,578.5],[1269.0,577.5],[1270.0,577.5],[1270.5,577.0],[1271.0,576.5],[1272.0,576.5],[1273.0,576.5],[1274.0,576.5],[1275.0,576.5],[1276.0,576.5],[1277.0,576.5],[1278.0,576.5],[1279.5,577.0],[1280.0,577.5],[1281.0,577.5],[1282.0,577.5],[1282.5,578.0],[1283.0,578.5],[1284.0,578.5],[1284.5,579.0],[1285.0,579.5],[1286.0,579.5],[1286.5,580.0],[1288.0,580.5],[1288.5,581.0],[1289.0,581.5],[1289.5,582.0],[1290.0,582.5],[1290.5,583.0],[1291.0,583.5],[1291.5,584.0],[1292.0,584.5],[1292.5,585.0],[1293.0,585.5],[1294.0,586.5],[1294.5,587.0],[1295.0,587.5],[1295.5,588.0],[1295.5,589.0],[1296.0,589.5],[1296.5,590.0],[1296.5,591.0],[1297.0,591.5],[1297.5,592.0],[1297.5,593.0],[1298.5,594.0],[1298.5,595.0],[1299.0,595.5],[1299.5,596.0],[1299.5,597.0],[1300.0,597.5],[1300.5,598.0],[1301.0,598.5],[1301.5,599.0],[1301.5,600.0],[1302.0,600.5],[1302.5,602.0],[1303.0,602.5],[1303.5,603.0],[1303.5,604.0],[1303.5,605.0],[1303.5,606.0],[1303.5,607.0],[1303.5,608.0],[1304.0,608.5],[1304.5,609.0],[1304.5,610.0],[1304.5,612.0],[1304.5,613.0],[1304.0,613.5],[1303.5,614.0],[1303.5,615.0],[1303.5,616.0],[1303.5,617.0],[1303.5,618.0],[1303.5,619.0],[1303.0,619.5],[1302.5,620.0],[1302.5,621.0],[1302.5,623.0],[1302.0,623.5],[1301.5,624.0],[1301.5,625.0],[1301.5,626.0],[1301.5,627.0],[1301.5,628.0],[1301.0,628.5],[1300.5,629.0],[1300.5,630.0],[1300.5,631.0],[1300.5,633.0],[1300.5,634.0],[1300.5,635.0],[1300.0,635.5],[1299.5,636.0],[1299.5,637.0],[1299.5,638.0],[1299.0,638.5],[1298.5,639.0],[1298.5,640.0],[1298.0,640.5],[1297.5,642.0],[1297.0,642.5],[1296.5,643.0],[1296.0,643.5],[1295.5,644.0],[1295.5,645.0],[1295.0,645.5],[1294.5,646.0],[1294.0,646.5],[1293.5,647.0],[1293.0,647.5],[1292.0,648.5],[1291.5,649.0],[1291.0,649.5],[1290.0,649.5],[1289.5,650.0],[1289.0,650.5],[1288.5,651.0],[1288.0,651.5],[1287.5,652.0],[1287.0,652.5],[1286.0,652.5],[1285.0,653.5],[1284.0,653.5],[1283.5,654.0],[1283.0,654.5],[1282.0,654.5],[1281.5,655.0],[1281.0,655.5],[1280.0,655.5],[1279.5,656.0],[1279.0,656.5],[1278.0,656.5],[1276.5,657.0],[1276.0,657.5],[1275.0,657.5],[1274.0,657.5],[1273.5,658.0],[1273.0,658.5]]",243070.61936835156,431097.877574745,50.28654195193485,SPW_여수로_교각_도수면,SPW_여수로_교각_도수면,SPW_0257,0.9815578857283285,38.962905552408756
frame_039703.jpg,R000074,SPL,박락,"[[1442.0,638.5],[1441.0,638.5],[1440.0,638.5],[1439.0,638.5],[1438.0,638.5],[1437.0,638.5],[1435.0,638.5],[1434.0,638.5],[1433.0,638.5],[1432.0,638.5],[1431.0,638.5],[1430.0,638.5],[1429.0,638.5],[1428.0,638.5],[1427.5,638.0],[1427.0,637.5],[1426.0,637.5],[1424.5,637.0],[1424.0,636.5],[1423.0,636.5],[1422.0,636.5],[1421.0,636.5],[1420.0,636.5],[1419.5,636.0],[1419.0,635.5],[1418.0,635.5],[1417.0,635.5],[1416.0,635.5],[1415.0,634.5],[1414.0,634.5],[1413.5,634.0],[1413.0,633.5],[1412.0,633.5],[1411.5,633.0],[1411.0,632.5],[1410.5,632.0],[1410.0,631.5],[1409.0,631.5],[1408.5,631.0],[1407.5,630.0],[1407.0,629.5],[1406.5,629.0],[1406.0,628.5],[1405.5,628.0],[1405.5,627.0],[1405.0,626.5],[1404.5,626.0],[1404.0,625.5],[1403.5,625.0],[1403.5,624.0],[1402.5,623.0],[1402.0,622.5],[1401.5,622.0],[1401.0,621.5],[1400.5,621.0],[1400.0,620.5],[1399.5,620.0],[1399.5,619.0],[1399.0,618.5],[1398.5,618.0],[1398.5,617.0],[1398.0,615.5],[1397.5,615.0],[1397.5,614.0],[1397.0,613.5],[1396.5,613.0],[1396.5,612.0],[1396.5,611.0],[1396.5,610.0],[1397.0,609.5],[1397.5,609.0],[1397.5,608.0],[1397.5,607.0],[1398.5,606.0],[1398.5,605.0],[1398.5,604.0],[1399.0,603.5],[1399.5,603.0],[1400.0,602.5],[1400.5,602.0],[1400.5,601.0],[1401.0,600.5],[1401.5,600.0],[1401.5,599.0],[1402.5,598.0],[1402.5,597.0],[1403.0,596.5],[1403.5,596.0],[1403.5,595.0],[1403.5,594.0],[1404.0,593.5],[1404.5,593.0],[1404.5,592.0],[1404.5,591.0],[1405.0,590.5],[1405.5,589.0],[1406.0,588.5],[1406.5,588.0],[1406.5,587.0],[1407.0,586.5],[1408.0,586.5],[1408.5,586.0],[1409.0,585.5],[1409.5,585.0],[1410.0,584.5],[1411.0,584.5],[1412.0,583.5],[1413.0,583.5],[1414.0,583.5],[1414.5,583.0],[1415.0,582.5],[1416.0,582.5],[1417.0,582.5],[1417.5,582.0],[1418.0,581.5],[1419.0,581.5],[1420.0,581.5],[1421.0,580.5],[1422.0,580.5],[1423.0,580.5],[1424.0,580.5],[1425.0,580.5],[1425.5,580.0],[1426.0,579.5],[1427.0,579.5],[1428.0,579.5],[1429.0,579.5],[1430.0,579.5],[1432.0,579.5],[1433.0,579.5],[1434.0,579.5],[1435.0,579.5],[1436.0,579.5],[1437.0,579.5],[1438.0,579.5],[1439.0,579.5],[1440.0,579.5],[1441.0,579.5],[1442.0,579.5],[1444.0,579.5],[1445.0,579.5],[1446.0,579.5],[1447.0,579.5],[1448.0,579.5],[1449.0,579.5],[1450.0,579.5],[1450.5,580.0],[1451.0,580.5],[1452.0,580.5],[1453.0,580.5],[1455.0,580.5],[1456.0,580.5],[1456.5,581.0],[1457.0,581.5],[1458.0,581.5],[1459.0,581.5],[1459.5,582.0],[1460.0,582.5],[1461.0,582.5],[1462.0,582.5],[1462.5,583.0],[1464.0,583.5],[1464.5,584.0],[1465.0,584.5],[1466.0,584.5],[1466.5,585.0],[1467.0,585.5],[1468.0,585.5],[1468.5,586.0],[1469.0,586.5],[1469.5,587.0],[1470.0,587.5],[1471.0,588.5],[1471.5,589.0],[1471.5,590.0],[1472.0,590.5],[1472.5,591.0],[1472.5,592.0],[1473.0,592.5],[1473.5,593.0],[1474.0,593.5],[1474.5,594.0],[1474.5,595.0],[1475.0,596.5],[1475.5,597.0],[1475.5,598.0],[1475.5,599.0],[1475.5,600.0],[1475.5,601.0],[1475.5,602.0],[1475.5,603.0],[1476.0,603.5],[1476.5,604.0],[1476.5,605.0],[1476.5,606.0],[1476.5,608.0],[1476.5,609.0],[1476.5,610.0],[1476.5,611.0],[1476.5,612.0],[1476.5,613.0],[1476.0,613.5],[1475.5,614.0],[1475.5,615.0],[1475.0,615.5],[1474.5,616.0],[1474.5,618.0],[1474.0,618.5],[1473.5,619.0],[1473.5,620.0],[1473.0,620.5],[1472.5,621.0],[1472.0,621.5],[1471.5,622.0],[1471.0,622.5],[1470.5,623.0],[1470.0,623.5],[1469.0,624.5],[1468.5,625.0],[1468.0,625.5],[1467.5,626.0],[1467.0,626.5],[1466.5,627.0],[1466.0,627.5],[1465.0,627.5],[1464.5,628.0],[1464.0,628.5],[1463.5,629.0],[1462.0,629.5],[1461.5,630.0],[1461.0,630.5],[1460.5,631.0],[1460.0,631.5],[1459.0,631.5],[1458.5,632.0],[1458.0,632.5],[1457.0,632.5],[1456.0,632.5],[1455.5,633.0],[1454.0,633.5],[1453.5,634.0],[1453.0,634.5],[1452.5,635.0],[1452.0,635.5],[1451.0,635.5],[1450.0,635.5],[1449.5,636.0],[1449.0,636.5],[1448.0,636.5],[1447.5,637.0],[1446.0,637.5],[1445.0,637.5],[1444.0,637.5],[1443.0,637.5],[1442.5,638.0],[1442.0,638.5]]",243070.64070273307,431097.81380778947,50.28654195193485,SPW_여수로_교각_도수면,SPW_여수로_교각_도수면,SPW_0257,0.9756676644917979,39.03014676334625
frame_039703.jpg,R000075,SPL,박락,"[[807.0,735.5],[806.0,735.5],[804.0,735.5],[803.0,735.5],[802.0,735.5],[800.0,735.5],[799.0,735.5],[798.0,735.5],[796.0,735.5],[795.5,735.0],[795.0,734.5],[793.0,734.5],[792.0,734.5],[791.0,734.5],[789.0,734.5],[788.0,734.5],[787.0,734.5],[786.0,733.5],[785.0,733.5],[784.0,733.5],[782.0,733.5],[781.0,733.5],[780.0,732.5],[779.0,732.5],[778.0,732.5],[776.0,732.5],[775.5,732.0],[775.0,731.5],[773.0,731.5],[772.0,731.5],[771.5,731.0],[770.0,730.5],[769.0,730.5],[768.5,730.0],[767.0,729.5],[766.0,729.5],[765.0,729.5],[764.0,728.5],[763.0,728.5],[762.0,728.5],[760.5,728.0],[760.0,727.5],[759.0,727.5],[757.0,727.5],[756.0,727.5],[755.0,727.5],[753.0,727.5],[752.0,727.5],[751.0,727.5],[749.0,727.5],[748.0,727.5],[747.0,727.5],[745.0,727.5],[744.0,727.5],[743.0,727.5],[741.5,727.0],[741.0,726.5],[740.0,726.5],[738.5,726.0],[738.0,725.5],[737.0,725.5],[736.5,724.0],[736.5,723.0],[736.0,722.5],[735.5,721.0],[735.5,720.0],[734.5,719.0],[734.5,718.0],[734.5,717.0],[734.5,715.0],[735.0,714.5],[735.5,714.0],[735.5,712.0],[736.0,711.5],[736.5,711.0],[736.5,709.0],[737.0,708.5],[737.5,708.0],[738.5,707.0],[739.0,706.5],[739.5,706.0],[740.5,705.0],[741.0,704.5],[741.5,704.0],[742.5,703.0],[743.0,702.5],[744.0,702.5],[744.5,701.0],[745.0,700.5],[745.5,700.0],[746.5,699.0],[746.5,698.0],[747.0,697.5],[747.5,696.0],[748.0,695.5],[748.5,695.0],[749.0,693.5],[749.5,693.0],[750.0,692.5],[751.5,692.0],[752.0,691.5],[752.5,691.0],[754.0,690.5],[754.5,690.0],[755.0,689.5],[756.0,688.5],[756.5,688.0],[757.5,687.0],[758.0,686.5],[758.5,686.0],[759.5,685.0],[760.0,684.5],[761.0,684.5],[762.0,683.5],[762.5,683.0],[763.0,682.5],[764.5,682.0],[765.0,681.5],[765.5,681.0],[767.0,680.5],[767.5,680.0],[768.0,679.5],[769.0,678.5],[770.0,678.5],[770.5,678.0],[771.5,677.0],[772.0,676.5],[772.5,676.0],[773.5,675.0],[774.0,674.5],[775.0,674.5],[776.0,673.5],[776.5,673.0],[777.0,672.5],[778.5,672.0],[779.0,671.5],[779.5,671.0],[780.5,670.0],[781.0,669.5],[781.5,669.0],[782.5,668.0],[783.0,667.5],[784.0,667.5],[785.0,666.5],[786.0,666.5],[787.0,666.5],[788.5,666.0],[789.0,665.5],[790.0,665.5],[791.0,666.5],[791.5,667.0],[792.5,668.0],[793.0,668.5],[793.5,669.0],[794.5,670.0],[795.0,670.5],[795.5,671.0],[796.5,672.0],[797.0,672.5],[797.5,673.0],[799.0,673.5],[799.5,674.0],[800.0,674.5],[801.0,675.5],[801.5,676.0],[802.0,676.5],[803.0,677.5],[804.0,677.5],[804.5,678.0],[806.0,678.5],[806.5,679.0],[807.0,679.5],[808.0,680.5],[808.5,681.0],[809.0,681.5],[810.0,682.5],[810.5,683.0],[811.0,683.5],[812.0,684.5],[812.5,685.0],[813.0,685.5],[814.5,686.0],[815.0,686.5],[815.5,687.0],[816.5,688.0],[817.0,688.5],[817.5,689.0],[818.5,690.0],[819.0,690.5],[819.5,691.0],[820.5,692.0],[821.0,692.5],[822.0,693.5],[822.5,694.0],[823.0,694.5],[824.0,695.5],[824.5,696.0],[825.0,696.5],[826.0,697.5],[827.0,697.5],[827.5,698.0],[828.0,699.5],[828.5,700.0],[829.0,700.5],[830.0,701.5],[830.5,702.0],[831.0,702.5],[831.5,704.0],[832.0,704.5],[832.5,705.0],[833.0,706.5],[833.5,707.0],[833.5,708.0],[834.5,709.0],[834.5,710.0],[834.5,711.0],[835.0,712.5],[835.5,713.0],[835.5,714.0],[835.5,716.0],[835.5,717.0],[835.5,718.0],[834.5,719.0],[834.0,719.5],[833.5,720.0],[833.0,721.5],[832.5,722.0],[832.5,723.0],[831.5,724.0],[831.0,724.5],[830.5,725.0],[830.0,726.5],[829.5,727.0],[829.0,727.5],[828.0,728.5],[827.5,729.0],[826.5,730.0],[826.0,730.5],[825.5,731.0],[824.5,732.0],[824.0,732.5],[823.0,732.5],[821.5,733.0],[821.0,733.5],[820.0,733.5],[818.5,734.0],[818.0,734.5],[817.0,734.5],[815.0,734.5],[814.0,734.5],[813.0,734.5],[811.0,734.5],[810.0,734.5],[809.0,734.5],[807.5,735.0],[807.0,735.5]]",243070.5547005893,431098.0708621065,50.28654195193485,SPW_여수로_교각_도수면,SPW_여수로_교각_도수면,SPW_0257,0.9760951833327004,38.75908719303376
frame_039703.jpg,R000076,SPL,박락,"[[1155.0,791.5],[1153.0,791.5],[1151.0,791.5],[1148.0,791.5],[1146.5,791.0],[1145.0,790.5],[1143.0,790.5],[1141.0,790.5],[1139.0,789.5],[1137.0,789.5],[1135.5,789.0],[1134.0,788.5],[1133.0,787.5],[1130.5,787.0],[1129.0,786.5],[1128.0,785.5],[1126.5,785.0],[1125.5,784.0],[1124.0,782.5],[1123.0,781.5],[1122.0,780.5],[1120.5,780.0],[1119.0,779.5],[1117.0,778.5],[1115.5,778.0],[1114.0,777.5],[1112.0,777.5],[1110.0,777.5],[1108.0,777.5],[1106.0,778.5],[1104.0,778.5],[1103.0,779.5],[1101.0,779.5],[1100.0,780.5],[1098.0,781.5],[1096.5,782.0],[1095.5,783.0],[1094.0,783.5],[1093.0,784.5],[1091.0,785.5],[1090.0,786.5],[1088.5,787.0],[1087.0,787.5],[1086.0,788.5],[1084.0,789.5],[1082.0,789.5],[1080.0,789.5],[1078.5,790.0],[1077.0,790.5],[1074.0,790.5],[1072.0,790.5],[1070.0,790.5],[1068.0,790.5],[1066.0,790.5],[1064.0,789.5],[1062.0,789.5],[1060.0,789.5],[1059.0,788.5],[1057.0,788.5],[1054.5,788.0],[1053.0,787.5],[1051.0,787.5],[1050.0,786.5],[1048.0,786.5],[1046.0,785.5],[1044.0,785.5],[1043.0,784.5],[1041.0,784.5],[1040.0,783.5],[1037.5,783.0],[1036.0,782.5],[1034.0,782.5],[1032.0,782.5],[1030.0,782.5],[1027.0,782.5],[1025.0,782.5],[1023.0,782.5],[1022.0,783.5],[1020.0,783.5],[1018.0,783.5],[1015.0,783.5],[1014.0,784.5],[1012.0,784.5],[1010.0,784.5],[1008.0,784.5],[1006.0,783.5],[1004.0,783.5],[1002.5,783.0],[1001.0,782.5],[999.0,782.5],[997.0,781.5],[995.5,781.0],[994.0,780.5],[993.0,779.5],[991.0,779.5],[989.0,778.5],[988.0,777.5],[987.0,776.5],[985.5,776.0],[984.5,775.0],[983.0,773.5],[982.0,772.5],[980.5,772.0],[979.5,771.0],[978.5,770.0],[977.5,768.0],[977.5,766.0],[977.0,764.5],[976.5,763.0],[976.5,761.0],[977.5,759.0],[978.5,758.0],[979.0,756.5],[980.0,755.5],[981.0,754.5],[982.5,753.0],[983.5,752.0],[984.5,751.0],[985.5,750.0],[987.0,749.5],[988.5,748.0],[989.5,747.0],[991.0,746.5],[992.0,745.5],[993.5,745.0],[995.5,744.0],[996.5,743.0],[997.5,742.0],[999.0,741.5],[1000.0,740.5],[1001.0,739.5],[1003.0,738.5],[1004.0,737.5],[1005.5,737.0],[1007.0,736.5],[1008.0,735.5],[1010.0,734.5],[1012.0,734.5],[1013.0,733.5],[1014.5,733.0],[1016.0,732.5],[1018.0,731.5],[1020.0,731.5],[1022.0,731.5],[1023.0,730.5],[1025.0,730.5],[1027.0,729.5],[1028.0,728.5],[1029.5,728.0],[1030.5,727.0],[1032.0,726.5],[1034.0,725.5],[1035.0,724.5],[1036.0,723.5],[1037.5,723.0],[1038.5,722.0],[1040.5,721.0],[1041.5,720.0],[1043.0,719.5],[1044.0,718.5],[1045.0,717.5],[1048.0,717.5],[1050.0,717.5],[1052.0,717.5],[1054.0,717.5],[1055.0,718.5],[1057.0,719.5],[1058.0,720.5],[1059.5,721.0],[1060.5,722.0],[1061.5,723.0],[1062.5,725.0],[1063.5,726.0],[1064.5,727.0],[1065.0,728.5],[1066.0,729.5],[1067.5,731.0],[1068.5,732.0],[1069.5,733.0],[1070.5,734.0],[1071.5,735.0],[1072.5,736.0],[1074.0,737.5],[1075.0,738.5],[1076.0,739.5],[1077.5,740.0],[1079.0,740.5],[1081.0,741.5],[1082.0,742.5],[1083.5,743.0],[1085.0,743.5],[1086.0,744.5],[1088.0,745.5],[1089.0,746.5],[1090.0,747.5],[1091.5,748.0],[1093.0,748.5],[1095.0,749.5],[1096.0,750.5],[1097.5,751.0],[1099.0,751.5],[1100.0,752.5],[1102.0,753.5],[1104.0,753.5],[1105.0,754.5],[1107.0,754.5],[1108.5,754.0],[1110.5,753.0],[1112.0,752.5],[1113.5,752.0],[1115.0,751.5],[1116.0,750.5],[1118.5,750.0],[1120.0,749.5],[1122.0,749.5],[1123.0,748.5],[1125.0,748.5],[1127.0,747.5],[1129.0,747.5],[1130.5,748.0],[1132.0,748.5],[1134.0,748.5],[1136.0,749.5],[1137.5,750.0],[1139.0,750.5],[1140.5,751.0],[1142.0,751.5],[1143.5,753.0],[1145.0,753.5],[1145.5,755.0],[1146.5,756.0],[1147.5,757.0],[1148.5,758.0],[1150.0,759.5],[1151.0,760.5],[1152.0,761.5],[1153.0,762.5],[1153.5,764.0],[1154.5,766.0],[1155.5,767.0],[1156.5,768.0],[1157.5,769.0],[1158.0,770.5],[1158.5,773.0],[1159.5,774.0],[1159.5,776.0],[1160.5,777.0],[1160.5,779.0],[1160.5,782.0],[1160.5,784.0],[1160.0,785.5],[1159.5,787.0],[1159.0,788.5],[1157.5,790.0],[1156.0,790.5],[1155.0,791.5]]",243070.59220475162,431097.9587648213,50.28654195193485,SPW_여수로_교각_도수면,SPW_여수로_교각_도수면,SPW_0257,0.9808179528790604,38.87729194563792
frame_039703.jpg,R000077,SPL,박락,"[[1793.0,833.5],[1791.0,833.5],[1790.0,833.5],[1788.0,833.5],[1786.0,833.5],[1784.0,833.5],[1783.0,833.5],[1781.0,833.5],[1779.0,833.5],[1777.0,833.5],[1776.0,833.5],[1774.5,833.0],[1773.0,832.5],[1772.0,832.5],[1770.5,832.0],[1769.0,831.5],[1767.5,831.0],[1767.0,830.5],[1765.5,830.0],[1764.5,829.0],[1763.5,828.0],[1763.0,827.5],[1761.5,827.0],[1760.5,826.0],[1760.0,825.5],[1758.5,825.0],[1757.5,824.0],[1756.0,823.5],[1755.5,823.0],[1754.5,822.0],[1753.5,821.0],[1753.0,820.5],[1752.0,819.5],[1751.0,818.5],[1750.0,817.5],[1749.5,817.0],[1748.5,816.0],[1747.5,815.0],[1747.0,813.5],[1746.5,813.0],[1745.5,812.0],[1744.5,811.0],[1744.5,810.0],[1743.5,809.0],[1743.0,807.5],[1742.0,806.5],[1741.5,806.0],[1740.5,805.0],[1740.0,803.5],[1739.0,802.5],[1738.5,802.0],[1737.5,801.0],[1736.5,800.0],[1736.5,799.0],[1735.5,798.0],[1734.5,797.0],[1733.5,796.0],[1733.0,795.5],[1732.5,794.0],[1731.5,793.0],[1730.5,792.0],[1730.0,791.5],[1729.0,790.5],[1727.5,790.0],[1727.0,789.5],[1725.5,789.0],[1724.5,788.0],[1723.0,787.5],[1722.0,787.5],[1720.5,787.0],[1719.0,786.5],[1717.0,786.5],[1716.0,786.5],[1715.0,785.5],[1713.5,785.0],[1713.0,784.5],[1711.5,784.0],[1710.0,783.5],[1709.0,782.5],[1708.5,782.0],[1707.5,781.0],[1706.5,780.0],[1706.0,779.5],[1705.0,778.5],[1703.5,778.0],[1702.5,777.0],[1702.5,776.0],[1701.5,775.0],[1701.0,773.5],[1700.5,772.0],[1700.0,771.5],[1699.5,770.0],[1698.5,769.0],[1698.0,768.5],[1697.5,767.0],[1696.5,766.0],[1695.5,765.0],[1695.0,764.5],[1693.5,764.0],[1692.5,763.0],[1691.5,762.0],[1691.5,761.0],[1691.5,759.0],[1691.5,757.0],[1692.0,756.5],[1692.5,755.0],[1693.0,753.5],[1694.5,753.0],[1695.0,752.5],[1696.0,751.5],[1697.5,751.0],[1699.0,750.5],[1699.5,750.0],[1700.5,749.0],[1702.0,748.5],[1703.0,748.5],[1704.0,747.5],[1705.5,747.0],[1707.0,746.5],[1708.0,746.5],[1710.0,746.5],[1711.0,747.5],[1713.0,747.5],[1714.0,747.5],[1715.5,748.0],[1717.0,748.5],[1718.0,748.5],[1720.0,748.5],[1721.0,749.5],[1723.0,749.5],[1724.0,749.5],[1725.5,750.0],[1727.0,750.5],[1728.0,750.5],[1730.0,750.5],[1732.0,750.5],[1734.0,750.5],[1734.5,750.0],[1736.0,749.5],[1738.0,749.5],[1740.0,749.5],[1741.0,749.5],[1743.0,749.5],[1745.0,749.5],[1746.0,749.5],[1748.0,749.5],[1749.0,750.5],[1751.0,750.5],[1752.0,750.5],[1754.0,750.5],[1755.5,751.0],[1757.0,751.5],[1758.0,751.5],[1760.0,751.5],[1761.0,752.5],[1762.0,752.5],[1763.5,753.0],[1765.0,753.5],[1766.5,754.0],[1767.0,754.5],[1768.5,755.0],[1770.0,755.5],[1771.0,756.5],[1772.0,756.5],[1773.5,757.0],[1775.0,757.5],[1775.5,758.0],[1777.0,758.5],[1778.5,759.0],[1780.0,759.5],[1780.5,760.0],[1782.0,760.5],[1783.0,761.5],[1785.0,761.5],[1785.5,762.0],[1787.0,762.5],[1788.0,763.5],[1789.0,763.5],[1790.5,764.0],[1792.0,764.5],[1793.0,765.5],[1793.5,766.0],[1795.0,766.5],[1796.0,767.5],[1796.5,768.0],[1797.5,769.0],[1798.5,770.0],[1799.5,771.0],[1800.0,771.5],[1800.5,773.0],[1801.5,774.0],[1802.5,775.0],[1802.5,776.0],[1803.5,777.0],[1804.5,778.0],[1804.5,779.0],[1805.5,780.0],[1806.5,781.0],[1807.5,782.0],[1808.0,782.5],[1809.0,783.5],[1810.0,784.5],[1811.0,785.5],[1811.5,786.0],[1812.5,787.0],[1813.5,788.0],[1814.0,788.5],[1815.0,789.5],[1816.0,790.5],[1817.0,791.5],[1817.5,792.0],[1818.5,793.0],[1819.5,794.0],[1820.5,795.0],[1820.5,796.0],[1821.5,797.0],[1822.5,798.0],[1823.0,798.5],[1823.5,800.0],[1823.0,801.5],[1822.5,803.0],[1822.5,804.0],[1822.5,806.0],[1821.5,807.0],[1821.0,808.5],[1820.5,809.0],[1819.5,810.0],[1819.0,811.5],[1818.5,812.0],[1818.0,813.5],[1817.0,814.5],[1816.5,816.0],[1816.0,816.5],[1815.0,817.5],[1814.5,819.0],[1814.0,819.5],[1813.5,821.0],[1812.5,822.0],[1811.5,823.0],[1811.0,823.5],[1810.0,824.5],[1809.0,825.5],[1807.5,826.0],[1807.0,826.5],[1806.0,827.5],[1805.0,828.5],[1804.5,829.0],[1803.0,829.5],[1802.0,830.5],[1800.5,831.0],[1800.0,831.5],[1798.5,832.0],[1797.0,832.5],[1795.0,832.5],[1794.0,832.5],[1793.0,833.5]]",243070.683387763,431097.686225258,50.28654195193485,SPW_여수로_교각_도수면,SPW_여수로_교각_도수면,SPW_0257,0.9816834331183376,39.16468045475251
frame_039703.jpg,R000078,SPL,박락,"[[1780.0,1079.5],[1777.0,1079.5],[1774.0,1079.5],[1771.0,1079.5],[1768.0,1079.5],[1765.0,1079.5],[1762.0,1079.5],[1759.0,1079.5],[1756.0,1079.5],[1753.0,1079.5],[1750.0,1079.5],[1747.0,1079.5],[1745.0,1079.5],[1742.0,1079.5],[1739.0,1079.5],[1736.0,1079.5],[1733.0,1079.5],[1730.0,1079.5],[1727.0,1079.5],[1724.0,1079.5],[1721.0,1079.5],[1718.0,1079.5],[1715.0,1079.5],[1712.0,1079.5],[1709.0,1079.5],[1706.0,1079.5],[1703.0,1079.5],[1700.0,1079.5],[1697.0,1079.5],[1694.0,1079.5],[1691.0,1079.5],[1688.0,1079.5],[1685.0,1079.5],[1682.0,1079.5],[1679.0,1079.5],[1677.0,1079.5],[1674.0,1079.5],[1671.0,1079.5],[1668.0,1079.5],[1665.0,1079.5],[1662.0,1079.5],[1659.0,1079.5],[1656.0,1079.5],[1653.0,1079.5],[1650.0,1079.5],[1647.5,1079.0],[1646.5,1077.0],[1646.5,1074.0],[1645.5,1072.0],[1645.5,1069.0],[1645.5,1066.0],[1645.5,1063.0],[1645.5,1060.0],[1645.5,1057.0],[1645.5,1054.0],[1644.5,1052.0],[1644.5,1049.0],[1643.5,1047.0],[1643.5,1045.0],[1643.5,1042.0],[1642.5,1040.0],[1641.5,1038.0],[1641.0,1035.5],[1640.0,1033.5],[1639.5,1031.0],[1638.5,1029.0],[1638.5,1026.0],[1637.5,1024.0],[1637.5,1021.0],[1637.5,1018.0],[1637.5,1015.0],[1637.5,1012.0],[1638.5,1010.0],[1638.5,1007.0],[1638.5,1004.0],[1638.5,1001.0],[1638.5,998.0],[1638.5,995.0],[1638.5,992.0],[1638.5,989.0],[1639.5,987.0],[1639.5,984.0],[1640.5,983.0],[1640.5,980.0],[1641.5,978.0],[1642.5,976.0],[1643.0,973.5],[1644.0,971.5],[1645.5,970.0],[1647.0,968.5],[1648.0,966.5],[1650.0,965.5],[1651.5,964.0],[1653.0,962.5],[1655.0,961.5],[1657.0,960.5],[1659.0,959.5],[1661.0,958.5],[1663.0,957.5],[1665.0,956.5],[1667.0,955.5],[1669.0,954.5],[1670.5,953.0],[1672.5,952.0],[1674.0,950.5],[1675.5,950.0],[1677.5,949.0],[1680.0,948.5],[1682.0,947.5],[1684.0,946.5],[1687.0,946.5],[1689.0,945.5],[1691.0,944.5],[1693.0,943.5],[1695.0,942.5],[1697.0,941.5],[1699.0,940.5],[1700.5,939.0],[1702.0,937.5],[1704.0,936.5],[1705.5,935.0],[1707.0,933.5],[1708.5,932.0],[1710.0,930.5],[1712.0,929.5],[1713.5,928.0],[1715.0,926.5],[1716.5,925.0],[1717.5,924.0],[1719.0,922.5],[1720.5,921.0],[1722.0,919.5],[1723.0,917.5],[1724.0,915.5],[1725.0,913.5],[1726.5,912.0],[1727.5,910.0],[1728.5,908.0],[1730.0,906.5],[1731.0,904.5],[1732.5,903.0],[1733.5,901.0],[1735.0,899.5],[1736.0,897.5],[1737.0,895.5],[1738.5,894.0],[1740.5,893.0],[1742.0,891.5],[1743.5,890.0],[1745.5,889.0],[1748.0,888.5],[1750.0,888.5],[1753.0,888.5],[1756.0,888.5],[1758.0,889.5],[1760.5,890.0],[1761.5,892.0],[1762.5,894.0],[1763.5,896.0],[1763.5,899.0],[1764.5,901.0],[1765.0,903.5],[1765.5,906.0],[1766.0,908.5],[1766.5,911.0],[1767.0,913.5],[1767.5,916.0],[1768.5,918.0],[1769.5,920.0],[1770.5,922.0],[1771.5,924.0],[1773.0,925.5],[1774.0,927.5],[1775.5,929.0],[1775.5,931.0],[1776.5,933.0],[1777.5,935.0],[1778.5,937.0],[1779.0,939.5],[1779.5,942.0],[1780.5,944.0],[1781.5,946.0],[1782.5,948.0],[1784.0,949.5],[1785.5,951.0],[1787.0,952.5],[1788.5,954.0],[1790.0,955.5],[1791.5,957.0],[1793.0,958.5],[1794.5,960.0],[1795.5,962.0],[1796.5,964.0],[1797.5,966.0],[1798.0,968.5],[1799.0,970.5],[1799.5,973.0],[1800.5,975.0],[1801.5,976.0],[1802.0,978.5],[1803.0,980.5],[1802.5,982.0],[1802.0,984.5],[1801.5,987.0],[1800.0,988.5],[1798.0,989.5],[1796.0,990.5],[1794.5,992.0],[1792.5,993.0],[1791.0,994.5],[1789.0,995.5],[1787.5,997.0],[1786.0,998.5],[1784.0,999.5],[1782.5,1001.0],[1781.0,1002.5],[1779.5,1004.0],[1777.5,1005.0],[1776.0,1006.5],[1774.5,1008.0],[1773.0,1009.5],[1772.5,1011.0],[1771.0,1012.5],[1769.5,1014.0],[1768.5,1016.0],[1767.0,1017.5],[1766.0,1019.5],[1765.0,1021.5],[1764.0,1023.5],[1763.5,1026.0],[1763.5,1029.0],[1763.5,1032.0],[1762.5,1034.0],[1762.5,1037.0],[1762.5,1040.0],[1761.5,1042.0],[1761.5,1045.0],[1760.5,1047.0],[1760.5,1050.0],[1760.5,1053.0],[1761.5,1055.0],[1762.5,1057.0],[1763.5,1059.0],[1765.0,1060.5],[1766.0,1061.5],[1767.5,1063.0],[1769.0,1064.5],[1771.0,1065.5],[1772.5,1067.0],[1774.5,1068.0],[1776.5,1069.0],[1778.5,1070.0],[1779.5,1072.0],[1780.5,1074.0],[1780.5,1077.0],[1780.0,1079.5]]",243070.67870600414,431097.7002187035,50.28654195193485,SPW_여수로_교각_도수면,SPW_여수로_교각_도수면,SPW_0257,0.9911980675512712,39.149924595377506
frame_040053.jpg,R000080,SPL,박락,"[[730.0,958.5],[726.0,958.5],[722.5,958.0],[719.5,957.0],[716.5,956.0],[713.5,955.0],[710.0,953.5],[707.0,952.5],[704.0,951.5],[701.0,950.5],[698.5,949.0],[696.0,947.5],[693.0,946.5],[689.5,946.0],[686.0,945.5],[683.0,944.5],[679.0,943.5],[676.0,942.5],[672.0,942.5],[669.0,941.5],[666.0,940.5],[663.0,939.5],[660.0,938.5],[657.0,937.5],[654.0,936.5],[651.0,935.5],[648.0,934.5],[644.5,933.0],[642.0,931.5],[640.0,929.5],[637.5,928.0],[635.5,926.0],[633.0,924.5],[631.0,922.5],[628.5,921.0],[626.0,919.5],[624.0,917.5],[621.0,916.5],[618.0,914.5],[615.0,913.5],[611.0,913.5],[608.5,913.0],[605.0,913.5],[602.0,914.5],[599.0,915.5],[596.0,916.5],[593.0,917.5],[590.0,918.5],[586.0,919.5],[583.0,920.5],[580.0,921.5],[578.0,923.5],[575.5,925.0],[573.5,927.0],[571.0,928.5],[569.0,930.5],[566.5,932.0],[564.0,933.5],[561.0,934.5],[557.0,935.5],[554.0,936.5],[550.0,936.5],[547.0,937.5],[543.0,937.5],[540.0,936.5],[536.0,936.5],[532.0,936.5],[529.0,935.5],[525.5,935.0],[523.0,933.5],[519.5,932.0],[517.5,930.0],[515.0,928.5],[512.5,927.0],[510.0,925.5],[507.5,924.0],[505.0,922.5],[502.5,921.0],[500.0,919.5],[498.0,917.5],[495.5,915.0],[493.5,913.0],[492.5,910.0],[491.0,907.5],[489.5,905.0],[488.5,902.0],[487.0,899.5],[486.0,896.5],[485.0,893.5],[484.0,890.5],[483.5,887.0],[483.5,882.0],[484.5,879.0],[484.5,875.0],[485.5,872.0],[486.0,868.5],[486.5,865.0],[488.0,862.5],[489.0,859.5],[490.5,857.0],[492.5,855.0],[494.0,851.5],[495.5,849.0],[496.5,846.0],[497.5,843.0],[498.5,840.0],[499.5,837.0],[500.5,834.0],[500.5,830.0],[499.5,827.0],[498.5,824.0],[496.5,822.0],[495.0,818.5],[493.5,816.0],[492.5,813.0],[491.5,810.0],[490.5,807.0],[490.5,803.0],[491.5,800.0],[493.5,798.0],[495.5,796.0],[497.0,793.5],[499.0,791.5],[502.0,789.5],[504.0,787.5],[505.5,785.0],[506.5,782.0],[507.5,779.0],[508.5,776.0],[509.5,773.0],[510.5,770.0],[511.5,767.0],[513.0,764.5],[514.5,761.0],[516.0,758.5],[517.5,756.0],[519.0,753.5],[520.5,751.0],[522.5,749.0],[524.0,746.5],[526.5,745.0],[529.0,743.5],[531.5,742.0],[534.0,740.5],[537.0,738.5],[539.5,737.0],[542.0,735.5],[544.5,734.0],[547.0,732.5],[549.0,730.5],[552.0,729.5],[556.0,729.5],[559.0,728.5],[563.0,728.5],[566.0,727.5],[571.0,727.5],[575.0,727.5],[579.0,727.5],[582.0,728.5],[585.0,729.5],[588.5,730.0],[591.5,731.0],[595.0,731.5],[597.5,733.0],[600.0,734.5],[604.0,735.5],[606.5,737.0],[609.0,738.5],[611.5,740.0],[613.5,742.0],[615.5,744.0],[617.5,746.0],[619.0,748.5],[620.0,751.5],[621.5,754.0],[622.5,757.0],[624.5,760.0],[626.0,762.5],[627.5,765.0],[629.5,767.0],[631.0,769.5],[632.5,772.0],[634.0,774.5],[635.5,777.0],[637.5,779.0],[639.0,781.5],[641.0,784.5],[642.5,787.0],[644.0,789.5],[645.5,792.0],[647.0,794.5],[648.5,797.0],[650.0,799.5],[651.5,802.0],[653.0,804.5],[654.5,807.0],[656.0,809.5],[657.5,813.0],[658.5,816.0],[659.0,819.5],[659.5,823.0],[660.5,826.0],[661.0,829.5],[661.5,833.0],[662.5,836.0],[663.5,839.0],[663.5,843.0],[664.5,846.0],[665.5,850.0],[666.5,853.0],[666.5,857.0],[666.0,860.5],[665.0,863.5],[664.0,866.5],[663.5,870.0],[663.5,874.0],[663.5,878.0],[663.5,882.0],[665.5,885.0],[667.5,887.0],[670.0,888.5],[674.0,888.5],[678.0,888.5],[681.0,887.5],[685.0,887.5],[689.0,887.5],[693.0,887.5],[696.0,888.5],[699.0,889.5],[702.0,891.5],[704.5,893.0],[707.0,894.5],[709.5,896.0],[711.0,898.5],[712.5,901.0],[714.5,903.0],[716.0,905.5],[717.0,908.5],[718.0,911.5],[719.0,914.5],[720.5,918.0],[722.5,920.0],[723.5,923.0],[724.5,926.0],[726.0,928.5],[727.5,931.0],[728.5,934.0],[729.5,937.0],[731.5,939.0],[732.5,942.0],[734.5,945.0],[735.5,948.0],[735.5,952.0],[734.0,954.5],[732.5,957.0],[730.0,958.5]]",243073.59015244507,431094.1555141632,52.50487415660954,SPW_여수로_교각_도수면,SPW_여수로_교각_도수면,SPW_0238,0.9921510593476653,43.43523404177326
