image,damage_id,damage_type,damage_name_ko,pixel_nodes_json,world_center_x_m,world_center_y_m,world_center_z_m,length_px,length_m,width_px,width_m,area_m2,area_px,member_name,section_name,grid_id,grid_guid,DRI,source_image_path,overlay_path,mapping_status,measurement_status
DJI_20250702150745_0300_V.JPG,P000074,DLM,박리,"[[2538.0,852.5],[2537.0,852.5],[2536.0,852.5],[2535.0,852.5],[2534.0,852.5],[2533.5,852.0],[2533.0,851.5],[2532.0,851.5],[2531.5,851.0],[2531.0,850.5],[2530.0,850.5],[2529.5,850.0],[2529.0,849.5],[2528.0,849.5],[2527.0,849.5],[2526.0,849.5],[2525.5,849.0],[2525.0,848.5],[2524.0,848.5],[2523.0,848.5],[2522.0,848.5],[2521.0,848.5],[2520.0,848.5],[2519.0,848.5],[2518.5,848.0],[2518.0,847.5],[2517.0,847.5],[2516.5,847.0],[2516.0,846.5],[2515.0,846.5],[2514.5,846.0],[2514.0,845.5],[2513.0,845.5],[2512.5,845.0],[2512.0,844.5],[2511.5,844.0],[2511.0,843.5],[2510.5,843.0],[2510.0,842.5],[2509.5,842.0],[2509.5,841.0],[2509.0,840.5],[2508.5,840.0],[2508.0,839.5],[2507.5,839.0],[2507.5,838.0],[2507.5,837.0],[2507.5,836.0],[2507.5,835.0],[2507.5,834.0],[2508.0,833.5],[2508.5,833.0],[2508.5,832.0],[2509.0,831.5],[2509.5,831.0],[2509.5,830.0],[2510.0,829.5],[2510.5,829.0],[2510.5,828.0],[2511.0,827.5],[2511.5,827.0],[2511.5,826.0],[2511.5,825.0],[2512.0,824.5],[2512.5,824.0],[2513.0,823.5],[2513.5,823.0],[2513.5,822.0],[2514.0,821.5],[2514.5,821.0],[2515.0,820.5],[2515.5,820.0],[2516.0,819.5],[2517.0,819.5],[2517.5,819.0],[2518.0,818.5],[2518.5,818.0],[2519.0,817.5],[2520.0,817.5],[2520.5,817.0],[2521.0,816.5],[2522.0,816.5],[2523.0,816.5],[2524.0,816.5],[2525.0,816.5],[2526.0,816.5],[2527.0,816.5],[2528.0,816.5],[2529.0,816.5],[2530.0,816.5],[2530.5,817.0],[2531.0,817.5],[2532.0,817.5],[2533.0,817.5],[2534.0,817.5],[2535.0,817.5],[2536.0,817.5],[2537.0,817.5],[2538.0,817.5],[2539.0,817.5],[2540.0,817.5],[2541.0,817.5],[2542.0,817.5],[2542.5,818.0],[2543.0,818.5],[2543.5,819.0],[2543.5,820.0],[2543.5,821.0],[2544.0,821.5],[2544.5,822.0],[2544.5,823.0],[2545.0,823.5],[2545.5,824.0],[2545.5,825.0],[2545.5,826.0],[2546.0,826.5],[2546.5,827.0],[2546.5,828.0],[2546.5,829.0],[2546.5,830.0],[2546.5,831.0],[2546.5,832.0],[2546.5,833.0],[2546.5,834.0],[2546.5,835.0],[2546.5,836.0],[2546.0,836.5],[2545.5,837.0],[2545.5,838.0],[2545.5,839.0],[2545.5,840.0],[2545.5,841.0],[2545.5,842.0],[2545.0,842.5],[2544.5,843.0],[2544.0,843.5],[2543.5,844.0],[2543.5,845.0],[2543.5,846.0],[2543.5,847.0],[2543.5,848.0],[2543.0,848.5],[2542.5,849.0],[2542.5,850.0],[2542.5,851.0],[2542.0,851.5],[2541.0,851.5],[2540.0,851.5],[2539.0,851.5],[2538.5,852.0],[2538.0,852.5]]",243090.3535232544,431105.08410453796,78.14772415161133,,,,,0.0919723794,1101,SPW_0117,SPW_여수로_교각_도수면,SPW_0117,3ac38327-f1b1-55cd-8593-a283974437f0,0.9804712742377584,../../Data/DJI_20250702150745_0300_V.JPG,../Overlay/DLM/P000074.png,mapped,local_surface_estimate
DJI_20250702150745_0300_V.JPG,P000075,DLM,박리,"[[1755.0,879.5],[1754.0,879.5],[1753.0,879.5],[1752.0,879.5],[1750.0,879.5],[1749.0,879.5],[1748.0,879.5],[1747.5,879.0],[1747.0,878.5],[1746.0,878.5],[1745.5,878.0],[1744.5,877.0],[1744.0,876.5],[1743.0,876.5],[1742.5,876.0],[1742.0,875.5],[1741.0,875.5],[1740.0,875.5],[1738.5,875.0],[1738.0,874.5],[1737.5,874.0],[1738.0,873.5],[1739.0,873.5],[1740.0,873.5],[1740.5,873.0],[1742.0,872.5],[1743.0,872.5],[1744.0,872.5],[1744.5,872.0],[1745.0,871.5],[1746.0,871.5],[1747.0,871.5],[1748.0,870.5],[1749.0,870.5],[1749.5,870.0],[1750.0,869.5],[1751.0,869.5],[1752.0,869.5],[1753.5,869.0],[1754.0,868.5],[1755.0,868.5],[1756.0,868.5],[1756.5,868.0],[1756.5,867.0],[1757.0,866.5],[1758.0,865.5],[1759.0,865.5],[1760.0,865.5],[1760.5,865.0],[1761.0,864.5],[1762.0,864.5],[1762.5,864.0],[1763.0,862.5],[1763.5,862.0],[1763.5,861.0],[1764.0,860.5],[1764.5,860.0],[1765.0,859.5],[1765.5,859.0],[1766.0,857.5],[1767.0,857.5],[1767.5,857.0],[1768.0,856.5],[1769.0,856.5],[1769.5,856.0],[1770.0,855.5],[1771.0,854.5],[1772.0,854.5],[1772.5,854.0],[1773.0,853.5],[1773.5,853.0],[1774.0,852.5],[1774.5,852.0],[1774.5,850.0],[1775.0,849.5],[1775.5,849.0],[1776.0,848.5],[1776.5,848.0],[1777.0,847.5],[1777.5,847.0],[1779.0,846.5],[1779.5,846.0],[1780.0,845.5],[1781.0,845.5],[1782.0,845.5],[1782.5,845.0],[1783.0,844.5],[1784.5,844.0],[1785.0,843.5],[1785.5,843.0],[1786.0,842.5],[1787.0,842.5],[1787.5,842.0],[1788.0,841.5],[1789.0,840.5],[1790.0,840.5],[1790.5,840.0],[1791.0,839.5],[1792.0,839.5],[1792.5,839.0],[1793.5,838.0],[1794.0,837.5],[1794.5,837.0],[1795.0,836.5],[1796.0,836.5],[1797.0,836.5],[1797.5,836.0],[1799.0,835.5],[1800.0,835.5],[1801.0,835.5],[1802.0,835.5],[1803.0,835.5],[1803.5,835.0],[1804.0,834.5],[1806.0,834.5],[1807.0,834.5],[1807.5,835.0],[1808.0,835.5],[1809.0,835.5],[1810.0,835.5],[1811.0,835.5],[1813.0,835.5],[1814.0,835.5],[1815.0,835.5],[1816.0,835.5],[1816.5,835.0],[1817.0,834.5],[1818.0,834.5],[1820.0,834.5],[1821.0,834.5],[1821.5,835.0],[1822.0,835.5],[1823.0,835.5],[1823.5,836.0],[1824.0,836.5],[1824.5,838.0],[1824.0,838.5],[1823.5,839.0],[1823.5,840.0],[1823.0,840.5],[1822.5,841.0],[1822.0,841.5],[1821.5,843.0],[1821.0,843.5],[1820.5,844.0],[1820.0,844.5],[1819.5,845.0],[1819.0,845.5],[1818.5,846.0],[1817.5,847.0],[1817.0,847.5],[1816.0,847.5],[1815.5,848.0],[1815.0,848.5],[1814.5,849.0],[1814.5,850.0],[1813.5,851.0],[1813.0,851.5],[1812.5,852.0],[1812.5,853.0],[1812.5,854.0],[1812.0,854.5],[1811.5,856.0],[1811.5,857.0],[1811.5,858.0],[1811.5,859.0],[1811.5,860.0],[1811.5,861.0],[1811.5,862.0],[1812.5,863.0],[1812.5,864.0],[1813.0,864.5],[1813.5,865.0],[1814.0,865.5],[1815.0,865.5],[1815.5,866.0],[1816.5,867.0],[1817.0,867.5],[1817.5,868.0],[1818.0,868.5],[1818.5,869.0],[1819.0,869.5],[1819.5,870.0],[1820.5,871.0],[1821.0,871.5],[1822.0,871.5],[1822.5,872.0],[1822.5,873.0],[1822.0,873.5],[1821.5,874.0],[1820.0,874.5],[1819.0,874.5],[1818.0,874.5],[1817.0,874.5],[1816.0,874.5],[1815.0,874.5],[1814.0,874.5],[1812.5,875.0],[1812.0,875.5],[1811.0,875.5],[1810.0,875.5],[1809.0,875.5],[1808.5,876.0],[1808.0,876.5],[1806.0,876.5],[1805.0,876.5],[1804.0,876.5],[1803.0,876.5],[1802.0,876.5],[1801.0,876.5],[1800.0,876.5],[1799.0,877.5],[1798.0,877.5],[1797.0,877.5],[1796.0,877.5],[1795.0,877.5],[1794.5,878.0],[1794.0,878.5],[1792.0,878.5],[1791.0,878.5],[1790.0,878.5],[1789.0,878.5],[1788.0,878.5],[1787.0,878.5],[1785.0,878.5],[1784.0,878.5],[1783.0,878.5],[1782.0,878.5],[1781.0,878.5],[1780.0,878.5],[1779.0,878.5],[1777.5,878.0],[1777.0,877.5],[1776.0,877.5],[1775.0,877.5],[1774.0,877.5],[1773.0,877.5],[1772.0,877.5],[1771.0,876.5],[1770.0,876.5],[1769.0,876.5],[1768.0,876.5],[1767.0,876.5],[1766.5,877.0],[1766.0,877.5],[1764.0,877.5],[1763.0,877.5],[1762.0,877.5],[1761.0,877.5],[1760.5,878.0],[1760.0,878.5],[1759.0,878.5],[1757.0,878.5],[1756.0,878.5],[1755.5,879.0],[1755.0,879.5]]",243088.54657363892,431109.59843730927,77.83212661743164,,,,,0.1631734673,2066,SPW_0116,SPW_여수로_교각_도수면,SPW_0116,2d330e2b-46d5-5077-9ba0-9de30a1dc9b1,0.987824091693208,../../Data/DJI_20250702150745_0300_V.JPG,../Overlay/DLM/P000075.png,mapped,local_surface_estimate
DJI_20250702150745_0300_V.JPG,P000076,DLM,박리,"[[1107.0,1390.5],[1105.0,1390.5],[1102.5,1390.0],[1101.0,1389.5],[1099.0,1388.5],[1097.0,1388.5],[1095.0,1387.5],[1093.0,1387.5],[1091.0,1386.5],[1089.5,1386.0],[1087.5,1385.0],[1086.5,1384.0],[1085.0,1382.5],[1084.0,1381.5],[1082.5,1380.0],[1082.0,1378.5],[1080.5,1377.0],[1080.5,1375.0],[1079.5,1373.0],[1079.5,1371.0],[1078.5,1369.0],[1078.5,1367.0],[1078.0,1364.5],[1077.0,1363.5],[1075.5,1363.0],[1074.5,1363.0],[1072.0,1362.5],[1070.0,1362.5],[1067.0,1362.5],[1065.0,1362.5],[1062.5,1363.0],[1061.0,1363.5],[1059.0,1364.5],[1057.0,1364.5],[1055.0,1365.5],[1054.0,1366.5],[1051.5,1367.0],[1050.0,1367.5],[1049.0,1368.5],[1046.5,1369.0],[1045.0,1369.5],[1043.0,1370.5],[1041.0,1370.5],[1039.5,1369.0],[1040.0,1367.5],[1041.0,1365.5],[1041.5,1364.0],[1043.0,1362.5],[1043.5,1361.0],[1044.0,1358.5],[1044.5,1357.0],[1045.0,1354.5],[1045.5,1353.0],[1045.5,1350.0],[1045.5,1348.0],[1046.5,1346.0],[1046.5,1344.0],[1047.5,1342.0],[1047.5,1340.0],[1047.5,1337.0],[1048.0,1335.5],[1049.0,1333.5],[1050.0,1332.5],[1051.0,1330.5],[1052.0,1329.5],[1054.5,1329.0],[1056.0,1328.5],[1058.0,1327.5],[1060.0,1327.5],[1062.0,1326.5],[1064.0,1326.5],[1066.0,1325.5],[1068.0,1325.5],[1070.0,1325.5],[1073.0,1325.5],[1075.0,1325.5],[1078.0,1325.5],[1080.0,1325.5],[1083.0,1325.5],[1084.0,1326.5],[1086.5,1326.0],[1088.0,1325.5],[1090.0,1324.5],[1091.5,1325.0],[1093.5,1325.0],[1095.0,1324.5],[1098.0,1324.5],[1100.0,1324.5],[1103.0,1324.5],[1104.0,1325.5],[1106.0,1324.5],[1107.5,1325.0],[1110.0,1325.5],[1111.5,1326.0],[1114.0,1326.5],[1115.5,1326.0],[1117.5,1326.0],[1119.0,1326.5],[1121.0,1325.5],[1123.0,1325.5],[1126.0,1325.5],[1128.0,1325.5],[1130.5,1326.0],[1132.0,1326.5],[1135.0,1326.5],[1137.0,1326.5],[1140.0,1326.5],[1142.0,1326.5],[1144.5,1327.0],[1146.0,1327.5],[1148.0,1327.5],[1151.0,1327.5],[1153.0,1327.5],[1156.0,1327.5],[1158.0,1327.5],[1161.0,1327.5],[1163.0,1327.5],[1166.0,1327.5],[1168.0,1327.5],[1170.0,1326.5],[1172.0,1326.5],[1175.0,1326.5],[1177.0,1326.5],[1180.0,1326.5],[1182.0,1326.5],[1185.0,1326.5],[1187.0,1326.5],[1189.5,1327.0],[1191.0,1327.5],[1194.0,1327.5],[1196.0,1327.5],[1198.0,1328.5],[1200.0,1328.5],[1202.0,1329.5],[1204.0,1329.5],[1207.0,1329.5],[1209.0,1329.5],[1211.0,1330.5],[1213.0,1330.5],[1216.0,1330.5],[1217.5,1330.0],[1219.0,1330.5],[1221.0,1330.5],[1223.0,1329.5],[1225.0,1329.5],[1228.0,1329.5],[1230.0,1329.5],[1231.5,1330.0],[1234.0,1330.5],[1235.0,1329.5],[1237.0,1330.5],[1239.0,1330.5],[1242.0,1330.5],[1244.0,1330.5],[1247.0,1330.5],[1249.0,1330.5],[1251.5,1331.0],[1253.0,1331.5],[1255.0,1330.5],[1257.0,1330.5],[1260.0,1330.5],[1262.0,1330.5],[1264.0,1331.5],[1264.5,1333.0],[1264.0,1335.5],[1263.5,1337.0],[1263.5,1340.0],[1263.5,1342.0],[1263.0,1344.5],[1262.5,1346.0],[1262.5,1349.0],[1262.5,1351.0],[1262.5,1354.0],[1261.5,1355.0],[1261.5,1358.0],[1260.5,1359.0],[1259.5,1361.0],[1258.5,1362.0],[1256.0,1362.5],[1255.0,1363.5],[1252.0,1363.5],[1250.0,1363.5],[1247.0,1363.5],[1245.0,1363.5],[1243.0,1363.5],[1241.0,1362.5],[1239.0,1362.5],[1236.0,1362.5],[1234.0,1362.5],[1232.0,1361.5],[1230.0,1361.5],[1227.0,1361.5],[1225.0,1361.5],[1223.0,1360.5],[1221.0,1360.5],[1218.0,1360.5],[1216.5,1360.0],[1214.0,1359.5],[1213.0,1360.5],[1210.0,1360.5],[1208.5,1360.0],[1206.0,1359.5],[1204.0,1359.5],[1201.0,1359.5],[1199.5,1359.0],[1197.0,1358.5],[1195.0,1358.5],[1193.0,1357.5],[1191.0,1357.5],[1188.0,1357.5],[1186.0,1357.5],[1184.0,1358.5],[1182.0,1358.5],[1179.0,1358.5],[1177.0,1358.5],[1174.0,1358.5],[1172.0,1358.5],[1169.0,1358.5],[1167.0,1358.5],[1165.0,1358.5],[1162.0,1358.5],[1160.0,1358.5],[1157.0,1358.5],[1156.0,1359.5],[1153.0,1359.5],[1152.0,1360.5],[1150.0,1361.5],[1148.5,1362.0],[1146.5,1363.0],[1145.0,1363.5],[1143.0,1364.5],[1141.5,1365.0],[1139.5,1366.0],[1138.0,1366.5],[1136.0,1367.5],[1135.0,1368.5],[1133.0,1369.5],[1132.0,1370.5],[1130.0,1371.5],[1129.0,1372.5],[1127.5,1374.0],[1126.5,1375.0],[1125.0,1376.5],[1124.0,1377.5],[1122.5,1379.0],[1121.5,1380.0],[1120.0,1381.5],[1119.0,1382.5],[1117.0,1383.5],[1116.0,1384.5],[1114.5,1386.0],[1113.5,1387.0],[1111.5,1388.0],[1110.5,1389.0],[1108.0,1389.5],[1107.0,1390.5]]",243082.07753944397,431109.4936285019,73.51818466186523,,,,,0.2140468702,8572,여수로_피어_02,SPW_여수로_교각_도수면,,,0.9913805346315395,../../Data/DJI_20250702150745_0300_V.JPG,../Overlay/DLM/P000076.png,mapped,local_surface_estimate
DJI_20250702150745_0300_V.JPG,P000077,DLM,박리,"[[3631.0,1422.5],[3629.0,1422.5],[3627.0,1422.5],[3626.0,1421.5],[3624.0,1421.5],[3621.0,1421.5],[3619.0,1421.5],[3617.5,1421.0],[3616.0,1420.5],[3614.0,1420.5],[3612.0,1420.5],[3610.5,1420.0],[3609.0,1419.5],[3607.0,1419.5],[3604.0,1419.5],[3603.0,1418.5],[3601.0,1418.5],[3599.0,1418.5],[3597.0,1418.5],[3595.5,1418.0],[3594.0,1417.5],[3592.0,1417.5],[3591.0,1416.5],[3588.0,1416.5],[3586.0,1416.5],[3585.0,1415.5],[3583.0,1415.5],[3581.0,1415.5],[3579.0,1415.5],[3578.0,1414.5],[3576.0,1414.5],[3574.0,1414.5],[3571.0,1414.5],[3569.0,1414.5],[3567.0,1414.5],[3565.0,1414.5],[3563.5,1414.0],[3562.0,1413.5],[3561.0,1414.5],[3559.0,1414.5],[3557.0,1414.5],[3554.0,1414.5],[3552.0,1414.5],[3550.0,1414.5],[3548.0,1414.5],[3546.0,1414.5],[3544.0,1414.5],[3542.0,1414.5],[3540.0,1414.5],[3539.0,1413.5],[3537.0,1413.5],[3534.0,1413.5],[3532.0,1413.5],[3530.0,1413.5],[3528.0,1413.5],[3526.0,1413.5],[3524.0,1413.5],[3522.0,1413.5],[3521.0,1414.5],[3519.0,1414.5],[3516.0,1414.5],[3515.0,1415.5],[3513.5,1415.0],[3512.0,1414.5],[3510.0,1414.5],[3509.0,1413.5],[3507.0,1413.5],[3506.0,1412.5],[3505.5,1411.0],[3505.0,1408.5],[3504.5,1407.0],[3504.5,1405.0],[3504.5,1403.0],[3504.5,1401.0],[3504.5,1399.0],[3504.5,1397.0],[3504.5,1395.0],[3504.5,1393.0],[3505.0,1390.5],[3505.5,1389.0],[3506.0,1387.5],[3506.5,1386.0],[3507.0,1384.5],[3507.5,1383.0],[3508.5,1382.0],[3509.0,1380.5],[3510.0,1379.5],[3511.5,1378.0],[3512.5,1377.0],[3513.5,1376.0],[3515.0,1375.5],[3516.0,1374.5],[3517.0,1373.5],[3518.0,1372.5],[3519.0,1371.5],[3520.0,1370.5],[3521.5,1369.0],[3523.0,1368.5],[3524.0,1367.5],[3525.0,1366.5],[3526.5,1366.0],[3527.5,1365.0],[3529.0,1364.5],[3530.0,1363.5],[3531.5,1363.0],[3533.5,1362.0],[3535.0,1361.5],[3536.0,1360.5],[3537.5,1360.0],[3539.0,1359.5],[3541.0,1359.5],[3542.5,1359.0],[3544.0,1358.5],[3546.0,1358.5],[3548.0,1357.5],[3549.5,1357.0],[3551.0,1356.5],[3553.0,1356.5],[3555.0,1356.5],[3557.0,1356.5],[3558.0,1355.5],[3560.0,1355.5],[3562.0,1355.5],[3564.5,1355.0],[3566.0,1354.5],[3567.5,1354.0],[3569.0,1353.5],[3570.5,1353.0],[3572.0,1352.5],[3574.0,1352.5],[3575.0,1351.5],[3577.0,1351.5],[3579.0,1351.5],[3581.0,1350.5],[3583.0,1350.5],[3584.0,1351.5],[3586.0,1351.5],[3588.0,1351.5],[3590.0,1351.5],[3592.0,1351.5],[3594.0,1351.5],[3596.0,1351.5],[3599.0,1351.5],[3601.0,1351.5],[3603.0,1351.5],[3605.0,1351.5],[3607.0,1351.5],[3609.0,1351.5],[3611.0,1351.5],[3612.5,1352.0],[3614.0,1352.5],[3616.0,1353.5],[3617.5,1354.0],[3619.0,1354.5],[3621.0,1354.5],[3622.5,1355.0],[3624.0,1355.5],[3626.0,1355.5],[3628.0,1355.5],[3630.0,1355.5],[3633.0,1355.5],[3635.0,1355.5],[3637.0,1355.5],[3638.0,1356.5],[3640.0,1356.5],[3641.0,1357.5],[3643.0,1357.5],[3644.0,1358.5],[3645.5,1359.0],[3648.0,1359.5],[3649.0,1360.5],[3651.0,1360.5],[3652.0,1361.5],[3654.0,1361.5],[3655.0,1362.5],[3657.0,1362.5],[3659.0,1362.5],[3661.0,1362.5],[3664.0,1362.5],[3666.0,1362.5],[3667.0,1361.5],[3669.0,1361.5],[3671.0,1361.5],[3673.0,1361.5],[3675.0,1361.5],[3677.0,1361.5],[3678.0,1362.5],[3679.5,1364.0],[3680.5,1365.0],[3681.5,1366.0],[3681.5,1368.0],[3682.5,1369.0],[3682.5,1371.0],[3683.5,1372.0],[3684.5,1373.0],[3685.0,1374.5],[3685.5,1377.0],[3686.5,1378.0],[3686.5,1380.0],[3687.5,1381.0],[3687.5,1383.0],[3688.5,1384.0],[3689.5,1385.0],[3690.0,1386.5],[3690.5,1388.0],[3691.5,1390.0],[3691.5,1392.0],[3693.0,1392.5],[3694.0,1393.5],[3694.0,1394.5],[3693.5,1396.0],[3694.0,1397.5],[3694.0,1398.5],[3693.5,1400.0],[3694.0,1401.5],[3693.5,1403.0],[3692.5,1404.0],[3692.5,1406.0],[3692.0,1407.5],[3691.5,1409.0],[3692.5,1410.0],[3691.0,1410.5],[3689.5,1411.0],[3688.5,1412.0],[3687.0,1413.5],[3685.5,1414.0],[3684.0,1414.5],[3683.0,1415.5],[3681.0,1415.5],[3679.0,1415.5],[3677.0,1415.5],[3675.0,1415.5],[3673.5,1416.0],[3671.0,1416.5],[3669.0,1416.5],[3667.0,1416.5],[3665.0,1416.5],[3663.0,1416.5],[3661.0,1416.5],[3659.0,1416.5],[3657.0,1416.5],[3655.0,1416.5],[3653.0,1417.5],[3651.0,1417.5],[3650.0,1418.5],[3648.5,1419.0],[3647.0,1419.5],[3646.0,1420.5],[3644.0,1420.5],[3642.0,1420.5],[3640.5,1421.0],[3638.0,1421.5],[3636.0,1421.5],[3634.0,1421.5],[3632.0,1421.5],[3631.0,1422.5]]",243088.86016082764,431098.088760376,73.87144660949707,,,,,0.5334321118,10590,SPW_0138,SPW_여수로_교각_도수면,SPW_0138,7df1935e-5a9d-5fe0-bb20-30cc5d402cde,0.9936322177886062,../../Data/DJI_20250702150745_0300_V.JPG,../Overlay/DLM/P000077.png,mapped,local_surface_estimate
DJI_20250702150745_0300_V.JPG,P000078,DLM,박리,"[[3097.0,1435.5],[3092.0,1435.5],[3086.0,1435.5],[3081.0,1435.5],[3076.0,1435.5],[3071.0,1435.5],[3065.0,1435.5],[3060.0,1435.5],[3055.0,1435.5],[3049.0,1435.5],[3044.5,1435.0],[3040.0,1434.5],[3034.0,1434.5],[3029.0,1434.5],[3026.0,1434.5],[3021.0,1434.5],[3015.0,1434.5],[3011.0,1433.5],[3006.5,1433.0],[3001.0,1432.5],[2996.0,1432.5],[2991.0,1432.5],[2986.0,1432.5],[2980.0,1432.5],[2975.0,1432.5],[2970.0,1432.5],[2965.0,1431.5],[2960.0,1431.5],[2955.0,1431.5],[2949.0,1431.5],[2944.0,1431.5],[2939.0,1431.5],[2934.0,1431.5],[2928.0,1431.5],[2923.0,1431.5],[2918.0,1431.5],[2912.0,1431.5],[2907.0,1431.5],[2902.0,1431.5],[2897.0,1431.5],[2891.0,1431.5],[2886.0,1431.5],[2881.0,1431.5],[2875.0,1431.5],[2870.5,1431.0],[2867.0,1431.5],[2863.5,1431.0],[2859.0,1430.5],[2854.0,1430.5],[2849.0,1430.5],[2843.0,1430.5],[2838.0,1430.5],[2833.0,1430.5],[2828.5,1430.0],[2824.0,1430.5],[2819.0,1430.5],[2814.5,1430.0],[2809.0,1429.5],[2805.0,1430.5],[2801.0,1429.5],[2795.0,1429.5],[2790.0,1429.5],[2785.0,1429.5],[2779.0,1429.5],[2775.0,1428.5],[2770.0,1428.5],[2765.0,1428.5],[2759.5,1429.0],[2755.0,1429.5],[2750.0,1429.5],[2744.0,1429.5],[2740.0,1428.5],[2735.0,1428.5],[2730.0,1428.5],[2725.5,1428.0],[2721.0,1428.5],[2716.0,1428.5],[2711.0,1427.5],[2706.0,1427.5],[2701.0,1427.5],[2695.0,1427.5],[2691.0,1426.5],[2686.0,1426.5],[2681.5,1427.0],[2676.0,1427.5],[2673.0,1427.5],[2668.0,1427.5],[2662.0,1427.5],[2657.0,1427.5],[2652.0,1427.5],[2647.0,1427.5],[2641.0,1427.5],[2636.0,1427.5],[2631.5,1428.0],[2626.0,1428.5],[2622.0,1429.5],[2617.5,1430.0],[2614.0,1430.5],[2609.0,1430.5],[2604.0,1430.5],[2599.0,1430.5],[2594.5,1430.0],[2591.0,1429.5],[2586.0,1429.5],[2581.0,1428.5],[2577.0,1427.5],[2573.0,1426.5],[2570.0,1424.5],[2565.0,1423.5],[2562.5,1421.0],[2560.5,1418.0],[2558.5,1414.0],[2557.5,1410.0],[2558.5,1406.0],[2557.5,1401.0],[2558.5,1397.0],[2558.5,1392.0],[2559.5,1388.0],[2560.5,1383.0],[2560.0,1378.5],[2560.0,1374.5],[2563.5,1373.0],[2567.0,1374.5],[2571.0,1375.5],[2575.0,1376.5],[2579.5,1376.0],[2584.0,1376.5],[2589.0,1376.5],[2594.0,1377.5],[2598.0,1378.5],[2602.0,1379.5],[2606.5,1381.0],[2610.5,1382.0],[2614.0,1383.5],[2618.0,1384.5],[2623.0,1385.5],[2628.0,1385.5],[2633.0,1385.5],[2638.0,1384.5],[2641.0,1382.5],[2644.5,1381.0],[2648.5,1380.0],[2653.0,1378.5],[2658.0,1378.5],[2662.0,1377.5],[2668.0,1377.5],[2673.0,1377.5],[2678.0,1377.5],[2684.0,1377.5],[2688.0,1378.5],[2692.0,1379.5],[2695.5,1381.0],[2698.5,1384.0],[2700.5,1387.0],[2702.5,1390.0],[2705.5,1393.0],[2709.0,1394.5],[2713.0,1395.5],[2717.0,1396.5],[2722.0,1397.5],[2727.0,1397.5],[2731.5,1397.0],[2737.0,1396.5],[2742.0,1396.5],[2747.0,1396.5],[2753.0,1396.5],[2758.0,1396.5],[2762.0,1397.5],[2767.0,1397.5],[2771.5,1397.0],[2776.0,1397.5],[2781.0,1397.5],[2786.0,1396.5],[2791.0,1396.5],[2796.0,1396.5],[2800.0,1395.5],[2805.0,1394.5],[2809.0,1393.5],[2813.5,1393.0],[2819.0,1392.5],[2823.0,1391.5],[2828.0,1391.5],[2833.0,1390.5],[2837.5,1390.0],[2842.0,1389.5],[2846.5,1389.0],[2852.0,1388.5],[2856.0,1387.5],[2860.0,1386.5],[2865.0,1385.5],[2869.0,1384.5],[2873.0,1383.5],[2876.0,1381.5],[2881.0,1380.5],[2885.5,1381.0],[2888.0,1383.5],[2890.5,1387.0],[2893.0,1389.5],[2897.0,1390.5],[2902.0,1391.5],[2906.0,1392.5],[2911.0,1392.5],[2915.0,1393.5],[2921.0,1393.5],[2926.0,1393.5],[2931.0,1393.5],[2936.0,1392.5],[2941.0,1392.5],[2945.0,1391.5],[2949.0,1392.5],[2954.0,1393.5],[2959.0,1393.5],[2963.0,1394.5],[2968.0,1395.5],[2973.0,1395.5],[2977.0,1396.5],[2983.0,1396.5],[2987.0,1395.5],[2992.0,1395.5],[2996.0,1394.5],[3001.0,1393.5],[3005.0,1392.5],[3009.0,1391.5],[3014.0,1390.5],[3017.5,1389.0],[3022.0,1388.5],[3026.0,1387.5],[3032.0,1387.5],[3036.0,1386.5],[3040.0,1385.5],[3045.0,1384.5],[3050.0,1384.5],[3055.0,1384.5],[3059.5,1386.0],[3063.0,1387.5],[3066.0,1389.5],[3069.0,1391.5],[3074.0,1392.5],[3078.0,1393.5],[3082.5,1393.0],[3086.5,1391.0],[3088.5,1388.0],[3092.0,1386.5],[3095.5,1388.0],[3095.5,1392.0],[3095.5,1397.0],[3094.5,1401.0],[3093.5,1406.0],[3093.5,1411.0],[3094.5,1415.0],[3094.0,1419.5],[3095.5,1423.0],[3096.5,1427.0],[3097.5,1431.0],[3100.5,1434.0],[3097.0,1435.5]]",243087.30045700073,431102.31305122375,73.70160293579102,,,,,1.083576937,22454,SPW_0138,SPW_여수로_교각_도수면,SPW_0138,7df1935e-5a9d-5fe0-bb20-30cc5d402cde,0.9932459042005827,../../Data/DJI_20250702150745_0300_V.JPG,../Overlay/DLM/P000078.png,mapped,local_surface_estimate
DJI_20250702150745_0300_V.JPG,P000079,DLM,박리,"[[4555.0,1651.5],[4554.0,1651.5],[4553.0,1650.5],[4552.5,1650.0],[4552.0,1649.5],[4550.5,1649.0],[4551.0,1648.5],[4551.5,1648.0],[4550.5,1647.0],[4550.0,1646.5],[4549.5,1646.0],[4549.5,1644.0],[4549.5,1643.0],[4549.5,1642.0],[4549.5,1640.0],[4550.0,1639.5],[4550.5,1639.0],[4550.5,1637.0],[4550.5,1636.0],[4550.0,1635.5],[4549.5,1634.0],[4549.5,1633.0],[4549.5,1632.0],[4549.5,1631.0],[4549.5,1629.0],[4549.0,1628.5],[4548.5,1628.0],[4548.5,1626.0],[4548.5,1625.0],[4548.5,1624.0],[4548.5,1622.0],[4548.5,1621.0],[4548.5,1620.0],[4548.0,1618.5],[4547.5,1618.0],[4547.5,1617.0],[4547.5,1615.0],[4547.5,1614.0],[4547.5,1613.0],[4547.5,1611.0],[4548.0,1610.5],[4548.5,1610.0],[4548.5,1608.0],[4548.5,1607.0],[4548.5,1606.0],[4548.5,1604.0],[4548.5,1603.0],[4548.5,1602.0],[4548.5,1600.0],[4548.5,1599.0],[4548.5,1598.0],[4548.5,1596.0],[4548.5,1595.0],[4548.0,1594.5],[4547.5,1593.0],[4547.5,1592.0],[4547.5,1591.0],[4547.5,1589.0],[4547.5,1588.0],[4547.5,1587.0],[4547.5,1585.0],[4547.5,1584.0],[4548.0,1583.5],[4548.5,1582.0],[4548.5,1581.0],[4548.0,1580.5],[4547.5,1580.0],[4548.0,1578.5],[4548.5,1578.0],[4548.5,1577.0],[4548.5,1575.0],[4548.0,1574.5],[4547.5,1574.0],[4548.5,1573.0],[4548.5,1572.0],[4548.5,1571.0],[4548.5,1569.0],[4548.5,1568.0],[4548.5,1567.0],[4548.5,1565.0],[4548.5,1564.0],[4548.5,1563.0],[4548.5,1561.0],[4548.5,1560.0],[4548.5,1559.0],[4548.5,1557.0],[4548.5,1556.0],[4548.5,1555.0],[4548.0,1553.5],[4547.5,1553.0],[4547.5,1552.0],[4548.5,1551.0],[4548.5,1550.0],[4548.5,1549.0],[4548.5,1547.0],[4548.5,1546.0],[4548.5,1545.0],[4548.5,1543.0],[4548.5,1542.0],[4548.5,1541.0],[4548.5,1539.0],[4548.5,1538.0],[4549.0,1537.5],[4549.5,1536.0],[4549.5,1535.0],[4550.0,1534.5],[4550.5,1533.0],[4551.0,1532.5],[4551.5,1532.0],[4552.0,1531.5],[4553.5,1531.0],[4554.0,1530.5],[4554.5,1531.0],[4556.0,1531.5],[4557.0,1531.5],[4557.5,1532.0],[4559.0,1532.5],[4559.5,1533.0],[4560.0,1533.5],[4562.0,1533.5],[4563.0,1533.5],[4563.5,1534.0],[4565.0,1534.5],[4566.0,1534.5],[4567.0,1534.5],[4569.0,1534.5],[4570.0,1534.5],[4571.0,1534.5],[4573.0,1534.5],[4574.0,1534.5],[4575.0,1534.5],[4577.0,1534.5],[4578.0,1534.5],[4579.0,1534.5],[4580.0,1535.5],[4580.5,1536.0],[4581.0,1536.5],[4582.5,1537.0],[4583.0,1537.5],[4583.5,1538.0],[4584.5,1539.0],[4585.0,1539.5],[4585.5,1540.0],[4585.5,1542.0],[4586.0,1542.5],[4586.5,1543.0],[4586.5,1545.0],[4586.5,1546.0],[4586.5,1547.0],[4586.5,1548.0],[4586.5,1550.0],[4587.0,1550.5],[4587.5,1551.0],[4587.5,1553.0],[4587.5,1554.0],[4587.5,1555.0],[4587.5,1557.0],[4587.5,1558.0],[4587.0,1558.5],[4586.5,1560.0],[4587.0,1560.5],[4587.5,1561.0],[4587.5,1563.0],[4587.5,1564.0],[4587.5,1565.0],[4587.5,1567.0],[4587.5,1568.0],[4587.5,1569.0],[4587.5,1571.0],[4587.5,1572.0],[4587.5,1573.0],[4587.5,1575.0],[4587.5,1576.0],[4587.5,1577.0],[4588.0,1578.5],[4588.5,1579.0],[4588.0,1579.5],[4587.5,1581.0],[4587.5,1582.0],[4587.5,1583.0],[4587.5,1585.0],[4587.5,1586.0],[4587.5,1587.0],[4587.0,1588.5],[4586.5,1589.0],[4586.5,1590.0],[4586.5,1592.0],[4586.5,1593.0],[4586.5,1594.0],[4586.5,1596.0],[4586.0,1596.5],[4585.5,1597.0],[4585.5,1598.0],[4585.5,1600.0],[4585.5,1601.0],[4585.5,1602.0],[4585.5,1604.0],[4585.0,1604.5],[4584.5,1605.0],[4584.5,1607.0],[4584.5,1608.0],[4584.5,1609.0],[4584.0,1610.5],[4583.5,1611.0],[4583.5,1612.0],[4583.0,1613.5],[4582.5,1614.0],[4582.5,1615.0],[4581.5,1616.0],[4581.5,1617.0],[4581.0,1617.5],[4580.0,1618.5],[4579.5,1619.0],[4579.5,1620.0],[4578.5,1621.0],[4578.5,1622.0],[4578.5,1623.0],[4577.5,1624.0],[4577.0,1624.5],[4576.5,1625.0],[4576.0,1626.5],[4575.5,1627.0],[4575.5,1628.0],[4574.5,1629.0],[4574.0,1629.5],[4573.5,1630.0],[4573.0,1631.5],[4572.5,1632.0],[4572.5,1633.0],[4571.5,1634.0],[4571.0,1634.5],[4570.5,1635.0],[4570.0,1636.5],[4569.5,1637.0],[4569.0,1637.5],[4568.5,1638.0],[4567.5,1639.0],[4567.5,1640.0],[4567.0,1640.5],[4566.0,1641.5],[4565.5,1642.0],[4565.0,1642.5],[4564.0,1643.5],[4563.5,1644.0],[4563.0,1644.5],[4562.5,1646.0],[4562.0,1646.5],[4561.0,1646.5],[4560.0,1647.5],[4559.0,1647.5],[4558.5,1648.0],[4557.5,1649.0],[4557.0,1649.5],[4556.5,1650.0],[4555.5,1651.0],[4555.0,1651.5]]",243080.01525497437,431094.76242256165,71.67301559448242,,,,,0.0722795373,3864,여수로_도류벽_좌,도류벽(좌안측),,,0.9883456546543301,../../Data/DJI_20250702150745_0300_V.JPG,../Overlay/DLM/P000079.png,mapped,local_surface_estimate
DJI_20250702150745_0300_V.JPG,P000080,DLM,박리,"[[2364.0,1921.5],[2360.0,1921.5],[2356.0,1920.5],[2353.0,1919.5],[2350.5,1918.0],[2347.5,1916.0],[2345.0,1914.5],[2342.0,1913.5],[2339.0,1911.5],[2336.0,1910.5],[2333.0,1909.5],[2329.0,1908.5],[2326.0,1907.5],[2322.0,1907.5],[2317.0,1907.5],[2313.0,1907.5],[2309.0,1907.5],[2305.5,1908.0],[2303.0,1908.5],[2300.0,1907.5],[2297.0,1906.5],[2292.0,1906.5],[2289.0,1905.5],[2286.0,1904.5],[2282.0,1903.5],[2279.0,1902.5],[2275.0,1902.5],[2271.0,1901.5],[2268.0,1902.5],[2264.0,1902.5],[2261.0,1904.5],[2258.0,1905.5],[2255.5,1907.0],[2252.5,1909.0],[2249.5,1910.0],[2246.5,1911.0],[2243.0,1910.5],[2239.5,1910.0],[2237.0,1908.5],[2233.5,1907.0],[2231.0,1905.5],[2228.0,1904.5],[2224.5,1903.0],[2222.0,1901.5],[2218.0,1901.5],[2215.5,1901.0],[2212.0,1900.5],[2209.5,1901.0],[2207.0,1899.5],[2202.5,1900.0],[2200.0,1901.5],[2196.0,1901.5],[2191.0,1901.5],[2187.0,1901.5],[2183.0,1901.5],[2178.0,1901.5],[2175.0,1900.5],[2171.0,1900.5],[2166.0,1900.5],[2162.0,1900.5],[2158.0,1900.5],[2154.0,1901.5],[2150.0,1901.5],[2147.0,1902.5],[2142.0,1902.5],[2138.0,1902.5],[2134.0,1902.5],[2129.0,1902.5],[2125.0,1902.5],[2122.0,1901.5],[2117.0,1901.5],[2114.0,1900.5],[2110.0,1900.5],[2107.5,1900.0],[2104.0,1899.5],[2100.0,1899.5],[2096.0,1899.5],[2091.0,1899.5],[2088.0,1898.5],[2085.0,1899.5],[2080.0,1899.5],[2076.0,1899.5],[2072.0,1899.5],[2067.0,1899.5],[2063.0,1899.5],[2060.0,1898.5],[2056.0,1897.5],[2052.5,1897.0],[2049.5,1896.0],[2046.0,1894.5],[2043.5,1893.0],[2041.0,1891.5],[2041.0,1887.5],[2043.0,1885.5],[2043.5,1882.0],[2044.5,1878.0],[2046.0,1875.5],[2047.5,1873.0],[2046.5,1869.0],[2045.5,1866.0],[2045.5,1864.0],[2046.0,1860.5],[2049.5,1859.0],[2049.5,1857.0],[2047.5,1855.0],[2051.5,1854.0],[2055.0,1853.5],[2059.0,1853.5],[2063.0,1852.5],[2067.0,1852.5],[2071.0,1852.5],[2076.0,1852.5],[2079.0,1851.5],[2083.0,1851.5],[2088.0,1851.5],[2091.0,1850.5],[2095.0,1850.5],[2100.0,1850.5],[2104.0,1850.5],[2107.0,1849.5],[2111.5,1849.0],[2115.0,1848.5],[2119.0,1848.5],[2124.0,1848.5],[2128.0,1848.5],[2132.0,1848.5],[2136.5,1849.0],[2140.0,1849.5],[2144.0,1849.5],[2148.0,1849.5],[2152.0,1850.5],[2156.0,1850.5],[2160.0,1850.5],[2165.0,1850.5],[2168.0,1849.5],[2172.0,1849.5],[2176.0,1848.5],[2180.0,1848.5],[2184.0,1848.5],[2189.0,1848.5],[2193.0,1848.5],[2197.0,1848.5],[2202.0,1848.5],[2206.0,1848.5],[2210.0,1848.5],[2215.0,1848.5],[2218.0,1847.5],[2222.0,1847.5],[2227.0,1847.5],[2231.0,1847.5],[2234.0,1846.5],[2239.0,1846.5],[2243.0,1846.5],[2247.0,1846.5],[2252.0,1846.5],[2256.0,1846.5],[2260.0,1846.5],[2264.0,1846.5],[2268.0,1847.5],[2272.0,1847.5],[2276.0,1847.5],[2280.0,1846.5],[2283.5,1846.0],[2287.0,1845.5],[2290.5,1845.0],[2293.0,1844.5],[2297.0,1844.5],[2301.0,1845.5],[2305.0,1845.5],[2308.0,1846.5],[2313.0,1846.5],[2317.0,1846.5],[2320.0,1847.5],[2325.0,1847.5],[2329.0,1847.5],[2332.0,1848.5],[2337.0,1848.5],[2341.0,1848.5],[2345.0,1848.5],[2349.0,1847.5],[2352.5,1847.0],[2356.0,1846.5],[2361.0,1846.5],[2365.0,1846.5],[2369.0,1846.5],[2372.0,1847.5],[2376.0,1848.5],[2379.5,1849.0],[2383.0,1849.5],[2388.0,1849.5],[2392.0,1849.5],[2395.0,1850.5],[2398.5,1852.0],[2398.5,1854.0],[2402.0,1854.5],[2406.0,1855.5],[2409.0,1854.5],[2412.0,1855.5],[2416.0,1854.5],[2420.0,1854.5],[2424.0,1854.5],[2427.5,1855.0],[2425.5,1853.0],[2422.5,1852.0],[2424.0,1850.5],[2428.0,1850.5],[2432.0,1850.5],[2436.0,1851.5],[2439.0,1852.5],[2443.0,1852.5],[2447.5,1852.0],[2451.0,1851.5],[2453.5,1853.0],[2454.5,1856.0],[2457.0,1858.5],[2458.0,1861.5],[2459.0,1864.5],[2459.0,1867.5],[2460.0,1870.5],[2460.5,1874.0],[2460.5,1879.0],[2459.5,1882.0],[2460.5,1885.0],[2459.5,1889.0],[2458.5,1892.0],[2458.0,1895.5],[2457.0,1899.5],[2455.0,1901.5],[2452.0,1900.5],[2449.0,1898.5],[2446.5,1899.0],[2443.0,1898.5],[2438.5,1899.0],[2435.5,1900.0],[2432.0,1900.5],[2428.0,1901.5],[2425.5,1902.0],[2422.5,1902.0],[2419.0,1903.5],[2416.0,1904.5],[2412.5,1905.0],[2409.0,1905.5],[2405.5,1907.0],[2402.0,1907.5],[2400.0,1909.5],[2396.0,1910.5],[2393.0,1911.5],[2390.0,1912.5],[2387.0,1914.5],[2384.0,1915.5],[2381.0,1916.5],[2377.0,1917.5],[2374.0,1918.5],[2371.0,1919.5],[2367.0,1920.5],[2364.0,1921.5]]",243084.3814315796,431104.571641922,70.96507930755615,,,,,0.7619872692,22948,SPW_0157,SPW_여수로_교각_도수면,SPW_0157,b5f7eb97-7e34-5662-9794-cae62b0c64d8,0.9907674910102922,../../Data/DJI_20250702150745_0300_V.JPG,../Overlay/DLM/P000080.png,mapped,local_surface_estimate
DJI_20250702150745_0300_V.JPG,P000081,DLM,박리,"[[1032.0,3272.5],[1031.0,3272.5],[1030.5,3272.0],[1030.5,3271.0],[1031.0,3270.5],[1032.0,3270.5],[1032.5,3271.0],[1032.5,3272.0],[1032.0,3272.5]]",243079.04169082642,431107.5919742584,65.31745529174805,,,,,6.099e-05,4,SPW_0176,SPW_여수로_교각_도수면,SPW_0176,3a3bb619-265f-5054-8a6b-80931ae8bc0a,0.9663568288087845,../../Data/DJI_20250702150745_0300_V.JPG,../Overlay/DLM/P000081.png,mapped,local_surface_estimate
DJI_20250702150745_0300_V.JPG,P000082,DLM,박리,"[[1040.0,3287.5],[1039.0,3287.5],[1038.0,3287.5],[1037.5,3287.0],[1037.5,3286.0],[1037.5,3285.0],[1038.0,3284.5],[1039.0,3284.5],[1040.0,3284.5],[1040.5,3285.0],[1040.5,3286.0],[1040.5,3287.0],[1040.0,3287.5]]",243079.02271652222,431107.5384025574,65.26984786987305,,,,,0.0001362559,9,SPW_0176,SPW_여수로_교각_도수면,SPW_0176,3a3bb619-265f-5054-8a6b-80931ae8bc0a,0.9708086517122057,../../Data/DJI_20250702150745_0300_V.JPG,../Overlay/DLM/P000082.png,mapped,local_surface_estimate
DJI_20250702151015_0500_V.JPG,P000155,DLM,박리,"[[5018.0,270.5],[5015.0,270.5],[5013.5,269.0],[5012.5,268.0],[5011.5,266.0],[5010.5,264.0],[5009.5,262.0],[5009.5,260.0],[5008.5,258.0],[5008.5,255.0],[5008.5,252.0],[5007.5,250.0],[5007.5,248.0],[5007.0,245.5],[5006.5,243.0],[5006.0,240.5],[5005.5,238.0],[5005.5,236.0],[5004.5,234.0],[5004.5,231.0],[5003.5,229.0],[5003.5,227.0],[5003.5,224.0],[5002.5,222.0],[5002.0,219.5],[5001.5,217.0],[5001.5,215.0],[5000.5,213.0],[5000.5,210.0],[4999.5,208.0],[4999.0,205.5],[4998.5,204.0],[4998.5,201.0],[4997.5,199.0],[4997.0,196.5],[4996.5,195.0],[4996.0,192.5],[4995.5,190.0],[4994.5,188.0],[4993.5,186.0],[4993.5,184.0],[4992.5,182.0],[4991.5,180.0],[4991.5,177.0],[4990.5,175.0],[4990.0,173.5],[4989.5,171.0],[4989.5,168.0],[4988.5,166.0],[4988.5,164.0],[4987.5,162.0],[4987.5,159.0],[4986.5,157.0],[4986.5,154.0],[4986.5,152.0],[4985.5,150.0],[4984.5,148.0],[4984.5,145.0],[4984.0,143.5],[4983.5,141.0],[4982.5,139.0],[4982.5,136.0],[4981.5,134.0],[4981.5,132.0],[4980.5,130.0],[4980.5,127.0],[4979.5,125.0],[4979.0,122.5],[4978.5,121.0],[4978.5,118.0],[4978.5,115.0],[4977.5,113.0],[4977.5,111.0],[4977.0,108.5],[4976.5,106.0],[4976.5,103.0],[4975.5,101.0],[4975.5,99.0],[4974.5,97.0],[4973.5,95.0],[4973.5,92.0],[4972.5,90.0],[4972.5,88.0],[4972.0,85.5],[4971.5,83.0],[4971.5,80.0],[4970.5,79.0],[4970.0,76.5],[4969.5,74.0],[4969.5,71.0],[4968.5,69.0],[4968.5,67.0],[4967.5,65.0],[4967.5,62.0],[4966.5,60.0],[4966.5,57.0],[4965.5,56.0],[4965.5,53.0],[4964.5,51.0],[4964.5,48.0],[4964.0,46.5],[4963.5,44.0],[4963.0,41.5],[4962.5,39.0],[4961.5,37.0],[4961.0,35.5],[4960.5,33.0],[4959.5,31.0],[4959.0,28.5],[4958.5,27.0],[4957.5,25.0],[4957.5,22.0],[4956.5,20.0],[4955.5,18.0],[4955.5,16.0],[4954.5,14.0],[4954.0,11.5],[4953.5,9.0],[4954.5,7.0],[4954.5,5.0],[4953.5,3.0],[4953.0,1.5],[4952.5,0.0],[4954.0,-0.5],[4957.0,-0.5],[4960.0,-0.5],[4963.0,-0.5],[4966.0,-0.5],[4968.0,-0.5],[4971.0,-0.5],[4974.0,-0.5],[4977.0,-0.5],[4980.0,-0.5],[4982.0,-0.5],[4985.0,-0.5],[4988.0,-0.5],[4991.0,-0.5],[4993.0,-0.5],[4996.0,-0.5],[4999.0,-0.5],[5002.0,-0.5],[5005.0,-0.5],[5007.0,-0.5],[5010.0,-0.5],[5013.0,-0.5],[5016.0,-0.5],[5019.0,-0.5],[5021.0,-0.5],[5024.0,-0.5],[5027.0,-0.5],[5028.5,1.0],[5028.0,2.5],[5027.0,4.5],[5026.5,7.0],[5027.5,9.0],[5027.5,12.0],[5027.5,14.0],[5027.5,17.0],[5027.0,19.5],[5026.5,22.0],[5026.5,24.0],[5026.5,27.0],[5026.5,30.0],[5026.5,33.0],[5026.5,36.0],[5026.5,38.0],[5026.5,41.0],[5026.0,43.5],[5025.5,46.0],[5025.5,49.0],[5025.5,51.0],[5025.5,54.0],[5025.5,57.0],[5025.5,60.0],[5025.5,62.0],[5025.5,65.0],[5025.5,68.0],[5025.5,71.0],[5025.0,73.5],[5024.5,75.0],[5024.5,78.0],[5024.5,81.0],[5024.5,84.0],[5023.5,86.0],[5023.5,88.0],[5023.5,91.0],[5023.5,94.0],[5024.0,96.5],[5024.5,98.0],[5024.5,101.0],[5024.5,104.0],[5024.5,107.0],[5024.5,110.0],[5024.5,112.0],[5025.0,114.5],[5025.5,117.0],[5025.5,120.0],[5025.5,123.0],[5025.5,125.0],[5025.5,128.0],[5025.5,131.0],[5025.5,134.0],[5025.5,136.0],[5024.5,138.0],[5024.5,141.0],[5024.5,144.0],[5024.5,147.0],[5024.0,148.5],[5023.5,151.0],[5023.5,154.0],[5023.5,157.0],[5023.5,159.0],[5023.5,162.0],[5023.5,165.0],[5023.5,168.0],[5023.5,171.0],[5023.5,173.0],[5023.5,176.0],[5023.5,179.0],[5023.0,181.5],[5022.5,184.0],[5022.5,186.0],[5022.5,189.0],[5021.5,191.0],[5022.5,193.0],[5022.5,195.0],[5021.5,197.0],[5021.5,200.0],[5020.5,202.0],[5020.5,205.0],[5020.5,207.0],[5020.0,209.5],[5019.5,212.0],[5019.5,215.0],[5018.5,217.0],[5018.5,219.0],[5018.5,222.0],[5018.5,225.0],[5018.5,228.0],[5018.5,230.0],[5018.5,233.0],[5019.5,235.0],[5019.5,238.0],[5019.5,241.0],[5019.5,243.0],[5019.5,246.0],[5020.5,248.0],[5020.5,251.0],[5020.5,254.0],[5020.5,256.0],[5020.5,259.0],[5020.5,262.0],[5020.5,265.0],[5020.0,266.5],[5019.0,268.5],[5018.0,270.5]]",243080.5162448883,431112.16819763184,69.24170589447021,,,,,0.2894604207,11071,SPW_0155,SPW_여수로_교각_도수면,SPW_0155,c351fd90-71dc-5111-9547-1ed942872915,0.9940975235144025,../../Data/DJI_20250702151015_0500_V.JPG,../Overlay/DLM/P000155.png,mapped,local_surface_estimate
DJI_20250702151015_0500_V.JPG,P000156,DLM,박리,"[[2293.0,163.5],[2290.0,162.5],[2286.0,161.5],[2283.0,160.5],[2281.0,158.5],[2278.5,157.0],[2275.5,155.0],[2272.5,154.0],[2270.0,152.5],[2265.5,152.0],[2262.0,151.5],[2258.0,151.5],[2253.0,151.5],[2249.0,151.5],[2245.0,151.5],[2242.0,150.5],[2238.0,149.5],[2235.0,148.5],[2232.5,147.0],[2229.0,145.5],[2226.5,144.0],[2223.0,143.5],[2219.0,142.5],[2216.0,141.5],[2212.0,141.5],[2208.0,141.5],[2204.0,142.5],[2202.0,144.5],[2200.0,146.5],[2197.5,149.0],[2196.5,152.0],[2195.0,154.5],[2192.5,157.0],[2190.0,158.5],[2187.5,160.0],[2184.5,160.0],[2180.0,159.5],[2177.0,158.5],[2174.5,157.0],[2172.0,154.5],[2169.5,153.0],[2167.5,151.0],[2164.5,149.0],[2162.5,147.0],[2160.5,145.0],[2158.5,143.0],[2156.0,140.5],[2154.0,138.5],[2152.5,136.0],[2150.0,133.5],[2148.0,131.5],[2146.5,129.0],[2145.5,126.0],[2144.5,122.0],[2144.5,118.0],[2144.5,114.0],[2145.5,110.0],[2145.5,106.0],[2145.5,102.0],[2144.5,98.0],[2143.5,95.0],[2143.5,91.0],[2142.5,88.0],[2141.0,84.5],[2139.5,82.0],[2137.5,80.0],[2134.0,78.5],[2130.5,79.0],[2128.0,80.5],[2125.0,82.5],[2123.0,84.5],[2121.5,87.0],[2120.0,89.5],[2117.0,91.5],[2113.5,92.0],[2110.5,92.0],[2106.0,91.5],[2102.5,91.0],[2100.0,89.5],[2097.0,87.5],[2094.5,86.0],[2092.5,84.0],[2090.5,82.0],[2087.5,80.0],[2084.5,79.0],[2083.0,76.5],[2079.0,75.5],[2076.0,74.5],[2073.5,73.0],[2071.0,70.5],[2069.5,68.0],[2068.5,65.0],[2066.5,63.0],[2064.5,60.0],[2063.5,57.0],[2062.5,54.0],[2062.0,50.5],[2063.5,48.0],[2064.5,45.0],[2064.5,40.0],[2064.5,36.0],[2063.5,33.0],[2063.5,29.0],[2062.5,25.0],[2061.5,22.0],[2061.5,18.0],[2061.5,13.0],[2063.5,11.0],[2065.0,8.5],[2067.5,7.0],[2071.0,5.5],[2074.0,4.5],[2076.0,4.5],[2080.0,5.5],[2083.0,6.5],[2085.0,8.5],[2087.0,11.5],[2088.5,14.0],[2090.0,16.5],[2091.5,19.0],[2092.5,23.0],[2093.5,26.0],[2094.0,29.5],[2096.0,32.5],[2097.0,35.5],[2098.0,38.5],[2098.5,43.0],[2100.0,45.5],[2101.0,48.5],[2103.0,50.5],[2106.0,52.5],[2108.0,50.5],[2110.5,49.0],[2110.0,46.5],[2107.5,45.0],[2108.5,42.0],[2110.5,39.0],[2111.5,36.0],[2113.0,33.5],[2116.0,32.5],[2119.5,31.0],[2122.0,29.5],[2125.0,28.5],[2129.5,28.0],[2133.0,27.5],[2136.5,27.0],[2138.5,27.0],[2142.0,27.5],[2145.5,28.0],[2148.0,29.5],[2151.5,31.0],[2153.5,33.0],[2154.5,36.0],[2156.5,38.0],[2159.0,38.5],[2161.0,40.5],[2163.0,42.5],[2164.5,46.0],[2166.0,48.5],[2169.5,49.0],[2172.0,51.5],[2175.0,52.5],[2178.0,51.5],[2182.0,52.5],[2186.0,52.5],[2189.5,53.0],[2193.0,53.5],[2197.5,54.0],[2201.0,54.5],[2204.0,55.5],[2209.0,55.5],[2213.0,55.5],[2216.0,54.5],[2221.0,54.5],[2224.0,53.5],[2227.5,53.0],[2230.0,51.5],[2234.0,50.5],[2237.0,49.5],[2241.0,49.5],[2246.0,49.5],[2250.0,49.5],[2254.0,49.5],[2259.0,49.5],[2263.0,49.5],[2266.0,48.5],[2270.0,48.5],[2273.5,47.0],[2276.5,46.0],[2280.0,45.5],[2284.0,44.5],[2288.0,44.5],[2292.0,44.5],[2296.0,45.5],[2300.0,45.5],[2302.5,47.0],[2305.0,48.5],[2309.5,49.0],[2313.0,49.5],[2317.0,49.5],[2322.0,49.5],[2325.0,50.5],[2329.0,50.5],[2334.0,50.5],[2337.0,51.5],[2340.5,52.0],[2344.0,52.5],[2347.5,54.0],[2348.0,56.5],[2345.5,58.0],[2342.5,60.0],[2340.5,62.0],[2338.5,64.0],[2335.5,65.0],[2333.0,67.5],[2329.0,67.5],[2326.0,68.5],[2323.5,71.0],[2323.5,73.0],[2325.0,75.5],[2328.0,77.5],[2331.0,78.5],[2334.0,79.5],[2336.0,81.5],[2338.5,84.0],[2340.5,86.0],[2341.5,89.0],[2342.5,93.0],[2342.0,96.5],[2341.0,99.5],[2339.5,103.0],[2338.5,106.0],[2337.0,108.5],[2335.0,110.5],[2333.0,113.5],[2332.0,116.5],[2331.5,120.0],[2330.5,124.0],[2329.5,127.0],[2329.0,130.5],[2328.0,134.5],[2327.5,138.0],[2326.5,141.0],[2326.0,144.5],[2324.5,148.0],[2322.5,150.0],[2320.5,152.0],[2318.0,154.5],[2316.0,156.5],[2313.0,157.5],[2309.5,159.0],[2307.0,160.5],[2304.0,161.5],[2300.5,162.0],[2296.0,162.5],[2293.0,163.5]]",243076.03888511658,431124.70757579803,69.26275634765625,,,,,0.4674225091,24105,여수로_피어_03,SPW_여수로_교각_도수면,,,0.9906645648757889,../../Data/DJI_20250702151015_0500_V.JPG,../Overlay/DLM/P000156.png,mapped,local_surface_estimate
DJI_20250702151015_0500_V.JPG,P000157,DLM,박리,"[[2378.0,57.5],[2377.0,57.5],[2376.0,57.5],[2375.0,57.5],[2374.0,57.5],[2373.5,57.0],[2373.0,56.5],[2372.0,56.5],[2371.0,56.5],[2370.0,56.5],[2369.5,56.0],[2369.5,55.0],[2369.5,54.0],[2370.0,53.5],[2370.5,53.0],[2371.0,52.5],[2372.0,52.5],[2373.0,52.5],[2374.0,52.5],[2375.0,52.5],[2376.0,52.5],[2377.0,52.5],[2378.0,52.5],[2379.0,52.5],[2379.5,53.0],[2380.0,53.5],[2380.5,54.0],[2381.0,54.5],[2381.5,55.0],[2381.0,55.5],[2380.5,56.0],[2380.0,56.5],[2379.0,56.5],[2378.5,57.0],[2378.0,57.5]]",243076.64464378357,431124.1342010498,69.41440010070801,,,,,0.0011771668,48,SPW_0153,SPW_여수로_교각_도수면,SPW_0153,cff2977a-901a-5a93-84bd-7b805381c8e1,0.935768336057663,../../Data/DJI_20250702151015_0500_V.JPG,../Overlay/DLM/P000157.png,mapped,local_surface_estimate
DJI_20250702151015_0500_V.JPG,P000158,DLM,박리,"[[530.0,391.5],[528.0,391.5],[527.0,390.5],[526.0,390.5],[524.5,390.0],[523.0,389.5],[521.0,389.5],[520.0,388.5],[519.0,388.5],[518.0,387.5],[517.5,386.0],[516.5,385.0],[516.5,384.0],[516.5,382.0],[515.5,381.0],[515.0,379.5],[514.5,378.0],[514.5,377.0],[513.5,376.0],[513.5,374.0],[513.0,372.5],[512.5,371.0],[512.5,370.0],[512.5,368.0],[513.0,366.5],[513.5,365.0],[513.5,364.0],[513.5,362.0],[512.5,361.0],[512.5,359.0],[511.5,358.0],[511.5,357.0],[511.5,355.0],[510.5,354.0],[510.5,352.0],[510.5,350.0],[510.5,349.0],[510.5,347.0],[510.5,345.0],[510.5,343.0],[510.5,341.0],[510.5,340.0],[510.5,338.0],[509.5,337.0],[509.5,335.0],[509.5,334.0],[508.5,333.0],[509.5,332.0],[509.5,330.0],[509.5,328.0],[509.5,327.0],[509.5,325.0],[510.0,323.5],[510.5,322.0],[510.5,320.0],[510.0,319.5],[509.5,318.0],[509.5,316.0],[509.5,314.0],[509.5,312.0],[509.5,311.0],[509.5,309.0],[509.5,307.0],[509.5,305.0],[509.5,304.0],[509.5,302.0],[510.5,301.0],[510.5,299.0],[510.5,297.0],[510.5,296.0],[510.5,294.0],[510.5,292.0],[510.0,290.5],[509.0,289.5],[508.0,289.5],[507.5,288.0],[506.0,287.5],[504.5,287.0],[505.0,286.5],[506.0,285.5],[507.5,285.0],[509.0,284.5],[510.0,283.5],[511.0,283.5],[512.0,282.5],[513.5,282.0],[515.0,281.5],[516.0,280.5],[517.0,280.5],[518.0,279.5],[519.0,278.5],[521.0,278.5],[522.0,277.5],[523.0,277.5],[524.0,276.5],[525.5,276.0],[526.5,275.0],[527.0,274.5],[528.0,273.5],[529.0,272.5],[530.5,272.0],[532.0,271.5],[532.5,271.0],[534.0,270.5],[535.5,270.0],[537.0,269.5],[538.5,269.0],[539.0,268.5],[541.0,268.5],[542.0,267.5],[543.5,267.0],[544.0,266.5],[545.5,266.0],[547.0,265.5],[548.5,265.0],[550.0,264.5],[551.0,264.5],[552.0,263.5],[553.0,262.5],[554.5,262.0],[556.0,261.5],[556.5,261.0],[557.5,260.0],[558.5,259.0],[559.5,258.0],[560.5,257.0],[561.0,256.5],[562.0,255.5],[563.5,255.0],[564.0,253.5],[564.5,253.0],[564.5,251.0],[565.5,250.0],[567.0,249.5],[568.5,249.0],[569.0,248.5],[570.0,247.5],[571.5,247.0],[572.5,246.0],[573.5,245.0],[573.5,244.0],[574.5,243.0],[575.0,241.5],[576.0,242.5],[576.5,244.0],[576.5,245.0],[575.5,246.0],[575.5,248.0],[575.5,250.0],[576.0,250.5],[576.5,252.0],[576.5,254.0],[575.5,255.0],[575.5,257.0],[575.0,257.5],[574.5,259.0],[573.5,260.0],[573.5,262.0],[572.5,263.0],[572.5,264.0],[571.5,265.0],[571.0,266.5],[570.5,268.0],[570.0,268.5],[569.5,270.0],[569.0,271.5],[568.5,273.0],[568.5,275.0],[568.0,275.5],[567.5,277.0],[567.0,278.5],[566.5,280.0],[566.5,282.0],[566.5,283.0],[566.0,284.5],[565.5,286.0],[565.5,288.0],[565.5,290.0],[565.5,291.0],[565.5,293.0],[564.5,294.0],[565.0,295.5],[565.5,296.0],[565.5,298.0],[565.0,299.5],[564.5,301.0],[564.5,303.0],[564.5,304.0],[564.5,306.0],[563.5,307.0],[563.5,309.0],[563.0,310.5],[562.5,311.0],[562.5,313.0],[561.5,314.0],[561.5,316.0],[561.5,317.0],[561.0,318.5],[560.5,320.0],[560.0,321.5],[559.5,323.0],[559.5,324.0],[558.5,325.0],[558.5,327.0],[558.5,329.0],[558.5,331.0],[558.5,332.0],[558.5,334.0],[557.5,335.0],[557.5,337.0],[557.5,339.0],[557.5,340.0],[557.5,342.0],[557.5,344.0],[557.5,346.0],[557.5,347.0],[557.5,349.0],[557.0,350.5],[556.5,352.0],[556.5,354.0],[556.5,355.0],[556.0,356.5],[555.5,358.0],[555.5,360.0],[554.5,361.0],[554.5,362.0],[554.0,363.5],[553.5,365.0],[553.5,367.0],[552.5,368.0],[552.5,369.0],[552.0,370.5],[551.5,372.0],[550.5,373.0],[550.5,374.0],[550.0,375.5],[549.0,376.5],[548.5,378.0],[547.5,379.0],[547.5,380.0],[546.5,381.0],[546.0,382.5],[545.5,384.0],[544.5,385.0],[544.0,385.5],[543.0,386.5],[542.0,387.5],[540.5,388.0],[540.0,388.5],[539.0,389.5],[537.5,390.0],[536.0,390.5],[534.0,390.5],[533.0,390.5],[531.0,390.5],[530.0,391.5]]",243073.23001670837,431131.8297367096,68.31440258026123,,,,,0.1334292342,5939,SPW_0151,SPW_여수로_교각_도수면,SPW_0151,42656a3b-8022-5388-9d97-c9bf033e8295,0.9874322394024826,../../Data/DJI_20250702151015_0500_V.JPG,../Overlay/DLM/P000158.png,mapped,local_surface_estimate
DJI_20250702151015_0500_V.JPG,P000159,DLM,박리,"[[1414.0,2568.5],[1412.5,2568.0],[1411.0,2567.5],[1410.0,2566.5],[1408.5,2566.0],[1407.0,2565.5],[1406.0,2564.5],[1404.0,2564.5],[1403.0,2565.5],[1401.5,2565.0],[1402.5,2564.0],[1402.5,2563.0],[1403.5,2562.0],[1402.0,2561.5],[1401.0,2560.5],[1399.0,2560.5],[1397.5,2561.0],[1396.0,2561.5],[1395.0,2562.5],[1393.0,2562.5],[1391.0,2562.5],[1389.0,2562.5],[1388.0,2561.5],[1387.5,2560.0],[1387.0,2558.5],[1386.0,2559.5],[1384.0,2559.5],[1382.0,2559.5],[1381.0,2560.5],[1380.0,2561.5],[1379.0,2560.5],[1378.0,2559.5],[1377.5,2559.0],[1376.0,2558.5],[1374.5,2559.0],[1373.0,2559.5],[1371.0,2559.5],[1369.0,2559.5],[1368.0,2558.5],[1366.0,2558.5],[1364.0,2558.5],[1362.5,2559.0],[1361.0,2559.5],[1359.0,2559.5],[1358.0,2558.5],[1357.0,2559.5],[1355.5,2559.0],[1354.5,2558.0],[1353.5,2558.0],[1352.5,2559.0],[1351.0,2559.5],[1349.5,2559.0],[1348.0,2558.5],[1347.0,2559.5],[1346.0,2559.5],[1344.0,2559.5],[1342.0,2559.5],[1340.0,2559.5],[1338.5,2560.0],[1337.0,2560.5],[1335.0,2560.5],[1333.0,2560.5],[1331.0,2560.5],[1329.0,2560.5],[1327.0,2560.5],[1326.5,2559.0],[1325.0,2558.5],[1323.5,2559.0],[1322.0,2559.5],[1320.0,2559.5],[1318.0,2559.5],[1316.5,2559.0],[1316.0,2557.5],[1314.0,2557.5],[1312.0,2557.5],[1311.5,2558.0],[1310.0,2558.5],[1308.0,2558.5],[1306.0,2558.5],[1305.0,2557.5],[1303.5,2558.0],[1302.0,2558.5],[1300.5,2558.0],[1299.0,2557.5],[1298.0,2558.5],[1297.0,2559.5],[1295.0,2559.5],[1293.0,2559.5],[1292.0,2558.5],[1291.0,2557.5],[1290.0,2558.5],[1289.0,2559.5],[1287.5,2560.0],[1286.5,2560.0],[1285.5,2560.0],[1284.0,2560.5],[1283.0,2560.5],[1281.5,2560.0],[1280.0,2559.5],[1278.5,2559.0],[1277.5,2558.0],[1276.5,2557.0],[1275.0,2556.5],[1274.5,2555.0],[1274.0,2553.5],[1273.5,2552.0],[1274.5,2551.0],[1275.0,2549.5],[1275.5,2548.0],[1276.5,2547.0],[1276.5,2545.0],[1277.5,2544.0],[1278.5,2543.0],[1279.5,2542.0],[1280.0,2540.5],[1280.5,2539.0],[1281.5,2538.0],[1281.5,2537.0],[1281.5,2535.0],[1281.5,2533.0],[1281.5,2531.0],[1282.0,2529.5],[1282.5,2528.0],[1282.5,2526.0],[1282.5,2524.0],[1282.0,2522.5],[1281.5,2521.0],[1281.5,2519.0],[1281.5,2517.0],[1281.5,2515.0],[1281.5,2513.0],[1282.5,2512.0],[1282.5,2510.0],[1283.5,2509.0],[1285.0,2508.5],[1286.0,2507.5],[1287.0,2506.5],[1288.5,2506.0],[1290.0,2505.5],[1290.5,2505.0],[1292.0,2504.5],[1294.0,2504.5],[1295.0,2503.5],[1297.0,2503.5],[1299.0,2503.5],[1300.0,2502.5],[1302.0,2502.5],[1304.0,2502.5],[1306.0,2502.5],[1308.0,2502.5],[1310.0,2502.5],[1311.0,2501.5],[1313.0,2501.5],[1315.0,2501.5],[1317.0,2501.5],[1319.0,2501.5],[1321.0,2501.5],[1323.0,2501.5],[1324.0,2500.5],[1326.0,2500.5],[1327.0,2500.5],[1329.0,2500.5],[1331.0,2500.5],[1333.0,2500.5],[1334.5,2500.0],[1336.0,2499.5],[1338.0,2499.5],[1339.5,2500.0],[1341.0,2500.5],[1343.0,2500.5],[1345.0,2500.5],[1347.0,2500.5],[1349.0,2500.5],[1351.0,2500.5],[1353.0,2500.5],[1355.0,2500.5],[1357.0,2500.5],[1359.0,2500.5],[1361.0,2500.5],[1363.0,2500.5],[1365.0,2500.5],[1366.0,2500.5],[1367.0,2499.5],[1369.0,2499.5],[1371.0,2499.5],[1372.5,2499.0],[1374.0,2498.5],[1376.0,2498.5],[1377.0,2497.5],[1379.0,2497.5],[1380.0,2496.5],[1382.0,2496.5],[1384.0,2496.5],[1385.5,2496.0],[1387.0,2495.5],[1389.0,2495.5],[1390.5,2495.0],[1392.0,2494.5],[1394.0,2494.5],[1395.5,2494.0],[1397.0,2493.5],[1399.0,2493.5],[1400.0,2493.5],[1402.0,2493.5],[1404.0,2493.5],[1405.5,2493.0],[1407.0,2492.5],[1408.5,2493.0],[1410.0,2493.5],[1412.0,2493.5],[1413.5,2494.0],[1414.5,2495.0],[1414.5,2497.0],[1414.5,2499.0],[1414.5,2501.0],[1414.5,2503.0],[1413.5,2504.0],[1413.5,2506.0],[1413.5,2508.0],[1412.5,2509.0],[1412.5,2511.0],[1412.5,2513.0],[1412.0,2514.5],[1411.5,2516.0],[1411.5,2517.0],[1411.5,2519.0],[1411.5,2521.0],[1411.5,2523.0],[1411.5,2525.0],[1412.5,2526.0],[1412.5,2528.0],[1413.0,2529.5],[1414.0,2530.5],[1414.5,2532.0],[1415.0,2533.5],[1415.5,2535.0],[1415.5,2537.0],[1416.0,2538.5],[1416.5,2540.0],[1416.5,2542.0],[1416.5,2544.0],[1417.0,2545.5],[1417.5,2547.0],[1417.5,2549.0],[1417.5,2551.0],[1417.5,2552.0],[1417.5,2554.0],[1417.5,2556.0],[1416.5,2557.0],[1416.5,2559.0],[1416.5,2561.0],[1416.0,2562.5],[1415.5,2564.0],[1415.5,2566.0],[1415.0,2567.5],[1414.0,2568.5]]",243068.8785791397,431126.10498809814,60.195871353149414,,,,,0.1362272913,8146,SPW_0192,SPW_여수로_교각_도수면,SPW_0192,944d3034-21d5-5ffd-9716-1e891afb0a99,0.9891514098969133,../../Data/DJI_20250702151015_0500_V.JPG,../Overlay/DLM/P000159.png,mapped,local_surface_estimate
DJI_20250702151015_0500_V.JPG,P000160,DLM,박리,"[[1110.0,2565.5],[1109.0,2565.5],[1108.0,2564.5],[1107.0,2564.5],[1106.0,2563.5],[1105.5,2563.0],[1104.5,2562.0],[1104.0,2561.5],[1102.5,2561.0],[1102.0,2560.5],[1100.0,2560.5],[1099.5,2560.0],[1098.0,2559.5],[1097.0,2559.5],[1095.0,2559.5],[1094.0,2559.5],[1092.5,2560.0],[1092.0,2560.5],[1090.0,2560.5],[1089.5,2560.0],[1088.5,2560.0],[1088.0,2560.5],[1086.0,2560.5],[1085.0,2560.5],[1083.0,2560.5],[1082.5,2560.0],[1081.0,2559.5],[1080.0,2559.5],[1079.0,2558.5],[1078.0,2558.5],[1077.0,2557.5],[1076.0,2557.5],[1074.5,2557.0],[1074.0,2556.5],[1072.0,2556.5],[1071.5,2556.0],[1070.0,2555.5],[1069.5,2556.0],[1068.0,2556.5],[1067.0,2556.5],[1065.0,2556.5],[1064.0,2556.5],[1062.0,2556.5],[1061.5,2557.0],[1060.0,2557.5],[1059.0,2557.5],[1057.0,2557.5],[1056.5,2558.0],[1055.5,2559.0],[1055.0,2559.5],[1053.5,2559.0],[1053.0,2558.5],[1052.0,2558.5],[1051.0,2559.5],[1050.0,2559.5],[1049.0,2558.5],[1048.0,2558.5],[1046.5,2559.0],[1046.5,2560.0],[1045.0,2560.5],[1044.5,2561.0],[1043.0,2561.5],[1042.5,2561.0],[1041.0,2560.5],[1040.5,2561.0],[1039.0,2561.5],[1038.5,2561.0],[1037.0,2560.5],[1036.0,2560.5],[1034.5,2561.0],[1034.0,2561.5],[1032.0,2561.5],[1031.0,2561.5],[1030.0,2560.5],[1029.5,2560.0],[1028.5,2559.0],[1028.0,2558.5],[1026.5,2558.0],[1026.0,2557.5],[1025.0,2556.5],[1024.5,2556.0],[1024.0,2554.5],[1023.5,2554.0],[1023.5,2552.0],[1023.5,2551.0],[1023.5,2549.0],[1023.0,2548.5],[1022.5,2547.0],[1022.5,2546.0],[1023.5,2545.0],[1023.5,2544.0],[1023.5,2542.0],[1023.5,2541.0],[1023.5,2539.0],[1023.5,2538.0],[1023.5,2536.0],[1023.5,2535.0],[1023.5,2533.0],[1023.5,2532.0],[1023.5,2530.0],[1023.5,2529.0],[1023.0,2527.5],[1022.5,2527.0],[1022.5,2526.0],[1022.0,2524.5],[1021.5,2524.0],[1021.0,2522.5],[1020.5,2522.0],[1020.5,2520.0],[1020.0,2519.5],[1019.5,2518.0],[1019.0,2517.5],[1018.5,2516.0],[1018.5,2515.0],[1018.5,2513.0],[1018.5,2512.0],[1019.5,2511.0],[1020.0,2510.5],[1021.5,2510.0],[1022.0,2509.5],[1024.0,2509.5],[1024.5,2509.0],[1026.0,2508.5],[1027.0,2508.5],[1028.5,2508.0],[1029.0,2507.5],[1031.0,2507.5],[1032.0,2507.5],[1033.0,2506.5],[1034.0,2506.5],[1036.0,2506.5],[1037.0,2506.5],[1038.0,2505.5],[1039.0,2505.5],[1041.0,2505.5],[1042.0,2505.5],[1044.0,2505.5],[1045.0,2505.5],[1047.0,2505.5],[1048.0,2505.5],[1050.0,2505.5],[1050.5,2505.0],[1051.5,2505.0],[1052.0,2505.5],[1054.0,2505.5],[1054.5,2505.0],[1056.0,2504.5],[1057.0,2504.5],[1059.0,2504.5],[1060.0,2504.5],[1062.0,2504.5],[1063.0,2504.5],[1065.0,2504.5],[1066.0,2504.5],[1067.0,2504.5],[1069.0,2504.5],[1070.0,2504.5],[1072.0,2504.5],[1073.0,2504.5],[1074.0,2503.5],[1075.0,2503.5],[1077.0,2503.5],[1078.0,2503.5],[1080.0,2503.5],[1081.0,2503.5],[1083.0,2503.5],[1084.0,2503.5],[1086.0,2503.5],[1087.0,2503.5],[1088.5,2504.0],[1089.0,2504.5],[1091.0,2504.5],[1092.0,2504.5],[1094.0,2504.5],[1095.0,2504.5],[1097.0,2504.5],[1098.0,2504.5],[1100.0,2504.5],[1101.0,2504.5],[1102.0,2503.5],[1103.0,2503.5],[1105.0,2503.5],[1106.0,2503.5],[1107.5,2503.0],[1108.0,2502.5],[1110.0,2502.5],[1111.0,2502.5],[1112.0,2501.5],[1113.0,2501.5],[1115.0,2501.5],[1116.0,2501.5],[1117.0,2500.5],[1117.5,2501.0],[1119.0,2501.5],[1120.0,2501.5],[1122.0,2501.5],[1123.0,2501.5],[1124.5,2502.0],[1125.0,2502.5],[1127.0,2502.5],[1127.5,2503.0],[1127.5,2505.0],[1127.5,2506.0],[1126.5,2507.0],[1126.5,2508.0],[1126.0,2508.5],[1125.5,2510.0],[1125.0,2510.5],[1124.5,2512.0],[1124.0,2512.5],[1123.5,2514.0],[1123.0,2514.5],[1122.0,2515.5],[1121.5,2516.0],[1121.5,2518.0],[1121.5,2519.0],[1121.5,2521.0],[1121.5,2522.0],[1122.0,2523.5],[1122.5,2524.0],[1122.5,2526.0],[1122.5,2527.0],[1122.5,2529.0],[1122.5,2530.0],[1122.5,2532.0],[1122.5,2533.0],[1122.0,2534.5],[1121.5,2535.0],[1121.5,2537.0],[1121.5,2538.0],[1121.5,2540.0],[1121.5,2541.0],[1120.5,2542.0],[1120.5,2543.0],[1120.5,2545.0],[1120.0,2545.5],[1119.5,2547.0],[1119.5,2548.0],[1119.5,2550.0],[1119.0,2550.5],[1118.5,2552.0],[1118.5,2553.0],[1117.5,2554.0],[1117.5,2555.0],[1116.5,2556.0],[1116.5,2557.0],[1115.5,2558.0],[1115.5,2559.0],[1114.5,2560.0],[1114.5,2561.0],[1113.5,2562.0],[1113.0,2562.5],[1112.0,2563.5],[1111.5,2564.0],[1110.5,2565.0],[1110.0,2565.5]]",243068.53087997437,431127.18053913116,60.211551666259766,,,,,0.0909507589,5475,SPW_0192,SPW_여수로_교각_도수면,SPW_0192,944d3034-21d5-5ffd-9716-1e891afb0a99,0.989955702786032,../../Data/DJI_20250702151015_0500_V.JPG,../Overlay/DLM/P000160.png,mapped,local_surface_estimate
DJI_20250702151015_0500_V.JPG,P000161,DLM,박리,"[[2036.0,2564.5],[2035.0,2563.5],[2033.0,2563.5],[2031.5,2563.0],[2029.0,2562.5],[2028.0,2563.5],[2026.5,2563.0],[2025.0,2562.5],[2023.5,2562.0],[2022.0,2561.5],[2020.0,2561.5],[2017.5,2562.0],[2016.0,2562.5],[2014.0,2562.5],[2012.5,2563.0],[2011.0,2563.5],[2009.0,2563.5],[2007.0,2563.5],[2004.0,2563.5],[2003.0,2564.5],[2002.0,2563.5],[2000.0,2563.5],[1998.0,2563.5],[1996.0,2563.5],[1994.0,2563.5],[1992.0,2562.5],[1990.0,2562.5],[1988.0,2562.5],[1987.0,2561.5],[1986.0,2560.5],[1984.0,2560.5],[1983.0,2559.5],[1982.0,2561.5],[1980.0,2561.5],[1978.5,2561.0],[1977.0,2560.5],[1975.0,2560.5],[1973.0,2560.5],[1971.0,2560.5],[1968.0,2560.5],[1966.5,2560.0],[1965.0,2559.5],[1963.0,2559.5],[1961.0,2559.5],[1960.0,2558.5],[1959.0,2559.5],[1957.0,2559.5],[1954.0,2559.5],[1952.0,2559.5],[1950.0,2559.5],[1948.0,2559.5],[1946.0,2559.5],[1944.0,2559.5],[1942.5,2559.0],[1940.0,2558.5],[1939.0,2559.5],[1937.0,2559.5],[1936.0,2560.5],[1934.0,2560.5],[1933.0,2559.5],[1931.0,2559.5],[1929.0,2560.5],[1928.0,2561.5],[1926.5,2561.0],[1925.0,2560.5],[1923.0,2560.5],[1921.0,2560.5],[1919.0,2560.5],[1916.0,2560.5],[1915.0,2561.5],[1914.0,2560.5],[1912.0,2560.5],[1910.0,2560.5],[1908.0,2560.5],[1907.0,2561.5],[1905.0,2560.5],[1903.5,2561.0],[1902.0,2561.5],[1901.0,2560.5],[1899.5,2560.0],[1898.0,2559.5],[1896.0,2559.5],[1894.0,2560.5],[1892.0,2560.5],[1890.0,2560.5],[1888.0,2560.5],[1886.0,2560.5],[1884.5,2560.0],[1883.0,2559.5],[1880.0,2559.5],[1879.0,2560.5],[1877.5,2561.0],[1876.5,2561.0],[1875.0,2560.5],[1873.0,2560.5],[1871.0,2560.5],[1868.0,2560.5],[1866.5,2561.0],[1865.0,2561.5],[1864.5,2560.0],[1863.5,2560.0],[1862.5,2560.0],[1861.5,2559.0],[1860.0,2557.5],[1858.5,2557.0],[1859.0,2555.5],[1859.5,2554.0],[1859.0,2552.5],[1858.5,2551.0],[1858.5,2549.0],[1859.5,2547.0],[1858.5,2546.0],[1859.0,2544.5],[1859.5,2543.0],[1859.5,2541.0],[1859.5,2539.0],[1860.0,2537.5],[1860.5,2535.0],[1860.5,2533.0],[1861.5,2532.0],[1861.5,2530.0],[1862.5,2529.0],[1862.5,2527.0],[1863.0,2525.5],[1863.5,2523.0],[1864.0,2521.5],[1864.5,2520.0],[1865.5,2519.0],[1867.0,2518.5],[1868.5,2518.0],[1870.0,2517.5],[1872.0,2517.5],[1874.0,2516.5],[1876.0,2516.5],[1877.5,2516.0],[1879.0,2515.5],[1881.0,2515.5],[1883.0,2515.5],[1884.0,2516.5],[1886.5,2517.0],[1888.0,2517.5],[1889.5,2518.0],[1891.0,2518.5],[1892.5,2519.0],[1894.0,2519.5],[1896.0,2519.5],[1898.0,2520.5],[1900.0,2520.5],[1902.0,2520.5],[1904.0,2520.5],[1906.0,2520.5],[1908.0,2520.5],[1910.0,2520.5],[1913.0,2520.5],[1915.0,2520.5],[1917.0,2520.5],[1919.0,2520.5],[1921.0,2520.5],[1922.5,2520.0],[1924.0,2519.5],[1927.0,2519.5],[1929.0,2519.5],[1931.0,2519.5],[1933.0,2519.5],[1935.0,2519.5],[1937.0,2519.5],[1939.0,2519.5],[1942.0,2519.5],[1944.0,2519.5],[1946.0,2519.5],[1948.0,2519.5],[1949.5,2520.0],[1951.0,2520.5],[1953.0,2520.5],[1956.0,2520.5],[1958.0,2520.5],[1960.0,2520.5],[1962.0,2520.5],[1964.0,2520.5],[1966.0,2520.5],[1968.0,2520.5],[1971.0,2520.5],[1973.0,2520.5],[1975.0,2520.5],[1976.5,2521.0],[1978.0,2521.5],[1980.0,2521.5],[1982.0,2521.5],[1984.0,2522.5],[1986.0,2522.5],[1987.5,2523.0],[1989.0,2523.5],[1991.0,2523.5],[1993.0,2523.5],[1994.0,2524.5],[1997.0,2524.5],[1998.0,2525.5],[2000.0,2525.5],[2001.5,2526.0],[2003.0,2526.5],[2004.0,2527.5],[2005.5,2528.0],[2008.0,2528.5],[2009.5,2529.0],[2011.0,2529.5],[2013.0,2529.5],[2015.0,2529.5],[2017.0,2529.5],[2019.0,2529.5],[2021.0,2528.5],[2023.0,2528.5],[2025.0,2528.5],[2026.5,2528.0],[2028.0,2527.5],[2030.0,2527.5],[2031.5,2527.0],[2033.0,2526.5],[2036.0,2526.5],[2037.5,2526.0],[2039.0,2525.5],[2041.0,2525.5],[2043.0,2525.5],[2045.0,2525.5],[2047.0,2525.5],[2049.0,2526.5],[2051.0,2526.5],[2051.0,2527.5],[2050.5,2529.0],[2050.5,2531.0],[2050.5,2533.0],[2050.5,2535.0],[2049.5,2537.0],[2048.5,2538.0],[2049.0,2539.5],[2049.5,2541.0],[2050.0,2542.5],[2050.5,2544.0],[2051.5,2545.0],[2052.5,2547.0],[2053.0,2548.5],[2053.5,2550.0],[2053.5,2552.0],[2053.5,2554.0],[2053.5,2556.0],[2053.0,2557.5],[2051.5,2559.0],[2051.0,2560.5],[2049.5,2561.0],[2048.0,2561.5],[2047.0,2562.5],[2045.0,2562.5],[2043.5,2563.0],[2041.0,2563.5],[2039.0,2563.5],[2037.0,2563.5],[2036.0,2564.5]]",243069.60828018188,431123.7356786728,60.11458969116211,,,,,0.1262908534,7459,SPW_0192,SPW_여수로_교각_도수면,SPW_0192,944d3034-21d5-5ffd-9716-1e891afb0a99,0.9900650118819382,../../Data/DJI_20250702151015_0500_V.JPG,../Overlay/DLM/P000161.png,mapped,local_surface_estimate
DJI_20250702160538_0800_V.JPG,P000238,DLM,박리,"[[4121.0,1360.5],[4117.5,1360.0],[4116.5,1358.0],[4115.0,1355.5],[4113.5,1353.0],[4113.0,1350.5],[4112.5,1347.0],[4111.5,1344.0],[4111.0,1340.5],[4110.5,1338.0],[4109.5,1335.0],[4108.5,1332.0],[4107.0,1330.5],[4106.5,1327.0],[4105.5,1324.0],[4104.5,1322.0],[4103.5,1319.0],[4104.0,1316.5],[4103.0,1314.5],[4102.5,1311.0],[4101.5,1308.0],[4101.5,1304.0],[4100.5,1302.0],[4100.0,1298.5],[4100.5,1296.0],[4100.0,1293.5],[4098.5,1291.0],[4098.5,1287.0],[4097.5,1285.0],[4096.5,1282.0],[4096.0,1278.5],[4095.5,1275.0],[4094.5,1273.0],[4093.5,1270.0],[4093.5,1266.0],[4092.5,1264.0],[4092.0,1260.5],[4091.5,1257.0],[4090.5,1255.0],[4090.5,1251.0],[4089.5,1248.0],[4088.5,1246.0],[4087.5,1243.0],[4087.5,1239.0],[4086.5,1236.0],[4085.5,1234.0],[4084.5,1231.0],[4083.5,1228.0],[4082.5,1226.0],[4081.5,1223.0],[4080.5,1220.0],[4079.5,1218.0],[4079.0,1214.5],[4078.0,1211.5],[4077.0,1209.5],[4076.5,1206.0],[4075.5,1203.0],[4074.0,1200.5],[4073.5,1198.0],[4072.5,1195.0],[4071.5,1192.0],[4070.5,1190.0],[4069.5,1187.0],[4069.0,1183.5],[4068.5,1181.0],[4067.5,1178.0],[4067.5,1174.0],[4066.5,1171.0],[4066.5,1168.0],[4065.5,1165.0],[4065.5,1161.0],[4065.5,1158.0],[4064.5,1155.0],[4064.0,1151.5],[4063.5,1149.0],[4062.5,1146.0],[4062.0,1142.5],[4061.5,1140.0],[4060.5,1137.0],[4060.5,1133.0],[4060.5,1129.0],[4059.5,1127.0],[4059.5,1123.0],[4058.5,1120.0],[4057.5,1118.0],[4056.5,1115.0],[4055.5,1112.0],[4054.5,1110.0],[4053.5,1107.0],[4052.5,1104.0],[4052.0,1101.5],[4051.5,1098.0],[4050.5,1095.0],[4050.5,1091.0],[4049.5,1089.0],[4049.5,1085.0],[4049.0,1081.5],[4048.5,1079.0],[4047.5,1076.0],[4046.5,1073.0],[4046.0,1070.5],[4044.5,1068.0],[4044.0,1064.5],[4043.5,1062.0],[4042.5,1059.0],[4041.5,1056.0],[4041.5,1052.0],[4041.5,1049.0],[4041.5,1045.0],[4042.0,1041.5],[4042.5,1039.0],[4043.5,1036.0],[4043.5,1032.0],[4043.5,1029.0],[4044.5,1026.0],[4044.5,1022.0],[4046.0,1019.5],[4048.0,1018.5],[4049.0,1021.5],[4051.5,1023.0],[4053.5,1024.0],[4055.5,1026.0],[4057.0,1028.5],[4059.0,1029.5],[4062.0,1030.5],[4065.0,1029.5],[4067.0,1028.5],[4069.0,1026.5],[4071.0,1024.5],[4073.5,1023.0],[4075.0,1021.5],[4078.0,1020.5],[4081.0,1019.5],[4084.0,1019.5],[4087.0,1020.5],[4089.5,1022.0],[4090.5,1024.0],[4091.5,1027.0],[4091.5,1031.0],[4091.5,1034.0],[4090.5,1037.0],[4090.5,1041.0],[4091.5,1044.0],[4093.0,1045.5],[4094.5,1048.0],[4093.5,1051.0],[4092.5,1053.0],[4091.0,1055.5],[4090.0,1058.5],[4088.5,1060.0],[4088.5,1064.0],[4087.5,1067.0],[4089.5,1069.0],[4090.5,1071.0],[4091.5,1074.0],[4093.0,1076.5],[4093.5,1079.0],[4094.5,1082.0],[4095.5,1085.0],[4096.0,1087.5],[4096.5,1091.0],[4098.5,1093.0],[4097.0,1094.5],[4097.5,1097.0],[4096.5,1100.0],[4094.5,1102.0],[4093.5,1104.0],[4092.5,1107.0],[4091.5,1110.0],[4092.0,1112.5],[4092.0,1115.5],[4093.0,1117.5],[4093.5,1120.0],[4095.5,1122.0],[4094.5,1125.0],[4095.5,1127.0],[4096.0,1130.5],[4097.5,1133.0],[4097.5,1137.0],[4098.5,1139.0],[4098.5,1143.0],[4099.5,1146.0],[4100.5,1148.0],[4101.0,1151.5],[4102.0,1154.5],[4102.5,1157.0],[4103.5,1160.0],[4104.5,1163.0],[4105.5,1165.0],[4106.5,1168.0],[4107.5,1171.0],[4108.0,1174.5],[4108.5,1177.0],[4109.0,1180.5],[4109.5,1184.0],[4110.5,1186.0],[4109.5,1189.0],[4110.5,1192.0],[4110.5,1195.0],[4110.5,1197.0],[4111.0,1200.5],[4110.5,1203.0],[4111.5,1205.0],[4112.5,1208.0],[4113.5,1211.0],[4114.5,1213.0],[4115.5,1216.0],[4116.5,1219.0],[4117.0,1221.5],[4118.5,1224.0],[4118.5,1226.0],[4118.5,1229.0],[4118.5,1233.0],[4119.5,1236.0],[4119.5,1240.0],[4120.5,1242.0],[4121.5,1245.0],[4123.0,1247.5],[4123.5,1250.0],[4124.5,1253.0],[4125.5,1256.0],[4126.0,1258.5],[4126.5,1262.0],[4126.5,1266.0],[4126.5,1269.0],[4127.0,1272.5],[4127.5,1276.0],[4127.5,1280.0],[4127.5,1283.0],[4128.5,1286.0],[4128.5,1290.0],[4128.5,1293.0],[4129.5,1296.0],[4129.5,1300.0],[4130.5,1302.0],[4130.5,1306.0],[4131.5,1309.0],[4132.0,1312.5],[4132.5,1315.0],[4132.5,1319.0],[4133.5,1322.0],[4132.5,1324.0],[4132.5,1328.0],[4132.5,1332.0],[4132.5,1335.0],[4130.5,1337.0],[4130.0,1339.5],[4130.0,1341.5],[4130.5,1344.0],[4129.0,1346.5],[4127.5,1349.0],[4126.5,1351.0],[4124.5,1353.0],[4123.5,1356.0],[4123.0,1358.5],[4121.0,1360.5]]",243057.55134391785,431188.5123786926,73.34821891784668,,,,,0.4772622996,12101,여수로_피어_07,SPW_여수로_교각_도수면,,,0.989922356210497,../../Data/DJI_20250702160538_0800_V.JPG,../Overlay/DLM/P000238.png,mapped,local_surface_estimate
DJI_20250702160538_0800_V.JPG,P000239,DLM,박리,"[[4126.0,1382.5],[4125.0,1382.5],[4124.0,1382.5],[4123.5,1382.0],[4123.0,1381.5],[4122.5,1381.0],[4122.0,1380.5],[4121.5,1380.0],[4121.5,1379.0],[4121.5,1378.0],[4121.5,1377.0],[4121.5,1376.0],[4122.0,1375.5],[4122.5,1375.0],[4123.0,1374.5],[4123.5,1374.0],[4124.0,1373.5],[4125.0,1373.5],[4126.0,1373.5],[4127.0,1373.5],[4127.5,1374.0],[4128.0,1374.5],[4129.0,1374.5],[4129.5,1375.0],[4129.5,1376.0],[4129.5,1377.0],[4129.5,1378.0],[4129.0,1378.5],[4128.5,1379.0],[4128.5,1380.0],[4128.0,1380.5],[4127.5,1381.0],[4127.0,1381.5],[4126.5,1382.0],[4126.0,1382.5]]",243057.0773010254,431188.35371780396,72.51858139038086,,,,,0.0021141781,57,여수로_피어_07,SPW_여수로_교각_도수면,,,0.9577578431681583,../../Data/DJI_20250702160538_0800_V.JPG,../Overlay/DLM/P000239.png,mapped,local_surface_estimate
DJI_20250702160538_0800_V.JPG,P000240,DLM,박리,"[[1496.0,1853.5],[1492.0,1853.5],[1488.0,1852.5],[1484.0,1852.5],[1479.0,1852.5],[1476.0,1851.5],[1471.0,1851.5],[1467.5,1851.0],[1463.0,1850.5],[1459.5,1850.0],[1456.0,1848.5],[1452.5,1848.0],[1449.0,1846.5],[1446.0,1845.5],[1442.5,1844.0],[1439.5,1843.0],[1436.0,1841.5],[1433.0,1840.5],[1430.0,1839.5],[1427.0,1837.5],[1425.0,1835.5],[1422.5,1833.0],[1420.5,1831.0],[1419.5,1827.0],[1418.5,1824.0],[1418.0,1819.5],[1416.5,1817.0],[1415.5,1813.0],[1414.0,1810.5],[1412.0,1807.5],[1409.5,1806.0],[1407.0,1803.5],[1404.5,1802.0],[1401.5,1800.0],[1399.0,1798.5],[1396.0,1797.5],[1393.0,1795.5],[1390.0,1794.5],[1386.0,1793.5],[1383.0,1792.5],[1379.5,1791.0],[1376.5,1790.0],[1373.5,1788.0],[1370.5,1787.0],[1367.0,1785.5],[1363.5,1785.0],[1359.0,1784.5],[1355.0,1784.5],[1350.5,1785.0],[1347.0,1785.5],[1342.0,1785.5],[1338.0,1785.5],[1335.0,1784.5],[1331.0,1783.5],[1328.0,1782.5],[1324.5,1781.0],[1322.0,1779.5],[1318.0,1778.5],[1315.0,1777.5],[1311.0,1776.5],[1308.0,1775.5],[1304.0,1774.5],[1300.5,1774.0],[1297.0,1772.5],[1294.0,1771.5],[1290.0,1770.5],[1288.0,1768.5],[1284.5,1767.0],[1282.0,1765.5],[1279.5,1764.0],[1276.5,1762.0],[1275.0,1759.5],[1273.5,1756.0],[1273.5,1752.0],[1273.5,1749.0],[1274.0,1745.5],[1275.5,1742.0],[1275.5,1738.0],[1276.5,1734.0],[1275.5,1731.0],[1275.5,1726.0],[1275.5,1722.0],[1275.5,1717.0],[1276.5,1714.0],[1279.0,1711.5],[1280.5,1709.0],[1282.5,1707.0],[1284.5,1704.0],[1286.5,1702.0],[1288.5,1699.0],[1291.0,1697.5],[1293.5,1695.0],[1295.5,1693.0],[1298.5,1691.0],[1301.0,1689.5],[1304.0,1687.5],[1307.0,1686.5],[1310.0,1684.5],[1313.0,1683.5],[1316.0,1681.5],[1319.0,1680.5],[1323.0,1679.5],[1326.0,1678.5],[1329.0,1677.5],[1333.0,1676.5],[1336.0,1675.5],[1339.5,1674.0],[1342.5,1673.0],[1346.0,1671.5],[1349.5,1671.0],[1354.0,1670.5],[1357.0,1669.5],[1362.0,1669.5],[1365.0,1668.5],[1369.0,1667.5],[1373.0,1667.5],[1376.5,1666.0],[1379.5,1665.0],[1383.0,1663.5],[1386.0,1662.5],[1389.0,1661.5],[1393.0,1660.5],[1395.5,1659.0],[1399.0,1657.5],[1401.5,1656.0],[1404.5,1654.0],[1407.0,1652.5],[1410.0,1650.5],[1412.0,1648.5],[1415.5,1647.0],[1418.0,1645.5],[1421.0,1643.5],[1423.5,1642.0],[1426.0,1639.5],[1428.5,1638.0],[1431.5,1636.0],[1434.0,1634.5],[1436.5,1633.0],[1439.5,1631.0],[1442.0,1629.5],[1446.0,1628.5],[1449.0,1627.5],[1452.5,1626.0],[1455.5,1625.0],[1459.0,1623.5],[1462.0,1622.5],[1467.0,1622.5],[1470.0,1621.5],[1474.0,1620.5],[1477.5,1621.0],[1480.5,1622.0],[1483.0,1622.5],[1484.0,1626.5],[1484.5,1630.0],[1485.5,1633.0],[1486.5,1637.0],[1487.5,1640.0],[1489.5,1643.0],[1491.5,1645.0],[1494.5,1647.0],[1496.0,1649.5],[1498.5,1652.0],[1501.0,1653.5],[1505.0,1654.5],[1508.0,1655.5],[1512.0,1656.5],[1515.0,1657.5],[1519.0,1658.5],[1523.0,1658.5],[1527.0,1659.5],[1530.5,1659.0],[1533.0,1659.5],[1537.0,1660.5],[1540.0,1661.5],[1544.0,1662.5],[1547.0,1663.5],[1551.0,1664.5],[1553.5,1666.0],[1557.0,1667.5],[1560.0,1668.5],[1563.5,1670.0],[1566.0,1671.5],[1569.5,1673.0],[1572.0,1674.5],[1575.0,1676.5],[1577.0,1678.5],[1579.5,1681.0],[1582.0,1682.5],[1583.5,1685.0],[1585.5,1688.0],[1586.5,1691.0],[1588.5,1694.0],[1589.5,1697.0],[1590.5,1701.0],[1591.5,1704.0],[1592.5,1708.0],[1592.5,1712.0],[1592.5,1717.0],[1591.5,1720.0],[1590.5,1724.0],[1589.5,1727.0],[1588.0,1730.5],[1586.5,1733.0],[1585.5,1737.0],[1584.5,1740.0],[1583.5,1743.0],[1583.5,1748.0],[1582.5,1751.0],[1582.5,1756.0],[1582.5,1760.0],[1582.5,1765.0],[1583.5,1768.0],[1584.0,1772.5],[1585.5,1775.0],[1586.5,1779.0],[1588.5,1781.0],[1590.5,1784.0],[1592.0,1786.5],[1593.5,1790.0],[1594.5,1793.0],[1595.5,1797.0],[1595.5,1801.0],[1595.5,1805.0],[1594.5,1809.0],[1593.0,1811.5],[1591.0,1814.5],[1588.5,1816.0],[1585.0,1817.5],[1582.0,1818.5],[1577.0,1818.5],[1574.0,1819.5],[1569.0,1819.5],[1566.0,1820.5],[1561.0,1820.5],[1557.0,1820.5],[1552.0,1820.5],[1549.0,1821.5],[1545.0,1822.5],[1542.5,1824.0],[1540.0,1825.5],[1537.0,1827.5],[1535.0,1829.5],[1532.5,1832.0],[1530.5,1834.0],[1527.5,1836.0],[1525.5,1838.0],[1522.5,1840.0],[1520.5,1842.0],[1517.5,1844.0],[1515.0,1845.5],[1512.0,1847.5],[1509.5,1849.0],[1506.0,1850.5],[1503.0,1851.5],[1499.0,1852.5],[1496.0,1853.5]]",243053.01752090454,431198.22175216675,71.21778011322021,,,,,0.7873329887,47916,NOF_R_0153,NOF_우안(청주측)_접속부(콘크리트_중력식),NOF_R_0153,e6d90eac-ff14-5389-9e10-b37071ca834b,0.9969217334036258,../../Data/DJI_20250702160538_0800_V.JPG,../Overlay/DLM/P000240.png,mapped,local_surface_estimate
DJI_20250702160538_0800_V.JPG,P000241,DLM,박리,"[[1775.0,1851.5],[1771.0,1851.5],[1768.0,1851.5],[1764.0,1851.5],[1761.0,1851.5],[1757.0,1851.5],[1755.0,1850.5],[1752.0,1849.5],[1750.0,1848.5],[1747.5,1847.0],[1746.0,1845.5],[1744.0,1843.5],[1743.0,1841.5],[1741.5,1839.0],[1740.5,1837.0],[1739.0,1834.5],[1738.5,1832.0],[1737.0,1829.5],[1736.0,1827.5],[1734.5,1825.0],[1733.5,1823.0],[1731.5,1821.0],[1730.0,1819.5],[1727.5,1818.0],[1725.5,1816.0],[1724.0,1814.5],[1721.5,1813.0],[1719.5,1812.0],[1717.0,1810.5],[1715.0,1809.5],[1713.0,1807.5],[1711.0,1806.5],[1709.0,1804.5],[1707.0,1803.5],[1705.5,1801.0],[1703.5,1800.0],[1701.5,1798.0],[1701.0,1795.5],[1700.0,1792.5],[1699.5,1790.0],[1699.0,1786.5],[1698.5,1784.0],[1697.5,1781.0],[1696.5,1779.0],[1695.5,1776.0],[1694.0,1774.5],[1692.5,1772.0],[1691.0,1769.5],[1690.0,1767.5],[1688.5,1765.0],[1687.5,1763.0],[1685.5,1761.0],[1684.5,1759.0],[1682.5,1757.0],[1681.0,1755.5],[1679.5,1753.0],[1678.0,1751.5],[1676.0,1749.5],[1674.5,1748.0],[1672.5,1746.0],[1671.0,1744.5],[1669.0,1742.5],[1667.5,1741.0],[1665.5,1739.0],[1664.5,1737.0],[1663.5,1734.0],[1662.5,1732.0],[1663.5,1729.0],[1663.0,1726.5],[1662.5,1723.0],[1661.0,1720.5],[1660.5,1718.0],[1660.5,1714.0],[1660.5,1711.0],[1661.5,1708.0],[1661.5,1705.0],[1662.5,1702.0],[1663.5,1700.0],[1665.0,1697.5],[1666.5,1696.0],[1668.0,1693.5],[1670.0,1692.5],[1672.0,1690.5],[1674.0,1689.5],[1676.0,1687.5],[1678.0,1686.5],[1680.0,1684.5],[1682.5,1684.0],[1686.0,1683.5],[1689.0,1683.5],[1692.0,1682.5],[1694.0,1683.5],[1698.0,1683.5],[1701.0,1684.5],[1704.0,1684.5],[1708.0,1684.5],[1710.0,1685.5],[1714.0,1685.5],[1717.0,1685.5],[1720.0,1686.5],[1723.0,1686.5],[1726.0,1687.5],[1728.0,1688.5],[1732.0,1688.5],[1735.0,1688.5],[1739.0,1688.5],[1742.0,1688.5],[1745.5,1688.0],[1748.0,1687.5],[1752.0,1687.5],[1754.5,1688.0],[1758.0,1688.5],[1760.0,1689.5],[1763.0,1690.5],[1765.0,1691.5],[1767.5,1693.0],[1770.0,1694.5],[1771.5,1696.0],[1774.0,1697.5],[1775.5,1699.0],[1777.5,1701.0],[1779.0,1702.5],[1781.5,1704.0],[1783.5,1705.0],[1787.0,1705.5],[1789.5,1706.0],[1793.0,1706.5],[1796.0,1706.5],[1799.5,1707.0],[1802.0,1707.5],[1805.5,1708.0],[1808.0,1708.5],[1812.0,1708.5],[1814.0,1709.5],[1818.0,1709.5],[1821.0,1709.5],[1824.5,1709.0],[1827.0,1708.5],[1831.0,1708.5],[1834.0,1708.5],[1837.0,1709.5],[1841.0,1709.5],[1844.0,1709.5],[1848.0,1709.5],[1851.0,1709.5],[1855.0,1709.5],[1857.5,1710.0],[1860.5,1711.0],[1863.0,1711.5],[1866.0,1712.5],[1868.0,1713.5],[1870.5,1715.0],[1872.0,1716.5],[1875.0,1717.5],[1877.0,1718.5],[1881.0,1718.5],[1884.0,1718.5],[1887.5,1718.0],[1890.0,1717.5],[1893.0,1716.5],[1895.0,1715.5],[1898.0,1714.5],[1900.5,1714.0],[1903.5,1713.0],[1907.0,1712.5],[1909.0,1711.5],[1911.5,1710.0],[1913.5,1709.0],[1916.5,1708.0],[1918.5,1708.0],[1921.5,1709.0],[1923.0,1710.5],[1924.0,1713.5],[1925.0,1715.5],[1926.5,1718.0],[1925.5,1720.0],[1924.5,1723.0],[1923.5,1725.0],[1921.0,1726.5],[1920.5,1729.0],[1920.0,1732.5],[1919.0,1734.5],[1918.5,1738.0],[1917.0,1739.5],[1915.0,1741.5],[1913.0,1742.5],[1911.0,1744.5],[1908.0,1745.5],[1906.5,1747.0],[1904.0,1748.5],[1902.5,1750.0],[1901.0,1752.5],[1899.5,1754.0],[1897.5,1756.0],[1896.5,1758.0],[1895.5,1761.0],[1894.5,1763.0],[1893.0,1765.5],[1892.0,1767.5],[1890.5,1770.0],[1889.5,1772.0],[1887.5,1774.0],[1886.0,1775.5],[1884.0,1777.5],[1883.0,1779.5],[1881.5,1782.0],[1880.5,1784.0],[1879.0,1786.5],[1877.0,1787.5],[1875.5,1790.0],[1874.0,1792.5],[1872.5,1794.0],[1870.0,1795.5],[1868.0,1796.5],[1865.0,1797.5],[1863.5,1799.0],[1861.0,1800.5],[1859.5,1802.0],[1857.5,1804.0],[1856.5,1806.0],[1854.5,1808.0],[1853.5,1810.0],[1852.0,1812.5],[1850.5,1814.0],[1849.5,1817.0],[1848.5,1819.0],[1847.5,1822.0],[1847.5,1825.0],[1847.5,1829.0],[1846.5,1831.0],[1845.5,1834.0],[1844.5,1836.0],[1843.0,1838.5],[1841.0,1840.5],[1839.0,1841.5],[1837.0,1843.5],[1835.0,1844.5],[1832.0,1845.5],[1830.0,1846.5],[1826.0,1846.5],[1823.5,1847.0],[1820.0,1847.5],[1817.0,1847.5],[1813.0,1847.5],[1810.0,1847.5],[1807.0,1848.5],[1804.0,1848.5],[1800.0,1848.5],[1797.0,1848.5],[1794.0,1849.5],[1791.0,1849.5],[1787.0,1849.5],[1784.5,1850.0],[1781.0,1850.5],[1778.0,1850.5],[1775.0,1851.5]]",243053.35974788666,431197.003490448,71.13283920288086,,,,,0.4618999806,28014,NOF_R_0153,NOF_우안(청주측)_접속부(콘크리트_중력식),NOF_R_0153,e6d90eac-ff14-5389-9e10-b37071ca834b,0.996015993613217,../../Data/DJI_20250702160538_0800_V.JPG,../Overlay/DLM/P000241.png,mapped,local_surface_estimate
DJI_20250702160538_0800_V.JPG,P000242,DLM,박리,"[[4093.0,2414.5],[4092.0,2414.5],[4091.0,2414.5],[4090.0,2414.5],[4089.0,2414.5],[4088.0,2414.5],[4087.0,2414.5],[4086.0,2414.5],[4085.0,2414.5],[4084.0,2414.5],[4083.0,2414.5],[4082.0,2414.5],[4081.0,2414.5],[4080.0,2414.5],[4079.0,2414.5],[4078.0,2414.5],[4077.0,2414.5],[4076.0,2414.5],[4075.0,2414.5],[4074.5,2414.0],[4074.0,2413.5],[4073.5,2414.0],[4073.0,2414.5],[4072.0,2414.5],[4071.0,2414.5],[4070.5,2414.0],[4070.0,2413.5],[4069.0,2413.5],[4068.0,2413.5],[4067.0,2413.5],[4066.0,2413.5],[4065.0,2413.5],[4064.0,2413.5],[4063.0,2413.5],[4062.5,2413.0],[4062.0,2412.5],[4061.5,2412.0],[4061.0,2411.5],[4060.5,2411.0],[4060.0,2410.5],[4059.5,2410.0],[4059.5,2409.0],[4059.0,2408.5],[4058.5,2408.0],[4058.5,2407.0],[4058.0,2406.5],[4057.5,2406.0],[4057.5,2405.0],[4057.5,2404.0],[4057.5,2403.0],[4057.0,2402.5],[4056.5,2402.0],[4056.5,2401.0],[4056.5,2400.0],[4056.5,2399.0],[4056.5,2398.0],[4056.5,2397.0],[4056.5,2396.0],[4056.5,2395.0],[4056.5,2394.0],[4056.5,2393.0],[4056.0,2392.5],[4055.5,2392.0],[4055.5,2391.0],[4055.5,2390.0],[4055.5,2389.0],[4055.0,2388.5],[4054.5,2388.0],[4054.5,2387.0],[4054.5,2386.0],[4054.5,2385.0],[4054.5,2384.0],[4054.5,2383.0],[4054.5,2382.0],[4054.5,2381.0],[4054.5,2380.0],[4054.5,2379.0],[4054.5,2378.0],[4054.0,2377.5],[4053.5,2377.0],[4053.5,2376.0],[4053.5,2375.0],[4053.5,2374.0],[4053.5,2373.0],[4053.5,2372.0],[4053.5,2371.0],[4053.5,2370.0],[4053.5,2369.0],[4053.5,2368.0],[4054.0,2367.5],[4054.5,2367.0],[4054.5,2366.0],[4055.0,2365.5],[4056.0,2365.5],[4056.5,2365.0],[4057.0,2364.5],[4058.0,2364.5],[4059.0,2364.5],[4059.5,2364.0],[4060.0,2363.5],[4061.0,2363.5],[4062.0,2363.5],[4063.0,2363.5],[4063.5,2364.0],[4064.0,2364.5],[4065.0,2364.5],[4066.0,2364.5],[4067.0,2364.5],[4068.0,2364.5],[4069.0,2364.5],[4070.0,2364.5],[4071.0,2364.5],[4072.0,2364.5],[4072.5,2365.0],[4073.0,2365.5],[4074.0,2365.5],[4075.0,2365.5],[4075.5,2366.0],[4076.0,2366.5],[4077.0,2366.5],[4078.0,2366.5],[4079.0,2366.5],[4079.5,2367.0],[4080.0,2367.5],[4081.0,2367.5],[4082.0,2367.5],[4082.5,2368.0],[4083.0,2368.5],[4084.0,2368.5],[4085.0,2368.5],[4086.0,2368.5],[4086.5,2369.0],[4087.0,2369.5],[4088.0,2369.5],[4089.0,2369.5],[4089.5,2370.0],[4090.0,2370.5],[4091.0,2370.5],[4091.5,2371.0],[4092.0,2371.5],[4093.0,2371.5],[4093.5,2372.0],[4094.0,2372.5],[4094.5,2373.0],[4095.0,2373.5],[4095.5,2374.0],[4096.0,2374.5],[4096.5,2375.0],[4097.0,2375.5],[4097.5,2376.0],[4098.0,2376.5],[4098.5,2377.0],[4098.5,2378.0],[4098.5,2379.0],[4098.5,2380.0],[4098.5,2381.0],[4098.5,2382.0],[4098.0,2382.5],[4097.5,2383.0],[4097.5,2384.0],[4097.5,2385.0],[4097.5,2386.0],[4097.5,2387.0],[4097.5,2388.0],[4097.5,2389.0],[4097.5,2390.0],[4097.5,2391.0],[4097.5,2392.0],[4097.5,2393.0],[4098.0,2393.5],[4098.5,2394.0],[4098.5,2395.0],[4098.5,2396.0],[4098.5,2397.0],[4098.5,2398.0],[4098.5,2399.0],[4098.5,2400.0],[4098.5,2401.0],[4098.5,2402.0],[4098.0,2402.5],[4097.5,2403.0],[4097.5,2404.0],[4098.0,2404.5],[4098.5,2405.0],[4099.0,2405.5],[4099.5,2406.0],[4099.5,2407.0],[4099.5,2408.0],[4099.5,2409.0],[4099.5,2410.0],[4099.0,2410.5],[4098.5,2411.0],[4098.0,2411.5],[4097.5,2412.0],[4097.0,2412.5],[4096.5,2413.0],[4096.0,2413.5],[4095.0,2413.5],[4094.0,2413.5],[4093.5,2414.0],[4093.0,2414.5]]",243054.5186290741,431188.4963493347,69.00514602661133,,,,,0.0279382708,1977,NOF_R_0155,NOF_우안(청주측)_접속부(콘크리트_중력식),NOF_R_0155,4b510864-a97a-58c0-b7f9-ba53b525b64e,0.9870433906261886,../../Data/DJI_20250702160538_0800_V.JPG,../Overlay/DLM/P000242.png,mapped,local_surface_estimate
DJI_20250702160538_0800_V.JPG,P000243,DLM,박리,"[[2160.0,2496.5],[2159.0,2496.5],[2157.0,2496.5],[2156.0,2496.5],[2155.0,2496.5],[2154.0,2496.5],[2152.0,2496.5],[2151.0,2496.5],[2150.0,2496.5],[2148.0,2496.5],[2147.5,2496.0],[2147.0,2495.5],[2145.0,2495.5],[2144.0,2495.5],[2143.0,2495.5],[2142.0,2495.5],[2141.0,2494.5],[2140.0,2494.5],[2139.0,2494.5],[2137.0,2494.5],[2136.0,2494.5],[2135.0,2494.5],[2134.5,2494.0],[2133.0,2493.5],[2132.0,2493.5],[2131.0,2493.5],[2129.0,2493.5],[2128.5,2493.0],[2128.0,2492.5],[2126.0,2492.5],[2125.0,2492.5],[2124.5,2492.0],[2124.0,2491.5],[2122.0,2491.5],[2121.5,2491.0],[2121.0,2490.5],[2119.5,2490.0],[2119.0,2489.5],[2118.5,2489.0],[2118.5,2488.0],[2117.5,2487.0],[2117.5,2486.0],[2117.0,2485.5],[2116.5,2484.0],[2116.0,2483.5],[2115.5,2483.0],[2115.0,2481.5],[2114.5,2481.0],[2114.5,2480.0],[2114.0,2479.5],[2113.5,2478.0],[2113.0,2477.5],[2112.5,2477.0],[2112.0,2475.5],[2111.5,2475.0],[2111.0,2474.5],[2110.5,2474.0],[2109.5,2473.0],[2109.0,2472.5],[2108.0,2472.5],[2107.0,2471.5],[2106.5,2471.0],[2106.0,2470.5],[2104.5,2470.0],[2104.0,2469.5],[2103.0,2469.5],[2102.5,2469.0],[2101.0,2468.5],[2100.0,2468.5],[2099.5,2468.0],[2098.0,2467.5],[2097.0,2467.5],[2096.0,2467.5],[2095.0,2467.5],[2094.0,2466.5],[2093.0,2466.5],[2092.0,2466.5],[2090.5,2466.0],[2090.0,2465.5],[2089.5,2465.0],[2088.5,2464.0],[2088.0,2463.5],[2087.0,2463.5],[2086.5,2463.0],[2085.0,2462.5],[2084.5,2462.0],[2084.0,2461.5],[2083.5,2460.0],[2083.0,2459.5],[2082.5,2459.0],[2082.5,2458.0],[2082.0,2456.5],[2081.5,2456.0],[2081.5,2455.0],[2081.5,2453.0],[2081.5,2452.0],[2081.5,2451.0],[2081.0,2449.5],[2080.5,2449.0],[2080.5,2448.0],[2080.5,2447.0],[2081.5,2446.0],[2081.5,2445.0],[2082.0,2444.5],[2083.5,2444.0],[2084.0,2443.5],[2084.5,2443.0],[2085.0,2442.5],[2086.0,2441.5],[2086.5,2441.0],[2087.0,2440.5],[2088.0,2439.5],[2088.5,2439.0],[2089.0,2438.5],[2090.5,2438.0],[2091.0,2437.5],[2092.0,2437.5],[2093.0,2437.5],[2095.0,2437.5],[2095.5,2437.0],[2096.0,2436.5],[2098.0,2436.5],[2099.0,2436.5],[2100.0,2436.5],[2101.0,2436.5],[2103.0,2436.5],[2104.0,2436.5],[2105.0,2436.5],[2107.0,2436.5],[2108.0,2436.5],[2108.5,2437.0],[2110.0,2437.5],[2111.0,2437.5],[2112.0,2437.5],[2113.0,2437.5],[2115.0,2437.5],[2115.5,2438.0],[2116.0,2438.5],[2118.0,2438.5],[2119.0,2438.5],[2120.0,2438.5],[2121.0,2438.5],[2123.0,2438.5],[2124.0,2438.5],[2125.0,2438.5],[2127.0,2438.5],[2128.0,2438.5],[2129.0,2438.5],[2131.0,2438.5],[2132.0,2438.5],[2133.0,2438.5],[2133.5,2438.0],[2135.0,2437.5],[2136.0,2437.5],[2137.0,2437.5],[2138.5,2438.0],[2139.0,2438.5],[2139.5,2438.0],[2140.0,2437.5],[2141.5,2438.0],[2142.0,2438.5],[2143.0,2438.5],[2145.0,2438.5],[2146.0,2438.5],[2147.0,2438.5],[2149.0,2438.5],[2150.0,2438.5],[2151.0,2438.5],[2152.0,2438.5],[2153.0,2439.5],[2154.0,2439.5],[2155.0,2439.5],[2157.0,2439.5],[2158.0,2439.5],[2159.0,2439.5],[2160.0,2439.5],[2161.0,2440.5],[2162.0,2440.5],[2163.0,2440.5],[2165.0,2440.5],[2165.5,2441.0],[2166.0,2441.5],[2168.0,2441.5],[2169.0,2441.5],[2169.5,2442.0],[2170.0,2442.5],[2172.0,2442.5],[2172.5,2443.0],[2173.0,2443.5],[2174.5,2444.0],[2175.0,2444.5],[2176.0,2444.5],[2177.0,2444.5],[2178.0,2445.5],[2179.0,2445.5],[2179.5,2446.0],[2180.5,2447.0],[2181.0,2447.5],[2181.5,2448.0],[2182.5,2449.0],[2183.0,2449.5],[2183.5,2450.0],[2183.5,2451.0],[2183.5,2453.0],[2183.5,2454.0],[2183.5,2455.0],[2182.5,2456.0],[2182.0,2456.5],[2181.5,2457.0],[2181.0,2457.5],[2180.5,2459.0],[2180.0,2459.5],[2179.5,2460.0],[2179.0,2461.5],[2178.5,2462.0],[2178.0,2462.5],[2177.5,2464.0],[2177.0,2464.5],[2176.5,2465.0],[2176.0,2465.5],[2175.5,2467.0],[2175.5,2468.0],[2175.0,2468.5],[2174.5,2470.0],[2174.5,2471.0],[2174.0,2471.5],[2173.5,2472.0],[2173.0,2473.5],[2172.5,2474.0],[2172.5,2475.0],[2172.5,2477.0],[2172.5,2478.0],[2172.0,2478.5],[2171.5,2480.0],[2171.5,2481.0],[2171.5,2482.0],[2171.5,2483.0],[2170.5,2484.0],[2170.5,2485.0],[2170.5,2486.0],[2169.5,2487.0],[2169.5,2488.0],[2169.0,2488.5],[2168.5,2489.0],[2168.0,2490.5],[2167.5,2491.0],[2167.0,2491.5],[2166.0,2492.5],[2165.5,2493.0],[2165.0,2493.5],[2164.0,2494.5],[2163.5,2495.0],[2163.0,2495.5],[2162.0,2495.5],[2160.5,2496.0],[2160.0,2496.5]]",243052.1920528412,431195.11671066284,68.88474559783936,,,,,0.055428064,4303,NOF_R_0153,NOF_우안(청주측)_접속부(콘크리트_중력식),NOF_R_0153,e6d90eac-ff14-5389-9e10-b37071ca834b,0.9893451714111211,../../Data/DJI_20250702160538_0800_V.JPG,../Overlay/DLM/P000243.png,mapped,local_surface_estimate
DJI_20250702160538_0800_V.JPG,P000244,DLM,박리,"[[3403.0,3568.5],[3401.0,3568.5],[3399.0,3568.5],[3397.0,3568.5],[3396.0,3567.5],[3394.0,3567.5],[3392.0,3567.5],[3390.0,3567.5],[3389.0,3566.5],[3387.0,3566.5],[3385.0,3566.5],[3384.0,3567.5],[3383.0,3566.5],[3381.0,3566.5],[3379.0,3566.5],[3378.0,3565.5],[3376.0,3565.5],[3374.0,3565.5],[3372.0,3565.5],[3370.0,3565.5],[3368.0,3565.5],[3366.0,3565.5],[3364.0,3565.5],[3362.0,3565.5],[3360.0,3565.5],[3358.5,3565.0],[3357.0,3564.5],[3355.0,3564.5],[3353.0,3564.5],[3351.0,3564.5],[3349.0,3564.5],[3348.0,3563.5],[3345.0,3563.5],[3343.0,3563.5],[3341.0,3563.5],[3340.0,3562.5],[3338.0,3562.5],[3336.0,3562.5],[3334.0,3562.5],[3332.0,3562.5],[3330.0,3562.5],[3328.5,3562.0],[3327.0,3561.5],[3325.5,3561.0],[3324.0,3560.5],[3322.0,3560.5],[3320.0,3560.5],[3318.0,3560.5],[3316.0,3560.5],[3314.0,3560.5],[3312.0,3560.5],[3310.0,3560.5],[3308.0,3560.5],[3306.0,3560.5],[3304.0,3560.5],[3302.0,3560.5],[3300.0,3560.5],[3298.0,3560.5],[3297.0,3559.5],[3295.0,3559.5],[3293.0,3559.5],[3291.5,3559.0],[3290.0,3558.5],[3288.0,3558.5],[3286.5,3558.0],[3285.5,3558.0],[3284.0,3558.5],[3282.0,3558.5],[3280.5,3558.0],[3279.0,3557.5],[3277.0,3557.5],[3275.0,3557.5],[3273.0,3557.5],[3272.0,3556.5],[3270.0,3556.5],[3268.0,3556.5],[3266.0,3556.5],[3264.0,3556.5],[3262.0,3556.5],[3260.5,3556.0],[3259.0,3555.5],[3258.5,3554.0],[3257.5,3553.0],[3257.0,3551.5],[3256.5,3550.0],[3256.5,3548.0],[3255.5,3547.0],[3255.5,3545.0],[3255.5,3543.0],[3254.5,3542.0],[3254.5,3540.0],[3255.0,3538.5],[3255.5,3537.0],[3255.5,3535.0],[3255.5,3533.0],[3256.5,3532.0],[3256.5,3529.0],[3256.5,3527.0],[3256.5,3525.0],[3256.5,3523.0],[3256.5,3521.0],[3256.5,3519.0],[3256.5,3517.0],[3256.5,3515.0],[3256.5,3513.0],[3256.5,3511.0],[3256.5,3509.0],[3256.5,3507.0],[3256.5,3505.0],[3256.0,3503.5],[3255.5,3502.0],[3255.5,3500.0],[3255.5,3498.0],[3255.5,3496.0],[3255.5,3494.0],[3255.5,3492.0],[3255.5,3490.0],[3255.5,3488.0],[3255.5,3486.0],[3255.5,3484.0],[3255.5,3482.0],[3256.5,3481.0],[3256.5,3479.0],[3257.0,3477.5],[3257.5,3476.0],[3258.5,3475.0],[3260.0,3474.5],[3262.0,3474.5],[3264.0,3474.5],[3266.0,3474.5],[3268.0,3474.5],[3270.0,3474.5],[3271.5,3474.0],[3273.0,3473.5],[3275.0,3473.5],[3277.0,3473.5],[3278.0,3472.5],[3280.0,3472.5],[3282.0,3472.5],[3283.5,3472.0],[3285.0,3471.5],[3287.0,3471.5],[3289.0,3471.5],[3291.0,3471.5],[3293.0,3471.5],[3295.0,3471.5],[3297.0,3471.5],[3299.0,3471.5],[3301.0,3471.5],[3303.0,3471.5],[3305.0,3471.5],[3306.0,3472.5],[3308.0,3472.5],[3310.0,3472.5],[3312.0,3472.5],[3313.5,3473.0],[3315.0,3473.5],[3317.0,3473.5],[3319.0,3473.5],[3321.0,3473.5],[3324.0,3473.5],[3326.0,3473.5],[3328.0,3473.5],[3329.0,3472.5],[3331.0,3472.5],[3333.0,3472.5],[3335.0,3472.5],[3337.0,3472.5],[3339.0,3472.5],[3340.5,3473.0],[3342.0,3473.5],[3344.0,3473.5],[3346.0,3473.5],[3347.5,3474.0],[3349.0,3474.5],[3350.5,3475.0],[3352.0,3475.5],[3353.0,3476.5],[3354.5,3477.0],[3355.5,3478.0],[3356.5,3479.0],[3358.0,3479.5],[3359.0,3480.5],[3361.0,3480.5],[3363.0,3480.5],[3364.5,3481.0],[3366.0,3481.5],[3367.5,3481.0],[3369.0,3480.5],[3371.0,3480.5],[3373.0,3480.5],[3375.0,3480.5],[3376.5,3480.0],[3378.0,3479.5],[3380.0,3479.5],[3381.0,3480.5],[3383.0,3480.5],[3384.5,3481.0],[3386.0,3481.5],[3387.0,3482.5],[3388.5,3483.0],[3390.0,3483.5],[3391.0,3484.5],[3392.5,3485.0],[3393.5,3486.0],[3394.5,3487.0],[3395.5,3488.0],[3397.0,3488.5],[3398.0,3489.5],[3399.0,3490.5],[3399.5,3492.0],[3400.5,3493.0],[3401.0,3494.5],[3401.5,3496.0],[3400.5,3497.0],[3400.5,3499.0],[3400.5,3501.0],[3399.5,3502.0],[3399.5,3504.0],[3399.0,3505.5],[3398.5,3507.0],[3398.5,3509.0],[3398.5,3511.0],[3398.5,3513.0],[3399.0,3515.5],[3399.5,3517.0],[3399.5,3519.0],[3399.5,3521.0],[3400.5,3522.0],[3400.5,3524.0],[3401.0,3525.5],[3401.5,3527.0],[3401.5,3529.0],[3401.5,3531.0],[3402.5,3532.0],[3402.5,3534.0],[3402.5,3536.0],[3402.5,3538.0],[3403.5,3539.0],[3403.5,3541.0],[3403.5,3543.0],[3403.5,3545.0],[3404.5,3546.0],[3404.5,3548.0],[3404.5,3550.0],[3405.0,3551.5],[3405.5,3553.0],[3405.5,3555.0],[3405.5,3557.0],[3405.5,3559.0],[3405.5,3561.0],[3405.5,3563.0],[3405.5,3565.0],[3405.0,3566.5],[3404.0,3567.5],[3403.0,3568.5]]",243051.38463115692,431190.7696723938,66.05265426635742,,,,,0.1176538548,12539,NOF_R_0172,NOF_우안(청주측)_접속부(콘크리트_중력식),NOF_R_0172,0547ab98-30b3-567f-b80d-7560fd95cf41,0.9901331236263774,../../Data/DJI_20250702160538_0800_V.JPG,../Overlay/DLM/P000244.png,mapped,local_surface_estimate
DJI_20250702160658_0900_V.JPG,P000277,DLM,박리,"[[1576.0,158.5],[1575.5,158.0],[1576.0,157.5],[1576.5,158.0],[1576.0,158.5]]",243050.30900669098,431211.3631477356,73.31559562683105,,,,,1.62256e-05,1,NOF_R_0132,NOF_우안(청주측)_접속부(콘크리트_중력식),NOF_R_0132,d2a42971-7f92-595f-89a9-0b52f124ffb8,0.6790979504585266,../../Data/DJI_20250702160658_0900_V.JPG,../Overlay/DLM/P000277.png,mapped,local_surface_estimate
DJI_20250702160658_0900_V.JPG,P000278,DLM,박리,"[[1503.0,641.5],[1502.0,641.5],[1501.0,641.5],[1500.0,641.5],[1499.5,641.0],[1500.0,640.5],[1500.5,640.0],[1501.0,639.5],[1502.0,639.5],[1503.0,639.5],[1503.5,640.0],[1503.5,641.0],[1503.0,641.5]]",243049.08418941498,431211.1340904236,71.67772102355957,,,,,0.000101073,7,NOF_R_0150,NOF_우안(청주측)_접속부(콘크리트_중력식),NOF_R_0150,c846d14a-60c2-5115-91e0-42fe38be2290,0.8359024694987706,../../Data/DJI_20250702160658_0900_V.JPG,../Overlay/DLM/P000278.png,mapped,local_surface_estimate
DJI_20250702160658_0900_V.JPG,P000279,DLM,박리,"[[2295.0,1081.5],[2286.5,1075.0],[2277.0,1069.5],[2263.0,1068.5],[2253.0,1073.5],[2242.5,1069.0],[2231.0,1067.5],[2218.0,1067.5],[2203.0,1067.5],[2191.0,1070.5],[2179.0,1073.5],[2166.0,1075.5],[2152.0,1074.5],[2139.0,1072.5],[2128.5,1068.0],[2116.0,1067.5],[2103.0,1065.5],[2092.0,1061.5],[2082.0,1058.5],[2071.5,1057.0],[2059.0,1054.5],[2045.0,1053.5],[2032.0,1055.5],[2021.0,1059.5],[2012.5,1063.0],[2003.0,1057.5],[1990.0,1055.5],[1980.0,1050.5],[1968.0,1047.5],[1954.5,1046.0],[1941.0,1044.5],[1928.0,1044.5],[1916.0,1043.5],[1903.0,1045.5],[1889.0,1044.5],[1876.0,1042.5],[1864.0,1043.5],[1850.0,1042.5],[1838.0,1043.5],[1825.0,1043.5],[1812.0,1041.5],[1799.0,1039.5],[1785.0,1038.5],[1774.0,1040.5],[1762.0,1043.5],[1751.0,1043.5],[1737.0,1042.5],[1725.0,1041.5],[1717.0,1042.5],[1707.0,1043.5],[1692.5,1044.0],[1681.0,1045.5],[1668.0,1047.5],[1655.0,1045.5],[1644.0,1045.5],[1635.0,1044.5],[1621.0,1043.5],[1606.0,1043.5],[1591.0,1043.5],[1576.0,1043.5],[1563.0,1043.5],[1550.0,1043.5],[1537.0,1045.5],[1522.0,1045.5],[1507.0,1045.5],[1493.0,1046.5],[1480.5,1049.0],[1466.0,1049.5],[1451.0,1049.5],[1436.0,1049.5],[1421.0,1049.5],[1407.5,1051.0],[1394.0,1052.5],[1379.0,1052.5],[1366.0,1050.5],[1351.0,1050.5],[1337.0,1049.5],[1324.0,1049.5],[1310.5,1049.0],[1297.5,1051.0],[1283.0,1051.5],[1270.0,1053.5],[1261.5,1060.0],[1254.5,1068.0],[1244.5,1073.0],[1234.0,1077.5],[1221.0,1079.5],[1208.5,1077.0],[1196.0,1074.5],[1185.0,1070.5],[1177.5,1063.0],[1169.5,1056.0],[1161.0,1050.5],[1151.5,1045.0],[1141.0,1040.5],[1130.0,1036.5],[1117.0,1036.5],[1103.5,1037.0],[1093.5,1032.0],[1097.0,1020.5],[1104.0,1012.5],[1114.0,1007.5],[1124.0,1002.5],[1133.0,996.5],[1142.5,991.0],[1153.0,986.5],[1163.0,981.5],[1171.5,975.0],[1180.0,968.5],[1191.0,964.5],[1201.0,959.5],[1211.0,954.5],[1222.0,950.5],[1231.5,945.0],[1236.5,935.0],[1239.5,923.0],[1240.5,909.0],[1241.5,897.0],[1250.0,890.5],[1261.0,888.5],[1275.0,889.5],[1288.0,887.5],[1302.0,886.5],[1314.5,884.0],[1324.0,878.5],[1330.5,870.0],[1334.0,859.5],[1331.5,847.0],[1329.5,835.0],[1329.5,822.0],[1329.0,810.5],[1329.5,800.0],[1329.5,787.0],[1329.0,774.5],[1328.0,763.5],[1337.0,757.5],[1348.0,753.5],[1358.5,749.0],[1368.0,743.5],[1377.0,737.5],[1384.5,730.0],[1384.5,719.0],[1375.0,713.5],[1375.5,706.0],[1380.5,696.0],[1385.0,685.5],[1395.0,680.5],[1409.0,679.5],[1421.0,676.5],[1433.0,673.5],[1445.0,670.5],[1460.0,670.5],[1470.0,674.5],[1465.5,685.0],[1461.5,696.0],[1458.5,708.0],[1455.5,720.0],[1450.5,730.0],[1446.5,741.0],[1450.5,752.0],[1456.5,761.0],[1464.5,768.0],[1473.5,774.0],[1482.0,780.5],[1490.0,786.5],[1502.0,789.5],[1514.0,788.5],[1528.0,789.5],[1540.0,792.5],[1549.5,798.0],[1560.0,802.5],[1573.0,800.5],[1586.0,798.5],[1595.0,804.5],[1607.0,807.5],[1616.5,813.0],[1625.0,819.5],[1633.0,826.5],[1643.0,831.5],[1651.5,825.0],[1657.5,816.0],[1662.5,806.0],[1667.5,796.0],[1672.0,801.5],[1676.0,812.5],[1683.0,820.5],[1689.0,829.5],[1701.0,832.5],[1716.0,832.5],[1728.0,833.5],[1739.0,837.5],[1747.5,844.0],[1758.0,848.5],[1770.0,851.5],[1784.0,852.5],[1797.0,854.5],[1811.0,855.5],[1822.0,859.5],[1831.0,865.5],[1839.0,872.5],[1850.0,876.5],[1862.0,878.5],[1875.0,880.5],[1888.0,880.5],[1900.5,878.0],[1911.0,873.5],[1921.5,869.0],[1931.0,863.5],[1942.0,859.5],[1954.0,856.5],[1966.0,853.5],[1979.0,851.5],[1988.5,857.0],[1997.5,863.0],[2010.0,865.5],[2022.0,862.5],[2027.5,853.0],[2036.5,847.0],[2049.0,848.5],[2059.5,853.0],[2068.0,859.5],[2078.0,864.5],[2091.0,864.5],[2103.5,867.0],[2111.5,874.0],[2115.5,883.0],[2125.0,888.5],[2138.0,890.5],[2152.0,891.5],[2166.0,892.5],[2179.0,894.5],[2192.5,896.0],[2207.0,896.5],[2220.0,894.5],[2231.0,890.5],[2245.0,889.5],[2257.0,892.5],[2266.0,897.5],[2276.0,902.5],[2289.0,904.5],[2302.0,906.5],[2314.0,909.5],[2316.5,922.0],[2317.5,936.0],[2316.5,950.0],[2315.5,964.0],[2316.5,976.0],[2316.5,989.0],[2314.5,1000.0],[2314.5,1013.0],[2313.5,1027.0],[2313.5,1042.0],[2313.5,1057.0],[2311.0,1069.5],[2303.5,1077.0],[2295.0,1081.5]]",243048.64102172852,431210.1795158386,70.72108936309814,,,,,3.2968432657,242990,NOF_R_0150,NOF_우안(청주측)_접속부(콘크리트_중력식),NOF_R_0150,c846d14a-60c2-5115-91e0-42fe38be2290,0.9950381958009755,../../Data/DJI_20250702160658_0900_V.JPG,../Overlay/DLM/P000279.png,mapped,local_surface_estimate
DJI_20250702160658_0900_V.JPG,P000280,DLM,박리,"[[1365.0,727.5],[1364.0,727.5],[1363.0,727.5],[1362.0,727.5],[1361.5,727.0],[1362.0,726.5],[1362.5,726.0],[1362.5,725.0],[1363.0,724.5],[1363.5,724.0],[1364.0,723.5],[1364.5,723.0],[1365.0,722.5],[1365.5,722.0],[1366.0,721.5],[1366.5,721.0],[1367.0,720.5],[1368.0,720.5],[1368.5,721.0],[1368.5,722.0],[1368.5,723.0],[1368.5,724.0],[1368.5,725.0],[1368.0,725.5],[1367.5,726.0],[1367.0,726.5],[1366.0,726.5],[1365.5,727.0],[1365.0,727.5]]",243048.74786949158,431211.5069770813,71.40996360778809,,,,,0.0004090091,29,NOF_R_0150,NOF_우안(청주측)_접속부(콘크리트_중력식),NOF_R_0150,c846d14a-60c2-5115-91e0-42fe38be2290,0.9098987456025749,../../Data/DJI_20250702160658_0900_V.JPG,../Overlay/DLM/P000280.png,mapped,local_surface_estimate
DJI_20250702160658_0900_V.JPG,P000281,DLM,박리,"[[1346.0,741.5],[1345.0,741.5],[1344.5,741.0],[1344.5,740.0],[1344.5,739.0],[1344.0,738.5],[1343.5,738.0],[1343.5,737.0],[1343.5,736.0],[1344.0,735.5],[1344.5,735.0],[1345.0,734.5],[1345.5,734.0],[1346.0,733.5],[1346.5,733.0],[1347.0,732.5],[1348.0,732.5],[1348.5,732.0],[1349.0,731.5],[1350.0,731.5],[1351.0,731.5],[1352.0,731.5],[1353.0,731.5],[1354.0,731.5],[1354.5,732.0],[1354.5,733.0],[1354.5,734.0],[1354.0,734.5],[1353.5,735.0],[1353.0,735.5],[1352.5,736.0],[1352.0,736.5],[1351.5,737.0],[1351.0,737.5],[1350.5,738.0],[1350.0,738.5],[1349.5,739.0],[1349.0,739.5],[1348.0,739.5],[1347.5,740.0],[1347.0,740.5],[1346.5,741.0],[1346.0,741.5]]",243048.7025938034,431211.55156326294,71.37157249450684,,,,,0.0009275406,66,NOF_R_0150,NOF_우안(청주측)_접속부(콘크리트_중력식),NOF_R_0150,c846d14a-60c2-5115-91e0-42fe38be2290,0.9630202289783594,../../Data/DJI_20250702160658_0900_V.JPG,../Overlay/DLM/P000281.png,mapped,local_surface_estimate
DJI_20250702160658_0900_V.JPG,P000282,DLM,박리,"[[1168.0,1540.5],[1163.0,1539.5],[1159.5,1537.0],[1155.0,1536.5],[1150.0,1535.5],[1144.0,1535.5],[1139.0,1536.5],[1134.0,1536.5],[1129.0,1537.5],[1124.0,1536.5],[1119.0,1535.5],[1114.0,1534.5],[1110.0,1533.5],[1106.0,1531.5],[1100.5,1531.0],[1095.0,1530.5],[1090.0,1530.5],[1084.0,1530.5],[1078.0,1530.5],[1073.0,1531.5],[1068.0,1532.5],[1063.0,1532.5],[1057.0,1532.5],[1051.0,1532.5],[1046.0,1531.5],[1041.0,1530.5],[1037.0,1529.5],[1031.0,1529.5],[1025.5,1530.0],[1021.0,1531.5],[1017.0,1532.5],[1012.5,1534.0],[1008.0,1535.5],[1002.0,1535.5],[996.0,1535.5],[991.0,1535.5],[986.0,1534.5],[980.0,1534.5],[975.0,1533.5],[970.5,1533.0],[965.0,1532.5],[959.0,1532.5],[954.0,1531.5],[949.0,1530.5],[945.5,1529.0],[941.5,1527.0],[938.0,1524.5],[933.5,1523.0],[929.0,1522.5],[924.0,1521.5],[919.0,1520.5],[913.0,1520.5],[907.5,1521.0],[903.0,1521.5],[898.0,1522.5],[892.0,1522.5],[886.0,1522.5],[881.0,1522.5],[877.0,1520.5],[872.5,1519.0],[868.0,1517.5],[864.0,1515.5],[861.5,1513.0],[858.0,1510.5],[854.5,1508.0],[850.0,1506.5],[846.0,1506.5],[842.0,1505.5],[839.0,1502.5],[837.5,1498.0],[838.5,1493.0],[839.5,1489.0],[841.5,1485.0],[844.0,1481.5],[847.0,1478.5],[849.5,1475.0],[851.5,1472.0],[855.0,1469.5],[858.0,1466.5],[861.0,1463.5],[864.0,1461.5],[867.0,1460.5],[870.0,1457.5],[873.5,1455.0],[873.0,1451.5],[870.5,1454.0],[870.5,1451.0],[872.0,1446.5],[874.0,1442.5],[871.5,1441.0],[874.5,1438.0],[874.5,1432.0],[876.0,1427.5],[878.5,1424.0],[881.0,1421.5],[884.5,1420.0],[889.0,1419.5],[894.0,1418.5],[898.0,1417.5],[902.0,1415.5],[906.5,1414.0],[909.0,1410.5],[913.0,1408.5],[918.0,1408.5],[923.0,1409.5],[927.0,1411.5],[931.5,1413.0],[936.0,1414.5],[940.0,1415.5],[945.0,1416.5],[950.5,1416.0],[955.0,1414.5],[958.5,1413.0],[963.0,1411.5],[967.0,1409.5],[972.0,1408.5],[977.0,1407.5],[981.0,1406.5],[985.5,1405.0],[990.0,1403.5],[994.5,1402.0],[998.0,1400.5],[1002.0,1398.5],[1005.5,1396.0],[1009.0,1393.5],[1013.0,1391.5],[1016.0,1389.5],[1020.0,1387.5],[1025.0,1386.5],[1030.0,1385.5],[1035.0,1385.5],[1040.0,1386.5],[1044.0,1386.5],[1050.0,1386.5],[1056.0,1386.5],[1059.0,1386.5],[1065.0,1386.5],[1065.0,1391.5],[1064.5,1395.0],[1064.5,1398.0],[1065.5,1403.0],[1067.5,1407.0],[1069.0,1411.5],[1071.5,1415.0],[1073.5,1418.0],[1077.0,1420.5],[1081.5,1422.0],[1085.5,1424.0],[1089.5,1425.0],[1094.0,1426.5],[1099.0,1427.5],[1105.0,1427.5],[1111.0,1427.5],[1116.0,1427.5],[1122.0,1427.5],[1128.0,1427.5],[1133.0,1426.5],[1138.0,1425.5],[1142.5,1425.0],[1148.0,1424.5],[1154.0,1424.5],[1159.0,1425.5],[1164.0,1425.5],[1170.0,1425.5],[1175.5,1426.0],[1181.0,1426.5],[1187.0,1426.5],[1191.0,1425.5],[1196.5,1425.0],[1201.5,1424.0],[1205.5,1422.0],[1207.0,1418.5],[1210.0,1415.5],[1212.5,1412.0],[1216.0,1409.5],[1220.0,1407.5],[1223.5,1406.0],[1228.0,1404.5],[1233.0,1403.5],[1238.0,1402.5],[1243.0,1402.5],[1247.0,1402.5],[1253.0,1402.5],[1258.0,1403.5],[1263.0,1404.5],[1266.5,1406.0],[1272.0,1406.5],[1277.0,1405.5],[1281.0,1403.5],[1284.5,1402.0],[1289.0,1400.5],[1294.0,1399.5],[1300.0,1399.5],[1305.5,1399.0],[1310.0,1398.5],[1315.0,1397.5],[1320.0,1396.5],[1325.0,1395.5],[1327.5,1399.0],[1327.5,1404.0],[1328.5,1409.0],[1329.5,1414.0],[1329.5,1420.0],[1329.5,1425.0],[1328.5,1430.0],[1328.5,1436.0],[1328.5,1442.0],[1328.5,1448.0],[1328.5,1453.0],[1328.5,1459.0],[1328.5,1465.0],[1330.5,1469.0],[1331.5,1473.0],[1332.5,1478.0],[1331.0,1482.5],[1329.5,1487.0],[1328.0,1491.5],[1326.5,1495.0],[1324.0,1498.5],[1321.5,1502.0],[1319.5,1506.0],[1317.5,1509.0],[1316.5,1514.0],[1314.5,1518.0],[1312.5,1522.0],[1310.0,1525.5],[1307.0,1527.5],[1303.0,1529.5],[1299.0,1531.5],[1294.0,1532.5],[1291.0,1534.5],[1285.0,1534.5],[1279.0,1534.5],[1274.0,1533.5],[1269.0,1532.5],[1265.0,1531.5],[1260.0,1530.5],[1254.0,1530.5],[1248.5,1530.0],[1243.5,1530.0],[1240.0,1529.5],[1234.0,1529.5],[1228.0,1529.5],[1222.0,1529.5],[1219.0,1529.5],[1213.0,1529.5],[1208.0,1530.5],[1203.0,1531.5],[1199.0,1533.5],[1196.0,1535.5],[1191.0,1536.5],[1186.5,1538.0],[1182.0,1537.5],[1177.0,1537.5],[1172.0,1538.5],[1168.0,1540.5]]",243046.90430164337,431211.6531639099,69.14968681335449,,,,,0.6630097153,56061,NOF_R_0150,NOF_우안(청주측)_접속부(콘크리트_중력식),NOF_R_0150,c846d14a-60c2-5115-91e0-42fe38be2290,0.9958698674011761,../../Data/DJI_20250702160658_0900_V.JPG,../Overlay/DLM/P000282.png,mapped,local_surface_estimate
DJI_20250702160658_0900_V.JPG,P000283,DLM,박리,"[[574.0,1580.5],[573.0,1580.5],[572.5,1580.0],[572.0,1579.5],[571.5,1579.0],[571.5,1578.0],[571.0,1577.5],[570.5,1577.0],[570.0,1576.5],[569.5,1576.0],[569.0,1575.5],[568.0,1575.5],[567.5,1574.0],[567.5,1573.0],[567.5,1572.0],[567.5,1571.0],[568.0,1570.5],[568.5,1570.0],[569.0,1569.5],[570.0,1569.5],[570.5,1569.0],[570.5,1568.0],[570.5,1567.0],[570.5,1566.0],[570.5,1565.0],[570.5,1564.0],[570.5,1563.0],[570.5,1562.0],[571.0,1561.5],[571.5,1561.0],[571.5,1560.0],[571.5,1559.0],[572.0,1558.5],[572.5,1558.0],[572.5,1557.0],[572.0,1555.5],[571.5,1555.0],[571.5,1554.0],[571.5,1553.0],[571.5,1552.0],[571.0,1551.5],[570.5,1551.0],[571.0,1550.5],[571.5,1550.0],[571.5,1549.0],[571.5,1548.0],[572.0,1547.5],[572.5,1547.0],[573.0,1546.5],[573.5,1546.0],[573.5,1545.0],[574.0,1544.5],[574.5,1544.0],[575.0,1543.5],[576.0,1543.5],[576.5,1543.0],[576.0,1542.5],[575.5,1542.0],[575.5,1540.0],[575.0,1539.5],[574.5,1539.0],[574.5,1538.0],[574.0,1537.5],[573.5,1537.0],[573.0,1536.5],[572.5,1536.0],[572.0,1535.5],[571.5,1535.0],[571.0,1534.5],[570.5,1534.0],[570.0,1533.5],[569.0,1533.5],[568.5,1533.0],[569.0,1532.5],[569.5,1532.0],[570.0,1531.5],[570.5,1531.0],[570.0,1530.5],[569.5,1530.0],[569.0,1529.5],[568.5,1529.0],[568.0,1528.5],[567.0,1527.5],[566.0,1527.5],[565.0,1527.5],[564.0,1527.5],[563.5,1528.0],[564.0,1528.5],[564.5,1529.0],[565.0,1529.5],[565.5,1530.0],[565.0,1530.5],[564.0,1530.5],[563.0,1530.5],[562.0,1530.5],[561.0,1530.5],[560.0,1530.5],[559.5,1530.0],[559.0,1529.5],[558.0,1529.5],[557.0,1529.5],[556.0,1529.5],[555.5,1530.0],[556.0,1530.5],[557.0,1530.5],[558.0,1531.5],[559.0,1531.5],[560.0,1531.5],[561.0,1531.5],[561.5,1532.0],[561.5,1533.0],[561.0,1533.5],[560.0,1533.5],[559.0,1533.5],[558.0,1533.5],[557.0,1533.5],[556.5,1533.0],[556.0,1532.5],[555.0,1532.5],[554.0,1532.5],[553.0,1532.5],[552.0,1532.5],[551.0,1532.5],[550.5,1533.0],[550.0,1533.5],[549.0,1533.5],[548.0,1533.5],[547.0,1533.5],[547.0,1532.5],[547.5,1532.0],[548.0,1531.5],[548.5,1531.0],[549.0,1530.5],[549.5,1530.0],[550.0,1529.5],[551.0,1529.5],[552.0,1529.5],[552.5,1529.0],[553.0,1528.5],[554.0,1528.5],[554.5,1528.0],[555.0,1527.5],[556.0,1527.5],[557.0,1527.5],[558.0,1527.5],[558.5,1528.0],[559.0,1528.5],[560.0,1528.5],[561.0,1528.5],[561.5,1528.0],[561.5,1527.0],[563.0,1526.5],[564.0,1526.5],[565.0,1526.5],[566.0,1526.5],[567.0,1526.5],[568.0,1526.5],[569.0,1526.5],[570.0,1526.5],[570.5,1527.0],[570.5,1528.0],[571.0,1528.5],[571.5,1528.0],[571.5,1527.0],[572.0,1526.5],[572.5,1526.0],[573.0,1525.5],[574.0,1525.5],[575.0,1525.5],[575.5,1526.0],[576.0,1526.5],[577.0,1526.5],[578.0,1526.5],[578.5,1527.0],[580.0,1527.5],[580.5,1528.0],[581.0,1528.5],[581.5,1529.0],[581.5,1530.0],[581.0,1530.5],[580.5,1531.0],[580.0,1531.5],[579.0,1531.5],[578.5,1532.0],[578.5,1533.0],[579.0,1533.5],[579.5,1534.0],[579.5,1535.0],[579.0,1535.5],[578.5,1536.0],[578.5,1537.0],[578.5,1538.0],[578.5,1539.0],[578.5,1540.0],[578.5,1541.0],[579.0,1541.5],[579.5,1542.0],[579.5,1543.0],[579.5,1545.0],[579.0,1545.5],[578.0,1545.5],[577.0,1545.5],[576.0,1545.5],[575.5,1546.0],[575.5,1547.0],[576.0,1547.5],[576.5,1547.0],[577.0,1546.5],[578.0,1546.5],[578.5,1547.0],[578.5,1548.0],[578.0,1548.5],[577.5,1549.0],[577.5,1550.0],[577.5,1551.0],[577.5,1552.0],[577.0,1552.5],[576.5,1553.0],[576.0,1553.5],[575.5,1554.0],[575.5,1555.0],[577.0,1555.5],[578.0,1555.5],[579.0,1555.5],[579.5,1556.0],[579.5,1557.0],[579.0,1557.5],[578.5,1558.0],[578.5,1559.0],[578.5,1560.0],[578.5,1561.0],[578.5,1562.0],[578.5,1563.0],[578.0,1563.5],[577.5,1564.0],[577.5,1565.0],[578.0,1565.5],[578.5,1566.0],[578.5,1567.0],[578.5,1568.0],[578.5,1569.0],[578.5,1570.0],[578.5,1571.0],[578.5,1572.0],[578.0,1573.5],[577.5,1574.0],[577.5,1575.0],[577.5,1576.0],[577.5,1577.0],[577.0,1577.5],[576.5,1578.0],[576.0,1578.5],[575.5,1579.0],[575.0,1579.5],[574.5,1580.0],[574.0,1580.5]]",243046.22206401825,431213.20597457886,68.9390926361084,,,,,0.0051591995,451,NOF_R_0150,NOF_우안(청주측)_접속부(콘크리트_중력식),NOF_R_0150,c846d14a-60c2-5115-91e0-42fe38be2290,0.7894685173246125,../../Data/DJI_20250702160658_0900_V.JPG,../Overlay/DLM/P000283.png,mapped,local_surface_estimate
DJI_20250702160658_0900_V.JPG,P000284,DLM,박리,"[[565.0,1535.5],[564.0,1535.5],[563.5,1535.0],[563.5,1534.0],[564.0,1533.5],[565.0,1533.5],[565.5,1534.0],[565.5,1535.0],[565.0,1535.5]]",243046.24442386627,431213.24744033813,68.98456478118896,,,,,4.59121e-05,4,NOF_R_0150,NOF_우안(청주측)_접속부(콘크리트_중력식),NOF_R_0150,c846d14a-60c2-5115-91e0-42fe38be2290,0.7304286658763885,../../Data/DJI_20250702160658_0900_V.JPG,../Overlay/DLM/P000284.png,mapped,local_surface_estimate
DJI_20250702160658_0900_V.JPG,P000285,DLM,박리,"[[568.0,1537.5],[567.0,1537.5],[566.0,1537.5],[565.5,1537.0],[566.0,1536.5],[567.0,1536.5],[568.0,1536.5],[568.5,1537.0],[568.0,1537.5]]",243046.2417230606,431213.23502731323,68.97598171234131,,,,,3.44222e-05,3,NOF_R_0150,NOF_우안(청주측)_접속부(콘크리트_중력식),NOF_R_0150,c846d14a-60c2-5115-91e0-42fe38be2290,0.707903265953064,../../Data/DJI_20250702160658_0900_V.JPG,../Overlay/DLM/P000285.png,mapped,local_surface_estimate
DJI_20250702160658_0900_V.JPG,P000286,DLM,박리,"[[574.0,1542.5],[573.0,1542.5],[572.5,1542.0],[572.0,1541.5],[571.5,1541.0],[571.5,1540.0],[572.0,1539.5],[572.5,1540.0],[573.0,1540.5],[573.5,1541.0],[574.0,1541.5],[574.5,1542.0],[574.0,1542.5]]",243046.24012088776,431213.2123146057,68.96447658538818,,,,,5.73206e-05,5,NOF_R_0150,NOF_우안(청주측)_접속부(콘크리트_중력식),NOF_R_0150,c846d14a-60c2-5115-91e0-42fe38be2290,0.719249141216278,../../Data/DJI_20250702160658_0900_V.JPG,../Overlay/DLM/P000286.png,mapped,local_surface_estimate
DJI_20250702160658_0900_V.JPG,P000287,DLM,박리,"[[570.0,1556.5],[569.5,1556.0],[570.0,1555.5],[570.5,1556.0],[570.0,1556.5]]",243046.20871162415,431213.20586776733,68.92223358154297,,,,,1.14275e-05,1,NOF_R_0150,NOF_우안(청주측)_접속부(콘크리트_중력식),NOF_R_0150,c846d14a-60c2-5115-91e0-42fe38be2290,0.6901882290840149,../../Data/DJI_20250702160658_0900_V.JPG,../Overlay/DLM/P000287.png,mapped,local_surface_estimate
DJI_20250702164518_0050_V.JPG,P000345,DLM,박리,"[[3071.0,908.5],[3060.5,906.0],[3059.0,900.5],[3052.0,893.5],[3040.0,890.5],[3027.0,890.5],[3014.0,889.5],[3002.0,886.5],[2990.0,883.5],[2976.0,881.5],[2962.5,883.0],[2949.5,885.0],[2937.0,887.5],[2922.5,889.0],[2910.0,889.5],[2896.0,888.5],[2880.0,888.5],[2866.0,889.5],[2853.0,891.5],[2838.0,891.5],[2824.0,893.5],[2810.0,892.5],[2795.5,893.0],[2781.5,894.0],[2769.0,891.5],[2759.0,886.5],[2747.0,883.5],[2731.5,883.0],[2719.0,882.5],[2707.0,881.5],[2695.0,879.5],[2683.0,878.5],[2670.0,876.5],[2657.5,874.0],[2645.0,870.5],[2632.5,869.0],[2623.0,874.5],[2609.0,876.5],[2595.0,875.5],[2580.0,875.5],[2567.0,875.5],[2553.0,875.5],[2538.5,876.0],[2526.0,876.5],[2514.0,872.5],[2502.5,869.0],[2492.0,868.5],[2480.0,869.5],[2464.0,869.5],[2452.0,872.5],[2437.0,872.5],[2424.0,871.5],[2413.0,867.5],[2398.0,867.5],[2386.0,864.5],[2374.5,861.0],[2363.5,865.0],[2352.0,868.5],[2340.0,872.5],[2327.0,874.5],[2315.0,877.5],[2302.0,879.5],[2289.0,882.5],[2275.0,881.5],[2261.5,880.0],[2247.0,878.5],[2235.0,875.5],[2223.0,874.5],[2212.5,870.0],[2200.0,866.5],[2187.0,866.5],[2176.0,870.5],[2166.0,876.5],[2155.0,880.5],[2143.0,883.5],[2130.0,885.5],[2115.0,884.5],[2102.0,882.5],[2089.0,880.5],[2075.0,882.5],[2063.0,885.5],[2052.5,883.0],[2043.0,877.5],[2036.5,870.0],[2038.5,861.0],[2046.5,854.0],[2047.5,841.0],[2046.5,829.0],[2050.5,818.0],[2058.5,811.0],[2049.5,804.0],[2050.0,795.5],[2062.0,792.5],[2073.0,789.5],[2084.0,785.5],[2099.0,785.5],[2111.0,788.5],[2124.0,789.5],[2136.0,788.5],[2150.0,787.5],[2163.0,788.5],[2177.0,787.5],[2181.0,782.5],[2194.0,780.5],[2208.0,780.5],[2221.0,782.5],[2234.0,784.5],[2248.5,786.0],[2263.0,786.5],[2278.0,786.5],[2293.0,786.5],[2307.0,784.5],[2322.0,784.5],[2335.0,782.5],[2349.0,780.5],[2362.0,778.5],[2374.0,779.5],[2387.0,779.5],[2401.0,779.5],[2415.5,780.0],[2429.0,781.5],[2445.0,781.5],[2457.0,784.5],[2466.5,790.0],[2480.0,791.5],[2492.5,788.0],[2503.0,783.5],[2516.0,783.5],[2531.0,782.5],[2545.0,783.5],[2560.0,783.5],[2575.0,784.5],[2590.0,784.5],[2603.0,786.5],[2617.0,787.5],[2631.0,789.5],[2644.0,789.5],[2658.0,788.5],[2672.0,788.5],[2683.5,792.0],[2697.0,793.5],[2710.0,795.5],[2721.5,800.0],[2730.5,806.0],[2742.5,809.0],[2754.5,806.0],[2766.0,804.5],[2780.0,805.5],[2793.0,805.5],[2807.5,804.0],[2821.0,804.5],[2835.0,805.5],[2850.0,806.5],[2865.0,806.5],[2877.0,807.5],[2889.0,804.5],[2903.0,802.5],[2917.0,801.5],[2929.5,799.0],[2943.0,796.5],[2956.5,795.0],[2969.0,794.5],[2983.0,793.5],[2996.0,790.5],[3007.5,787.0],[3018.0,782.5],[3031.0,779.5],[3045.0,780.5],[3056.0,776.5],[3065.5,771.0],[3076.0,765.5],[3084.0,764.5],[3098.0,765.5],[3112.0,767.5],[3124.5,770.0],[3136.0,773.5],[3149.0,775.5],[3164.0,776.5],[3178.0,775.5],[3191.0,773.5],[3206.0,774.5],[3221.0,774.5],[3235.0,775.5],[3249.0,776.5],[3265.0,776.5],[3278.0,776.5],[3292.0,777.5],[3307.0,778.5],[3322.0,778.5],[3336.0,777.5],[3350.0,778.5],[3365.0,779.5],[3379.0,780.5],[3392.0,782.5],[3408.0,782.5],[3423.0,782.5],[3437.0,781.5],[3448.0,777.5],[3460.5,775.0],[3474.5,776.0],[3487.0,778.5],[3501.0,778.5],[3515.0,779.5],[3529.0,780.5],[3539.5,783.0],[3554.0,784.5],[3568.0,785.5],[3578.5,790.0],[3580.5,796.0],[3581.0,804.5],[3584.5,816.0],[3584.0,826.5],[3582.5,839.0],[3584.0,850.5],[3584.5,861.0],[3584.5,873.0],[3585.0,885.5],[3582.0,896.5],[3569.0,898.5],[3555.0,898.5],[3541.0,897.5],[3529.0,898.5],[3516.0,899.5],[3502.0,900.5],[3489.5,901.0],[3476.0,900.5],[3462.0,902.5],[3448.5,901.0],[3436.0,900.5],[3422.0,898.5],[3408.5,898.0],[3395.0,899.5],[3381.0,900.5],[3366.0,899.5],[3352.0,900.5],[3337.0,900.5],[3323.0,900.5],[3308.0,900.5],[3294.0,899.5],[3282.0,898.5],[3268.0,898.5],[3255.0,898.5],[3244.0,898.5],[3228.0,898.5],[3215.0,896.5],[3202.0,896.5],[3188.0,895.5],[3173.0,894.5],[3160.0,894.5],[3146.0,895.5],[3130.0,895.5],[3115.0,895.5],[3104.5,898.0],[3096.5,905.0],[3083.0,905.5],[3071.0,908.5]]",243065.34068012238,431199.6300010681,87.17242622375488,,,,,0.4284942726,154735,NOF_R_0080,NOF_우안(청주측)_접속부(콘크리트_중력식),NOF_R_0080,17e9d07a-8095-58d4-8e2b-293e769bd081,0.9909266072513406,../../Data/DJI_20250702164518_0050_V.JPG,../Overlay/DLM/P000345.png,mapped,local_surface_estimate
DJI_20250702164518_0050_V.JPG,P000346,DLM,박리,"[[2175.0,785.5],[2174.5,785.0],[2174.0,784.5],[2173.0,784.5],[2172.0,784.5],[2171.0,784.5],[2170.5,784.0],[2171.0,783.5],[2172.0,783.5],[2173.0,783.5],[2174.0,783.5],[2175.0,783.5],[2175.5,784.0],[2175.5,785.0],[2175.0,785.5]]",243065.11656951904,431200.52255630493,87.26784896850586,,,,,1.74978e-05,6,NOF_R_0080,NOF_우안(청주측)_접속부(콘크리트_중력식),NOF_R_0080,17e9d07a-8095-58d4-8e2b-293e769bd081,0.7015787065029144,../../Data/DJI_20250702164518_0050_V.JPG,../Overlay/DLM/P000346.png,mapped,local_surface_estimate
DJI_20250702164518_0050_V.JPG,P000347,DLM,박리,"[[1934.0,828.5],[1933.0,828.5],[1932.5,828.0],[1932.0,827.5],[1931.5,828.0],[1931.0,828.5],[1930.5,828.0],[1931.0,827.5],[1931.5,827.0],[1931.5,826.0],[1931.5,825.0],[1931.5,824.0],[1931.5,823.0],[1931.5,822.0],[1932.0,821.5],[1932.5,821.0],[1932.5,820.0],[1933.0,819.5],[1934.0,819.5],[1934.5,820.0],[1934.5,821.0],[1934.5,822.0],[1934.5,823.0],[1934.5,824.0],[1934.5,825.0],[1934.5,826.0],[1934.5,827.0],[1934.5,828.0],[1934.0,828.5]]",243064.9696750641,431200.7982826233,87.20050621032715,,,,,7.08985e-05,25,NOF_R_0080,NOF_우안(청주측)_접속부(콘크리트_중력식),NOF_R_0080,17e9d07a-8095-58d4-8e2b-293e769bd081,0.7909173774719238,../../Data/DJI_20250702164518_0050_V.JPG,../Overlay/DLM/P000347.png,mapped,local_surface_estimate
DJI_20250702164518_0050_V.JPG,P000348,DLM,박리,"[[2155.0,2134.5],[2154.5,2134.0],[2154.0,2133.5],[2153.0,2133.5],[2152.5,2133.0],[2152.0,2132.5],[2151.5,2132.0],[2151.0,2131.5],[2150.5,2131.0],[2150.0,2130.5],[2149.0,2130.5],[2148.5,2130.0],[2148.0,2129.5],[2147.5,2129.0],[2148.0,2128.5],[2149.0,2128.5],[2150.0,2128.5],[2150.5,2129.0],[2151.0,2129.5],[2152.0,2129.5],[2153.0,2129.5],[2153.5,2130.0],[2154.0,2130.5],[2154.5,2131.0],[2155.0,2131.5],[2155.5,2132.0],[2156.0,2132.5],[2156.5,2133.0],[2156.0,2133.5],[2155.5,2134.0],[2155.0,2134.5]]",243063.9234700203,431199.9465370178,85.53851890563965,,,,,2.4126e-05,21,NOF_R_0080,NOF_우안(청주측)_접속부(콘크리트_중력식),NOF_R_0080,17e9d07a-8095-58d4-8e2b-293e769bd081,0.8744661836397081,../../Data/DJI_20250702164518_0050_V.JPG,../Overlay/DLM/P000348.png,mapped,local_surface_estimate
DJI_20250702164518_0050_V.JPG,P000349,DLM,박리,"[[2160.0,2135.5],[2159.0,2135.5],[2158.5,2135.0],[2158.5,2134.0],[2159.0,2133.5],[2160.0,2133.5],[2160.5,2134.0],[2160.5,2135.0],[2160.0,2135.5]]",243063.92371368408,431199.93910598755,85.53570175170898,,,,,4.5919e-06,4,NOF_R_0080,NOF_우안(청주측)_접속부(콘크리트_중력식),NOF_R_0080,17e9d07a-8095-58d4-8e2b-293e769bd081,0.7458978146314621,../../Data/DJI_20250702164518_0050_V.JPG,../Overlay/DLM/P000349.png,mapped,local_surface_estimate
DJI_20250702164518_0050_V.JPG,P000350,DLM,박리,"[[2162.0,2142.5],[2161.0,2142.5],[2160.0,2142.5],[2159.0,2142.5],[2158.0,2142.5],[2157.0,2142.5],[2156.0,2142.5],[2155.0,2142.5],[2154.0,2142.5],[2153.0,2142.5],[2152.5,2142.0],[2152.5,2141.0],[2153.0,2140.5],[2154.0,2140.5],[2155.0,2140.5],[2155.5,2141.0],[2156.0,2141.5],[2156.5,2141.0],[2157.0,2140.5],[2158.0,2140.5],[2158.5,2140.0],[2159.0,2139.5],[2160.0,2139.5],[2160.5,2139.0],[2161.0,2138.5],[2162.0,2138.5],[2163.0,2138.5],[2163.5,2138.0],[2164.0,2137.5],[2165.0,2137.5],[2165.5,2137.0],[2166.0,2136.5],[2167.0,2136.5],[2167.5,2137.0],[2167.0,2137.5],[2166.0,2137.5],[2165.5,2138.0],[2165.5,2139.0],[2165.5,2140.0],[2165.0,2140.5],[2164.5,2141.0],[2164.0,2141.5],[2163.0,2141.5],[2162.5,2142.0],[2162.0,2142.5]]",243063.92016363144,431199.9362297058,85.53006935119629,,,,,4.23209e-05,37,NOF_R_0080,NOF_우안(청주측)_접속부(콘크리트_중력식),NOF_R_0080,17e9d07a-8095-58d4-8e2b-293e769bd081,0.8513473240104882,../../Data/DJI_20250702164518_0050_V.JPG,../Overlay/DLM/P000350.png,mapped,local_surface_estimate
DJI_20250702164518_0050_V.JPG,P000351,DLM,박리,"[[2172.0,2138.5],[2171.5,2138.0],[2172.0,2137.5],[2172.5,2138.0],[2172.0,2138.5]]",243063.92517471313,431199.92583847046,85.53195381164551,,,,,1.1437e-06,1,NOF_R_0080,NOF_우안(청주측)_접속부(콘크리트_중력식),NOF_R_0080,17e9d07a-8095-58d4-8e2b-293e769bd081,0.7039057612419128,../../Data/DJI_20250702164518_0050_V.JPG,../Overlay/DLM/P000351.png,mapped,local_surface_estimate
DJI_20250702165251_0480_V.JPG,P000369,DLM,박리,"[[3213.0,1665.5],[3212.0,1665.5],[3211.0,1665.5],[3210.0,1665.5],[3209.0,1665.5],[3208.0,1665.5],[3207.0,1665.5],[3206.0,1665.5],[3205.0,1665.5],[3204.0,1665.5],[3203.5,1665.0],[3203.0,1664.5],[3202.0,1664.5],[3201.0,1664.5],[3200.5,1664.0],[3200.0,1663.5],[3199.0,1663.5],[3198.5,1663.0],[3198.0,1662.5],[3197.5,1662.0],[3197.0,1661.5],[3196.0,1661.5],[3195.5,1661.0],[3195.0,1660.5],[3194.5,1660.0],[3194.5,1659.0],[3194.0,1658.5],[3193.5,1658.0],[3193.5,1657.0],[3193.5,1656.0],[3193.0,1655.5],[3192.5,1655.0],[3192.5,1654.0],[3192.5,1653.0],[3192.5,1652.0],[3192.5,1651.0],[3192.5,1650.0],[3192.0,1649.5],[3191.5,1649.0],[3191.5,1648.0],[3191.5,1647.0],[3191.5,1646.0],[3191.5,1645.0],[3191.5,1644.0],[3192.0,1643.5],[3192.5,1643.0],[3192.5,1642.0],[3192.5,1641.0],[3192.5,1640.0],[3192.5,1639.0],[3192.5,1638.0],[3192.5,1637.0],[3192.5,1636.0],[3192.5,1635.0],[3192.5,1634.0],[3192.5,1633.0],[3192.5,1632.0],[3192.5,1631.0],[3192.5,1630.0],[3192.5,1629.0],[3192.5,1628.0],[3192.5,1627.0],[3192.5,1626.0],[3192.5,1625.0],[3193.0,1624.5],[3193.5,1624.0],[3193.5,1623.0],[3193.5,1622.0],[3193.5,1621.0],[3193.5,1620.0],[3193.5,1619.0],[3193.5,1618.0],[3193.0,1617.5],[3192.5,1617.0],[3192.5,1616.0],[3192.5,1615.0],[3192.5,1614.0],[3192.5,1613.0],[3192.5,1612.0],[3192.5,1611.0],[3192.5,1610.0],[3192.5,1609.0],[3192.5,1608.0],[3192.5,1607.0],[3192.5,1606.0],[3192.5,1605.0],[3193.0,1604.5],[3193.5,1604.0],[3193.5,1603.0],[3193.5,1602.0],[3193.5,1601.0],[3193.5,1600.0],[3193.5,1599.0],[3194.0,1598.5],[3194.5,1598.0],[3194.5,1597.0],[3194.5,1596.0],[3195.0,1595.5],[3195.5,1595.0],[3195.5,1594.0],[3196.0,1593.5],[3197.0,1593.5],[3198.0,1593.5],[3199.0,1593.5],[3199.5,1593.0],[3200.0,1592.5],[3201.0,1592.5],[3202.0,1592.5],[3203.0,1592.5],[3204.0,1592.5],[3205.0,1592.5],[3206.0,1592.5],[3207.0,1592.5],[3208.0,1592.5],[3209.0,1592.5],[3210.0,1592.5],[3211.0,1592.5],[3212.0,1592.5],[3213.0,1592.5],[3214.0,1592.5],[3215.0,1592.5],[3216.0,1592.5],[3216.5,1593.0],[3217.0,1593.5],[3217.5,1594.0],[3218.0,1594.5],[3218.5,1595.0],[3218.5,1596.0],[3218.5,1597.0],[3219.0,1597.5],[3219.5,1598.0],[3219.0,1598.5],[3218.5,1599.0],[3218.5,1600.0],[3218.5,1601.0],[3218.5,1602.0],[3218.5,1603.0],[3218.5,1604.0],[3218.5,1605.0],[3218.5,1606.0],[3218.5,1607.0],[3218.5,1608.0],[3218.5,1609.0],[3218.5,1610.0],[3218.5,1611.0],[3218.5,1612.0],[3218.5,1613.0],[3218.5,1614.0],[3218.5,1615.0],[3218.5,1616.0],[3218.5,1617.0],[3219.0,1617.5],[3219.5,1618.0],[3219.5,1619.0],[3219.0,1619.5],[3218.5,1620.0],[3219.0,1620.5],[3219.5,1621.0],[3219.5,1622.0],[3219.5,1623.0],[3219.5,1624.0],[3219.5,1625.0],[3219.0,1625.5],[3218.5,1626.0],[3219.0,1626.5],[3219.5,1627.0],[3219.5,1628.0],[3219.5,1629.0],[3219.5,1630.0],[3219.5,1631.0],[3219.5,1632.0],[3219.5,1633.0],[3219.5,1634.0],[3219.5,1635.0],[3219.0,1635.5],[3218.5,1636.0],[3218.5,1637.0],[3218.5,1638.0],[3218.5,1639.0],[3219.0,1639.5],[3219.5,1640.0],[3219.5,1641.0],[3219.5,1642.0],[3219.5,1643.0],[3219.5,1644.0],[3219.5,1645.0],[3219.5,1646.0],[3219.5,1647.0],[3219.5,1648.0],[3219.5,1649.0],[3219.5,1650.0],[3219.5,1651.0],[3219.5,1652.0],[3219.5,1653.0],[3219.5,1654.0],[3219.5,1655.0],[3219.5,1656.0],[3219.5,1657.0],[3219.5,1658.0],[3219.5,1659.0],[3219.5,1660.0],[3219.0,1660.5],[3218.5,1661.0],[3218.0,1661.5],[3217.5,1662.0],[3217.0,1662.5],[3216.5,1663.0],[3216.0,1663.5],[3215.5,1664.0],[3215.0,1664.5],[3214.0,1664.5],[3213.5,1665.0],[3213.0,1665.5]]",243071.532828331,431201.464427948,95.66251373291016,,,,,0.0226199199,1856,NOF_R_0040,NOF_우안(청주측)_접속부(콘크리트_중력식),NOF_R_0040,84293bc2-53b9-5d58-9de1-01ebc856de06,0.9930156560550476,../../Data/DJI_20250702165251_0480_V.JPG,../Overlay/DLM/P000369.png,mapped,local_surface_estimate
DJI_20260826093331_0020_V.JPG,P000386,DLM,박리,"[[3070.0,1538.5],[3069.5,1538.0],[3069.0,1537.5],[3068.5,1537.0],[3068.5,1536.0],[3068.5,1535.0],[3069.0,1534.5],[3069.5,1534.0],[3070.0,1533.5],[3071.0,1533.5],[3071.5,1534.0],[3072.0,1534.5],[3072.5,1535.0],[3072.5,1536.0],[3072.0,1536.5],[3071.5,1537.0],[3071.0,1537.5],[3070.5,1538.0],[3070.0,1538.5]]",243112.12231826782,431090.9284667969,106.74663543701172,,,,,3.8012e-06,14,좌안_사력댐_제체,NOF_좌안(대전측)_콘크리트부,,,0.9366933788572039,../../Data/DJI_20260826093331_0020_V.JPG,../Overlay/DLM/P000386.png,mapped,local_surface_estimate
DJI_20260826093331_0020_V.JPG,P000387,DLM,박리,"[[3114.0,2564.5],[3112.0,2564.5],[3109.0,2564.5],[3108.0,2563.5],[3106.0,2563.5],[3104.0,2563.5],[3101.5,2563.0],[3100.0,2562.5],[3098.0,2562.5],[3096.0,2562.5],[3094.0,2561.5],[3092.0,2561.5],[3090.0,2561.5],[3088.0,2560.5],[3086.0,2560.5],[3085.0,2559.5],[3083.0,2559.5],[3081.0,2558.5],[3079.0,2558.5],[3078.0,2557.5],[3076.5,2557.0],[3074.5,2556.0],[3073.5,2555.0],[3072.5,2554.0],[3071.0,2552.5],[3070.0,2551.5],[3069.0,2550.5],[3068.0,2549.5],[3066.5,2548.0],[3065.0,2547.5],[3064.0,2546.5],[3062.0,2545.5],[3060.5,2545.0],[3059.0,2544.5],[3057.5,2544.0],[3055.0,2543.5],[3054.0,2542.5],[3052.0,2542.5],[3050.5,2542.0],[3048.0,2541.5],[3047.0,2540.5],[3045.5,2540.0],[3043.0,2539.5],[3042.0,2538.5],[3041.0,2537.5],[3040.0,2536.5],[3039.0,2534.5],[3038.0,2533.5],[3037.5,2532.0],[3036.5,2531.0],[3035.0,2529.5],[3034.5,2528.0],[3033.0,2527.5],[3031.5,2526.0],[3030.5,2525.0],[3029.5,2524.0],[3028.0,2523.5],[3026.0,2522.5],[3025.0,2521.5],[3023.5,2521.0],[3022.0,2520.5],[3020.0,2519.5],[3018.5,2519.0],[3017.0,2518.5],[3015.0,2517.5],[3013.5,2517.0],[3012.5,2516.0],[3011.0,2515.5],[3009.5,2514.0],[3008.5,2513.0],[3008.5,2511.0],[3007.5,2510.0],[3007.0,2507.5],[3006.5,2506.0],[3006.5,2504.0],[3005.5,2502.0],[3005.5,2500.0],[3005.5,2498.0],[3004.5,2497.0],[3004.5,2494.0],[3004.5,2492.0],[3004.0,2490.5],[3003.5,2488.0],[3003.0,2486.5],[3002.5,2485.0],[3002.0,2483.5],[3001.0,2481.5],[3000.5,2480.0],[3000.0,2478.5],[2999.5,2477.0],[2999.0,2474.5],[2998.5,2473.0],[2998.0,2471.5],[2997.5,2469.0],[2996.5,2468.0],[2996.5,2466.0],[2996.5,2464.0],[2996.0,2461.5],[2995.5,2460.0],[2995.0,2458.5],[2995.0,2457.5],[2997.0,2456.5],[2999.0,2456.5],[3000.0,2457.5],[3003.0,2457.5],[3004.0,2458.5],[3005.5,2459.0],[3006.5,2460.0],[3008.5,2461.0],[3010.0,2461.5],[3011.0,2462.5],[3012.5,2463.0],[3015.0,2463.5],[3016.5,2464.0],[3018.0,2464.5],[3021.0,2464.5],[3023.0,2464.5],[3025.0,2464.5],[3027.0,2464.5],[3029.0,2465.5],[3031.0,2465.5],[3033.0,2465.5],[3035.0,2465.5],[3038.0,2465.5],[3040.0,2465.5],[3042.0,2465.5],[3044.0,2466.5],[3045.5,2467.0],[3047.0,2467.5],[3049.0,2467.5],[3051.0,2468.5],[3052.0,2469.5],[3053.5,2470.0],[3055.5,2471.0],[3057.0,2471.5],[3058.0,2472.5],[3060.0,2472.5],[3062.0,2473.5],[3063.0,2474.5],[3064.5,2475.0],[3066.0,2475.5],[3068.5,2476.0],[3070.0,2476.5],[3072.0,2476.5],[3074.0,2477.5],[3076.0,2477.5],[3078.0,2477.5],[3080.0,2477.5],[3082.0,2478.5],[3084.0,2478.5],[3086.0,2478.5],[3088.0,2478.5],[3091.0,2478.5],[3093.0,2478.5],[3095.0,2478.5],[3097.5,2478.0],[3099.0,2477.5],[3101.0,2477.5],[3103.0,2477.5],[3105.0,2476.5],[3107.0,2476.5],[3108.0,2475.5],[3109.5,2475.0],[3111.5,2474.0],[3113.0,2473.5],[3114.5,2473.0],[3116.5,2472.0],[3118.0,2471.5],[3119.0,2470.5],[3121.0,2470.5],[3123.0,2469.5],[3124.5,2469.0],[3126.0,2468.5],[3128.0,2468.5],[3131.0,2468.5],[3132.5,2468.0],[3134.0,2467.5],[3137.0,2467.5],[3138.5,2468.0],[3140.0,2468.5],[3142.0,2468.5],[3144.0,2469.5],[3146.0,2469.5],[3147.0,2470.5],[3149.0,2471.5],[3151.0,2471.5],[3152.0,2472.5],[3154.0,2472.5],[3156.0,2473.5],[3157.0,2474.5],[3158.0,2475.5],[3159.0,2476.5],[3160.0,2478.5],[3161.0,2479.5],[3161.5,2481.0],[3162.5,2483.0],[3162.5,2485.0],[3162.5,2487.0],[3162.5,2489.0],[3162.0,2491.5],[3161.5,2493.0],[3161.5,2495.0],[3161.0,2496.5],[3160.5,2499.0],[3160.0,2500.5],[3159.5,2502.0],[3159.5,2505.0],[3159.5,2507.0],[3160.5,2508.0],[3160.5,2510.0],[3161.5,2512.0],[3161.5,2514.0],[3161.5,2516.0],[3162.5,2517.0],[3162.5,2520.0],[3162.5,2522.0],[3162.5,2524.0],[3162.5,2527.0],[3162.5,2529.0],[3162.5,2531.0],[3162.5,2533.0],[3162.0,2535.5],[3161.5,2537.0],[3161.5,2539.0],[3160.5,2540.0],[3160.0,2542.5],[3159.0,2543.5],[3158.0,2544.5],[3157.0,2546.5],[3156.0,2547.5],[3155.0,2548.5],[3154.0,2549.5],[3152.5,2551.0],[3151.5,2552.0],[3150.5,2553.0],[3149.0,2554.5],[3148.0,2555.5],[3147.0,2556.5],[3145.5,2557.0],[3144.0,2558.5],[3142.5,2559.0],[3141.0,2559.5],[3139.0,2559.5],[3137.0,2560.5],[3136.0,2561.5],[3134.0,2561.5],[3132.0,2562.5],[3130.0,2562.5],[3128.0,2562.5],[3126.0,2562.5],[3124.0,2563.5],[3122.0,2563.5],[3120.0,2563.5],[3118.0,2563.5],[3115.0,2563.5],[3114.0,2564.5]]",243112.12535476685,431090.91955566406,106.24054336547852,,,,,0.0033114124,12186,좌안_사력댐_제체,NOF_좌안(대전측)_콘크리트부,,,0.996144578376858,../../Data/DJI_20260826093331_0020_V.JPG,../Overlay/DLM/P000387.png,mapped,local_surface_estimate
DJI_20260826093331_0020_V.JPG,P000388,DLM,박리,"[[101.0,2583.5],[100.0,2583.5],[98.0,2583.5],[97.0,2583.5],[95.0,2583.5],[94.0,2583.5],[93.0,2583.5],[91.0,2583.5],[90.0,2583.5],[88.0,2583.5],[87.0,2583.5],[86.0,2583.5],[84.0,2583.5],[83.0,2583.5],[82.0,2582.5],[81.0,2582.5],[80.0,2582.5],[78.0,2582.5],[77.0,2582.5],[75.0,2582.5],[74.0,2582.5],[73.0,2582.5],[71.0,2582.5],[70.0,2582.5],[68.0,2582.5],[67.0,2582.5],[65.0,2582.5],[64.0,2582.5],[63.0,2582.5],[61.5,2582.0],[61.0,2581.5],[59.0,2581.5],[58.0,2581.5],[57.0,2581.5],[55.0,2581.5],[54.0,2581.5],[52.0,2581.5],[51.0,2581.5],[50.0,2581.5],[48.0,2581.5],[47.0,2581.5],[46.0,2580.5],[45.0,2580.5],[44.0,2580.5],[42.0,2580.5],[41.0,2580.5],[39.0,2580.5],[38.5,2580.0],[38.0,2579.5],[36.0,2579.5],[35.0,2579.5],[33.5,2579.0],[33.0,2578.5],[32.0,2578.5],[30.5,2578.0],[30.0,2577.5],[28.0,2577.5],[27.5,2577.0],[27.0,2576.5],[25.5,2576.0],[25.0,2575.5],[23.0,2575.5],[22.0,2575.5],[21.5,2575.0],[20.0,2574.5],[19.0,2574.5],[18.0,2573.5],[17.0,2573.5],[16.5,2573.0],[15.0,2572.5],[14.5,2572.0],[13.0,2571.5],[12.5,2571.0],[12.0,2570.5],[10.5,2570.0],[10.0,2569.5],[9.0,2568.5],[8.0,2568.5],[7.0,2567.5],[6.0,2567.5],[5.5,2567.0],[4.5,2566.0],[4.5,2565.0],[3.5,2564.0],[4.0,2563.5],[4.5,2563.0],[4.5,2561.0],[5.0,2560.5],[6.0,2559.5],[7.0,2559.5],[7.5,2560.0],[9.0,2560.5],[9.5,2560.0],[11.0,2559.5],[12.0,2559.5],[12.5,2560.0],[14.0,2560.5],[15.0,2560.5],[17.0,2560.5],[18.0,2560.5],[19.0,2560.5],[21.0,2560.5],[22.0,2560.5],[24.0,2560.5],[25.0,2560.5],[26.0,2560.5],[28.0,2560.5],[29.0,2560.5],[30.0,2559.5],[31.0,2559.5],[32.0,2559.5],[34.0,2559.5],[35.0,2559.5],[36.0,2558.5],[37.0,2558.5],[38.0,2558.5],[40.0,2558.5],[41.0,2558.5],[43.0,2558.5],[44.0,2558.5],[45.0,2558.5],[47.0,2558.5],[48.0,2558.5],[50.0,2558.5],[51.0,2558.5],[52.0,2558.5],[54.0,2558.5],[55.0,2558.5],[56.0,2557.5],[57.0,2557.5],[58.5,2558.0],[59.0,2558.5],[60.0,2558.5],[62.0,2558.5],[63.0,2558.5],[65.0,2558.5],[66.0,2558.5],[67.0,2558.5],[69.0,2558.5],[69.5,2559.0],[71.0,2559.5],[72.0,2559.5],[73.0,2559.5],[75.0,2559.5],[76.0,2559.5],[78.0,2559.5],[79.0,2559.5],[80.0,2559.5],[81.0,2560.5],[82.0,2560.5],[84.0,2560.5],[85.0,2560.5],[85.5,2561.0],[87.0,2561.5],[88.0,2561.5],[89.5,2562.0],[90.0,2562.5],[91.0,2562.5],[93.0,2562.5],[94.0,2562.5],[95.5,2563.0],[96.0,2563.5],[97.0,2563.5],[99.0,2563.5],[100.0,2563.5],[102.0,2563.5],[103.0,2563.5],[104.0,2563.5],[106.0,2563.5],[107.0,2563.5],[109.0,2563.5],[109.5,2563.0],[110.0,2562.5],[112.0,2562.5],[113.0,2562.5],[114.5,2562.0],[115.0,2561.5],[116.0,2561.5],[118.0,2561.5],[119.0,2561.5],[120.5,2561.0],[121.0,2560.5],[123.0,2560.5],[124.0,2560.5],[125.0,2560.5],[126.5,2560.0],[127.0,2559.5],[129.0,2559.5],[130.0,2559.5],[131.0,2559.5],[133.0,2559.5],[134.0,2559.5],[135.0,2558.5],[136.0,2558.5],[137.0,2558.5],[139.0,2558.5],[140.0,2558.5],[142.0,2558.5],[143.0,2558.5],[144.0,2558.5],[145.0,2559.5],[146.0,2559.5],[147.0,2560.5],[148.0,2560.5],[148.5,2561.0],[149.5,2562.0],[149.0,2562.5],[148.5,2564.0],[148.5,2565.0],[148.0,2565.5],[146.5,2566.0],[146.0,2566.5],[144.5,2567.0],[144.0,2567.5],[143.0,2567.5],[141.5,2568.0],[141.0,2568.5],[139.5,2569.0],[139.0,2569.5],[138.0,2569.5],[136.5,2570.0],[136.0,2570.5],[134.5,2571.0],[134.0,2571.5],[133.0,2571.5],[132.0,2572.5],[131.0,2572.5],[130.0,2573.5],[129.0,2573.5],[128.5,2574.0],[127.0,2574.5],[126.5,2575.0],[125.0,2575.5],[124.5,2576.0],[123.5,2577.0],[123.0,2577.5],[122.0,2577.5],[121.0,2578.5],[120.5,2579.0],[119.0,2579.5],[118.5,2580.0],[118.0,2580.5],[116.0,2580.5],[115.5,2581.0],[114.0,2581.5],[113.0,2581.5],[112.5,2582.0],[111.0,2582.5],[110.0,2582.5],[108.0,2582.5],[107.0,2582.5],[106.0,2582.5],[104.0,2582.5],[103.0,2582.5],[101.5,2583.0],[101.0,2583.5]]",243111.63483428955,431092.35737991333,106.22047424316406,,,,,0.0006339162,2603,좌안_사력댐_제체,NOF_좌안(대전측)_콘크리트부,,,0.983251537651087,../../Data/DJI_20260826093331_0020_V.JPG,../Overlay/DLM/P000388.png,mapped,local_surface_estimate
DJI_20260826094118_0100_V.JPG,P000403,DLM,박리,"[[3041.0,404.5],[3040.0,404.5],[3038.0,404.5],[3037.0,404.5],[3035.0,404.5],[3034.0,404.5],[3032.0,404.5],[3031.0,404.5],[3029.0,404.5],[3028.0,404.5],[3026.0,404.5],[3025.0,404.5],[3023.0,404.5],[3022.0,404.5],[3020.5,404.0],[3020.0,403.5],[3019.0,403.5],[3017.0,403.5],[3016.0,403.5],[3014.0,403.5],[3013.0,403.5],[3012.0,402.5],[3011.0,402.5],[3009.0,402.5],[3008.5,402.0],[3007.5,401.0],[3007.0,400.5],[3006.5,399.0],[3006.5,398.0],[3006.5,396.0],[3006.5,395.0],[3007.0,394.5],[3007.5,393.0],[3007.5,392.0],[3007.5,390.0],[3007.5,389.0],[3007.5,387.0],[3007.5,386.0],[3007.5,384.0],[3007.5,383.0],[3008.5,382.0],[3008.5,381.0],[3008.5,379.0],[3008.5,378.0],[3008.5,376.0],[3008.5,375.0],[3008.5,374.0],[3008.5,372.0],[3008.5,371.0],[3008.5,369.0],[3008.5,368.0],[3008.5,366.0],[3009.0,365.5],[3009.5,364.0],[3009.5,363.0],[3009.5,361.0],[3009.5,360.0],[3009.5,358.0],[3009.5,357.0],[3009.5,355.0],[3009.5,354.0],[3009.5,353.0],[3010.0,351.5],[3010.5,351.0],[3010.5,349.0],[3010.5,348.0],[3010.5,346.0],[3010.5,345.0],[3010.5,343.0],[3010.5,342.0],[3010.5,340.0],[3010.5,339.0],[3010.5,337.0],[3010.5,336.0],[3010.5,334.0],[3010.5,333.0],[3010.5,332.0],[3010.5,330.0],[3011.0,329.5],[3012.0,328.5],[3012.5,328.0],[3013.5,327.0],[3014.0,326.5],[3015.0,327.5],[3015.5,328.0],[3016.5,329.0],[3016.5,330.0],[3017.5,331.0],[3017.5,332.0],[3018.5,333.0],[3019.0,333.5],[3019.5,334.0],[3019.5,336.0],[3019.5,337.0],[3020.0,338.5],[3020.5,339.0],[3021.0,340.5],[3021.5,341.0],[3022.0,342.5],[3022.5,343.0],[3023.5,344.0],[3024.0,344.5],[3025.0,345.5],[3026.0,345.5],[3028.0,345.5],[3029.0,345.5],[3030.0,345.5],[3031.0,344.5],[3032.0,344.5],[3033.0,343.5],[3034.0,343.5],[3035.0,342.5],[3035.5,342.0],[3036.0,340.5],[3037.0,340.5],[3037.5,339.0],[3038.0,338.5],[3039.0,337.5],[3039.5,337.0],[3040.0,335.5],[3040.5,335.0],[3041.0,334.5],[3041.5,333.0],[3042.0,332.5],[3043.0,331.5],[3043.5,331.0],[3044.5,330.0],[3045.0,329.5],[3046.0,328.5],[3046.5,328.0],[3047.5,327.0],[3048.0,326.5],[3049.0,325.5],[3049.5,325.0],[3050.5,324.0],[3051.0,323.5],[3051.5,323.0],[3052.5,322.0],[3053.0,321.5],[3054.0,320.5],[3055.0,320.5],[3056.0,319.5],[3056.5,319.0],[3057.0,317.5],[3057.5,317.0],[3059.0,316.5],[3059.5,316.0],[3060.5,315.0],[3061.0,314.5],[3062.0,313.5],[3063.0,313.5],[3064.0,313.5],[3065.0,312.5],[3066.0,312.5],[3068.0,312.5],[3069.0,312.5],[3070.5,313.0],[3071.0,313.5],[3072.0,314.5],[3072.5,315.0],[3073.0,316.5],[3073.5,317.0],[3074.0,318.5],[3074.5,319.0],[3073.5,320.0],[3073.5,321.0],[3073.5,322.0],[3072.5,323.0],[3072.0,323.5],[3071.5,325.0],[3071.5,326.0],[3071.5,328.0],[3071.5,329.0],[3071.5,331.0],[3071.5,332.0],[3071.5,334.0],[3071.5,335.0],[3071.5,337.0],[3071.0,337.5],[3070.0,338.5],[3069.5,339.0],[3069.5,340.0],[3068.5,341.0],[3068.5,342.0],[3067.5,343.0],[3067.5,344.0],[3067.5,346.0],[3067.0,346.5],[3066.5,348.0],[3066.5,349.0],[3065.5,350.0],[3065.5,351.0],[3065.5,353.0],[3065.5,354.0],[3065.5,356.0],[3065.5,357.0],[3065.5,358.0],[3065.5,360.0],[3066.0,360.5],[3066.5,362.0],[3066.5,363.0],[3067.5,364.0],[3067.5,365.0],[3067.5,367.0],[3067.5,368.0],[3068.5,369.0],[3068.5,370.0],[3068.5,372.0],[3068.5,373.0],[3068.5,375.0],[3069.0,375.5],[3069.5,376.0],[3069.5,378.0],[3069.5,379.0],[3069.5,381.0],[3069.5,382.0],[3070.5,383.0],[3070.5,384.0],[3070.5,386.0],[3071.0,386.5],[3071.5,388.0],[3071.5,389.0],[3071.5,391.0],[3071.5,392.0],[3071.0,393.5],[3070.5,394.0],[3070.5,395.0],[3071.5,396.0],[3071.5,397.0],[3072.5,398.0],[3072.0,398.5],[3071.5,400.0],[3071.0,400.5],[3069.5,401.0],[3069.0,401.5],[3068.0,402.5],[3067.0,402.5],[3065.0,402.5],[3064.0,402.5],[3063.0,403.5],[3062.0,403.5],[3061.0,403.5],[3059.0,403.5],[3058.0,403.5],[3056.0,403.5],[3055.0,403.5],[3053.0,403.5],[3052.0,403.5],[3050.0,403.5],[3049.0,403.5],[3047.0,403.5],[3046.0,403.5],[3044.0,403.5],[3043.0,403.5],[3041.5,404.0],[3041.0,404.5]]",243109.21059799194,431099.4633369446,107.17886734008789,,,,,0.0001574705,4479,좌안_사력댐_제체,NOF_좌안(대전측)_콘크리트부,,,0.9867082543739333,../../Data/DJI_20260826094118_0100_V.JPG,../Overlay/DLM/P000403.png,mapped,local_surface_estimate
DJI_20260826094118_0100_V.JPG,P000404,DLM,박리,"[[2895.0,402.5],[2894.0,402.5],[2893.0,402.5],[2891.0,402.5],[2890.0,402.5],[2889.0,402.5],[2888.5,402.0],[2888.0,401.5],[2886.0,401.5],[2885.5,401.0],[2885.0,400.5],[2884.0,400.5],[2883.5,400.0],[2882.5,399.0],[2882.0,398.5],[2881.5,398.0],[2881.0,397.5],[2880.5,397.0],[2880.0,395.5],[2879.5,395.0],[2879.5,394.0],[2879.0,393.5],[2878.5,393.0],[2878.5,391.0],[2878.5,390.0],[2878.0,389.5],[2877.5,389.0],[2877.5,388.0],[2877.5,386.0],[2877.0,385.5],[2876.5,385.0],[2876.5,384.0],[2876.5,383.0],[2876.5,381.0],[2876.0,380.5],[2875.5,380.0],[2875.5,379.0],[2875.5,378.0],[2874.5,377.0],[2874.5,376.0],[2874.5,375.0],[2874.0,374.5],[2873.5,374.0],[2873.0,372.5],[2872.5,372.0],[2872.5,371.0],[2872.5,370.0],[2872.0,369.5],[2871.0,368.5],[2870.5,368.0],[2870.5,367.0],[2870.0,366.5],[2869.5,366.0],[2868.5,365.0],[2868.0,364.5],[2867.0,364.5],[2866.5,364.0],[2866.0,363.5],[2865.0,362.5],[2864.0,362.5],[2863.5,362.0],[2863.0,361.5],[2862.0,361.5],[2861.0,360.5],[2860.5,360.0],[2860.0,359.5],[2859.0,359.5],[2858.5,359.0],[2857.0,358.5],[2856.5,358.0],[2856.0,357.5],[2855.0,357.5],[2854.5,357.0],[2853.0,356.5],[2852.5,356.0],[2852.0,355.5],[2851.0,355.5],[2850.5,355.0],[2849.0,354.5],[2848.5,354.0],[2848.0,353.5],[2847.0,353.5],[2846.5,353.0],[2845.0,352.5],[2844.0,352.5],[2843.5,352.0],[2843.0,351.5],[2842.0,351.5],[2841.0,350.5],[2840.0,350.5],[2839.5,350.0],[2839.0,349.5],[2838.0,349.5],[2837.0,348.5],[2836.0,348.5],[2835.5,348.0],[2835.0,347.5],[2834.0,347.5],[2833.0,346.5],[2832.5,346.0],[2832.5,345.0],[2832.5,344.0],[2832.5,343.0],[2833.5,342.0],[2834.0,341.5],[2834.5,341.0],[2835.0,340.5],[2836.0,340.5],[2837.5,340.0],[2838.0,339.5],[2839.0,339.5],[2840.0,339.5],[2840.5,339.0],[2842.0,338.5],[2842.5,338.0],[2843.0,337.5],[2844.0,337.5],[2845.0,337.5],[2846.0,336.5],[2847.0,336.5],[2848.0,336.5],[2849.0,336.5],[2849.5,336.0],[2851.0,335.5],[2851.5,335.0],[2852.0,334.5],[2853.0,334.5],[2854.0,334.5],[2855.0,333.5],[2856.0,333.5],[2856.5,333.0],[2857.0,332.5],[2858.0,332.5],[2859.0,331.5],[2860.0,331.5],[2861.0,331.5],[2862.0,331.5],[2862.5,331.0],[2864.0,330.5],[2864.5,330.0],[2865.0,329.5],[2866.0,329.5],[2867.0,329.5],[2868.0,328.5],[2869.0,328.5],[2869.5,328.0],[2870.0,327.5],[2871.0,327.5],[2872.0,326.5],[2873.0,326.5],[2873.5,326.0],[2874.0,325.5],[2875.0,325.5],[2876.0,324.5],[2877.0,324.5],[2877.5,324.0],[2878.0,323.5],[2878.5,323.0],[2880.0,322.5],[2880.5,322.0],[2881.0,321.5],[2882.0,321.5],[2882.5,321.0],[2884.0,320.5],[2885.0,320.5],[2886.0,320.5],[2886.5,320.0],[2887.0,319.5],[2889.0,319.5],[2890.0,319.5],[2891.0,319.5],[2892.0,319.5],[2893.0,319.5],[2895.0,319.5],[2896.0,319.5],[2896.5,320.0],[2897.0,320.5],[2897.5,321.0],[2898.5,322.0],[2899.0,322.5],[2899.5,323.0],[2899.5,324.0],[2899.5,325.0],[2899.5,327.0],[2899.5,328.0],[2900.0,328.5],[2900.5,329.0],[2900.5,330.0],[2899.5,331.0],[2899.5,332.0],[2899.5,333.0],[2900.0,333.5],[2900.5,334.0],[2900.5,336.0],[2900.0,336.5],[2899.5,337.0],[2899.5,338.0],[2899.5,339.0],[2899.5,341.0],[2899.5,342.0],[2899.5,343.0],[2899.5,344.0],[2899.5,345.0],[2899.5,347.0],[2899.5,348.0],[2899.5,349.0],[2899.5,350.0],[2899.5,351.0],[2899.5,353.0],[2899.5,354.0],[2900.0,354.5],[2900.5,355.0],[2900.5,356.0],[2900.5,358.0],[2900.5,359.0],[2900.5,360.0],[2900.5,361.0],[2900.5,362.0],[2900.5,364.0],[2900.5,365.0],[2900.5,366.0],[2900.5,367.0],[2900.5,368.0],[2900.5,370.0],[2900.5,371.0],[2900.5,372.0],[2900.5,373.0],[2900.5,374.0],[2900.5,376.0],[2900.5,377.0],[2900.5,378.0],[2900.5,379.0],[2900.5,380.0],[2900.5,382.0],[2900.5,383.0],[2900.5,384.0],[2900.5,385.0],[2900.5,386.0],[2900.5,388.0],[2900.0,388.5],[2899.5,389.0],[2899.5,390.0],[2899.5,391.0],[2899.5,393.0],[2899.5,394.0],[2899.5,395.0],[2899.5,396.0],[2899.0,396.5],[2898.5,398.0],[2898.5,399.0],[2898.0,399.5],[2897.5,400.0],[2897.0,400.5],[2896.0,401.5],[2895.5,402.0],[2895.0,402.5]]",243109.20069885254,431099.4923477173,107.17962646484375,,,,,0.0001013005,2926,좌안_사력댐_제체,NOF_좌안(대전측)_콘크리트부,,,0.9878518935840421,../../Data/DJI_20260826094118_0100_V.JPG,../Overlay/DLM/P000404.png,mapped,local_surface_estimate
DJI_20260826094118_0100_V.JPG,P000405,DLM,박리,"[[3084.0,3250.5],[3079.0,3250.5],[3074.0,3250.5],[3070.0,3249.5],[3065.0,3249.5],[3061.0,3248.5],[3057.0,3247.5],[3053.5,3247.0],[3049.0,3246.5],[3045.0,3245.5],[3041.0,3244.5],[3036.0,3244.5],[3032.0,3243.5],[3027.0,3243.5],[3023.0,3244.5],[3019.0,3243.5],[3015.0,3242.5],[3011.0,3241.5],[3007.0,3240.5],[3004.0,3239.5],[3000.0,3238.5],[2996.0,3237.5],[2992.0,3236.5],[2988.0,3235.5],[2983.0,3235.5],[2978.0,3235.5],[2973.0,3235.5],[2969.0,3236.5],[2965.0,3235.5],[2961.0,3236.5],[2956.0,3236.5],[2952.0,3236.5],[2947.0,3236.5],[2943.0,3235.5],[2939.0,3234.5],[2934.0,3234.5],[2930.0,3233.5],[2925.5,3233.0],[2921.0,3232.5],[2916.0,3232.5],[2912.0,3231.5],[2908.0,3230.5],[2903.5,3230.0],[2900.0,3229.5],[2896.0,3228.5],[2891.0,3228.5],[2887.0,3227.5],[2882.5,3227.0],[2878.5,3226.0],[2875.5,3224.0],[2873.0,3221.5],[2870.5,3219.0],[2869.0,3215.5],[2867.0,3212.5],[2867.0,3208.5],[2868.5,3206.0],[2871.5,3204.0],[2874.0,3201.5],[2877.5,3200.0],[2880.5,3198.0],[2883.5,3196.0],[2886.5,3194.0],[2889.5,3192.0],[2892.0,3189.5],[2895.0,3187.5],[2897.5,3185.0],[2900.0,3182.5],[2902.5,3181.0],[2905.5,3179.0],[2909.0,3177.5],[2913.0,3176.5],[2917.0,3175.5],[2920.5,3174.0],[2924.0,3172.5],[2927.0,3170.5],[2930.0,3168.5],[2933.0,3166.5],[2936.0,3164.5],[2938.5,3162.0],[2941.0,3160.5],[2943.5,3158.0],[2946.0,3155.5],[2948.5,3153.0],[2951.5,3151.0],[2954.0,3148.5],[2957.0,3146.5],[2959.5,3144.0],[2961.5,3141.0],[2964.0,3138.5],[2965.5,3135.0],[2967.5,3132.0],[2969.5,3129.0],[2970.5,3126.0],[2973.5,3124.0],[2978.0,3123.5],[2983.0,3123.5],[2988.0,3123.5],[2992.0,3124.5],[2997.0,3124.5],[3001.5,3124.0],[3005.5,3123.0],[3009.0,3121.5],[3013.0,3120.5],[3016.0,3118.5],[3019.0,3117.5],[3022.0,3115.5],[3025.0,3113.5],[3028.5,3112.0],[3031.0,3109.5],[3034.5,3108.0],[3037.5,3106.0],[3040.0,3103.5],[3042.5,3101.0],[3046.0,3099.5],[3049.5,3098.0],[3053.5,3098.0],[3056.0,3099.5],[3059.5,3101.0],[3062.0,3103.5],[3064.5,3106.0],[3067.0,3108.5],[3069.0,3111.5],[3071.5,3114.0],[3074.5,3116.0],[3078.0,3117.5],[3082.0,3118.5],[3087.0,3118.5],[3092.0,3118.5],[3095.0,3117.5],[3099.5,3117.0],[3104.0,3116.5],[3108.0,3115.5],[3113.0,3115.5],[3118.0,3115.5],[3122.0,3116.5],[3125.5,3118.0],[3129.0,3119.5],[3132.5,3121.0],[3136.0,3122.5],[3139.5,3124.0],[3142.5,3125.0],[3146.0,3126.5],[3150.0,3127.5],[3154.0,3128.5],[3158.0,3129.5],[3162.5,3130.0],[3167.0,3130.5],[3171.0,3131.5],[3175.0,3132.5],[3179.5,3133.0],[3183.5,3134.0],[3187.0,3135.5],[3190.0,3136.5],[3194.0,3137.5],[3197.5,3139.0],[3201.0,3140.5],[3205.0,3141.5],[3209.0,3142.5],[3212.0,3144.5],[3216.0,3145.5],[3219.0,3147.5],[3222.0,3149.5],[3225.0,3151.5],[3228.0,3153.5],[3231.0,3154.5],[3234.5,3156.0],[3238.0,3157.5],[3242.0,3158.5],[3246.0,3159.5],[3251.0,3159.5],[3256.0,3159.5],[3260.0,3158.5],[3264.0,3157.5],[3267.5,3156.0],[3271.0,3154.5],[3274.0,3152.5],[3277.5,3151.0],[3281.0,3150.5],[3285.0,3149.5],[3289.0,3148.5],[3293.0,3149.5],[3297.0,3150.5],[3300.0,3152.5],[3302.5,3155.0],[3302.5,3158.0],[3301.5,3162.0],[3301.0,3166.5],[3300.5,3171.0],[3300.5,3176.0],[3301.5,3179.0],[3303.5,3182.0],[3305.5,3185.0],[3307.5,3188.0],[3308.5,3192.0],[3308.5,3197.0],[3308.0,3201.5],[3307.5,3206.0],[3306.5,3210.0],[3305.5,3214.0],[3304.5,3218.0],[3303.0,3221.5],[3301.0,3223.5],[3298.0,3225.5],[3294.0,3226.5],[3290.0,3227.5],[3286.0,3228.5],[3281.0,3228.5],[3276.0,3228.5],[3271.0,3228.5],[3266.0,3228.5],[3261.0,3228.5],[3257.0,3227.5],[3252.0,3227.5],[3248.0,3227.5],[3243.0,3227.5],[3238.0,3227.5],[3233.0,3227.5],[3228.0,3227.5],[3223.0,3227.5],[3218.0,3227.5],[3213.0,3227.5],[3209.0,3226.5],[3205.0,3225.5],[3201.0,3224.5],[3197.5,3223.0],[3194.0,3222.5],[3190.0,3221.5],[3185.5,3222.0],[3181.0,3222.5],[3176.0,3222.5],[3171.5,3223.0],[3168.0,3222.5],[3163.0,3222.5],[3159.0,3221.5],[3155.0,3220.5],[3150.5,3220.0],[3146.0,3219.5],[3142.0,3219.5],[3137.0,3219.5],[3133.0,3220.5],[3129.0,3221.5],[3125.0,3222.5],[3120.5,3223.0],[3116.0,3223.5],[3112.0,3224.5],[3109.0,3226.5],[3105.5,3228.0],[3103.0,3230.5],[3101.5,3234.0],[3100.0,3236.5],[3098.5,3240.0],[3096.5,3243.0],[3094.0,3245.5],[3091.0,3247.5],[3088.0,3249.5],[3084.0,3250.5]]",243109.2135887146,431099.45456695557,106.65455627441406,,,,,0.0014187253,40239,좌안_사력댐_제체,NOF_좌안(대전측)_콘크리트부,,,0.987866117959646,../../Data/DJI_20260826094118_0100_V.JPG,../Overlay/DLM/P000405.png,mapped,local_surface_estimate
DJI_20260826094118_0100_V.JPG,P000406,DLM,박리,"[[3518.0,3215.5],[3516.0,3215.5],[3514.0,3215.5],[3512.0,3215.5],[3510.0,3215.5],[3508.0,3215.5],[3506.0,3215.5],[3504.0,3215.5],[3502.0,3215.5],[3501.0,3214.5],[3499.0,3214.5],[3497.0,3214.5],[3496.0,3213.5],[3494.5,3213.0],[3493.0,3212.5],[3492.0,3211.5],[3491.0,3211.5],[3489.5,3211.0],[3488.0,3210.5],[3487.0,3209.5],[3486.0,3208.5],[3484.5,3208.0],[3483.0,3207.5],[3482.0,3206.5],[3480.5,3206.0],[3479.5,3205.0],[3478.0,3204.5],[3476.5,3204.0],[3475.0,3203.5],[3473.0,3203.5],[3472.0,3202.5],[3470.0,3202.5],[3468.0,3202.5],[3467.0,3201.5],[3465.0,3201.5],[3463.0,3201.5],[3461.0,3201.5],[3459.0,3201.5],[3457.0,3201.5],[3455.5,3201.0],[3454.0,3200.5],[3453.0,3201.5],[3451.0,3201.5],[3449.0,3201.5],[3447.0,3201.5],[3445.0,3201.5],[3443.0,3201.5],[3441.0,3201.5],[3440.0,3201.5],[3438.0,3201.5],[3436.0,3201.5],[3434.5,3202.0],[3433.0,3202.5],[3431.0,3202.5],[3429.0,3202.5],[3427.5,3202.0],[3426.0,3201.5],[3424.0,3201.5],[3422.0,3201.5],[3420.0,3201.5],[3418.0,3201.5],[3416.0,3201.5],[3414.0,3201.5],[3412.0,3201.5],[3410.0,3201.5],[3408.0,3201.5],[3406.0,3201.5],[3404.5,3201.0],[3403.0,3200.5],[3401.0,3200.5],[3399.0,3200.5],[3398.0,3199.5],[3396.5,3199.0],[3395.0,3198.5],[3394.0,3197.5],[3392.5,3197.0],[3392.0,3195.5],[3391.0,3194.5],[3390.5,3193.0],[3389.5,3192.0],[3389.5,3191.0],[3388.5,3190.0],[3388.5,3188.0],[3387.5,3187.0],[3387.5,3185.0],[3386.5,3184.0],[3386.0,3182.5],[3385.5,3181.0],[3384.5,3180.0],[3384.0,3178.5],[3383.0,3177.5],[3382.5,3176.0],[3381.5,3175.0],[3380.5,3174.0],[3379.5,3173.0],[3378.5,3172.0],[3378.0,3170.5],[3377.0,3169.5],[3376.0,3168.5],[3375.5,3167.0],[3374.5,3166.0],[3373.5,3165.0],[3373.0,3163.5],[3372.0,3162.5],[3371.5,3161.0],[3370.5,3160.0],[3370.0,3158.5],[3369.0,3157.5],[3368.0,3156.5],[3367.5,3155.0],[3366.5,3154.0],[3365.5,3153.0],[3365.0,3152.5],[3364.0,3151.5],[3363.0,3150.5],[3361.5,3150.0],[3360.0,3149.5],[3359.0,3148.5],[3358.0,3147.5],[3357.0,3146.5],[3356.5,3145.0],[3358.0,3144.5],[3359.0,3143.5],[3360.0,3142.5],[3361.5,3142.0],[3363.0,3141.5],[3365.0,3141.5],[3367.0,3141.5],[3369.0,3141.5],[3371.0,3141.5],[3372.5,3142.0],[3374.0,3142.5],[3376.0,3142.5],[3378.0,3142.5],[3379.0,3143.5],[3381.0,3143.5],[3383.0,3143.5],[3385.0,3143.5],[3387.0,3143.5],[3389.0,3143.5],[3390.5,3144.0],[3392.0,3144.5],[3394.0,3144.5],[3396.0,3144.5],[3397.0,3144.5],[3399.0,3144.5],[3401.0,3144.5],[3402.0,3143.5],[3404.0,3143.5],[3406.0,3143.5],[3407.5,3143.0],[3409.0,3142.5],[3411.0,3142.5],[3412.0,3141.5],[3414.0,3141.5],[3415.0,3140.5],[3417.0,3140.5],[3418.5,3140.0],[3420.0,3139.5],[3421.5,3139.0],[3423.0,3138.5],[3424.5,3138.0],[3426.0,3137.5],[3428.0,3137.5],[3429.0,3136.5],[3431.0,3136.5],[3433.0,3136.5],[3435.0,3136.5],[3436.5,3136.0],[3438.0,3135.5],[3440.0,3135.5],[3442.0,3135.5],[3444.0,3135.5],[3446.0,3135.5],[3447.0,3136.5],[3449.0,3136.5],[3450.0,3136.5],[3452.0,3136.5],[3454.0,3136.5],[3455.0,3137.5],[3457.0,3137.5],[3459.0,3137.5],[3460.0,3138.5],[3462.0,3138.5],[3464.0,3138.5],[3466.0,3138.5],[3467.0,3139.5],[3469.0,3139.5],[3471.0,3139.5],[3473.0,3139.5],[3475.0,3139.5],[3477.0,3139.5],[3479.0,3139.5],[3481.0,3139.5],[3483.0,3139.5],[3485.0,3139.5],[3487.0,3139.5],[3489.0,3139.5],[3491.0,3139.5],[3492.5,3139.0],[3494.0,3138.5],[3496.0,3138.5],[3498.0,3138.5],[3500.0,3138.5],[3501.0,3139.5],[3502.0,3140.5],[3502.5,3142.0],[3502.5,3144.0],[3503.0,3144.5],[3503.5,3146.0],[3503.5,3148.0],[3503.5,3150.0],[3504.5,3151.0],[3504.5,3153.0],[3504.5,3155.0],[3504.5,3157.0],[3505.5,3158.0],[3505.5,3160.0],[3505.5,3162.0],[3506.5,3163.0],[3506.5,3165.0],[3506.5,3167.0],[3506.5,3169.0],[3506.5,3171.0],[3507.5,3172.0],[3507.5,3174.0],[3507.5,3176.0],[3507.5,3178.0],[3507.5,3180.0],[3508.5,3181.0],[3508.5,3183.0],[3508.5,3185.0],[3508.5,3187.0],[3509.5,3188.0],[3509.5,3190.0],[3510.5,3191.0],[3511.0,3192.5],[3511.5,3194.0],[3512.5,3195.0],[3513.5,3196.0],[3514.0,3196.5],[3515.0,3197.5],[3515.5,3199.0],[3516.5,3200.0],[3517.5,3201.0],[3518.5,3202.0],[3519.5,3203.0],[3520.5,3204.0],[3520.5,3206.0],[3521.0,3207.5],[3521.5,3209.0],[3521.5,3211.0],[3520.5,3212.0],[3520.0,3213.5],[3519.0,3214.5],[3518.0,3215.5]]",243109.23555755615,431099.390165329,106.65450286865234,,,,,0.000309458,8501,좌안_사력댐_제체,NOF_좌안(대전측)_콘크리트부,,,0.9928933105361054,../../Data/DJI_20260826094118_0100_V.JPG,../Overlay/DLM/P000406.png,mapped,local_surface_estimate
DJI_20260826094118_0100_V.JPG,P000407,DLM,박리,"[[4171.0,3393.5],[4169.0,3393.5],[4166.0,3393.5],[4165.0,3392.5],[4162.0,3392.5],[4160.0,3392.5],[4157.5,3392.0],[4156.0,3391.5],[4153.0,3391.5],[4152.0,3390.5],[4150.0,3390.5],[4148.5,3389.0],[4148.0,3387.5],[4146.5,3386.0],[4145.5,3385.0],[4144.5,3383.0],[4144.5,3381.0],[4143.5,3379.0],[4143.0,3377.5],[4142.5,3376.0],[4141.5,3374.0],[4140.5,3373.0],[4140.0,3370.5],[4139.5,3369.0],[4138.5,3367.0],[4137.5,3366.0],[4136.5,3364.0],[4136.0,3362.5],[4135.0,3360.5],[4134.5,3359.0],[4133.5,3358.0],[4132.5,3356.0],[4132.0,3354.5],[4130.5,3353.0],[4129.5,3352.0],[4128.0,3350.5],[4126.5,3350.0],[4125.0,3348.5],[4123.5,3348.0],[4122.0,3347.5],[4120.5,3346.0],[4119.0,3345.5],[4117.0,3344.5],[4115.5,3344.0],[4113.5,3343.0],[4112.0,3342.5],[4110.0,3341.5],[4109.0,3340.5],[4107.5,3340.0],[4106.0,3338.5],[4104.5,3338.0],[4103.0,3336.5],[4102.0,3335.5],[4100.5,3334.0],[4099.5,3333.0],[4098.5,3331.0],[4097.5,3330.0],[4097.0,3328.5],[4096.0,3326.5],[4095.5,3325.0],[4094.5,3323.0],[4093.5,3322.0],[4093.5,3319.0],[4092.5,3318.0],[4092.5,3315.0],[4092.0,3313.5],[4091.5,3311.0],[4091.5,3309.0],[4091.0,3307.5],[4090.5,3305.0],[4090.0,3303.5],[4089.5,3301.0],[4089.5,3299.0],[4090.5,3297.0],[4090.5,3295.0],[4091.5,3293.0],[4091.5,3291.0],[4092.5,3290.0],[4092.5,3287.0],[4092.5,3285.0],[4093.0,3283.5],[4092.5,3282.0],[4093.5,3280.0],[4093.5,3278.0],[4094.0,3275.5],[4094.5,3274.0],[4095.0,3272.5],[4095.5,3270.0],[4095.5,3268.0],[4095.5,3265.0],[4095.5,3263.0],[4096.0,3260.5],[4096.5,3259.0],[4096.5,3256.0],[4096.0,3254.5],[4095.5,3253.0],[4095.5,3250.0],[4096.5,3249.0],[4095.5,3247.0],[4095.5,3245.0],[4095.5,3242.0],[4095.5,3240.0],[4095.5,3237.0],[4096.5,3236.0],[4096.5,3234.0],[4095.5,3232.0],[4096.5,3231.0],[4096.5,3228.0],[4096.5,3226.0],[4096.5,3223.0],[4095.5,3222.0],[4095.5,3219.0],[4095.5,3217.0],[4095.5,3214.0],[4095.5,3212.0],[4095.5,3210.0],[4094.5,3208.0],[4094.5,3206.0],[4095.5,3204.0],[4095.5,3202.0],[4096.0,3199.5],[4096.5,3198.0],[4096.5,3195.0],[4096.5,3193.0],[4097.0,3191.5],[4097.5,3189.0],[4097.0,3187.5],[4096.5,3185.0],[4097.0,3183.5],[4099.0,3182.5],[4100.0,3181.5],[4103.0,3181.5],[4105.0,3181.5],[4106.0,3180.5],[4109.0,3180.5],[4111.0,3180.5],[4113.0,3179.5],[4114.5,3180.0],[4116.0,3181.5],[4116.5,3183.0],[4116.5,3186.0],[4116.5,3188.0],[4116.5,3190.0],[4116.5,3193.0],[4116.5,3195.0],[4116.5,3198.0],[4116.5,3200.0],[4117.5,3202.0],[4117.5,3204.0],[4117.5,3207.0],[4117.5,3209.0],[4117.5,3212.0],[4117.5,3214.0],[4117.5,3216.0],[4117.5,3219.0],[4116.5,3220.0],[4116.5,3223.0],[4116.5,3225.0],[4115.5,3227.0],[4115.5,3229.0],[4115.5,3232.0],[4115.5,3234.0],[4115.5,3236.0],[4115.5,3239.0],[4115.5,3241.0],[4116.5,3243.0],[4117.5,3244.0],[4119.0,3245.5],[4119.5,3247.0],[4121.5,3248.0],[4123.0,3248.5],[4124.0,3249.5],[4126.0,3250.5],[4127.0,3251.5],[4129.0,3252.5],[4130.5,3253.0],[4132.0,3254.5],[4133.0,3255.5],[4134.5,3257.0],[4135.5,3258.0],[4135.5,3260.0],[4136.5,3262.0],[4136.5,3264.0],[4136.5,3267.0],[4137.0,3268.5],[4136.5,3270.0],[4136.5,3272.0],[4136.5,3275.0],[4136.5,3277.0],[4135.5,3278.0],[4135.5,3281.0],[4135.5,3283.0],[4135.5,3286.0],[4135.5,3288.0],[4136.5,3290.0],[4137.0,3291.5],[4138.5,3293.0],[4139.0,3294.5],[4140.5,3296.0],[4141.5,3297.0],[4142.5,3298.0],[4143.5,3300.0],[4144.5,3301.0],[4145.5,3303.0],[4146.5,3304.0],[4147.5,3306.0],[4148.5,3307.0],[4150.0,3308.5],[4151.0,3309.5],[4152.0,3310.5],[4153.5,3312.0],[4154.5,3313.0],[4155.5,3315.0],[4156.5,3316.0],[4158.0,3317.5],[4158.5,3319.0],[4159.5,3321.0],[4160.5,3322.0],[4161.0,3323.5],[4162.0,3325.5],[4162.5,3327.0],[4163.5,3329.0],[4164.0,3330.5],[4164.5,3333.0],[4165.5,3334.0],[4166.5,3336.0],[4166.5,3338.0],[4167.5,3339.0],[4168.0,3341.5],[4168.5,3343.0],[4169.5,3345.0],[4170.5,3346.0],[4170.5,3349.0],[4170.5,3351.0],[4170.5,3354.0],[4170.5,3356.0],[4169.5,3358.0],[4169.5,3360.0],[4168.5,3361.0],[4168.5,3364.0],[4168.5,3366.0],[4168.5,3369.0],[4169.5,3370.0],[4169.5,3373.0],[4170.5,3374.0],[4171.0,3376.5],[4171.5,3378.0],[4172.0,3379.5],[4173.0,3381.5],[4173.5,3383.0],[4173.5,3386.0],[4174.0,3387.5],[4174.0,3389.5],[4173.5,3391.0],[4172.0,3392.5],[4171.0,3393.5]]",243109.27870559692,431099.2636985779,106.62604904174805,,,,,0.0003030316,7888,좌안_사력댐_제체,NOF_좌안(대전측)_콘크리트부,,,0.9888641443972535,../../Data/DJI_20260826094118_0100_V.JPG,../Overlay/DLM/P000407.png,mapped,local_surface_estimate
DJI_20260826094118_0100_V.JPG,P000408,DLM,박리,"[[2946.0,3354.5],[2944.0,3354.5],[2943.5,3354.0],[2942.0,3353.5],[2940.5,3353.0],[2940.0,3352.5],[2938.0,3352.5],[2936.0,3352.5],[2935.0,3352.5],[2933.5,3352.0],[2932.0,3351.5],[2931.0,3351.5],[2930.0,3350.5],[2928.0,3350.5],[2927.5,3350.0],[2926.0,3349.5],[2924.0,3349.5],[2923.0,3349.5],[2922.0,3348.5],[2920.0,3348.5],[2919.5,3348.0],[2918.0,3347.5],[2916.0,3347.5],[2915.5,3347.0],[2914.0,3346.5],[2912.5,3346.0],[2912.0,3345.5],[2910.0,3345.5],[2909.0,3344.5],[2908.0,3344.5],[2906.0,3344.5],[2904.5,3344.0],[2904.0,3343.5],[2902.0,3343.5],[2901.0,3342.5],[2900.0,3342.5],[2898.5,3342.0],[2897.0,3341.5],[2896.5,3341.0],[2895.0,3340.5],[2894.0,3339.5],[2893.5,3339.0],[2892.0,3338.5],[2891.5,3338.0],[2890.0,3337.5],[2889.0,3336.5],[2888.0,3336.5],[2887.0,3335.5],[2885.5,3335.0],[2885.0,3334.5],[2883.5,3334.0],[2883.0,3332.5],[2882.0,3332.5],[2881.0,3331.5],[2879.5,3331.0],[2879.0,3330.5],[2877.5,3330.0],[2876.0,3329.5],[2875.5,3329.0],[2874.0,3328.5],[2873.0,3327.5],[2872.5,3327.0],[2871.0,3326.5],[2870.0,3325.5],[2869.5,3325.0],[2868.0,3324.5],[2867.0,3323.5],[2866.5,3323.0],[2865.5,3322.0],[2864.5,3321.0],[2864.0,3320.5],[2863.0,3319.5],[2862.0,3318.5],[2861.0,3318.5],[2860.0,3317.5],[2859.0,3316.5],[2858.5,3316.0],[2857.0,3315.5],[2856.0,3314.5],[2855.5,3314.0],[2855.0,3312.5],[2854.0,3311.5],[2853.5,3311.0],[2853.5,3309.0],[2852.5,3308.0],[2852.5,3307.0],[2852.5,3305.0],[2852.5,3303.0],[2852.5,3302.0],[2853.0,3300.5],[2853.5,3299.0],[2853.5,3298.0],[2854.5,3297.0],[2855.0,3295.5],[2855.5,3295.0],[2855.5,3293.0],[2856.5,3292.0],[2856.5,3291.0],[2857.5,3290.0],[2858.0,3288.5],[2858.5,3288.0],[2859.5,3287.0],[2860.5,3286.0],[2860.5,3285.0],[2861.5,3284.0],[2862.5,3283.0],[2863.0,3282.5],[2863.5,3281.0],[2864.5,3280.0],[2865.0,3279.5],[2866.0,3278.5],[2867.0,3277.5],[2867.5,3277.0],[2868.5,3276.0],[2869.5,3275.0],[2870.0,3274.5],[2871.0,3273.5],[2872.0,3272.5],[2873.0,3272.5],[2874.0,3271.5],[2876.0,3271.5],[2877.0,3271.5],[2878.5,3272.0],[2879.5,3273.0],[2880.0,3273.5],[2881.0,3274.5],[2881.5,3276.0],[2882.0,3276.5],[2883.0,3277.5],[2883.5,3278.0],[2884.5,3279.0],[2885.0,3280.5],[2885.5,3281.0],[2886.5,3282.0],[2887.5,3283.0],[2888.0,3283.5],[2889.0,3284.5],[2890.5,3285.0],[2891.0,3285.5],[2893.0,3285.5],[2894.0,3286.5],[2895.0,3286.5],[2896.5,3287.0],[2898.0,3287.5],[2899.0,3287.5],[2900.5,3288.0],[2902.0,3288.5],[2903.0,3288.5],[2905.0,3288.5],[2907.0,3288.5],[2908.0,3288.5],[2910.0,3288.5],[2912.0,3288.5],[2913.0,3288.5],[2914.5,3289.0],[2916.0,3289.5],[2917.0,3289.5],[2919.0,3289.5],[2921.0,3289.5],[2922.0,3289.5],[2924.0,3289.5],[2925.5,3290.0],[2926.0,3290.5],[2928.0,3290.5],[2929.5,3291.0],[2930.0,3291.5],[2932.0,3291.5],[2934.0,3291.5],[2934.5,3292.0],[2936.0,3292.5],[2938.0,3292.5],[2939.0,3292.5],[2940.5,3293.0],[2942.0,3293.5],[2943.0,3293.5],[2945.0,3293.5],[2946.0,3294.5],[2947.0,3294.5],[2949.0,3294.5],[2950.0,3295.5],[2951.0,3295.5],[2953.0,3295.5],[2955.0,3295.5],[2955.5,3296.0],[2957.0,3296.5],[2958.5,3297.0],[2959.0,3297.5],[2961.0,3297.5],[2963.0,3297.5],[2963.5,3298.0],[2965.0,3298.5],[2967.0,3298.5],[2967.5,3299.0],[2969.0,3299.5],[2970.5,3300.0],[2971.0,3300.5],[2973.0,3300.5],[2975.0,3300.5],[2976.0,3300.5],[2977.0,3301.5],[2978.5,3302.0],[2979.0,3302.5],[2980.0,3303.5],[2981.0,3304.5],[2981.5,3305.0],[2981.5,3307.0],[2981.0,3308.5],[2980.5,3309.0],[2980.0,3310.5],[2979.5,3312.0],[2979.0,3312.5],[2978.5,3314.0],[2977.5,3315.0],[2977.5,3316.0],[2976.5,3317.0],[2976.5,3318.0],[2975.5,3319.0],[2975.0,3320.5],[2974.5,3321.0],[2974.0,3322.5],[2973.5,3324.0],[2973.0,3324.5],[2972.5,3326.0],[2971.5,3327.0],[2971.5,3328.0],[2970.5,3329.0],[2970.0,3330.5],[2969.5,3331.0],[2969.0,3332.5],[2968.0,3333.5],[2967.5,3334.0],[2967.0,3335.5],[2966.0,3336.5],[2965.5,3337.0],[2965.0,3338.5],[2964.0,3339.5],[2963.5,3340.0],[2962.5,3341.0],[2961.5,3342.0],[2961.0,3342.5],[2960.0,3343.5],[2959.0,3344.5],[2958.5,3345.0],[2957.5,3346.0],[2956.5,3347.0],[2956.0,3347.5],[2955.5,3349.0],[2954.5,3350.0],[2954.0,3350.5],[2953.0,3351.5],[2951.5,3352.0],[2951.0,3352.5],[2949.5,3353.0],[2948.0,3353.5],[2947.0,3353.5],[2946.0,3354.5]]",243109.202999115,431099.4856071472,106.63110733032227,,,,,0.0002175793,6266,좌안_사력댐_제체,NOF_좌안(대전측)_콘크리트부,,,0.9900757653565594,../../Data/DJI_20260826094118_0100_V.JPG,../Overlay/DLM/P000408.png,mapped,local_surface_estimate
DJI_20260826094118_0100_V.JPG,P000409,DLM,박리,"[[3166.0,3330.5],[3163.0,3330.5],[3161.0,3330.5],[3158.0,3330.5],[3156.0,3330.5],[3153.0,3330.5],[3151.0,3330.5],[3148.0,3330.5],[3146.0,3330.5],[3143.0,3330.5],[3141.0,3330.5],[3138.0,3330.5],[3135.0,3330.5],[3133.0,3330.5],[3130.5,3330.0],[3129.0,3329.5],[3126.0,3329.5],[3125.0,3328.5],[3123.0,3327.5],[3121.0,3327.5],[3119.0,3326.5],[3117.0,3325.5],[3115.5,3325.0],[3113.5,3324.0],[3112.0,3323.5],[3110.0,3322.5],[3108.5,3322.0],[3106.0,3321.5],[3105.0,3320.5],[3102.0,3320.5],[3101.0,3319.5],[3098.0,3319.5],[3095.0,3319.5],[3093.0,3319.5],[3091.0,3320.5],[3089.0,3320.5],[3086.5,3321.0],[3085.0,3321.5],[3083.0,3322.5],[3081.0,3322.5],[3079.0,3323.5],[3077.0,3324.5],[3075.5,3325.0],[3073.0,3325.5],[3072.0,3326.5],[3070.0,3327.5],[3068.0,3327.5],[3066.0,3328.5],[3064.0,3328.5],[3062.0,3329.5],[3060.5,3329.0],[3058.5,3329.0],[3056.0,3329.5],[3054.0,3329.5],[3052.0,3328.5],[3051.0,3327.5],[3050.0,3325.5],[3049.5,3324.0],[3049.0,3321.5],[3048.5,3320.0],[3047.5,3318.0],[3047.0,3316.5],[3045.5,3315.0],[3044.5,3313.0],[3043.5,3312.0],[3042.0,3310.5],[3041.5,3309.0],[3040.5,3307.0],[3041.0,3305.5],[3043.0,3304.5],[3045.0,3304.5],[3047.0,3305.5],[3050.0,3305.5],[3052.0,3305.5],[3054.0,3306.5],[3056.0,3306.5],[3059.0,3306.5],[3061.0,3306.5],[3064.0,3306.5],[3066.0,3306.5],[3069.0,3306.5],[3070.0,3305.5],[3072.0,3306.5],[3074.0,3305.5],[3076.0,3305.5],[3079.0,3305.5],[3081.0,3305.5],[3084.0,3305.5],[3086.0,3305.5],[3089.0,3305.5],[3091.0,3305.5],[3093.0,3304.5],[3096.0,3304.5],[3098.0,3304.5],[3101.0,3304.5],[3103.0,3304.5],[3106.0,3304.5],[3108.0,3304.5],[3111.0,3304.5],[3112.5,3304.0],[3115.0,3303.5],[3116.5,3303.0],[3119.0,3302.5],[3121.5,3302.0],[3123.0,3301.5],[3126.0,3301.5],[3127.5,3301.0],[3130.0,3300.5],[3132.0,3300.5],[3135.0,3300.5],[3137.0,3300.5],[3139.0,3299.5],[3141.0,3299.5],[3144.0,3299.5],[3147.0,3299.5],[3149.0,3299.5],[3152.0,3299.5],[3153.5,3299.0],[3156.0,3298.5],[3158.0,3298.5],[3161.0,3298.5],[3163.0,3298.5],[3165.5,3298.0],[3168.0,3297.5],[3170.0,3297.5],[3173.0,3297.5],[3174.0,3296.5],[3177.0,3296.5],[3179.0,3296.5],[3182.0,3296.5],[3183.0,3295.5],[3186.0,3295.5],[3188.0,3295.5],[3191.0,3295.5],[3193.0,3294.5],[3195.0,3294.5],[3197.0,3293.5],[3199.0,3293.5],[3202.0,3293.5],[3203.5,3293.0],[3206.0,3292.5],[3208.0,3292.5],[3211.0,3292.5],[3213.0,3291.5],[3215.0,3291.5],[3217.0,3292.5],[3219.0,3292.5],[3222.0,3292.5],[3224.0,3292.5],[3227.0,3292.5],[3229.0,3292.5],[3232.0,3292.5],[3234.0,3292.5],[3237.0,3292.5],[3240.0,3292.5],[3242.0,3292.5],[3244.0,3291.5],[3246.0,3291.5],[3249.0,3291.5],[3251.0,3291.5],[3254.0,3291.5],[3255.0,3290.5],[3258.0,3290.5],[3260.0,3290.5],[3263.0,3290.5],[3266.0,3290.5],[3268.0,3290.5],[3271.0,3290.5],[3272.5,3290.0],[3275.0,3289.5],[3277.0,3289.5],[3280.0,3289.5],[3282.0,3289.5],[3284.0,3288.5],[3286.5,3288.0],[3288.0,3287.5],[3290.5,3287.0],[3292.0,3286.5],[3295.0,3286.5],[3295.5,3288.0],[3297.0,3289.5],[3297.5,3291.0],[3298.5,3293.0],[3298.5,3295.0],[3298.5,3298.0],[3298.5,3301.0],[3298.5,3303.0],[3298.5,3306.0],[3299.5,3307.0],[3299.5,3310.0],[3299.5,3312.0],[3300.5,3314.0],[3300.5,3316.0],[3300.5,3319.0],[3300.5,3322.0],[3299.5,3323.0],[3298.5,3325.0],[3297.0,3325.5],[3295.0,3326.5],[3293.0,3326.5],[3291.0,3327.5],[3289.0,3327.5],[3286.0,3327.5],[3285.0,3328.5],[3282.0,3328.5],[3279.0,3328.5],[3277.0,3328.5],[3274.5,3328.0],[3273.0,3327.5],[3270.0,3327.5],[3268.0,3327.5],[3265.0,3327.5],[3263.0,3327.5],[3261.0,3326.5],[3259.0,3326.5],[3256.0,3326.5],[3254.0,3325.5],[3252.0,3325.5],[3250.0,3324.5],[3248.0,3324.5],[3245.5,3324.0],[3244.0,3323.5],[3241.0,3323.5],[3239.0,3323.5],[3237.0,3322.5],[3234.0,3322.5],[3232.0,3322.5],[3229.0,3322.5],[3227.0,3322.5],[3224.0,3322.5],[3222.5,3323.0],[3220.0,3323.5],[3218.0,3323.5],[3215.0,3323.5],[3213.5,3324.0],[3211.0,3324.5],[3208.0,3324.5],[3207.0,3325.5],[3204.0,3325.5],[3202.0,3325.5],[3199.0,3325.5],[3198.0,3326.5],[3195.0,3326.5],[3193.0,3326.5],[3190.0,3326.5],[3187.0,3326.5],[3185.5,3327.0],[3183.0,3327.5],[3181.0,3327.5],[3179.0,3328.5],[3177.0,3328.5],[3174.5,3329.0],[3173.0,3329.5],[3170.0,3329.5],[3168.0,3329.5],[3166.0,3330.5]]",243109.2195968628,431099.436958313,106.63007354736328,,,,,0.0002607727,7322,좌안_사력댐_제체,NOF_좌안(대전측)_콘크리트부,,,0.9848420798485477,../../Data/DJI_20260826094118_0100_V.JPG,../Overlay/DLM/P000409.png,mapped,local_surface_estimate
DJI_20260826094549_0300_V.JPG,P000446,DLM,박리,"[[2107.0,641.5],[2106.0,641.5],[2104.0,641.5],[2103.0,641.5],[2102.0,641.5],[2101.0,641.5],[2099.0,641.5],[2098.5,641.0],[2098.0,640.5],[2096.5,640.0],[2096.0,639.5],[2095.0,639.5],[2094.0,639.5],[2093.0,638.5],[2092.0,638.5],[2091.5,638.0],[2090.0,637.5],[2089.5,637.0],[2089.0,636.5],[2088.5,636.0],[2087.0,635.5],[2086.5,635.0],[2086.0,634.5],[2084.5,634.0],[2084.0,633.5],[2083.5,633.0],[2083.0,632.5],[2081.5,632.0],[2081.0,631.5],[2080.5,631.0],[2079.0,630.5],[2078.5,630.0],[2078.0,629.5],[2077.5,629.0],[2076.5,628.0],[2076.0,627.5],[2075.0,627.5],[2074.0,626.5],[2073.5,626.0],[2073.0,625.5],[2072.0,625.5],[2070.0,625.5],[2069.5,625.0],[2069.0,624.5],[2067.0,624.5],[2066.5,624.0],[2066.0,623.5],[2065.0,623.5],[2063.0,623.5],[2062.0,623.5],[2061.0,623.5],[2059.5,623.0],[2059.0,622.5],[2058.0,622.5],[2057.5,622.0],[2056.0,621.5],[2055.5,621.0],[2055.0,620.5],[2054.0,619.5],[2053.5,619.0],[2053.0,618.5],[2052.5,618.0],[2051.5,617.0],[2051.5,616.0],[2051.0,615.5],[2050.0,614.5],[2049.5,614.0],[2049.5,613.0],[2049.0,612.5],[2048.5,611.0],[2048.0,610.5],[2047.5,610.0],[2047.5,608.0],[2047.5,607.0],[2047.0,606.5],[2046.5,606.0],[2046.5,604.0],[2046.5,603.0],[2046.0,602.5],[2045.5,601.0],[2045.5,600.0],[2046.0,599.5],[2046.5,599.0],[2046.5,597.0],[2046.5,596.0],[2046.5,595.0],[2046.5,593.0],[2046.5,592.0],[2046.5,591.0],[2046.5,590.0],[2047.5,589.0],[2047.5,588.0],[2047.5,587.0],[2047.5,585.0],[2047.5,584.0],[2047.5,583.0],[2047.5,582.0],[2047.5,580.0],[2047.5,579.0],[2047.5,578.0],[2047.5,576.0],[2047.5,575.0],[2047.0,574.5],[2046.5,574.0],[2046.5,572.0],[2046.0,571.5],[2045.5,571.0],[2045.5,569.0],[2045.5,568.0],[2045.5,567.0],[2045.5,566.0],[2046.0,564.5],[2047.0,564.5],[2047.5,564.0],[2049.0,563.5],[2049.5,563.0],[2050.0,562.5],[2051.0,562.5],[2052.0,561.5],[2053.0,561.5],[2053.5,561.0],[2055.0,560.5],[2056.0,560.5],[2057.0,560.5],[2058.0,560.5],[2059.0,559.5],[2060.0,559.5],[2061.0,559.5],[2063.0,559.5],[2064.0,559.5],[2065.0,559.5],[2066.5,559.0],[2067.0,558.5],[2068.0,558.5],[2069.0,558.5],[2071.0,558.5],[2072.0,558.5],[2073.0,558.5],[2075.0,558.5],[2076.0,558.5],[2077.0,558.5],[2078.0,558.5],[2080.0,558.5],[2081.0,558.5],[2082.0,558.5],[2084.0,558.5],[2085.0,558.5],[2085.5,559.0],[2086.0,559.5],[2087.0,558.5],[2088.0,558.5],[2089.0,558.5],[2090.5,559.0],[2091.0,559.5],[2092.0,559.5],[2093.0,559.5],[2095.0,559.5],[2095.5,560.0],[2096.0,560.5],[2097.5,561.0],[2098.0,561.5],[2099.0,561.5],[2099.5,562.0],[2100.5,563.0],[2101.0,563.5],[2101.5,564.0],[2102.5,565.0],[2103.0,565.5],[2103.5,566.0],[2104.0,566.5],[2105.0,567.5],[2105.5,568.0],[2106.0,568.5],[2107.0,569.5],[2107.5,570.0],[2108.0,570.5],[2108.5,571.0],[2109.5,572.0],[2110.0,572.5],[2110.5,573.0],[2111.5,574.0],[2112.0,574.5],[2112.5,575.0],[2113.0,575.5],[2114.0,576.5],[2114.5,577.0],[2115.0,577.5],[2116.0,578.5],[2116.5,579.0],[2116.5,580.0],[2117.0,580.5],[2118.0,581.5],[2118.5,582.0],[2118.5,583.0],[2119.5,584.0],[2119.5,585.0],[2119.5,586.0],[2120.0,586.5],[2120.5,588.0],[2120.5,589.0],[2120.5,590.0],[2121.5,591.0],[2121.5,592.0],[2121.5,593.0],[2121.5,594.0],[2121.5,596.0],[2121.5,597.0],[2121.5,598.0],[2122.5,599.0],[2122.5,600.0],[2122.5,601.0],[2122.0,601.5],[2121.5,603.0],[2122.0,603.5],[2122.5,604.0],[2122.5,606.0],[2122.5,607.0],[2122.5,608.0],[2122.5,609.0],[2122.0,610.5],[2121.5,611.0],[2121.5,612.0],[2121.5,614.0],[2121.5,615.0],[2121.5,616.0],[2121.5,617.0],[2121.0,618.5],[2120.5,619.0],[2120.5,620.0],[2120.5,622.0],[2120.5,623.0],[2120.0,623.5],[2119.5,624.0],[2119.0,625.5],[2118.5,626.0],[2118.0,626.5],[2117.5,628.0],[2117.0,628.5],[2116.5,629.0],[2116.5,630.0],[2115.5,631.0],[2115.5,632.0],[2115.0,632.5],[2114.5,634.0],[2114.0,634.5],[2113.5,635.0],[2113.0,635.5],[2112.0,636.5],[2111.5,637.0],[2111.0,637.5],[2110.0,638.5],[2109.5,639.0],[2109.0,639.5],[2108.5,640.0],[2107.5,641.0],[2107.0,641.5]]",243118.7699623108,431071.4427680969,105.43655395507812,,,,,0.0005705874,4963,좌안_사력댐_제체,NOF_좌안(대전측)_콘크리트부,,,0.9919425079281139,../../Data/DJI_20260826094549_0300_V.JPG,../Overlay/DLM/P000446.png,mapped,local_surface_estimate
DJI_20260826094549_0300_V.JPG,P000447,DLM,박리,"[[2149.0,640.5],[2148.0,640.5],[2147.0,640.5],[2146.0,640.5],[2145.0,640.5],[2144.0,640.5],[2143.0,640.5],[2142.0,640.5],[2141.0,640.5],[2140.5,640.0],[2140.0,639.5],[2139.0,639.5],[2138.0,639.5],[2137.5,639.0],[2137.0,638.5],[2136.0,638.5],[2135.5,638.0],[2135.0,637.5],[2134.5,637.0],[2134.0,636.5],[2133.0,636.5],[2132.5,636.0],[2132.0,635.5],[2131.5,635.0],[2131.5,634.0],[2131.0,633.5],[2130.5,633.0],[2130.0,632.5],[2129.5,632.0],[2129.5,631.0],[2129.0,630.5],[2128.5,630.0],[2128.5,629.0],[2128.5,628.0],[2128.5,627.0],[2128.0,626.5],[2127.5,626.0],[2127.5,625.0],[2127.5,624.0],[2127.5,623.0],[2127.5,622.0],[2127.5,621.0],[2127.5,620.0],[2127.5,619.0],[2127.5,618.0],[2127.5,617.0],[2128.0,616.5],[2128.5,616.0],[2128.5,615.0],[2128.5,614.0],[2128.5,613.0],[2129.0,612.5],[2129.5,612.0],[2129.5,611.0],[2129.5,610.0],[2130.0,609.5],[2130.5,609.0],[2130.5,608.0],[2131.0,607.5],[2131.5,607.0],[2131.5,606.0],[2131.5,605.0],[2131.5,604.0],[2131.5,603.0],[2131.5,602.0],[2132.0,601.5],[2132.5,601.0],[2132.5,600.0],[2133.0,599.5],[2133.5,599.0],[2133.5,598.0],[2134.0,597.5],[2134.5,597.0],[2134.5,596.0],[2135.0,595.5],[2136.0,595.5],[2136.5,595.0],[2136.5,594.0],[2137.0,593.5],[2137.5,593.0],[2138.0,592.5],[2138.5,592.0],[2139.0,591.5],[2140.0,591.5],[2140.5,591.0],[2141.0,590.5],[2141.5,590.0],[2142.0,589.5],[2143.0,589.5],[2143.5,589.0],[2144.0,588.5],[2145.0,588.5],[2146.0,588.5],[2147.0,588.5],[2148.0,588.5],[2149.0,588.5],[2149.5,589.0],[2150.0,589.5],[2151.0,589.5],[2151.5,590.0],[2152.0,590.5],[2152.5,591.0],[2153.0,591.5],[2153.5,592.0],[2154.0,592.5],[2154.5,593.0],[2155.0,593.5],[2155.5,594.0],[2155.5,595.0],[2156.0,595.5],[2156.5,596.0],[2156.5,597.0],[2157.0,597.5],[2157.5,598.0],[2157.5,599.0],[2157.5,600.0],[2157.5,601.0],[2158.0,601.5],[2158.5,602.0],[2158.5,603.0],[2158.5,604.0],[2159.0,604.5],[2159.5,605.0],[2159.5,606.0],[2159.5,607.0],[2160.0,607.5],[2160.5,608.0],[2160.5,609.0],[2160.5,610.0],[2161.0,610.5],[2161.5,611.0],[2161.5,612.0],[2161.5,613.0],[2161.5,614.0],[2161.5,615.0],[2161.5,616.0],[2161.5,617.0],[2161.5,618.0],[2161.5,619.0],[2161.5,620.0],[2161.0,620.5],[2160.5,621.0],[2160.5,622.0],[2160.5,623.0],[2160.5,624.0],[2160.0,624.5],[2159.5,625.0],[2159.5,626.0],[2159.5,627.0],[2159.5,628.0],[2159.0,628.5],[2158.5,629.0],[2158.5,630.0],[2158.5,631.0],[2158.0,631.5],[2157.5,632.0],[2157.5,633.0],[2157.0,633.5],[2156.5,634.0],[2156.5,635.0],[2156.0,635.5],[2155.5,636.0],[2155.0,636.5],[2154.5,637.0],[2154.0,637.5],[2153.5,638.0],[2153.0,638.5],[2152.5,639.0],[2152.0,639.5],[2151.0,639.5],[2150.0,639.5],[2149.5,640.0],[2149.0,640.5]]",243118.7766532898,431071.4231491089,105.42992782592773,,,,,0.0001569316,1365,좌안_사력댐_제체,NOF_좌안(대전측)_콘크리트부,,,0.9867618841566009,../../Data/DJI_20260826094549_0300_V.JPG,../Overlay/DLM/P000447.png,mapped,local_surface_estimate
DJI_20260826094549_0300_V.JPG,P000448,DLM,박리,"[[2054.0,710.5],[2053.0,710.5],[2052.0,710.5],[2051.0,710.5],[2050.0,710.5],[2049.0,710.5],[2048.5,710.0],[2048.0,709.5],[2047.5,709.0],[2047.5,708.0],[2047.5,707.0],[2047.0,706.5],[2046.5,706.0],[2046.0,705.5],[2045.5,705.0],[2045.5,704.0],[2045.5,703.0],[2045.5,702.0],[2045.5,701.0],[2045.5,700.0],[2045.5,699.0],[2045.5,698.0],[2045.5,697.0],[2045.5,696.0],[2045.5,695.0],[2045.5,694.0],[2045.5,693.0],[2045.5,692.0],[2045.5,691.0],[2045.5,690.0],[2045.5,689.0],[2045.5,688.0],[2045.5,687.0],[2045.5,686.0],[2045.5,685.0],[2045.5,684.0],[2045.5,683.0],[2045.5,682.0],[2045.5,681.0],[2045.5,680.0],[2045.5,679.0],[2045.5,678.0],[2045.5,677.0],[2045.5,676.0],[2045.5,675.0],[2045.5,674.0],[2045.5,673.0],[2045.5,672.0],[2045.5,671.0],[2045.5,670.0],[2045.5,669.0],[2045.5,668.0],[2045.0,667.5],[2044.5,667.0],[2044.5,666.0],[2044.5,665.0],[2044.5,664.0],[2045.0,663.5],[2045.5,663.0],[2045.5,662.0],[2045.5,661.0],[2045.5,660.0],[2045.5,659.0],[2045.5,658.0],[2045.5,657.0],[2045.5,656.0],[2045.0,655.5],[2044.5,655.0],[2044.5,654.0],[2044.5,653.0],[2045.0,652.5],[2046.0,652.5],[2046.5,652.0],[2047.0,651.5],[2048.0,651.5],[2048.5,651.0],[2049.0,650.5],[2050.0,650.5],[2051.0,650.5],[2052.0,650.5],[2053.0,650.5],[2054.0,650.5],[2055.0,650.5],[2055.5,651.0],[2056.0,651.5],[2057.0,651.5],[2057.5,652.0],[2058.0,652.5],[2058.5,653.0],[2059.0,653.5],[2059.5,654.0],[2059.5,655.0],[2060.0,655.5],[2060.5,656.0],[2061.0,656.5],[2061.5,657.0],[2061.5,658.0],[2062.0,658.5],[2062.5,659.0],[2062.5,660.0],[2063.0,660.5],[2063.5,661.0],[2063.5,662.0],[2063.5,663.0],[2064.0,663.5],[2064.5,664.0],[2064.5,665.0],[2064.5,666.0],[2064.5,667.0],[2064.5,668.0],[2064.5,669.0],[2064.5,670.0],[2065.0,670.5],[2065.5,671.0],[2065.5,672.0],[2065.5,673.0],[2065.5,674.0],[2065.5,675.0],[2065.5,676.0],[2065.5,677.0],[2065.5,678.0],[2065.5,679.0],[2065.0,679.5],[2064.5,680.0],[2064.5,681.0],[2064.5,682.0],[2064.5,683.0],[2064.5,684.0],[2064.5,685.0],[2064.5,686.0],[2064.5,687.0],[2064.5,688.0],[2064.5,689.0],[2064.0,689.5],[2063.5,690.0],[2063.5,691.0],[2063.5,692.0],[2063.5,693.0],[2063.5,694.0],[2063.0,694.5],[2062.5,695.0],[2062.5,696.0],[2062.5,697.0],[2062.5,698.0],[2062.0,698.5],[2061.5,699.0],[2061.5,700.0],[2061.0,700.5],[2060.5,701.0],[2060.5,702.0],[2060.5,703.0],[2060.0,703.5],[2059.5,704.0],[2059.5,705.0],[2059.0,705.5],[2058.5,706.0],[2058.5,707.0],[2058.0,707.5],[2057.5,708.0],[2057.0,708.5],[2056.5,709.0],[2056.0,709.5],[2055.0,709.5],[2054.5,710.0],[2054.0,710.5]]",243118.76666641235,431071.4524230957,105.40854263305664,,,,,0.0001168516,1015,좌안_사력댐_제체,NOF_좌안(대전측)_콘크리트부,,,0.9742871857629034,../../Data/DJI_20260826094549_0300_V.JPG,../Overlay/DLM/P000448.png,mapped,local_surface_estimate
DJI_20260826094549_0300_V.JPG,P000449,DLM,박리,"[[4023.0,787.5],[4022.0,787.5],[4021.0,787.5],[4020.5,787.0],[4020.5,786.0],[4020.5,785.0],[4020.5,784.0],[4020.0,783.5],[4019.5,783.0],[4019.0,782.5],[4018.5,782.0],[4018.5,781.0],[4018.0,780.5],[4017.5,780.0],[4017.5,779.0],[4017.5,778.0],[4017.5,777.0],[4017.5,776.0],[4017.0,775.5],[4016.5,775.0],[4016.5,774.0],[4016.5,773.0],[4016.5,772.0],[4016.5,771.0],[4016.5,770.0],[4016.5,769.0],[4016.5,768.0],[4017.0,767.5],[4017.5,767.0],[4018.0,766.5],[4018.5,766.0],[4019.0,765.5],[4019.5,765.0],[4020.0,764.5],[4020.5,764.0],[4021.0,763.5],[4021.5,763.0],[4022.0,762.5],[4023.0,762.5],[4024.0,762.5],[4025.0,762.5],[4025.5,763.0],[4025.5,764.0],[4025.5,765.0],[4025.5,766.0],[4025.5,767.0],[4025.5,768.0],[4025.5,769.0],[4025.5,770.0],[4025.5,771.0],[4025.5,772.0],[4025.5,773.0],[4025.5,774.0],[4025.5,775.0],[4025.5,776.0],[4025.5,777.0],[4025.5,778.0],[4025.5,779.0],[4025.5,780.0],[4025.5,781.0],[4025.5,782.0],[4025.0,782.5],[4024.5,783.0],[4024.5,784.0],[4024.5,785.0],[4024.0,785.5],[4023.5,786.0],[4023.5,787.0],[4023.0,787.5]]",243118.9798927307,431070.8274078369,105.37126541137695,,,,,1.93603e-05,175,좌안_사력댐_제체,NOF_좌안(대전측)_콘크리트부,,,0.9533849477767944,../../Data/DJI_20260826094549_0300_V.JPG,../Overlay/DLM/P000449.png,mapped,local_surface_estimate
DJI_20260826094549_0300_V.JPG,P000450,DLM,박리,"[[4098.0,1114.5],[4095.0,1113.5],[4090.5,1113.0],[4088.0,1111.5],[4085.0,1109.5],[4083.0,1107.5],[4081.5,1104.0],[4080.5,1101.0],[4079.5,1097.0],[4079.0,1093.5],[4079.0,1089.5],[4079.5,1086.0],[4080.5,1082.0],[4080.5,1078.0],[4081.0,1073.5],[4081.5,1070.0],[4081.5,1065.0],[4081.0,1062.5],[4081.5,1058.0],[4080.5,1055.0],[4079.5,1051.0],[4078.5,1048.0],[4077.0,1044.5],[4075.0,1042.5],[4073.0,1039.5],[4071.0,1037.5],[4068.0,1035.5],[4065.0,1034.5],[4061.0,1033.5],[4058.0,1032.5],[4054.0,1031.5],[4050.0,1031.5],[4045.0,1031.5],[4041.0,1031.5],[4037.0,1030.5],[4033.5,1030.0],[4031.0,1027.5],[4030.5,1024.0],[4029.5,1021.0],[4029.5,1016.0],[4030.0,1013.5],[4029.0,1009.5],[4028.5,1006.0],[4027.5,1002.0],[4028.0,998.5],[4029.5,995.0],[4031.0,992.5],[4033.5,990.0],[4035.0,987.5],[4037.0,984.5],[4038.5,982.0],[4040.5,979.0],[4041.5,976.0],[4043.5,973.0],[4044.5,970.0],[4045.5,966.0],[4047.0,963.5],[4048.5,960.0],[4049.5,957.0],[4051.5,954.0],[4053.0,951.5],[4055.0,948.5],[4056.5,946.0],[4058.0,942.5],[4059.5,940.0],[4059.5,935.0],[4059.5,931.0],[4058.5,927.0],[4057.0,924.5],[4055.5,921.0],[4054.0,918.5],[4052.0,915.5],[4050.0,913.5],[4048.0,911.5],[4045.5,909.0],[4043.5,907.0],[4041.0,904.5],[4039.5,902.0],[4037.0,899.5],[4035.5,897.0],[4033.0,894.5],[4031.0,892.5],[4028.5,890.0],[4027.5,887.0],[4025.0,884.5],[4023.5,882.0],[4022.0,878.5],[4020.5,876.0],[4018.5,873.0],[4017.5,870.0],[4016.0,866.5],[4015.0,863.5],[4013.5,860.0],[4013.5,856.0],[4013.5,851.0],[4013.5,847.0],[4013.5,842.0],[4013.5,838.0],[4013.0,833.5],[4012.0,830.5],[4010.5,827.0],[4009.5,824.0],[4008.5,820.0],[4007.5,817.0],[4008.5,813.0],[4009.5,810.0],[4011.0,806.5],[4013.5,805.0],[4016.0,802.5],[4017.5,805.0],[4018.5,808.0],[4019.5,812.0],[4021.0,814.5],[4023.0,817.5],[4025.0,819.5],[4028.5,821.0],[4031.5,822.0],[4036.0,822.5],[4039.0,821.5],[4042.5,820.0],[4045.5,819.0],[4049.0,817.5],[4052.0,816.5],[4056.0,815.5],[4059.0,814.5],[4062.5,813.0],[4065.0,811.5],[4068.0,809.5],[4069.5,807.0],[4070.5,803.0],[4068.5,801.0],[4066.0,798.5],[4064.0,796.5],[4061.5,794.0],[4060.5,791.0],[4061.5,787.0],[4063.0,784.5],[4065.5,782.0],[4069.0,781.5],[4072.0,781.5],[4075.0,782.5],[4079.0,783.5],[4082.0,784.5],[4085.5,786.0],[4088.0,787.5],[4092.0,788.5],[4094.5,790.0],[4097.0,791.5],[4099.5,794.0],[4098.5,797.0],[4097.0,800.5],[4096.0,803.5],[4095.0,806.5],[4096.5,809.0],[4095.5,813.0],[4094.5,816.0],[4093.5,820.0],[4093.5,824.0],[4093.5,829.0],[4093.5,833.0],[4094.5,837.0],[4094.5,841.0],[4095.5,845.0],[4095.5,849.0],[4093.5,852.0],[4093.5,856.0],[4093.5,861.0],[4094.0,864.5],[4094.5,869.0],[4093.5,872.0],[4093.0,876.5],[4092.5,880.0],[4092.5,885.0],[4092.5,889.0],[4092.5,894.0],[4092.5,898.0],[4093.5,902.0],[4092.5,905.0],[4092.5,910.0],[4092.5,914.0],[4093.5,918.0],[4093.5,922.0],[4093.5,927.0],[4094.0,929.5],[4093.5,933.0],[4094.0,936.5],[4094.5,939.0],[4095.5,943.0],[4095.5,947.0],[4096.5,951.0],[4096.5,955.0],[4096.5,960.0],[4095.5,963.0],[4095.5,968.0],[4095.5,972.0],[4095.5,977.0],[4095.5,981.0],[4095.5,986.0],[4095.5,990.0],[4095.5,995.0],[4095.5,999.0],[4096.5,1003.0],[4099.0,1004.5],[4102.0,1006.5],[4105.5,1006.0],[4109.0,1004.5],[4112.5,1004.0],[4117.0,1003.5],[4120.5,1004.0],[4124.5,1005.0],[4126.5,1007.0],[4129.0,1009.5],[4131.0,1011.5],[4132.5,1015.0],[4134.0,1017.5],[4136.5,1020.0],[4139.0,1021.5],[4142.0,1023.5],[4144.0,1025.5],[4146.0,1027.5],[4149.0,1029.5],[4151.0,1031.5],[4154.0,1033.5],[4155.5,1036.0],[4157.5,1039.0],[4158.5,1042.0],[4159.5,1046.0],[4159.5,1050.0],[4158.5,1054.0],[4157.5,1057.0],[4156.0,1060.5],[4154.5,1063.0],[4153.5,1067.0],[4151.5,1069.0],[4150.5,1073.0],[4148.5,1075.0],[4147.0,1078.5],[4145.5,1081.0],[4143.5,1084.0],[4142.0,1086.5],[4140.0,1089.5],[4138.5,1092.0],[4136.0,1094.5],[4134.0,1096.5],[4131.0,1098.5],[4129.0,1100.5],[4125.5,1102.0],[4122.5,1103.0],[4119.0,1104.5],[4117.0,1106.5],[4113.5,1108.0],[4111.0,1109.5],[4107.5,1111.0],[4105.0,1112.5],[4101.0,1113.5],[4098.0,1114.5]]",243118.98598480225,431070.8095550537,105.3106575012207,,,,,0.0022813341,20679,좌안_사력댐_제체,NOF_좌안(대전측)_콘크리트부,,,0.9917224451947808,../../Data/DJI_20260826094549_0300_V.JPG,../Overlay/DLM/P000450.png,mapped,local_surface_estimate
DJI_20260826094549_0300_V.JPG,P000451,DLM,박리,"[[186.0,1309.5],[185.0,1309.5],[184.5,1309.0],[184.0,1308.5],[183.5,1308.0],[183.0,1307.5],[182.5,1307.0],[182.0,1306.5],[181.5,1306.0],[181.5,1305.0],[181.0,1304.5],[180.5,1304.0],[180.5,1303.0],[180.5,1302.0],[180.0,1301.5],[179.5,1301.0],[179.5,1300.0],[179.0,1299.5],[178.5,1299.0],[178.0,1298.5],[177.5,1298.0],[177.0,1297.5],[176.0,1297.5],[175.5,1297.0],[175.0,1296.5],[174.5,1296.0],[174.5,1295.0],[174.0,1294.5],[173.5,1294.0],[173.5,1293.0],[173.5,1292.0],[173.0,1291.5],[172.5,1291.0],[172.5,1290.0],[172.5,1289.0],[172.5,1288.0],[172.5,1287.0],[172.5,1286.0],[172.5,1285.0],[172.0,1284.5],[171.5,1284.0],[171.5,1283.0],[171.5,1282.0],[171.5,1281.0],[171.5,1280.0],[172.0,1279.5],[172.5,1279.0],[172.5,1278.0],[172.5,1277.0],[172.5,1276.0],[173.0,1275.5],[173.5,1275.0],[173.5,1274.0],[173.5,1273.0],[174.0,1272.5],[175.0,1272.5],[175.5,1272.0],[176.0,1271.5],[177.0,1271.5],[177.5,1271.0],[178.0,1270.5],[178.5,1270.0],[179.0,1269.5],[179.5,1269.0],[180.0,1268.5],[181.0,1268.5],[181.5,1269.0],[182.0,1269.5],[182.5,1270.0],[183.0,1270.5],[183.5,1271.0],[183.5,1272.0],[184.0,1272.5],[184.5,1273.0],[184.5,1274.0],[184.5,1275.0],[185.0,1275.5],[185.5,1276.0],[185.5,1277.0],[185.5,1278.0],[185.5,1279.0],[185.5,1280.0],[185.5,1281.0],[186.0,1281.5],[186.5,1282.0],[186.5,1283.0],[186.5,1284.0],[186.5,1285.0],[186.5,1286.0],[186.5,1287.0],[186.5,1288.0],[187.0,1288.5],[187.5,1289.0],[187.5,1290.0],[187.5,1291.0],[187.5,1292.0],[187.5,1293.0],[187.5,1294.0],[188.0,1294.5],[188.5,1295.0],[188.5,1296.0],[188.5,1297.0],[188.5,1298.0],[188.5,1299.0],[188.5,1300.0],[188.5,1301.0],[188.5,1302.0],[188.5,1303.0],[188.5,1304.0],[188.0,1304.5],[187.5,1305.0],[187.5,1306.0],[187.5,1307.0],[187.0,1307.5],[186.5,1308.0],[186.5,1309.0],[186.0,1309.5]]",243118.5582962036,431072.0631942749,105.20570755004883,,,,,5.35338e-05,447,좌안_사력댐_제체,NOF_좌안(대전측)_콘크리트부,,,0.9286944106121191,../../Data/DJI_20260826094549_0300_V.JPG,../Overlay/DLM/P000451.png,mapped,local_surface_estimate
DJI_20260826094700_0360_V.JPG,P000493,DLM,박리,"[[1372.0,1161.5],[1359.0,1160.5],[1345.0,1159.5],[1333.5,1157.0],[1323.0,1152.5],[1314.0,1147.5],[1305.0,1141.5],[1297.5,1135.0],[1289.5,1129.0],[1281.5,1122.0],[1274.0,1115.5],[1263.5,1111.0],[1252.0,1108.5],[1238.0,1107.5],[1225.0,1106.5],[1214.0,1103.5],[1203.0,1099.5],[1193.0,1095.5],[1182.0,1091.5],[1171.5,1088.0],[1161.0,1083.5],[1151.0,1079.5],[1141.5,1075.0],[1130.0,1071.5],[1116.5,1071.0],[1104.0,1070.5],[1091.0,1069.5],[1078.0,1067.5],[1067.5,1064.0],[1057.0,1059.5],[1047.5,1055.0],[1038.0,1050.5],[1029.0,1044.5],[1021.0,1038.5],[1013.0,1031.5],[1005.5,1025.0],[997.0,1018.5],[988.5,1013.0],[982.5,1005.0],[976.0,996.5],[967.0,991.5],[955.0,994.5],[946.0,999.5],[935.0,1003.5],[926.5,1009.0],[918.0,1014.5],[910.0,1021.5],[902.0,1027.5],[892.0,1032.5],[882.0,1036.5],[873.0,1042.5],[865.0,1048.5],[856.5,1054.0],[847.0,1059.5],[839.5,1066.0],[829.5,1071.0],[820.0,1075.5],[809.0,1079.5],[799.0,1083.5],[789.0,1087.5],[776.0,1089.5],[764.0,1091.5],[751.0,1093.5],[738.0,1092.5],[726.0,1089.5],[715.0,1086.5],[705.0,1082.5],[696.0,1076.5],[687.5,1071.0],[678.0,1065.5],[670.5,1059.0],[663.0,1051.5],[656.0,1044.5],[650.0,1036.5],[645.5,1026.0],[642.5,1015.0],[639.5,1003.0],[639.0,990.5],[644.5,981.0],[650.0,972.5],[657.5,965.0],[665.0,958.5],[672.0,951.5],[679.5,944.0],[685.5,936.0],[693.0,928.5],[701.0,922.5],[710.0,916.5],[719.0,911.5],[728.0,906.5],[738.0,901.5],[747.0,896.5],[757.0,891.5],[767.0,887.5],[778.0,883.5],[789.0,880.5],[800.0,877.5],[812.0,874.5],[822.5,871.0],[831.0,864.5],[839.0,858.5],[847.0,851.5],[854.0,844.5],[861.5,838.0],[873.0,834.5],[883.5,831.0],[893.0,825.5],[901.0,819.5],[912.5,816.0],[923.0,812.5],[936.0,811.5],[949.0,813.5],[959.5,817.0],[972.0,819.5],[984.0,819.5],[994.0,824.5],[1000.5,832.0],[1009.0,837.5],[1020.0,841.5],[1030.0,845.5],[1041.0,849.5],[1052.5,847.0],[1062.5,842.0],[1074.0,839.5],[1086.0,839.5],[1098.5,842.0],[1107.0,847.5],[1120.0,849.5],[1134.0,849.5],[1148.0,848.5],[1159.0,851.5],[1173.0,852.5],[1185.0,852.5],[1193.0,858.5],[1203.5,863.0],[1215.0,865.5],[1226.0,869.5],[1238.0,871.5],[1252.0,872.5],[1263.0,873.5],[1275.0,871.5],[1283.5,865.0],[1288.5,856.0],[1291.5,844.0],[1300.0,838.5],[1313.5,840.0],[1324.0,843.5],[1335.0,844.5],[1346.5,841.0],[1357.0,837.5],[1370.0,835.5],[1383.0,836.5],[1397.0,837.5],[1408.0,840.5],[1422.0,840.5],[1434.0,839.5],[1444.0,835.5],[1454.5,831.0],[1466.0,828.5],[1480.0,827.5],[1492.0,825.5],[1505.0,824.5],[1519.0,825.5],[1532.0,824.5],[1544.5,822.0],[1557.0,820.5],[1566.5,815.0],[1573.5,808.0],[1580.5,801.0],[1587.5,793.0],[1595.5,792.0],[1601.5,799.0],[1609.5,805.0],[1616.0,813.5],[1619.5,824.0],[1628.5,828.0],[1639.5,830.0],[1652.0,828.5],[1665.0,828.5],[1676.0,829.5],[1689.0,829.5],[1703.0,829.5],[1717.0,830.5],[1729.0,832.5],[1740.0,835.5],[1750.5,840.0],[1756.0,848.5],[1764.0,855.5],[1776.5,854.0],[1787.0,849.5],[1798.0,846.5],[1809.0,849.5],[1821.0,852.5],[1834.0,853.5],[1847.0,855.5],[1854.5,862.0],[1856.5,875.0],[1856.5,889.0],[1857.5,902.0],[1859.5,915.0],[1861.5,927.0],[1865.5,938.0],[1867.5,950.0],[1867.5,965.0],[1867.5,979.0],[1870.5,990.0],[1871.5,1002.0],[1866.5,1011.0],[1861.5,1021.0],[1857.0,1030.5],[1850.5,1039.0],[1845.0,1047.5],[1838.0,1054.5],[1830.5,1062.0],[1823.0,1068.5],[1814.0,1074.5],[1807.5,1082.0],[1803.0,1092.5],[1795.0,1098.5],[1788.0,1105.5],[1779.5,1112.0],[1768.0,1112.5],[1756.0,1109.5],[1751.0,1106.5],[1740.0,1102.5],[1729.0,1099.5],[1717.0,1097.5],[1703.0,1096.5],[1690.5,1098.0],[1679.5,1102.0],[1670.0,1106.5],[1661.5,1113.0],[1654.0,1119.5],[1644.5,1125.0],[1635.0,1129.5],[1625.0,1133.5],[1612.5,1136.0],[1601.0,1138.5],[1589.0,1141.5],[1577.0,1143.5],[1562.0,1143.5],[1549.5,1142.0],[1536.5,1142.0],[1526.0,1146.5],[1517.0,1151.5],[1506.0,1155.5],[1494.0,1157.5],[1481.0,1159.5],[1467.0,1159.5],[1455.0,1159.5],[1440.0,1159.5],[1427.0,1158.5],[1413.0,1159.5],[1399.0,1159.5],[1384.0,1159.5],[1372.0,1161.5]]",243110.63339233398,431095.2928161621,105.33502197265625,,,,,0.0704433816,299335,좌안_사력댐_제체,NOF_좌안(대전측)_콘크리트부,,,0.9963892004212997,../../Data/DJI_20260826094700_0360_V.JPG,../Overlay/DLM/P000493.png,mapped,local_surface_estimate
DJI_20260826094700_0360_V.JPG,P000494,DLM,박리,"[[2711.0,1539.5],[2708.0,1539.5],[2705.0,1539.5],[2702.0,1539.5],[2698.5,1539.0],[2696.0,1538.5],[2693.0,1538.5],[2691.0,1537.5],[2688.0,1537.5],[2685.0,1537.5],[2683.0,1536.5],[2680.0,1536.5],[2676.0,1536.5],[2673.0,1536.5],[2670.0,1536.5],[2667.0,1536.5],[2664.0,1536.5],[2661.0,1536.5],[2658.0,1536.5],[2655.0,1536.5],[2652.0,1537.5],[2649.0,1537.5],[2647.0,1536.5],[2644.0,1536.5],[2642.0,1535.5],[2639.5,1535.0],[2638.5,1533.0],[2637.5,1531.0],[2636.5,1528.0],[2636.5,1525.0],[2635.5,1523.0],[2635.0,1520.5],[2634.0,1518.5],[2634.5,1517.0],[2635.5,1515.0],[2637.5,1513.0],[2640.0,1512.5],[2642.0,1511.5],[2644.5,1511.0],[2647.0,1510.5],[2650.0,1510.5],[2653.0,1510.5],[2656.0,1510.5],[2660.0,1510.5],[2663.0,1510.5],[2666.0,1510.5],[2668.0,1509.5],[2670.5,1509.0],[2673.0,1508.5],[2676.0,1508.5],[2679.0,1508.5],[2682.0,1507.5],[2684.0,1508.5],[2687.0,1508.5],[2690.0,1508.5],[2692.5,1509.0],[2695.0,1509.5],[2698.0,1509.5],[2702.0,1509.5],[2705.0,1509.5],[2708.0,1509.5],[2710.0,1510.5],[2713.0,1510.5],[2715.0,1511.5],[2718.0,1511.5],[2721.0,1511.5],[2724.0,1512.5],[2727.0,1512.5],[2729.0,1513.5],[2732.0,1513.5],[2734.0,1514.5],[2737.0,1514.5],[2739.0,1515.5],[2741.5,1516.0],[2745.0,1516.5],[2747.0,1517.5],[2750.0,1517.5],[2752.0,1518.5],[2755.0,1518.5],[2758.0,1518.5],[2760.5,1518.0],[2762.5,1517.0],[2765.0,1515.5],[2766.5,1514.0],[2768.0,1512.5],[2770.0,1511.5],[2771.5,1510.0],[2773.0,1508.5],[2775.0,1507.5],[2777.0,1505.5],[2779.0,1504.5],[2781.5,1504.0],[2783.0,1502.5],[2785.0,1501.5],[2787.5,1501.0],[2790.0,1500.5],[2792.0,1499.5],[2795.0,1498.5],[2797.0,1497.5],[2800.0,1497.5],[2802.0,1496.5],[2805.0,1496.5],[2807.0,1495.5],[2809.5,1495.0],[2812.0,1494.5],[2815.0,1493.5],[2818.0,1493.5],[2820.0,1492.5],[2823.0,1492.5],[2825.5,1492.0],[2828.0,1491.5],[2830.0,1490.5],[2832.0,1489.5],[2836.0,1489.5],[2838.5,1489.0],[2841.0,1488.5],[2844.0,1488.5],[2847.0,1488.5],[2850.0,1488.5],[2852.0,1487.5],[2856.0,1487.5],[2859.0,1487.5],[2861.0,1486.5],[2864.0,1486.5],[2866.5,1486.0],[2869.0,1485.5],[2872.0,1485.5],[2874.0,1484.5],[2878.0,1484.5],[2880.5,1484.0],[2883.0,1483.5],[2886.0,1483.5],[2888.5,1484.0],[2891.0,1484.5],[2893.0,1485.5],[2895.0,1486.5],[2897.5,1488.0],[2899.0,1489.5],[2900.0,1491.5],[2902.0,1492.5],[2903.5,1494.0],[2905.5,1495.0],[2908.0,1495.5],[2911.0,1496.5],[2914.0,1496.5],[2917.0,1496.5],[2919.5,1497.0],[2922.0,1497.5],[2924.5,1498.0],[2927.0,1498.5],[2929.0,1499.5],[2931.0,1501.5],[2933.0,1502.5],[2934.5,1504.0],[2936.0,1505.5],[2937.5,1507.0],[2938.5,1509.0],[2939.5,1511.0],[2941.0,1512.5],[2942.0,1515.5],[2942.5,1518.0],[2943.5,1520.0],[2943.5,1523.0],[2943.5,1526.0],[2943.0,1528.5],[2942.0,1530.5],[2940.5,1532.0],[2937.5,1533.0],[2935.0,1533.5],[2933.0,1534.5],[2931.0,1535.5],[2928.0,1535.5],[2926.0,1536.5],[2923.5,1537.0],[2920.0,1537.5],[2917.0,1537.5],[2914.0,1537.5],[2911.5,1538.0],[2909.5,1538.0],[2907.0,1537.5],[2905.0,1538.5],[2902.0,1538.5],[2898.0,1538.5],[2895.5,1538.0],[2893.0,1537.5],[2890.0,1537.5],[2888.0,1536.5],[2885.5,1536.0],[2883.5,1535.0],[2881.5,1534.0],[2878.5,1533.0],[2876.0,1532.5],[2874.0,1531.5],[2871.5,1531.0],[2869.0,1530.5],[2867.0,1529.5],[2864.5,1529.0],[2862.0,1528.5],[2859.0,1527.5],[2856.0,1527.5],[2853.0,1527.5],[2850.0,1527.5],[2848.0,1528.5],[2846.0,1529.5],[2844.0,1528.5],[2841.0,1527.5],[2839.0,1526.5],[2837.0,1525.5],[2834.5,1525.0],[2832.0,1524.5],[2830.0,1523.5],[2827.0,1523.5],[2824.0,1523.5],[2820.0,1523.5],[2817.0,1523.5],[2815.0,1524.5],[2812.5,1525.0],[2810.0,1525.5],[2807.0,1525.5],[2805.0,1526.5],[2802.0,1526.5],[2798.0,1526.5],[2795.0,1526.5],[2793.0,1527.5],[2790.0,1527.5],[2787.5,1527.0],[2785.0,1526.5],[2782.0,1526.5],[2778.0,1526.5],[2775.0,1526.5],[2773.0,1527.5],[2770.0,1527.5],[2768.0,1528.5],[2766.0,1529.5],[2764.0,1530.5],[2762.0,1531.5],[2759.0,1532.5],[2756.5,1533.0],[2754.0,1533.5],[2751.0,1533.5],[2748.5,1533.0],[2746.0,1532.5],[2743.0,1532.5],[2740.5,1532.0],[2737.5,1532.0],[2735.0,1532.5],[2732.5,1533.0],[2730.0,1533.5],[2728.0,1534.5],[2725.5,1535.0],[2723.0,1535.5],[2721.0,1536.5],[2718.0,1537.5],[2716.0,1538.5],[2713.0,1538.5],[2711.0,1539.5]]",243110.8741569519,431094.5870876312,105.07783508300781,,,,,0.0025380967,9470,좌안_사력댐_제체,NOF_좌안(대전측)_콘크리트부,,,0.9870936709573176,../../Data/DJI_20260826094700_0360_V.JPG,../Overlay/DLM/P000494.png,mapped,local_surface_estimate
DJI_20260826094700_0360_V.JPG,P000495,DLM,박리,"[[1918.0,2031.5],[1916.5,2028.0],[1915.5,2023.0],[1913.0,2020.5],[1911.5,2017.0],[1909.0,2013.5],[1907.5,2010.0],[1906.5,2006.0],[1904.5,2002.0],[1903.5,1998.0],[1902.0,1994.5],[1900.0,1990.5],[1897.5,1988.0],[1896.0,1984.5],[1893.5,1981.0],[1892.5,1977.0],[1891.0,1973.5],[1890.0,1968.5],[1889.5,1964.0],[1889.5,1959.0],[1889.5,1953.0],[1889.5,1948.0],[1889.5,1943.0],[1890.5,1938.0],[1890.5,1933.0],[1891.5,1929.0],[1891.5,1923.0],[1892.5,1919.0],[1893.5,1915.0],[1895.5,1911.0],[1896.5,1907.0],[1896.5,1902.0],[1895.5,1897.0],[1893.5,1894.0],[1891.5,1891.0],[1889.0,1887.5],[1887.5,1884.0],[1886.5,1880.0],[1885.5,1875.0],[1884.5,1871.0],[1884.5,1866.0],[1885.5,1861.0],[1886.0,1856.5],[1887.5,1853.0],[1889.5,1849.0],[1890.5,1845.0],[1892.5,1842.0],[1894.5,1838.0],[1894.5,1833.0],[1895.5,1829.0],[1896.5,1824.0],[1897.5,1820.0],[1898.5,1816.0],[1899.5,1811.0],[1901.5,1808.0],[1902.5,1804.0],[1904.0,1799.5],[1904.5,1795.0],[1905.5,1791.0],[1907.5,1787.0],[1908.5,1783.0],[1910.5,1780.0],[1913.0,1776.5],[1915.0,1773.5],[1917.0,1770.5],[1920.0,1767.5],[1922.5,1765.0],[1925.0,1762.5],[1927.5,1759.0],[1930.0,1756.5],[1931.5,1753.0],[1929.5,1749.0],[1926.5,1747.0],[1923.5,1745.0],[1919.5,1743.0],[1916.5,1741.0],[1913.0,1739.5],[1909.5,1737.0],[1907.5,1734.0],[1905.5,1731.0],[1903.5,1727.0],[1902.5,1723.0],[1901.5,1719.0],[1900.5,1714.0],[1900.5,1709.0],[1900.5,1704.0],[1901.5,1699.0],[1902.5,1695.0],[1904.5,1692.0],[1905.5,1687.0],[1907.5,1684.0],[1908.5,1680.0],[1909.5,1675.0],[1909.5,1670.0],[1908.5,1666.0],[1907.0,1661.5],[1905.5,1658.0],[1904.5,1654.0],[1903.0,1649.5],[1901.0,1646.5],[1899.5,1643.0],[1896.5,1640.0],[1895.0,1636.5],[1893.5,1633.0],[1891.5,1629.0],[1890.0,1625.5],[1888.5,1622.0],[1887.0,1617.5],[1885.5,1614.0],[1884.0,1610.5],[1882.0,1606.5],[1879.5,1604.0],[1877.5,1601.0],[1874.5,1598.0],[1872.5,1595.0],[1870.5,1592.0],[1868.0,1588.5],[1866.0,1585.5],[1864.0,1582.5],[1861.5,1579.0],[1859.5,1576.0],[1857.5,1573.0],[1855.0,1569.5],[1853.0,1566.5],[1852.0,1562.5],[1850.5,1558.0],[1850.5,1553.0],[1851.0,1548.5],[1851.5,1543.0],[1852.5,1539.0],[1853.5,1535.0],[1857.0,1532.5],[1860.5,1531.0],[1865.0,1530.5],[1870.0,1531.5],[1874.0,1532.5],[1878.0,1533.5],[1883.0,1534.5],[1887.0,1535.5],[1891.0,1536.5],[1897.0,1536.5],[1902.0,1536.5],[1907.0,1536.5],[1913.0,1536.5],[1917.0,1535.5],[1921.0,1536.5],[1926.0,1535.5],[1929.5,1537.0],[1930.5,1541.0],[1930.5,1547.0],[1929.5,1551.0],[1929.5,1556.0],[1928.5,1561.0],[1927.5,1565.0],[1927.5,1570.0],[1926.5,1575.0],[1926.5,1580.0],[1926.5,1585.0],[1926.5,1591.0],[1926.5,1596.0],[1927.5,1600.0],[1927.5,1606.0],[1927.5,1611.0],[1928.0,1615.5],[1927.5,1620.0],[1928.5,1624.0],[1927.5,1628.0],[1926.5,1633.0],[1926.5,1638.0],[1925.5,1642.0],[1924.5,1647.0],[1924.5,1652.0],[1923.5,1656.0],[1924.5,1661.0],[1924.5,1666.0],[1925.5,1670.0],[1926.5,1675.0],[1928.0,1678.5],[1929.0,1682.5],[1929.5,1688.0],[1930.5,1692.0],[1930.5,1697.0],[1930.5,1703.0],[1930.5,1708.0],[1931.5,1712.0],[1932.5,1717.0],[1933.5,1721.0],[1935.5,1724.0],[1937.5,1728.0],[1938.5,1732.0],[1939.5,1736.0],[1939.5,1742.0],[1939.5,1747.0],[1939.0,1750.5],[1940.5,1755.0],[1941.5,1759.0],[1942.5,1763.0],[1943.5,1768.0],[1944.0,1772.5],[1944.5,1777.0],[1944.5,1783.0],[1943.5,1787.0],[1942.5,1791.0],[1940.5,1795.0],[1939.5,1799.0],[1938.0,1802.5],[1936.0,1806.5],[1934.5,1810.0],[1933.5,1814.0],[1931.5,1818.0],[1930.0,1821.5],[1928.5,1825.0],[1926.5,1829.0],[1925.5,1833.0],[1924.0,1836.5],[1922.5,1841.0],[1922.5,1846.0],[1921.5,1850.0],[1921.5,1856.0],[1921.5,1861.0],[1922.5,1865.0],[1922.5,1871.0],[1922.5,1876.0],[1921.5,1880.0],[1921.5,1886.0],[1921.5,1891.0],[1922.5,1895.0],[1923.0,1900.5],[1923.5,1905.0],[1924.5,1909.0],[1925.5,1914.0],[1926.5,1918.0],[1926.5,1923.0],[1927.5,1928.0],[1928.0,1932.5],[1928.5,1937.0],[1929.0,1942.5],[1929.5,1947.0],[1929.5,1952.0],[1928.5,1957.0],[1928.5,1962.0],[1928.5,1967.0],[1928.5,1973.0],[1927.5,1977.0],[1927.0,1981.5],[1926.5,1987.0],[1925.5,1991.0],[1924.5,1995.0],[1923.5,2000.0],[1922.5,2004.0],[1922.0,2008.5],[1921.5,2014.0],[1920.5,2018.0],[1920.0,2022.5],[1919.5,2028.0],[1918.0,2031.5]]",243110.72731018066,431095.0175228119,104.96036911010742,,,,,0.0042704006,17224,좌안_사력댐_제체,NOF_좌안(대전측)_콘크리트부,,,0.9875283310690759,../../Data/DJI_20260826094700_0360_V.JPG,../Overlay/DLM/P000495.png,mapped,local_surface_estimate
DJI_20260826094700_0360_V.JPG,P000496,DLM,박리,"[[1918.0,2038.5],[1917.5,2038.0],[1917.0,2037.5],[1916.5,2037.0],[1917.0,2036.5],[1917.5,2037.0],[1918.0,2037.5],[1918.5,2038.0],[1918.0,2038.5]]",243110.72826766968,431095.01471710205,104.81040573120117,,,,,4.954e-07,2,좌안_사력댐_제체,NOF_좌안(대전측)_콘크리트부,,,0.7107422947883606,../../Data/DJI_20260826094700_0360_V.JPG,../Overlay/DLM/P000496.png,mapped,local_surface_estimate
DJI_20260826094700_0360_V.JPG,P000497,DLM,박리,"[[1917.0,2050.5],[1916.5,2050.0],[1917.0,2049.5],[1917.5,2049.0],[1917.5,2048.0],[1918.0,2047.5],[1918.5,2048.0],[1918.5,2049.0],[1918.0,2049.5],[1917.5,2050.0],[1917.0,2050.5]]",243110.72842788696,431095.01424980164,104.80438232421875,,,,,7.438e-07,3,좌안_사력댐_제체,NOF_좌안(대전측)_콘크리트부,,,0.7024374604225159,../../Data/DJI_20260826094700_0360_V.JPG,../Overlay/DLM/P000497.png,mapped,local_surface_estimate
DJI_20260826094700_0360_V.JPG,P000498,DLM,박리,"[[2018.0,2452.5],[2014.0,2452.5],[2010.0,2452.5],[2006.0,2452.5],[2003.0,2451.5],[2000.0,2450.5],[1997.0,2449.5],[1994.5,2448.0],[1992.0,2446.5],[1989.0,2445.5],[1986.5,2444.0],[1983.5,2443.0],[1980.5,2442.0],[1978.0,2440.5],[1975.0,2439.5],[1972.0,2438.5],[1969.5,2436.0],[1967.5,2434.0],[1965.0,2432.5],[1962.5,2431.0],[1960.0,2429.5],[1956.5,2430.0],[1954.0,2431.5],[1951.0,2432.5],[1948.0,2431.5],[1944.0,2431.5],[1941.0,2430.5],[1938.5,2429.0],[1937.0,2426.5],[1935.0,2424.5],[1933.5,2422.0],[1932.5,2419.0],[1931.5,2416.0],[1931.5,2412.0],[1931.0,2409.5],[1930.5,2407.0],[1930.5,2403.0],[1930.5,2399.0],[1930.5,2395.0],[1930.5,2391.0],[1929.5,2388.0],[1929.5,2384.0],[1929.5,2380.0],[1930.5,2377.0],[1929.5,2374.0],[1929.5,2370.0],[1929.5,2366.0],[1931.0,2363.5],[1932.5,2360.0],[1934.5,2358.0],[1933.0,2355.5],[1929.0,2355.5],[1926.0,2354.5],[1923.5,2353.0],[1922.0,2350.5],[1921.0,2347.5],[1920.5,2344.0],[1919.5,2341.0],[1919.5,2337.0],[1919.5,2333.0],[1918.5,2330.0],[1918.0,2326.5],[1917.5,2323.0],[1916.5,2320.0],[1915.5,2317.0],[1915.0,2313.5],[1914.5,2310.0],[1914.5,2306.0],[1914.5,2302.0],[1913.5,2299.0],[1913.5,2295.0],[1913.5,2291.0],[1913.5,2287.0],[1913.5,2283.0],[1913.5,2279.0],[1913.5,2275.0],[1913.5,2271.0],[1913.5,2267.0],[1914.5,2264.0],[1914.5,2260.0],[1915.5,2256.0],[1916.5,2253.0],[1916.5,2249.0],[1917.5,2246.0],[1917.5,2242.0],[1917.5,2238.0],[1918.5,2235.0],[1918.5,2231.0],[1919.5,2228.0],[1920.5,2225.0],[1921.5,2222.0],[1922.5,2219.0],[1923.5,2216.0],[1925.0,2213.5],[1925.5,2210.0],[1926.5,2207.0],[1927.5,2204.0],[1928.5,2201.0],[1928.5,2197.0],[1930.5,2195.0],[1931.5,2192.0],[1932.0,2188.5],[1932.5,2185.0],[1933.5,2182.0],[1935.0,2179.5],[1936.0,2176.5],[1937.5,2174.0],[1939.5,2172.0],[1941.5,2170.0],[1943.0,2167.5],[1944.5,2165.0],[1946.0,2162.5],[1948.0,2159.5],[1950.0,2157.5],[1954.0,2157.5],[1958.0,2157.5],[1961.0,2158.5],[1965.0,2158.5],[1968.0,2159.5],[1971.0,2158.5],[1974.5,2158.0],[1977.0,2156.5],[1980.0,2155.5],[1982.0,2153.5],[1984.5,2152.0],[1987.0,2150.5],[1989.0,2148.5],[1991.5,2147.0],[1994.0,2147.5],[1996.0,2149.5],[1997.5,2152.0],[1998.5,2155.0],[1998.5,2159.0],[1998.5,2163.0],[1999.5,2166.0],[1999.5,2170.0],[2000.5,2173.0],[2001.5,2176.0],[2002.0,2179.5],[2002.5,2183.0],[2003.5,2186.0],[2003.5,2190.0],[2004.0,2193.5],[2004.5,2197.0],[2003.5,2201.0],[2003.0,2204.5],[2002.5,2208.0],[2001.5,2211.0],[2000.5,2214.0],[1999.5,2217.0],[1998.0,2219.5],[1996.5,2222.0],[1995.0,2224.5],[1993.5,2227.0],[1991.5,2229.0],[1989.5,2231.0],[1987.5,2233.0],[1986.0,2235.5],[1984.0,2237.5],[1982.0,2239.5],[1979.5,2241.0],[1977.0,2242.5],[1975.0,2244.5],[1973.0,2246.5],[1971.0,2248.5],[1969.5,2251.0],[1967.5,2253.0],[1966.0,2255.5],[1964.5,2258.0],[1963.0,2260.5],[1962.0,2263.5],[1960.5,2266.0],[1960.5,2270.0],[1959.5,2273.0],[1959.5,2277.0],[1958.5,2280.0],[1958.5,2285.0],[1957.5,2288.0],[1957.5,2292.0],[1957.0,2295.5],[1956.5,2299.0],[1956.5,2303.0],[1955.5,2306.0],[1955.5,2310.0],[1954.5,2313.0],[1953.5,2316.0],[1952.5,2319.0],[1951.5,2322.0],[1950.0,2324.5],[1948.5,2327.0],[1948.5,2331.0],[1947.5,2334.0],[1948.5,2337.0],[1948.5,2341.0],[1948.5,2345.0],[1949.5,2348.0],[1949.0,2351.5],[1948.5,2355.0],[1948.5,2359.0],[1950.5,2361.0],[1952.5,2363.0],[1954.5,2365.0],[1957.0,2366.5],[1960.0,2367.5],[1963.0,2368.5],[1966.0,2369.5],[1969.0,2370.5],[1972.0,2371.5],[1975.5,2373.0],[1978.0,2374.5],[1981.0,2375.5],[1984.0,2376.5],[1988.0,2376.5],[1991.0,2377.5],[1995.0,2377.5],[1998.0,2378.5],[2001.0,2379.5],[2005.0,2379.5],[2008.0,2380.5],[2011.5,2381.0],[2015.0,2381.5],[2018.0,2382.5],[2021.0,2383.5],[2025.0,2383.5],[2028.0,2384.5],[2031.0,2385.5],[2034.0,2386.5],[2036.5,2388.0],[2039.0,2389.5],[2041.5,2391.0],[2043.5,2393.0],[2045.5,2395.0],[2047.0,2397.5],[2048.0,2400.5],[2049.0,2403.5],[2049.5,2407.0],[2050.5,2410.0],[2051.5,2413.0],[2051.5,2417.0],[2051.5,2421.0],[2050.5,2425.0],[2049.5,2428.0],[2048.5,2431.0],[2046.5,2433.0],[2045.0,2435.5],[2043.5,2438.0],[2041.5,2440.0],[2039.5,2442.0],[2037.0,2443.5],[2035.0,2445.5],[2032.5,2447.0],[2030.0,2448.5],[2027.0,2449.5],[2024.0,2450.5],[2021.0,2451.5],[2018.0,2452.5]]",243110.73433685303,431094.99692726135,104.67227554321289,,,,,0.0045597819,18344,좌안_사력댐_제체,NOF_좌안(대전측)_콘크리트부,,,0.983074004775278,../../Data/DJI_20260826094700_0360_V.JPG,../Overlay/DLM/P000498.png,mapped,local_surface_estimate
DJI_20260826094700_0360_V.JPG,P000499,DLM,박리,"[[1738.0,3378.5],[1730.0,3377.5],[1724.5,3374.0],[1722.5,3368.0],[1721.0,3361.5],[1718.0,3356.5],[1714.0,3352.5],[1712.5,3349.0],[1715.0,3342.5],[1717.5,3336.0],[1717.5,3327.0],[1717.5,3319.0],[1716.5,3311.0],[1716.5,3302.0],[1717.5,3294.0],[1719.5,3287.0],[1719.5,3279.0],[1719.5,3270.0],[1719.5,3261.0],[1719.5,3252.0],[1721.5,3246.0],[1723.5,3239.0],[1722.5,3231.0],[1719.5,3225.0],[1716.5,3220.0],[1713.0,3214.5],[1710.5,3208.0],[1708.5,3201.0],[1707.5,3193.0],[1706.5,3186.0],[1705.5,3178.0],[1704.5,3172.0],[1703.5,3164.0],[1701.0,3158.5],[1698.5,3152.0],[1696.5,3145.0],[1695.5,3137.0],[1694.5,3130.0],[1693.5,3122.0],[1692.5,3114.0],[1690.5,3107.0],[1689.0,3099.5],[1688.0,3092.5],[1687.0,3084.5],[1686.5,3076.0],[1687.5,3068.0],[1687.5,3060.0],[1688.5,3052.0],[1690.5,3045.0],[1692.5,3038.0],[1694.5,3032.0],[1696.5,3025.0],[1699.0,3018.5],[1701.5,3012.0],[1701.5,3003.0],[1701.5,2995.0],[1703.5,2988.0],[1704.5,2980.0],[1705.5,2972.0],[1708.0,2966.5],[1711.0,2960.5],[1714.0,2954.5],[1716.5,2948.0],[1717.5,2941.0],[1718.5,2933.0],[1718.5,2926.0],[1717.5,2918.0],[1715.0,2912.5],[1712.5,2906.0],[1710.5,2899.0],[1709.5,2891.0],[1710.5,2883.0],[1712.5,2877.0],[1715.5,2871.0],[1719.0,2865.5],[1721.5,2859.0],[1723.0,2852.5],[1725.0,2845.5],[1729.0,2840.5],[1738.0,2840.5],[1746.0,2840.5],[1752.5,2838.0],[1757.5,2834.0],[1762.0,2829.5],[1769.0,2827.5],[1776.0,2826.5],[1784.0,2825.5],[1790.0,2822.5],[1794.5,2818.0],[1799.0,2814.5],[1806.0,2816.5],[1813.0,2816.5],[1818.5,2813.0],[1821.5,2808.0],[1823.5,2801.0],[1825.5,2794.0],[1828.5,2788.0],[1831.5,2782.0],[1832.5,2775.0],[1834.5,2768.0],[1836.0,2760.5],[1838.5,2754.0],[1839.5,2747.0],[1840.5,2739.0],[1842.5,2732.0],[1845.5,2726.0],[1851.0,2723.5],[1858.0,2721.5],[1863.5,2718.0],[1870.5,2717.0],[1877.0,2719.5],[1881.5,2723.0],[1884.5,2729.0],[1883.5,2737.0],[1880.5,2743.0],[1879.5,2748.0],[1880.5,2756.0],[1885.5,2760.0],[1892.0,2762.5],[1897.0,2765.5],[1901.5,2770.0],[1905.5,2775.0],[1907.0,2778.5],[1912.0,2782.5],[1915.5,2785.0],[1917.0,2789.5],[1914.5,2796.0],[1915.5,2801.0],[1914.0,2804.5],[1913.5,2807.0],[1913.5,2814.0],[1912.0,2820.5],[1911.5,2827.0],[1911.5,2836.0],[1910.5,2844.0],[1910.5,2853.0],[1911.5,2861.0],[1912.5,2868.0],[1913.5,2876.0],[1914.5,2884.0],[1915.0,2892.5],[1916.5,2899.0],[1917.0,2905.5],[1917.5,2914.0],[1918.5,2922.0],[1919.5,2929.0],[1920.5,2937.0],[1922.5,2944.0],[1922.5,2953.0],[1921.5,2961.0],[1920.5,2968.0],[1918.5,2975.0],[1914.0,2979.5],[1909.0,2981.5],[1905.0,2985.5],[1910.0,2986.5],[1908.5,2993.0],[1909.0,2999.5],[1908.0,3005.5],[1905.5,3012.0],[1903.5,3019.0],[1903.0,3025.5],[1902.0,3030.5],[1902.5,3032.0],[1897.5,3036.0],[1893.5,3041.0],[1893.0,3038.5],[1894.5,3035.0],[1889.5,3039.0],[1887.5,3044.0],[1888.5,3050.0],[1889.5,3055.0],[1888.5,3063.0],[1885.5,3069.0],[1885.5,3078.0],[1886.5,3086.0],[1887.5,3093.0],[1886.5,3099.0],[1885.5,3107.0],[1885.5,3114.0],[1888.0,3119.5],[1893.5,3123.0],[1898.0,3127.5],[1902.5,3132.0],[1905.5,3137.0],[1908.5,3143.0],[1910.5,3150.0],[1909.5,3158.0],[1909.5,3167.0],[1910.5,3172.0],[1907.0,3177.5],[1903.0,3182.5],[1898.5,3187.0],[1894.0,3190.5],[1890.0,3195.5],[1885.5,3200.0],[1882.5,3206.0],[1879.5,3211.0],[1876.5,3217.0],[1873.5,3223.0],[1869.0,3227.5],[1864.0,3230.5],[1859.0,3234.5],[1854.0,3238.5],[1850.0,3243.5],[1847.0,3248.5],[1846.5,3255.0],[1847.5,3263.0],[1849.0,3269.5],[1851.5,3275.0],[1856.0,3278.5],[1864.0,3279.5],[1870.0,3278.5],[1877.0,3276.5],[1883.0,3274.5],[1889.0,3271.5],[1895.0,3268.5],[1902.0,3266.5],[1908.5,3267.0],[1911.5,3272.0],[1911.5,3279.0],[1911.5,3286.0],[1910.5,3294.0],[1910.5,3300.0],[1910.5,3307.0],[1912.5,3314.0],[1913.5,3322.0],[1913.5,3330.0],[1912.5,3338.0],[1910.5,3345.0],[1908.0,3351.5],[1906.0,3358.5],[1902.0,3362.5],[1895.0,3364.5],[1888.0,3366.5],[1880.0,3365.5],[1875.0,3364.5],[1868.0,3364.5],[1860.0,3363.5],[1852.0,3362.5],[1845.0,3361.5],[1838.0,3359.5],[1831.0,3359.5],[1822.0,3359.5],[1813.0,3359.5],[1807.5,3362.0],[1799.5,3363.0],[1792.0,3364.5],[1784.0,3363.5],[1776.0,3363.5],[1767.0,3363.5],[1760.5,3366.0],[1755.5,3370.0],[1750.0,3372.5],[1744.0,3375.5],[1738.0,3378.5]]",243110.7110900879,431095.06506729126,104.29442596435547,,,,,0.0269845749,110014,좌안_사력댐_제체,NOF_좌안(대전측)_콘크리트부,,,0.9894064040480229,../../Data/DJI_20260826094700_0360_V.JPG,../Overlay/DLM/P000499.png,mapped,local_surface_estimate
DJI_20260826094700_0360_V.JPG,P000500,DLM,박리,"[[2129.0,2858.5],[2127.0,2858.5],[2125.0,2858.5],[2123.0,2858.5],[2121.0,2858.5],[2120.0,2858.5],[2118.0,2858.5],[2116.0,2858.5],[2114.0,2858.5],[2112.0,2858.5],[2110.0,2858.5],[2108.0,2858.5],[2106.0,2858.5],[2104.0,2858.5],[2102.0,2858.5],[2101.0,2858.5],[2099.0,2858.5],[2097.0,2858.5],[2095.0,2858.5],[2093.0,2858.5],[2091.0,2858.5],[2090.0,2857.5],[2088.0,2857.5],[2086.0,2857.5],[2084.0,2857.5],[2083.0,2857.5],[2081.0,2857.5],[2080.0,2856.5],[2078.0,2856.5],[2076.0,2856.5],[2074.0,2856.5],[2072.0,2856.5],[2070.0,2856.5],[2068.0,2856.5],[2066.5,2856.0],[2066.0,2855.5],[2064.0,2855.5],[2062.5,2856.0],[2061.5,2856.0],[2060.0,2855.5],[2058.0,2855.5],[2056.0,2855.5],[2054.0,2855.5],[2052.0,2855.5],[2050.5,2855.0],[2050.0,2854.5],[2049.0,2853.5],[2048.5,2852.0],[2048.0,2850.5],[2047.5,2849.0],[2048.5,2848.0],[2048.5,2846.0],[2048.5,2844.0],[2049.0,2842.5],[2049.5,2842.0],[2048.5,2841.0],[2047.5,2840.0],[2048.0,2838.5],[2048.0,2837.5],[2047.0,2836.5],[2046.0,2835.5],[2045.0,2834.5],[2044.5,2833.0],[2043.5,2832.0],[2043.0,2831.5],[2041.5,2831.0],[2040.5,2830.0],[2039.0,2829.5],[2038.0,2828.5],[2037.0,2827.5],[2037.0,2826.5],[2037.0,2825.5],[2036.0,2824.5],[2034.0,2824.5],[2033.5,2824.0],[2032.0,2823.5],[2031.0,2822.5],[2030.5,2821.0],[2029.5,2820.0],[2028.5,2819.0],[2027.5,2818.0],[2026.5,2817.0],[2025.5,2816.0],[2025.5,2814.0],[2025.5,2813.0],[2024.5,2812.0],[2024.0,2810.5],[2023.0,2809.5],[2022.5,2808.0],[2021.5,2807.0],[2021.5,2805.0],[2021.5,2803.0],[2021.0,2801.5],[2020.5,2800.0],[2020.5,2799.0],[2019.5,2798.0],[2019.5,2796.0],[2019.0,2794.5],[2018.5,2793.0],[2018.0,2791.5],[2017.5,2790.0],[2016.5,2789.0],[2016.0,2787.5],[2015.5,2787.0],[2015.0,2785.5],[2014.5,2784.0],[2014.5,2782.0],[2013.5,2781.0],[2013.5,2779.0],[2012.5,2778.0],[2012.0,2776.5],[2011.5,2775.0],[2011.5,2773.0],[2011.0,2772.5],[2010.5,2771.0],[2010.5,2769.0],[2010.5,2767.0],[2011.0,2765.5],[2012.0,2764.5],[2013.0,2763.5],[2015.0,2763.5],[2017.0,2763.5],[2018.0,2762.5],[2019.0,2762.5],[2021.0,2762.5],[2022.5,2762.0],[2024.0,2761.5],[2026.0,2761.5],[2028.0,2761.5],[2030.0,2761.5],[2032.0,2761.5],[2033.5,2762.0],[2035.0,2762.5],[2036.0,2762.5],[2037.5,2763.0],[2039.0,2763.5],[2041.0,2763.5],[2042.0,2764.5],[2044.0,2764.5],[2045.5,2765.0],[2047.0,2765.5],[2049.0,2765.5],[2050.0,2766.5],[2051.0,2766.5],[2052.5,2767.0],[2054.0,2767.5],[2055.5,2768.0],[2057.0,2768.5],[2058.5,2769.0],[2060.0,2769.5],[2061.5,2770.0],[2062.5,2771.0],[2064.0,2771.5],[2064.5,2772.0],[2066.0,2772.5],[2067.5,2773.0],[2069.0,2773.5],[2070.0,2774.5],[2071.5,2775.0],[2073.0,2775.5],[2074.0,2776.5],[2076.0,2776.5],[2076.5,2777.0],[2078.0,2777.5],[2080.0,2777.5],[2081.0,2778.5],[2083.0,2778.5],[2084.5,2779.0],[2086.0,2779.5],[2088.0,2779.5],[2089.0,2780.5],[2091.0,2780.5],[2092.0,2780.5],[2093.5,2781.0],[2095.0,2781.5],[2097.0,2781.5],[2099.0,2781.5],[2100.0,2782.5],[2102.0,2782.5],[2104.0,2782.5],[2105.5,2783.0],[2107.0,2783.5],[2108.0,2783.5],[2110.0,2783.5],[2112.0,2783.5],[2113.0,2784.5],[2115.0,2784.5],[2116.5,2785.0],[2118.0,2785.5],[2119.5,2786.0],[2120.5,2787.0],[2121.5,2788.0],[2122.0,2788.5],[2123.0,2789.5],[2124.5,2790.0],[2124.0,2791.5],[2123.0,2792.5],[2122.5,2794.0],[2122.5,2796.0],[2122.5,2798.0],[2122.5,2800.0],[2122.5,2802.0],[2122.5,2803.0],[2122.5,2805.0],[2122.5,2807.0],[2122.5,2809.0],[2122.0,2810.5],[2121.5,2812.0],[2121.5,2814.0],[2121.5,2816.0],[2121.0,2817.5],[2120.5,2818.0],[2120.5,2820.0],[2120.5,2822.0],[2120.5,2824.0],[2120.5,2826.0],[2120.5,2828.0],[2120.5,2830.0],[2121.5,2831.0],[2121.5,2833.0],[2121.5,2835.0],[2122.0,2835.5],[2122.5,2837.0],[2123.5,2838.0],[2124.5,2839.0],[2126.0,2839.5],[2127.0,2840.5],[2128.0,2841.5],[2129.5,2842.0],[2130.5,2843.0],[2131.5,2844.0],[2132.0,2844.5],[2133.5,2845.0],[2134.5,2846.0],[2136.0,2846.5],[2137.0,2847.5],[2138.0,2848.5],[2139.5,2849.0],[2140.5,2850.0],[2142.0,2850.5],[2143.0,2851.5],[2143.5,2852.0],[2145.0,2852.5],[2146.0,2853.5],[2146.0,2854.5],[2145.0,2855.5],[2143.5,2856.0],[2142.0,2856.5],[2140.0,2856.5],[2139.0,2857.5],[2137.0,2857.5],[2136.0,2857.5],[2134.0,2857.5],[2132.0,2857.5],[2130.0,2857.5],[2129.0,2858.5]]",243110.75342941284,431094.94096183777,104.41975402832031,,,,,0.0020197927,8047,좌안_사력댐_제체,NOF_좌안(대전측)_콘크리트부,,,0.9833829907789072,../../Data/DJI_20260826094700_0360_V.JPG,../Overlay/DLM/P000500.png,mapped,local_surface_estimate
DJI_20260826094700_0360_V.JPG,P000501,DLM,박리,"[[2278.0,2856.5],[2277.5,2856.0],[2277.0,2855.5],[2276.0,2855.5],[2275.0,2855.5],[2274.0,2855.5],[2273.0,2855.5],[2271.0,2855.5],[2270.0,2855.5],[2269.0,2855.5],[2268.0,2855.5],[2267.0,2855.5],[2266.0,2855.5],[2265.0,2855.5],[2264.0,2855.5],[2263.0,2855.5],[2262.0,2855.5],[2261.0,2855.5],[2260.0,2855.5],[2258.0,2855.5],[2257.0,2855.5],[2256.0,2855.5],[2255.0,2855.5],[2254.0,2855.5],[2253.0,2855.5],[2252.5,2856.0],[2252.0,2856.5],[2251.0,2856.5],[2250.5,2856.0],[2250.0,2855.5],[2249.0,2855.5],[2248.0,2856.5],[2247.0,2856.5],[2246.0,2856.5],[2245.0,2856.5],[2244.0,2856.5],[2243.0,2856.5],[2242.0,2856.5],[2241.0,2856.5],[2240.0,2856.5],[2239.0,2856.5],[2238.0,2856.5],[2237.0,2856.5],[2235.0,2856.5],[2234.0,2856.5],[2233.0,2856.5],[2232.0,2856.5],[2231.0,2856.5],[2230.0,2856.5],[2229.0,2856.5],[2228.0,2856.5],[2227.0,2856.5],[2226.0,2856.5],[2225.0,2856.5],[2224.0,2856.5],[2223.0,2855.5],[2222.0,2855.5],[2221.0,2855.5],[2220.0,2855.5],[2219.5,2855.0],[2219.0,2854.5],[2218.0,2854.5],[2217.0,2854.5],[2216.0,2854.5],[2215.0,2854.5],[2214.0,2854.5],[2213.0,2854.5],[2211.0,2854.5],[2210.5,2854.0],[2210.0,2853.5],[2209.0,2853.5],[2208.0,2853.5],[2207.0,2853.5],[2206.0,2853.5],[2205.5,2853.0],[2205.0,2852.5],[2204.0,2852.5],[2203.0,2852.5],[2202.0,2852.5],[2200.0,2852.5],[2199.0,2852.5],[2198.0,2852.5],[2197.0,2852.5],[2196.0,2852.5],[2195.5,2852.0],[2195.0,2851.5],[2194.0,2851.5],[2193.0,2851.5],[2192.5,2851.0],[2192.0,2850.5],[2191.5,2850.0],[2192.0,2849.5],[2192.5,2848.0],[2192.5,2847.0],[2192.5,2846.0],[2192.5,2845.0],[2193.0,2844.5],[2193.5,2844.0],[2193.5,2843.0],[2194.0,2842.5],[2194.5,2842.0],[2194.5,2841.0],[2194.5,2840.0],[2195.0,2839.5],[2195.5,2838.0],[2195.5,2837.0],[2195.5,2836.0],[2196.0,2835.5],[2196.5,2835.0],[2196.5,2834.0],[2196.5,2833.0],[2197.0,2832.5],[2197.5,2832.0],[2197.5,2831.0],[2197.5,2830.0],[2198.0,2829.5],[2199.0,2828.5],[2199.5,2828.0],[2200.0,2827.5],[2200.5,2827.0],[2201.0,2826.5],[2201.5,2826.0],[2202.0,2825.5],[2202.5,2825.0],[2203.0,2824.5],[2203.5,2824.0],[2204.0,2823.5],[2205.0,2823.5],[2206.0,2822.5],[2207.0,2822.5],[2207.5,2822.0],[2208.0,2821.5],[2209.0,2821.5],[2210.0,2821.5],[2211.0,2821.5],[2212.0,2821.5],[2212.5,2821.0],[2213.0,2820.5],[2213.5,2821.0],[2214.0,2821.5],[2216.0,2821.5],[2216.5,2822.0],[2217.0,2822.5],[2218.0,2822.5],[2219.0,2822.5],[2219.5,2823.0],[2220.0,2823.5],[2221.0,2823.5],[2221.5,2824.0],[2222.0,2824.5],[2223.0,2824.5],[2223.5,2825.0],[2225.0,2825.5],[2225.5,2826.0],[2226.0,2826.5],[2227.0,2826.5],[2227.5,2827.0],[2228.0,2827.5],[2229.0,2827.5],[2229.5,2828.0],[2230.0,2828.5],[2231.0,2828.5],[2232.0,2828.5],[2233.0,2828.5],[2234.0,2829.5],[2235.0,2829.5],[2236.0,2829.5],[2236.5,2830.0],[2237.0,2830.5],[2238.0,2830.5],[2239.0,2830.5],[2240.0,2830.5],[2240.5,2831.0],[2241.0,2831.5],[2242.0,2831.5],[2243.0,2831.5],[2244.0,2831.5],[2246.0,2831.5],[2247.0,2831.5],[2248.0,2831.5],[2249.0,2831.5],[2250.0,2831.5],[2251.0,2831.5],[2252.0,2831.5],[2252.5,2831.0],[2253.0,2830.5],[2254.0,2830.5],[2255.0,2830.5],[2256.0,2830.5],[2257.5,2830.0],[2258.0,2829.5],[2259.0,2829.5],[2260.0,2829.5],[2261.0,2829.5],[2262.0,2829.5],[2263.0,2829.5],[2264.0,2829.5],[2265.0,2829.5],[2266.0,2829.5],[2266.5,2830.0],[2267.0,2830.5],[2269.0,2830.5],[2269.5,2831.0],[2270.0,2831.5],[2271.0,2831.5],[2272.0,2831.5],[2273.0,2831.5],[2273.5,2832.0],[2274.0,2832.5],[2275.0,2832.5],[2276.0,2832.5],[2277.0,2832.5],[2278.0,2832.5],[2280.0,2832.5],[2281.0,2832.5],[2282.0,2832.5],[2283.0,2832.5],[2284.0,2832.5],[2285.0,2832.5],[2285.5,2833.0],[2286.0,2833.5],[2286.5,2834.0],[2287.0,2834.5],[2287.5,2835.0],[2287.5,2836.0],[2287.5,2838.0],[2288.0,2838.5],[2288.5,2839.0],[2288.5,2840.0],[2288.5,2841.0],[2288.5,2842.0],[2288.5,2843.0],[2288.5,2844.0],[2288.5,2845.0],[2288.5,2846.0],[2288.5,2847.0],[2288.5,2848.0],[2289.0,2849.5],[2289.5,2850.0],[2289.5,2851.0],[2289.5,2852.0],[2289.5,2853.0],[2289.0,2853.5],[2288.5,2854.0],[2288.0,2854.5],[2287.0,2854.5],[2286.5,2855.0],[2286.0,2855.5],[2285.0,2855.5],[2283.0,2855.5],[2282.0,2855.5],[2281.0,2855.5],[2280.0,2855.5],[2279.0,2855.5],[2278.5,2856.0],[2278.0,2856.5]]",243110.7801208496,431094.86272621155,104.40255355834961,,,,,0.0006365057,2500,좌안_사력댐_제체,NOF_좌안(대전측)_콘크리트부,,,0.9885719272851944,../../Data/DJI_20260826094700_0360_V.JPG,../Overlay/DLM/P000501.png,mapped,local_surface_estimate
DJI_20260826094700_0360_V.JPG,P000502,DLM,박리,"[[1841.0,3288.5],[1840.5,3288.0],[1840.5,3287.0],[1841.0,3286.5],[1841.5,3287.0],[1841.5,3288.0],[1841.0,3288.5]]",243110.71616744995,431095.05018234253,104.184814453125,,,,,4.927e-07,2,좌안_사력댐_제체,NOF_좌안(대전측)_콘크리트부,,,0.6853066682815552,../../Data/DJI_20260826094700_0360_V.JPG,../Overlay/DLM/P000502.png,mapped,local_surface_estimate
DJI_20260826094700_0360_V.JPG,P000503,DLM,박리,"[[1508.0,3580.5],[1500.0,3580.5],[1493.0,3579.5],[1484.5,3579.0],[1478.0,3577.5],[1471.5,3576.0],[1465.5,3574.0],[1459.0,3571.5],[1453.0,3569.5],[1447.0,3567.5],[1441.5,3565.0],[1437.5,3561.0],[1435.5,3554.0],[1434.5,3547.0],[1436.5,3541.0],[1437.5,3534.0],[1437.5,3527.0],[1436.5,3520.0],[1433.0,3515.5],[1429.5,3511.0],[1426.0,3506.5],[1421.0,3502.5],[1415.5,3500.0],[1409.0,3498.5],[1402.0,3499.5],[1396.5,3502.0],[1391.0,3505.5],[1386.0,3508.5],[1381.0,3511.5],[1374.0,3512.5],[1368.5,3513.0],[1361.0,3512.5],[1353.0,3512.5],[1346.0,3513.5],[1339.0,3514.5],[1330.0,3514.5],[1322.0,3514.5],[1314.5,3514.0],[1307.0,3513.5],[1299.0,3512.5],[1292.0,3511.5],[1285.0,3510.5],[1277.0,3510.5],[1270.0,3511.5],[1261.0,3511.5],[1254.0,3510.5],[1246.0,3510.5],[1240.0,3508.5],[1233.0,3506.5],[1227.0,3504.5],[1221.0,3502.5],[1214.5,3501.0],[1208.0,3499.5],[1200.0,3498.5],[1193.5,3497.0],[1187.0,3495.5],[1180.5,3494.0],[1173.5,3492.0],[1167.0,3490.5],[1161.0,3488.5],[1154.0,3487.5],[1148.0,3485.5],[1140.0,3484.5],[1133.0,3483.5],[1126.0,3482.5],[1118.0,3482.5],[1110.0,3482.5],[1102.0,3483.5],[1094.0,3483.5],[1087.0,3482.5],[1080.5,3481.0],[1074.0,3478.5],[1069.0,3475.5],[1064.0,3472.5],[1059.5,3469.0],[1055.5,3465.0],[1051.0,3460.5],[1047.5,3456.0],[1043.0,3452.5],[1038.5,3449.0],[1034.0,3444.5],[1029.0,3441.5],[1026.5,3436.0],[1024.5,3430.0],[1022.5,3424.0],[1020.0,3417.5],[1014.0,3415.5],[1011.5,3412.0],[1015.0,3407.5],[1019.0,3402.5],[1022.5,3398.0],[1026.0,3393.5],[1030.0,3389.5],[1035.0,3386.5],[1042.0,3384.5],[1050.0,3384.5],[1058.0,3384.5],[1066.0,3384.5],[1073.0,3386.5],[1079.0,3388.5],[1086.0,3389.5],[1093.0,3388.5],[1100.0,3387.5],[1107.0,3385.5],[1114.0,3384.5],[1122.0,3384.5],[1129.0,3385.5],[1135.0,3387.5],[1142.5,3389.0],[1149.0,3390.5],[1157.0,3390.5],[1163.0,3388.5],[1169.5,3386.0],[1177.0,3385.5],[1184.0,3386.5],[1191.0,3387.5],[1199.0,3387.5],[1207.0,3386.5],[1214.0,3385.5],[1221.0,3384.5],[1227.0,3382.5],[1233.5,3380.0],[1240.0,3378.5],[1247.0,3377.5],[1255.0,3377.5],[1261.0,3375.5],[1268.0,3373.5],[1275.0,3372.5],[1281.0,3370.5],[1288.0,3371.5],[1294.0,3374.5],[1301.0,3375.5],[1308.0,3376.5],[1315.0,3375.5],[1321.0,3373.5],[1329.0,3372.5],[1337.0,3372.5],[1345.0,3372.5],[1353.0,3372.5],[1360.0,3374.5],[1367.0,3375.5],[1374.0,3374.5],[1380.5,3373.0],[1388.0,3372.5],[1396.0,3371.5],[1403.0,3372.5],[1410.5,3373.0],[1417.0,3374.5],[1424.5,3376.0],[1431.5,3377.0],[1439.0,3377.5],[1446.0,3376.5],[1453.0,3375.5],[1462.0,3375.5],[1470.0,3375.5],[1478.0,3375.5],[1485.0,3374.5],[1491.0,3372.5],[1498.0,3370.5],[1503.0,3367.5],[1508.0,3364.5],[1513.0,3361.5],[1520.0,3359.5],[1527.0,3358.5],[1532.5,3358.0],[1538.0,3357.5],[1545.0,3358.5],[1552.5,3360.0],[1558.0,3362.5],[1564.0,3364.5],[1570.0,3366.5],[1578.0,3367.5],[1586.0,3367.5],[1593.0,3368.5],[1599.0,3370.5],[1605.0,3372.5],[1612.0,3374.5],[1619.0,3375.5],[1625.0,3375.5],[1631.0,3373.5],[1635.5,3369.0],[1640.0,3365.5],[1643.0,3360.5],[1646.5,3356.0],[1651.0,3352.5],[1658.5,3352.0],[1665.0,3353.5],[1670.0,3356.5],[1674.0,3360.5],[1672.5,3365.0],[1667.0,3367.5],[1662.0,3370.5],[1657.5,3374.0],[1653.5,3378.0],[1649.5,3383.0],[1646.5,3388.0],[1644.0,3393.5],[1641.5,3399.0],[1639.0,3404.5],[1636.5,3411.0],[1634.0,3416.5],[1631.5,3422.0],[1628.0,3426.5],[1619.0,3426.5],[1613.0,3424.5],[1607.0,3422.5],[1601.0,3422.5],[1594.0,3423.5],[1587.0,3425.5],[1582.0,3428.5],[1578.5,3433.0],[1573.5,3436.0],[1568.0,3439.5],[1562.0,3441.5],[1556.0,3443.5],[1550.5,3446.0],[1548.5,3452.0],[1547.5,3458.0],[1547.5,3466.0],[1547.5,3474.0],[1546.5,3481.0],[1543.0,3486.5],[1538.5,3490.0],[1535.5,3495.0],[1535.5,3501.0],[1538.0,3506.5],[1543.0,3510.5],[1548.0,3513.5],[1554.5,3515.0],[1561.0,3516.5],[1568.0,3518.5],[1574.0,3520.5],[1580.0,3522.5],[1585.0,3525.5],[1590.0,3528.5],[1595.5,3532.0],[1600.5,3535.0],[1605.0,3538.5],[1609.5,3542.0],[1606.0,3546.5],[1598.5,3548.0],[1592.5,3550.0],[1587.0,3552.5],[1583.0,3556.5],[1578.0,3560.5],[1574.0,3564.5],[1569.5,3568.0],[1565.0,3571.5],[1559.5,3574.0],[1552.5,3576.0],[1546.0,3577.5],[1539.0,3578.5],[1531.0,3578.5],[1522.0,3578.5],[1515.0,3579.5],[1508.0,3580.5]]",243110.640335083,431095.27245903015,104.11429595947266,,,,,0.0187011361,79181,좌안_사력댐_제체,NOF_좌안(대전측)_콘크리트부,,,0.996251350958842,../../Data/DJI_20260826094700_0360_V.JPG,../Overlay/DLM/P000503.png,mapped,local_surface_estimate
DJI_20260826094700_0360_V.JPG,P000504,DLM,박리,"[[3443.0,3584.5],[3436.0,3584.5],[3429.0,3584.5],[3422.0,3584.5],[3416.0,3583.5],[3409.0,3583.5],[3404.0,3584.5],[3397.0,3584.5],[3390.0,3584.5],[3383.0,3584.5],[3377.0,3583.5],[3370.0,3583.5],[3363.0,3583.5],[3356.0,3583.5],[3350.0,3584.5],[3343.0,3584.5],[3337.0,3584.5],[3330.0,3584.5],[3324.0,3583.5],[3318.0,3582.5],[3312.0,3581.5],[3306.0,3580.5],[3300.0,3579.5],[3294.0,3578.5],[3287.0,3578.5],[3280.0,3578.5],[3274.5,3578.0],[3268.0,3577.5],[3262.0,3576.5],[3256.0,3575.5],[3249.5,3576.0],[3244.0,3577.5],[3238.5,3579.0],[3232.5,3580.0],[3226.0,3580.5],[3219.0,3580.5],[3214.0,3579.5],[3207.0,3579.5],[3200.0,3579.5],[3194.0,3578.5],[3187.0,3578.5],[3181.5,3577.0],[3176.0,3575.5],[3171.0,3573.5],[3166.0,3571.5],[3161.5,3569.0],[3158.0,3566.5],[3154.5,3563.0],[3150.5,3560.0],[3146.0,3557.5],[3141.5,3555.0],[3136.5,3553.0],[3131.0,3551.5],[3125.0,3550.5],[3119.5,3549.0],[3114.0,3547.5],[3108.5,3546.0],[3105.5,3543.0],[3102.0,3539.5],[3098.0,3536.5],[3093.5,3534.0],[3089.0,3531.5],[3085.5,3528.0],[3082.0,3524.5],[3077.5,3522.0],[3073.0,3519.5],[3068.0,3517.5],[3064.0,3515.5],[3059.0,3513.5],[3054.0,3511.5],[3049.5,3509.0],[3044.5,3507.0],[3039.0,3505.5],[3034.5,3503.0],[3030.0,3500.5],[3026.0,3497.5],[3022.0,3494.5],[3019.0,3491.5],[3016.5,3487.0],[3014.0,3482.5],[3012.0,3477.5],[3009.5,3473.0],[3006.0,3469.5],[3001.5,3467.0],[2997.0,3464.5],[2991.0,3463.5],[2985.0,3462.5],[2980.0,3463.5],[2973.0,3463.5],[2966.0,3463.5],[2960.0,3462.5],[2955.5,3460.0],[2954.5,3454.0],[2954.5,3447.0],[2953.5,3441.0],[2954.5,3435.0],[2956.5,3430.0],[2959.0,3426.5],[2961.5,3422.0],[2962.5,3416.0],[2964.5,3411.0],[2968.0,3407.5],[2972.0,3404.5],[2975.5,3401.0],[2979.5,3398.0],[2984.0,3395.5],[2988.0,3392.5],[2991.5,3389.0],[2994.5,3386.0],[2997.0,3383.5],[3002.0,3383.5],[3006.0,3386.5],[3011.0,3388.5],[3018.0,3388.5],[3023.0,3388.5],[3030.0,3388.5],[3037.0,3388.5],[3044.0,3388.5],[3049.0,3389.5],[3054.0,3391.5],[3059.0,3393.5],[3063.0,3396.5],[3067.5,3399.0],[3073.0,3400.5],[3078.0,3402.5],[3084.5,3403.0],[3091.0,3403.5],[3097.0,3404.5],[3102.0,3405.5],[3108.0,3406.5],[3113.0,3408.5],[3118.0,3410.5],[3121.5,3414.0],[3124.5,3418.0],[3128.5,3421.0],[3133.0,3423.5],[3137.5,3426.0],[3142.0,3428.5],[3145.5,3431.0],[3149.0,3434.5],[3152.5,3438.0],[3157.0,3440.5],[3163.0,3441.5],[3170.0,3441.5],[3177.0,3441.5],[3183.0,3440.5],[3190.0,3440.5],[3196.0,3441.5],[3202.0,3441.5],[3208.5,3442.0],[3215.0,3442.5],[3221.0,3443.5],[3227.0,3444.5],[3233.0,3445.5],[3238.0,3447.5],[3244.0,3448.5],[3250.0,3449.5],[3257.0,3449.5],[3263.0,3448.5],[3268.5,3448.0],[3274.0,3448.5],[3279.0,3450.5],[3283.0,3453.5],[3287.0,3456.5],[3291.5,3459.0],[3297.0,3460.5],[3302.0,3462.5],[3308.0,3463.5],[3315.0,3463.5],[3320.0,3464.5],[3326.0,3465.5],[3332.0,3466.5],[3337.5,3468.0],[3344.0,3468.5],[3351.0,3468.5],[3357.0,3467.5],[3362.0,3465.5],[3367.5,3464.0],[3373.0,3462.5],[3378.0,3461.5],[3385.0,3461.5],[3390.0,3463.5],[3395.0,3465.5],[3400.0,3467.5],[3407.0,3467.5],[3413.0,3466.5],[3418.5,3465.0],[3424.0,3463.5],[3430.0,3462.5],[3435.0,3461.5],[3441.0,3460.5],[3447.0,3459.5],[3453.0,3458.5],[3460.0,3458.5],[3466.0,3457.5],[3473.0,3457.5],[3479.0,3458.5],[3484.0,3460.5],[3487.5,3464.0],[3490.5,3467.0],[3496.0,3468.5],[3501.0,3468.5],[3507.0,3467.5],[3512.0,3465.5],[3518.0,3464.5],[3524.0,3463.5],[3530.0,3462.5],[3537.0,3462.5],[3543.0,3463.5],[3548.5,3465.0],[3553.0,3466.5],[3558.5,3468.0],[3564.0,3469.5],[3570.0,3470.5],[3575.0,3472.5],[3580.0,3474.5],[3585.5,3476.0],[3590.5,3478.0],[3591.5,3482.0],[3588.5,3486.0],[3585.0,3488.5],[3581.0,3491.5],[3578.5,3496.0],[3578.5,3501.0],[3579.5,3507.0],[3578.5,3513.0],[3577.5,3519.0],[3576.5,3525.0],[3574.5,3530.0],[3572.0,3534.5],[3569.5,3538.0],[3565.5,3541.0],[3561.0,3543.5],[3556.5,3546.0],[3551.5,3548.0],[3546.0,3549.5],[3539.0,3549.5],[3532.5,3550.0],[3526.5,3551.0],[3521.5,3553.0],[3517.5,3555.0],[3513.0,3557.5],[3508.0,3559.5],[3503.5,3562.0],[3499.0,3564.5],[3494.0,3566.5],[3490.0,3569.5],[3485.5,3572.0],[3480.5,3574.0],[3475.0,3575.5],[3470.0,3576.5],[3464.0,3577.5],[3459.0,3579.5],[3454.0,3581.5],[3449.0,3583.5],[3443.0,3584.5]]",243110.952167511,431094.3584098816,104.0462760925293,,,,,0.0196763826,70506,좌안_사력댐_제체,NOF_좌안(대전측)_콘크리트부,,,0.9955060095228148,../../Data/DJI_20260826094700_0360_V.JPG,../Overlay/DLM/P000504.png,mapped,local_surface_estimate
DJI_20260826094700_0360_V.JPG,P000505,DLM,박리,"[[807.0,3484.5],[804.0,3484.5],[801.0,3484.5],[798.0,3484.5],[795.0,3484.5],[793.0,3483.5],[791.0,3483.5],[789.0,3482.5],[786.0,3482.5],[784.0,3481.5],[781.0,3481.5],[779.0,3480.5],[776.0,3480.5],[774.0,3479.5],[771.0,3479.5],[768.0,3479.5],[765.0,3479.5],[763.0,3479.5],[760.0,3479.5],[757.0,3479.5],[754.0,3479.5],[752.0,3480.5],[749.0,3480.5],[746.0,3480.5],[744.0,3479.5],[741.0,3479.5],[738.0,3479.5],[735.5,3479.0],[734.0,3478.5],[731.0,3478.5],[728.0,3478.5],[726.0,3477.5],[723.0,3477.5],[720.0,3477.5],[717.5,3477.0],[715.0,3476.5],[713.0,3475.5],[710.0,3475.5],[708.0,3474.5],[707.0,3473.5],[705.0,3472.5],[703.5,3471.0],[702.0,3469.5],[700.5,3468.0],[699.0,3466.5],[697.5,3465.0],[696.0,3463.5],[694.5,3462.0],[693.5,3460.0],[692.0,3458.5],[691.5,3457.0],[691.0,3454.5],[690.0,3452.5],[688.0,3451.5],[686.0,3450.5],[684.5,3449.0],[682.5,3448.0],[681.5,3446.0],[684.0,3445.5],[686.0,3444.5],[689.0,3444.5],[691.0,3444.5],[694.0,3444.5],[697.0,3444.5],[700.0,3444.5],[702.5,3444.0],[705.0,3443.5],[708.0,3443.5],[711.0,3443.5],[714.0,3443.5],[717.0,3443.5],[720.0,3443.5],[723.0,3443.5],[725.0,3443.5],[727.0,3442.5],[730.0,3442.5],[733.0,3442.5],[735.0,3441.5],[738.0,3441.5],[740.0,3440.5],[742.5,3440.0],[745.0,3439.5],[747.0,3438.5],[749.0,3437.5],[751.0,3437.5],[753.0,3436.5],[756.0,3436.5],[759.0,3436.5],[762.0,3436.5],[765.0,3436.5],[768.0,3436.5],[770.0,3437.5],[773.0,3437.5],[775.0,3438.5],[777.5,3439.0],[779.0,3439.5],[781.0,3440.5],[783.0,3441.5],[785.0,3442.5],[787.0,3443.5],[790.0,3443.5],[792.0,3444.5],[795.0,3444.5],[798.0,3444.5],[801.0,3444.5],[804.0,3444.5],[806.0,3444.5],[808.0,3443.5],[811.0,3443.5],[814.0,3443.5],[817.0,3443.5],[820.0,3443.5],[823.0,3443.5],[826.0,3443.5],[829.0,3443.5],[832.0,3443.5],[835.0,3443.5],[837.0,3443.5],[839.0,3442.5],[841.5,3442.0],[844.0,3441.5],[847.0,3441.5],[849.0,3440.5],[852.0,3440.5],[854.0,3439.5],[857.0,3439.5],[859.5,3439.0],[862.0,3438.5],[864.0,3438.5],[867.0,3438.5],[869.5,3438.0],[872.0,3437.5],[875.0,3437.5],[877.5,3437.0],[880.0,3436.5],[882.0,3435.5],[884.0,3434.5],[886.0,3433.5],[887.5,3432.0],[888.5,3431.0],[890.0,3429.5],[891.0,3427.5],[893.0,3426.5],[895.0,3425.5],[897.0,3424.5],[899.5,3424.0],[902.0,3423.5],[904.0,3422.5],[906.5,3422.0],[908.5,3421.0],[910.0,3420.5],[912.0,3419.5],[914.5,3419.0],[916.5,3418.0],[919.0,3417.5],[921.0,3416.5],[924.0,3416.5],[926.0,3415.5],[929.0,3415.5],[931.5,3415.0],[934.0,3414.5],[936.0,3414.5],[938.5,3414.0],[941.0,3413.5],[944.0,3413.5],[947.0,3413.5],[949.0,3412.5],[952.0,3412.5],[955.0,3412.5],[958.0,3412.5],[960.0,3413.5],[963.0,3413.5],[964.0,3414.5],[966.0,3415.5],[966.5,3418.0],[966.0,3420.5],[965.5,3423.0],[964.5,3425.0],[964.5,3428.0],[964.0,3430.5],[963.5,3433.0],[963.5,3436.0],[962.5,3438.0],[962.5,3440.0],[962.5,3443.0],[961.5,3445.0],[961.5,3448.0],[961.5,3451.0],[961.5,3454.0],[961.5,3457.0],[960.0,3458.5],[958.0,3459.5],[956.0,3460.5],[953.5,3461.0],[951.0,3461.5],[949.0,3461.5],[946.0,3461.5],[943.0,3461.5],[941.0,3460.5],[938.0,3460.5],[935.0,3460.5],[933.0,3459.5],[930.0,3459.5],[927.0,3459.5],[924.5,3459.0],[922.0,3458.5],[920.0,3458.5],[917.0,3458.5],[915.0,3457.5],[912.0,3457.5],[910.0,3456.5],[907.0,3456.5],[904.0,3456.5],[901.5,3457.0],[899.5,3458.0],[897.5,3459.0],[896.0,3460.5],[895.0,3461.5],[893.5,3463.0],[892.5,3465.0],[891.0,3466.5],[889.5,3468.0],[888.0,3469.5],[886.0,3470.5],[884.0,3471.5],[881.5,3472.0],[879.0,3472.5],[876.0,3472.5],[874.5,3473.0],[872.0,3473.5],[869.5,3474.0],[867.0,3474.5],[865.0,3475.5],[862.5,3476.0],[860.0,3476.5],[858.0,3477.5],[855.0,3477.5],[853.0,3478.5],[850.0,3478.5],[848.0,3478.5],[846.0,3479.5],[843.0,3479.5],[840.0,3479.5],[838.0,3480.5],[835.0,3480.5],[832.0,3480.5],[830.0,3481.5],[827.0,3481.5],[824.0,3481.5],[822.0,3482.5],[820.0,3482.5],[817.0,3482.5],[815.0,3483.5],[812.0,3483.5],[809.0,3483.5],[807.0,3484.5]]",243110.5605430603,431095.50634765625,104.1224594116211,,,,,0.0023804143,10517,좌안_사력댐_제체,NOF_좌안(대전측)_콘크리트부,,,0.9925654889445257,../../Data/DJI_20260826094700_0360_V.JPG,../Overlay/DLM/P000505.png,mapped,local_surface_estimate
DJI_20260826094700_0360_V.JPG,P000506,DLM,박리,"[[1937.0,3585.5],[1936.0,3585.5],[1935.0,3585.5],[1934.0,3585.5],[1933.0,3585.5],[1932.0,3585.5],[1931.0,3585.5],[1930.0,3585.5],[1929.5,3585.0],[1929.0,3584.5],[1928.0,3584.5],[1927.5,3584.0],[1926.0,3583.5],[1925.0,3583.5],[1924.5,3583.0],[1924.0,3582.5],[1923.5,3582.0],[1923.0,3581.5],[1922.0,3581.5],[1921.0,3581.5],[1920.5,3581.0],[1920.0,3580.5],[1919.0,3580.5],[1918.0,3580.5],[1917.0,3580.5],[1916.0,3580.5],[1915.0,3580.5],[1914.0,3580.5],[1913.5,3581.0],[1913.0,3581.5],[1912.0,3581.5],[1911.0,3581.5],[1910.5,3581.0],[1910.5,3580.0],[1910.5,3579.0],[1910.5,3577.0],[1910.5,3576.0],[1910.5,3575.0],[1910.5,3574.0],[1910.5,3573.0],[1910.5,3572.0],[1910.5,3571.0],[1910.5,3570.0],[1911.0,3569.5],[1911.5,3569.0],[1911.5,3568.0],[1911.5,3567.0],[1912.0,3566.5],[1912.5,3566.0],[1912.5,3565.0],[1912.5,3564.0],[1913.0,3563.5],[1913.5,3563.0],[1913.5,3562.0],[1914.0,3561.5],[1914.5,3561.0],[1914.5,3560.0],[1915.0,3559.5],[1915.5,3558.0],[1916.0,3557.5],[1916.5,3557.0],[1916.5,3556.0],[1917.0,3555.5],[1917.5,3555.0],[1917.5,3554.0],[1917.5,3553.0],[1918.0,3552.5],[1918.5,3552.0],[1918.5,3551.0],[1918.5,3550.0],[1918.5,3549.0],[1919.0,3548.5],[1919.5,3548.0],[1919.5,3547.0],[1919.5,3546.0],[1919.5,3545.0],[1919.0,3544.5],[1918.5,3544.0],[1918.5,3543.0],[1918.5,3542.0],[1918.5,3541.0],[1918.5,3540.0],[1918.5,3538.0],[1918.5,3537.0],[1918.5,3536.0],[1918.5,3535.0],[1918.5,3534.0],[1918.5,3533.0],[1918.5,3532.0],[1918.5,3531.0],[1919.0,3530.5],[1919.5,3530.0],[1919.5,3529.0],[1919.5,3528.0],[1919.5,3527.0],[1919.5,3526.0],[1920.0,3525.5],[1920.5,3525.0],[1920.5,3524.0],[1921.0,3523.5],[1921.5,3523.0],[1921.5,3522.0],[1922.0,3521.5],[1922.5,3521.0],[1923.0,3520.5],[1924.0,3519.5],[1924.5,3519.0],[1925.0,3518.5],[1925.5,3518.0],[1926.0,3517.5],[1926.5,3517.0],[1927.0,3516.5],[1927.5,3516.0],[1928.0,3515.5],[1928.5,3515.0],[1928.5,3514.0],[1929.0,3513.5],[1929.5,3513.0],[1929.5,3512.0],[1930.0,3511.5],[1930.5,3511.0],[1930.5,3510.0],[1931.0,3509.5],[1931.5,3509.0],[1931.5,3508.0],[1931.5,3507.0],[1931.5,3506.0],[1932.0,3505.5],[1932.5,3504.0],[1932.5,3503.0],[1933.0,3502.5],[1933.5,3502.0],[1933.5,3501.0],[1934.0,3500.5],[1934.5,3500.0],[1934.5,3499.0],[1935.0,3498.5],[1935.5,3498.0],[1935.5,3497.0],[1936.0,3496.5],[1936.5,3496.0],[1937.0,3495.5],[1937.5,3495.0],[1938.0,3494.5],[1939.0,3494.5],[1940.0,3494.5],[1941.0,3494.5],[1942.0,3494.5],[1942.5,3495.0],[1943.0,3495.5],[1943.5,3496.0],[1944.5,3497.0],[1945.0,3497.5],[1945.5,3498.0],[1946.0,3498.5],[1946.5,3499.0],[1946.5,3500.0],[1946.5,3501.0],[1947.0,3501.5],[1947.5,3502.0],[1947.5,3503.0],[1947.5,3504.0],[1947.5,3505.0],[1947.5,3506.0],[1947.5,3507.0],[1947.5,3508.0],[1947.5,3509.0],[1947.5,3510.0],[1947.5,3511.0],[1947.5,3512.0],[1947.5,3513.0],[1947.5,3514.0],[1947.5,3515.0],[1947.5,3516.0],[1947.5,3518.0],[1947.5,3519.0],[1947.5,3520.0],[1947.5,3521.0],[1947.5,3522.0],[1947.5,3523.0],[1947.5,3524.0],[1947.5,3525.0],[1947.5,3526.0],[1947.5,3527.0],[1947.5,3528.0],[1947.5,3529.0],[1947.5,3530.0],[1947.5,3531.0],[1947.5,3532.0],[1948.0,3532.5],[1948.5,3533.0],[1948.5,3534.0],[1948.0,3534.5],[1947.5,3535.0],[1947.5,3536.0],[1947.5,3537.0],[1947.5,3538.0],[1947.5,3539.0],[1947.5,3541.0],[1947.5,3542.0],[1947.5,3543.0],[1947.5,3544.0],[1947.5,3545.0],[1947.5,3546.0],[1947.5,3547.0],[1947.5,3548.0],[1947.5,3549.0],[1947.5,3550.0],[1947.5,3551.0],[1947.5,3552.0],[1947.5,3553.0],[1947.5,3554.0],[1947.5,3555.0],[1948.0,3555.5],[1948.5,3556.0],[1948.5,3557.0],[1948.5,3558.0],[1948.0,3558.5],[1947.5,3559.0],[1947.5,3560.0],[1947.5,3561.0],[1947.5,3563.0],[1947.5,3564.0],[1947.5,3565.0],[1947.5,3566.0],[1947.5,3567.0],[1947.5,3568.0],[1947.5,3569.0],[1947.5,3570.0],[1947.5,3571.0],[1947.5,3572.0],[1947.5,3573.0],[1947.5,3574.0],[1947.5,3575.0],[1948.0,3575.5],[1948.5,3576.0],[1948.5,3577.0],[1948.5,3578.0],[1948.0,3578.5],[1947.5,3579.0],[1947.5,3580.0],[1947.5,3581.0],[1947.0,3581.5],[1946.5,3582.0],[1945.5,3583.0],[1945.0,3583.5],[1944.0,3583.5],[1943.0,3583.5],[1942.5,3584.0],[1942.0,3584.5],[1941.0,3584.5],[1940.0,3584.5],[1939.0,3584.5],[1938.0,3584.5],[1937.5,3585.0],[1937.0,3585.5]]",243110.73081970215,431095.00723075867,104.0531005859375,,,,,0.000593095,2389,좌안_사력댐_제체,NOF_좌안(대전측)_콘크리트부,,,0.9743586654142138,../../Data/DJI_20260826094700_0360_V.JPG,../Overlay/DLM/P000506.png,mapped,local_surface_estimate
DJI_20260826094700_0360_V.JPG,P000507,DLM,박리,"[[893.0,3606.5],[892.5,3606.0],[892.0,3605.5],[891.5,3605.0],[891.5,3604.0],[891.5,3603.0],[891.5,3602.0],[891.5,3601.0],[892.0,3600.5],[892.5,3600.0],[892.5,3599.0],[892.5,3598.0],[892.5,3597.0],[893.0,3596.5],[893.5,3596.0],[893.5,3595.0],[894.0,3594.5],[894.5,3594.0],[895.0,3593.5],[895.5,3593.0],[895.5,3592.0],[896.0,3591.5],[896.5,3591.0],[896.5,3590.0],[897.0,3589.5],[897.5,3589.0],[898.0,3588.5],[898.5,3588.0],[899.0,3587.5],[900.0,3587.5],[901.0,3587.5],[901.5,3588.0],[901.5,3589.0],[901.5,3590.0],[901.5,3591.0],[901.5,3592.0],[901.5,3593.0],[901.5,3594.0],[901.0,3594.5],[900.5,3595.0],[900.5,3596.0],[900.5,3597.0],[900.0,3597.5],[899.5,3598.0],[899.5,3599.0],[899.5,3600.0],[899.0,3600.5],[898.5,3601.0],[898.5,3602.0],[898.0,3602.5],[897.5,3603.0],[897.0,3603.5],[896.5,3604.0],[896.0,3604.5],[895.5,3605.0],[895.0,3605.5],[894.0,3605.5],[893.5,3606.0],[893.0,3606.5]]",243110.5701637268,431095.4781475067,104.0510025024414,,,,,2.47985e-05,109,좌안_사력댐_제체,NOF_좌안(대전측)_콘크리트부,,,0.8636417859191194,../../Data/DJI_20260826094700_0360_V.JPG,../Overlay/DLM/P000507.png,mapped,local_surface_estimate
DJI_20260826120100_0500_V.JPG,P000610,DLM,박리,"[[1587.0,1026.5],[1582.0,1026.5],[1578.0,1026.5],[1573.0,1026.5],[1568.0,1026.5],[1564.0,1026.5],[1559.0,1026.5],[1555.0,1025.5],[1551.0,1024.5],[1547.0,1024.5],[1543.0,1023.5],[1539.0,1022.5],[1536.5,1021.0],[1534.0,1018.5],[1532.0,1015.5],[1531.5,1012.0],[1530.0,1008.5],[1527.5,1006.0],[1525.5,1004.0],[1523.0,1001.5],[1524.5,999.0],[1525.5,996.0],[1527.5,993.0],[1531.0,991.5],[1533.5,989.0],[1535.5,987.0],[1538.0,984.5],[1542.5,984.0],[1545.0,984.5],[1548.0,984.5],[1553.0,984.5],[1556.5,985.0],[1561.0,985.5],[1565.0,986.5],[1568.0,987.5],[1573.0,987.5],[1577.0,988.5],[1582.0,988.5],[1586.0,988.5],[1591.0,988.5],[1596.0,988.5],[1600.0,988.5],[1605.0,988.5],[1609.5,988.0],[1613.0,987.5],[1617.5,987.0],[1622.0,986.5],[1626.0,986.5],[1630.0,985.5],[1635.0,985.5],[1639.5,985.0],[1643.0,984.5],[1647.0,983.5],[1651.5,983.0],[1655.0,982.5],[1659.0,981.5],[1664.0,981.5],[1668.0,981.5],[1672.0,982.5],[1676.0,983.5],[1679.0,984.5],[1683.5,985.0],[1688.0,985.5],[1691.0,986.5],[1696.0,986.5],[1700.0,987.5],[1705.0,987.5],[1709.0,987.5],[1714.0,987.5],[1719.0,987.5],[1722.0,988.5],[1727.0,988.5],[1731.0,987.5],[1735.0,987.5],[1739.0,986.5],[1743.0,987.5],[1746.0,986.5],[1751.0,986.5],[1755.0,987.5],[1759.0,988.5],[1763.0,988.5],[1768.0,988.5],[1772.0,987.5],[1775.0,986.5],[1779.5,987.0],[1784.0,987.5],[1787.5,988.0],[1792.0,988.5],[1796.0,989.5],[1800.0,989.5],[1805.0,989.5],[1809.0,988.5],[1812.0,987.5],[1817.0,987.5],[1822.0,987.5],[1827.0,987.5],[1830.0,986.5],[1833.0,986.5],[1838.0,986.5],[1841.5,986.0],[1846.0,985.5],[1851.0,985.5],[1854.0,986.5],[1858.0,987.5],[1863.0,987.5],[1867.0,987.5],[1871.0,986.5],[1875.0,985.5],[1879.0,984.5],[1882.0,983.5],[1886.0,982.5],[1890.0,981.5],[1893.0,980.5],[1897.0,979.5],[1902.0,979.5],[1905.0,978.5],[1910.0,978.5],[1914.0,977.5],[1918.0,977.5],[1922.0,976.5],[1925.5,978.0],[1928.5,980.0],[1930.5,982.0],[1933.0,984.5],[1935.5,987.0],[1937.0,989.5],[1940.5,991.0],[1944.0,992.5],[1947.0,993.5],[1951.0,994.5],[1955.0,995.5],[1959.0,995.5],[1963.0,996.5],[1967.0,997.5],[1970.5,998.0],[1975.0,998.5],[1979.0,999.5],[1983.0,998.5],[1986.5,998.0],[1990.5,997.0],[1995.0,996.5],[1998.0,995.5],[2001.5,997.0],[2003.5,1000.0],[2004.5,1003.0],[2004.5,1008.0],[2003.5,1012.0],[2002.5,1015.0],[2001.5,1016.0],[2000.5,1012.0],[1998.5,1014.0],[1996.0,1015.5],[1994.0,1018.5],[1990.5,1020.0],[1987.0,1020.5],[1983.5,1022.0],[1979.5,1022.0],[1977.5,1021.0],[1975.0,1021.5],[1971.0,1022.5],[1968.0,1021.5],[1963.0,1021.5],[1958.0,1021.5],[1954.0,1022.5],[1950.5,1023.0],[1947.0,1022.5],[1942.0,1022.5],[1939.0,1021.5],[1935.0,1022.5],[1930.5,1023.0],[1927.0,1023.5],[1923.0,1022.5],[1919.0,1021.5],[1916.0,1022.5],[1912.5,1022.0],[1909.0,1021.5],[1905.5,1021.0],[1901.0,1020.5],[1897.0,1019.5],[1893.5,1019.0],[1891.0,1020.5],[1886.5,1021.0],[1883.0,1022.5],[1879.5,1023.0],[1876.0,1022.5],[1872.0,1021.5],[1869.0,1022.5],[1864.0,1022.5],[1860.5,1023.0],[1857.0,1022.5],[1854.0,1022.5],[1850.0,1023.5],[1846.0,1022.5],[1842.0,1022.5],[1837.0,1022.5],[1832.0,1022.5],[1828.5,1023.0],[1824.5,1024.0],[1821.0,1025.5],[1818.0,1024.5],[1815.0,1022.5],[1811.0,1021.5],[1807.0,1021.5],[1803.0,1022.5],[1798.0,1022.5],[1794.0,1022.5],[1789.0,1022.5],[1785.0,1023.5],[1780.0,1023.5],[1776.0,1023.5],[1771.0,1023.5],[1766.0,1023.5],[1763.0,1022.5],[1759.0,1021.5],[1754.0,1021.5],[1750.0,1021.5],[1745.0,1021.5],[1740.0,1021.5],[1736.0,1021.5],[1732.0,1022.5],[1728.5,1023.0],[1725.0,1023.5],[1722.0,1022.5],[1718.0,1021.5],[1714.5,1022.0],[1711.0,1021.5],[1706.0,1021.5],[1703.0,1021.5],[1700.5,1021.0],[1696.5,1022.0],[1693.0,1023.5],[1690.0,1024.5],[1685.0,1024.5],[1681.0,1023.5],[1676.0,1023.5],[1673.0,1022.5],[1669.0,1023.5],[1664.5,1024.0],[1661.0,1024.5],[1657.0,1025.5],[1652.0,1025.5],[1648.0,1025.5],[1644.0,1024.5],[1639.0,1024.5],[1635.0,1024.5],[1630.0,1024.5],[1625.0,1024.5],[1621.0,1024.5],[1616.5,1024.0],[1612.0,1023.5],[1608.0,1024.5],[1604.0,1024.5],[1599.0,1024.5],[1595.0,1025.5],[1591.0,1025.5],[1587.0,1026.5]]",243077.99844169617,431155.7081794739,82.55763244628906,,,,,0.538861722,16943,SPW_0087,SPW_여수로_교각_도수면,SPW_0087,27964041-5e39-5298-ae94-230523cb65a4,0.9886091493986112,../../Data/DJI_20260826120100_0500_V.JPG,../Overlay/DLM/P000610.png,mapped,local_surface_estimate
DJI_20260826120100_0500_V.JPG,P000611,DLM,박리,"[[1402.0,998.5],[1401.0,998.5],[1400.5,998.0],[1401.0,997.5],[1402.0,997.5],[1402.5,998.0],[1402.0,998.5]]",243077.5357055664,431156.9805679321,82.52552223205566,,,,,6.07158e-05,2,SPW_0087,SPW_여수로_교각_도수면,SPW_0087,27964041-5e39-5298-ae94-230523cb65a4,0.6869390308856964,../../Data/DJI_20260826120100_0500_V.JPG,../Overlay/DLM/P000611.png,mapped,local_surface_estimate
DJI_20260826120100_0500_V.JPG,P000612,DLM,박리,"[[1078.0,2054.5],[1076.5,2053.0],[1075.5,2051.0],[1074.5,2050.0],[1073.0,2050.5],[1070.5,2050.0],[1068.0,2049.5],[1066.0,2049.5],[1064.0,2050.5],[1061.0,2050.5],[1059.0,2051.5],[1058.0,2050.5],[1056.0,2051.5],[1053.5,2052.0],[1052.0,2051.5],[1050.0,2051.5],[1048.0,2050.5],[1045.0,2050.5],[1043.0,2049.5],[1041.0,2049.5],[1038.5,2049.0],[1036.0,2048.5],[1034.5,2049.0],[1033.0,2048.5],[1030.5,2048.0],[1028.0,2047.5],[1026.0,2046.5],[1024.0,2045.5],[1023.0,2044.5],[1022.5,2042.0],[1021.5,2040.0],[1021.5,2037.0],[1021.5,2035.0],[1022.5,2033.0],[1021.5,2031.0],[1022.5,2029.0],[1022.5,2027.0],[1023.5,2025.0],[1023.5,2022.0],[1023.5,2019.0],[1024.0,2017.5],[1024.5,2015.0],[1025.5,2013.0],[1024.0,2011.5],[1023.0,2010.5],[1022.5,2008.0],[1023.0,2005.5],[1023.5,2003.0],[1024.5,2001.0],[1024.5,1999.0],[1024.5,1996.0],[1025.5,1994.0],[1026.0,1991.5],[1026.5,1990.0],[1025.5,1988.0],[1025.5,1985.0],[1025.5,1982.0],[1024.5,1981.0],[1024.5,1978.0],[1023.5,1976.0],[1023.5,1973.0],[1023.5,1971.0],[1024.5,1969.0],[1025.5,1967.0],[1026.5,1965.0],[1027.5,1964.0],[1027.0,1961.5],[1027.5,1960.0],[1026.5,1958.0],[1026.5,1956.0],[1026.5,1953.0],[1025.5,1951.0],[1025.5,1948.0],[1024.5,1946.0],[1024.5,1944.0],[1023.5,1942.0],[1023.5,1939.0],[1023.5,1936.0],[1023.5,1934.0],[1024.5,1932.0],[1024.5,1929.0],[1025.5,1927.0],[1026.0,1925.5],[1026.5,1923.0],[1027.5,1921.0],[1028.0,1919.5],[1027.5,1918.0],[1027.5,1915.0],[1027.0,1912.5],[1026.0,1910.5],[1026.0,1909.5],[1025.5,1908.0],[1024.5,1906.0],[1025.5,1904.0],[1026.5,1902.0],[1027.5,1901.0],[1029.0,1899.5],[1030.5,1898.0],[1031.5,1896.0],[1031.0,1894.5],[1029.5,1893.0],[1029.5,1890.0],[1028.5,1888.0],[1027.5,1887.0],[1026.5,1885.0],[1026.5,1882.0],[1025.5,1880.0],[1025.5,1878.0],[1025.5,1875.0],[1024.5,1873.0],[1023.5,1871.0],[1023.5,1869.0],[1023.5,1866.0],[1024.5,1864.0],[1025.5,1862.0],[1026.0,1860.5],[1027.5,1859.0],[1029.5,1858.0],[1031.5,1857.0],[1034.0,1856.5],[1035.0,1855.5],[1038.0,1855.5],[1041.0,1855.5],[1044.0,1855.5],[1045.5,1856.0],[1048.0,1856.5],[1051.0,1856.5],[1054.0,1856.5],[1056.0,1856.5],[1059.0,1856.5],[1062.0,1856.5],[1065.0,1856.5],[1067.0,1856.5],[1070.0,1856.5],[1072.0,1855.5],[1075.0,1855.5],[1077.0,1855.5],[1079.0,1856.5],[1082.0,1856.5],[1084.0,1855.5],[1087.0,1855.5],[1089.0,1855.5],[1092.0,1855.5],[1094.0,1856.5],[1097.0,1856.5],[1099.0,1856.5],[1102.0,1856.5],[1104.0,1857.5],[1106.0,1858.5],[1106.5,1860.0],[1108.0,1861.5],[1109.5,1863.0],[1110.5,1865.0],[1111.5,1866.0],[1111.5,1869.0],[1112.0,1871.5],[1112.5,1874.0],[1112.5,1876.0],[1113.5,1878.0],[1113.5,1881.0],[1112.5,1883.0],[1112.5,1885.0],[1111.0,1886.5],[1109.5,1888.0],[1108.0,1889.5],[1107.0,1891.5],[1106.0,1892.5],[1105.0,1894.5],[1104.5,1897.0],[1105.0,1899.5],[1105.5,1901.0],[1106.5,1903.0],[1107.5,1905.0],[1109.0,1906.5],[1110.0,1907.5],[1112.0,1908.5],[1115.0,1908.5],[1117.0,1907.5],[1119.0,1907.5],[1121.0,1906.5],[1124.0,1906.5],[1126.0,1905.5],[1127.0,1906.5],[1128.5,1908.0],[1129.5,1910.0],[1128.5,1912.0],[1127.5,1914.0],[1127.5,1916.0],[1127.0,1918.5],[1125.5,1920.0],[1125.0,1922.5],[1124.5,1924.0],[1124.5,1927.0],[1123.5,1929.0],[1122.5,1931.0],[1122.0,1932.5],[1121.0,1934.5],[1120.5,1937.0],[1119.5,1939.0],[1118.5,1940.0],[1117.5,1942.0],[1117.0,1944.5],[1116.5,1947.0],[1115.5,1948.0],[1115.5,1951.0],[1114.5,1953.0],[1114.5,1956.0],[1113.5,1957.0],[1113.5,1960.0],[1112.5,1962.0],[1112.5,1965.0],[1111.5,1967.0],[1111.5,1969.0],[1111.5,1972.0],[1110.5,1974.0],[1110.5,1977.0],[1110.0,1978.5],[1108.5,1980.0],[1108.5,1983.0],[1107.5,1985.0],[1107.5,1987.0],[1106.5,1989.0],[1105.5,1991.0],[1104.5,1993.0],[1103.5,1994.0],[1103.0,1996.5],[1102.5,1999.0],[1101.5,2001.0],[1101.5,2003.0],[1101.0,2005.5],[1100.5,2008.0],[1099.0,2009.5],[1098.5,2012.0],[1098.0,2013.5],[1097.5,2016.0],[1096.5,2018.0],[1095.5,2020.0],[1095.5,2022.0],[1095.0,2024.5],[1094.5,2027.0],[1093.5,2029.0],[1093.5,2031.0],[1092.5,2033.0],[1091.5,2035.0],[1090.5,2037.0],[1090.0,2038.5],[1089.0,2040.5],[1088.0,2042.5],[1087.5,2045.0],[1086.5,2046.0],[1085.5,2048.0],[1084.5,2050.0],[1083.0,2051.5],[1082.0,2052.5],[1080.0,2053.5],[1078.0,2054.5]]",243073.8944644928,431156.03358078003,78.77623176574707,,,,,0.1751508843,16165,SPW_0106,SPW_여수로_교각_도수면,SPW_0106,4dc5a7e6-ce82-554c-88fd-4b778a26dfc4,0.9884232572826335,../../Data/DJI_20260826120100_0500_V.JPG,../Overlay/DLM/P000612.png,mapped,local_surface_estimate
DJI_20260826124557_0200_V.JPG,P000714,DLM,박리,"[[2.0,678.5],[0.5,677.0],[-0.5,675.0],[-0.5,672.0],[-0.5,669.0],[-0.5,666.0],[-0.5,663.0],[-0.5,660.0],[-0.5,657.0],[-0.5,654.0],[-0.5,651.0],[-0.5,648.0],[-0.5,645.0],[-0.5,642.0],[-0.5,639.0],[-0.5,637.0],[-0.5,634.0],[-0.5,631.0],[-0.5,628.0],[-0.5,625.0],[-0.5,622.0],[-0.5,619.0],[-0.5,616.0],[-0.5,613.0],[-0.5,610.0],[-0.5,607.0],[-0.5,604.0],[-0.5,601.0],[-0.5,598.0],[-0.5,595.0],[-0.5,592.0],[-0.5,589.0],[-0.5,586.0],[-0.5,583.0],[-0.5,580.0],[-0.5,577.0],[-0.5,574.0],[-0.5,571.0],[-0.5,568.0],[-0.5,565.0],[-0.5,562.0],[-0.5,559.0],[-0.5,556.0],[0.5,555.0],[1.5,554.0],[4.0,554.5],[7.0,554.5],[9.5,554.0],[12.0,553.5],[15.0,553.5],[17.5,553.0],[20.0,552.5],[22.5,552.0],[25.0,551.5],[27.0,550.5],[29.0,549.5],[31.0,548.5],[33.0,547.5],[35.0,546.5],[36.5,545.0],[38.0,543.5],[40.0,542.5],[41.5,541.0],[43.0,539.5],[44.0,537.5],[45.5,536.0],[47.0,534.5],[48.5,533.0],[50.0,531.5],[52.0,530.5],[53.5,529.0],[54.5,528.0],[56.0,526.5],[57.5,525.0],[59.0,523.5],[60.5,522.0],[61.5,520.0],[63.0,518.5],[64.0,516.5],[65.5,515.0],[67.0,513.5],[68.5,512.0],[70.5,511.0],[72.0,509.5],[73.5,508.0],[74.5,506.0],[76.0,504.5],[78.0,503.5],[80.0,502.5],[81.5,501.0],[84.0,500.5],[87.0,500.5],[89.0,499.5],[92.0,499.5],[95.0,499.5],[98.0,499.5],[101.0,499.5],[103.0,498.5],[106.0,498.5],[109.0,498.5],[111.0,498.5],[113.5,498.0],[116.0,497.5],[119.0,497.5],[122.0,497.5],[124.0,496.5],[127.0,496.5],[130.0,496.5],[132.0,495.5],[135.0,495.5],[137.5,495.0],[140.0,494.5],[142.5,494.0],[145.0,493.5],[147.5,493.0],[150.0,492.5],[152.5,492.0],[155.0,491.5],[157.0,490.5],[160.0,490.5],[162.0,489.5],[165.0,489.5],[167.0,488.5],[170.0,488.5],[173.0,488.5],[176.0,488.5],[178.0,487.5],[180.5,487.0],[182.0,486.5],[184.5,487.0],[183.5,489.0],[182.0,490.5],[180.5,492.0],[179.0,493.5],[177.5,495.0],[176.0,496.5],[174.5,498.0],[173.0,499.5],[171.5,501.0],[170.5,503.0],[169.5,505.0],[168.5,507.0],[167.0,508.5],[166.0,510.5],[165.0,512.5],[164.0,514.5],[162.5,516.0],[161.5,518.0],[160.0,519.5],[158.5,521.0],[157.0,522.5],[155.5,524.0],[154.0,525.5],[152.5,527.0],[151.0,528.5],[149.5,530.0],[149.0,531.5],[147.5,533.0],[146.0,534.5],[144.5,536.0],[143.5,538.0],[142.0,539.5],[141.0,541.5],[139.5,543.0],[138.0,544.5],[136.0,545.5],[134.0,546.5],[132.0,547.5],[130.5,549.0],[129.0,550.5],[128.0,552.5],[127.0,554.5],[125.5,556.0],[124.5,558.0],[123.5,560.0],[122.5,562.0],[121.5,564.0],[120.5,566.0],[119.0,567.5],[117.5,569.0],[116.0,570.5],[115.0,572.5],[113.5,574.0],[112.5,576.0],[111.5,578.0],[110.5,579.0],[109.0,580.5],[107.5,582.0],[106.0,583.5],[104.5,585.0],[103.0,586.5],[101.5,588.0],[100.5,590.0],[99.0,591.5],[97.5,593.0],[96.0,594.5],[94.5,596.0],[93.0,597.5],[91.5,599.0],[90.0,600.5],[88.5,602.0],[87.0,603.5],[85.5,605.0],[84.0,606.5],[82.0,607.5],[80.5,609.0],[79.0,610.5],[77.0,611.5],[75.5,613.0],[74.0,614.5],[72.5,616.0],[71.0,617.5],[69.5,619.0],[69.0,620.5],[67.5,622.0],[66.0,623.5],[64.5,625.0],[63.5,627.0],[62.0,628.5],[60.5,630.0],[59.0,631.5],[57.5,633.0],[56.0,634.5],[54.5,636.0],[53.5,638.0],[52.0,639.5],[50.0,640.5],[48.5,642.0],[47.0,643.5],[45.0,644.5],[43.0,645.5],[41.5,647.0],[39.5,648.0],[37.5,649.0],[35.5,650.0],[33.5,651.0],[31.5,652.0],[30.0,653.5],[28.0,654.5],[26.5,656.0],[25.0,657.5],[23.5,658.0],[22.0,659.5],[20.5,661.0],[19.0,662.5],[17.5,664.0],[16.0,665.5],[14.5,667.0],[13.0,668.5],[11.5,670.0],[9.5,671.0],[8.0,672.5],[6.0,673.5],[4.5,675.0],[3.0,676.5],[2.0,678.5]]",243063.09116315842,431179.1180458069,75.42866134643555,,,,,0.1906628318,14647,SPW_0121,SPW_여수로_교각_도수면,SPW_0121,4da5084a-e729-5bd8-bc3e-cf55dd25ee57,0.9923818431275285,../../Data/DJI_20260826124557_0200_V.JPG,../Overlay/DLM/P000714.png,mapped,local_surface_estimate
DJI_20260826124557_0200_V.JPG,P000715,DLM,박리,"[[2.0,974.5],[0.0,974.5],[-0.5,973.0],[-0.5,971.0],[-0.5,969.0],[-0.5,967.0],[-0.5,964.0],[-0.5,962.0],[-0.5,960.0],[-0.5,958.0],[-0.5,956.0],[-0.5,954.0],[-0.5,952.0],[-0.5,950.0],[-0.5,948.0],[-0.5,946.0],[-0.5,944.0],[-0.5,942.0],[-0.5,939.0],[-0.5,937.0],[-0.5,935.0],[-0.5,933.0],[-0.5,931.0],[-0.5,929.0],[-0.5,927.0],[-0.5,925.0],[-0.5,923.0],[-0.5,921.0],[-0.5,919.0],[-0.5,916.0],[-0.5,914.0],[-0.5,912.0],[-0.5,910.0],[-0.5,908.0],[-0.5,906.0],[-0.5,904.0],[-0.5,902.0],[-0.5,900.0],[-0.5,898.0],[-0.5,896.0],[-0.5,894.0],[-0.5,891.0],[-0.5,889.0],[-0.5,887.0],[-0.5,885.0],[-0.5,883.0],[-0.5,881.0],[-0.5,879.0],[-0.5,877.0],[-0.5,875.0],[-0.5,873.0],[-0.5,871.0],[-0.5,869.0],[-0.5,866.0],[-0.5,864.0],[-0.5,862.0],[-0.5,860.0],[-0.5,858.0],[-0.5,856.0],[-0.5,854.0],[-0.5,852.0],[-0.5,850.0],[-0.5,848.0],[-0.5,846.0],[-0.5,843.0],[-0.5,841.0],[-0.5,839.0],[-0.5,837.0],[-0.5,835.0],[-0.5,833.0],[-0.5,831.0],[-0.5,829.0],[-0.5,827.0],[-0.5,825.0],[-0.5,823.0],[-0.5,821.0],[-0.5,818.0],[-0.5,816.0],[-0.5,814.0],[-0.5,812.0],[-0.5,810.0],[-0.5,808.0],[-0.5,806.0],[-0.5,804.0],[-0.5,802.0],[-0.5,800.0],[1.0,799.5],[2.5,801.0],[2.5,803.0],[3.5,804.0],[4.0,805.5],[4.5,807.0],[5.0,808.5],[6.0,809.5],[7.5,810.0],[9.0,810.5],[11.0,810.5],[12.0,811.5],[14.0,811.5],[16.0,812.5],[18.0,812.5],[20.0,812.5],[21.5,812.0],[23.0,811.5],[25.0,811.5],[27.0,811.5],[28.0,810.5],[30.0,810.5],[32.0,810.5],[33.0,809.5],[35.0,809.5],[38.0,809.5],[40.0,809.5],[42.0,809.5],[44.0,809.5],[46.0,809.5],[47.5,810.0],[49.0,810.5],[51.0,810.5],[53.0,810.5],[55.0,810.5],[57.0,810.5],[60.0,810.5],[62.0,810.5],[64.0,810.5],[66.0,810.5],[67.5,810.0],[69.0,809.5],[71.0,809.5],[73.0,809.5],[74.5,810.0],[75.5,811.0],[76.5,812.0],[76.0,813.5],[74.5,815.0],[73.0,815.5],[72.0,816.5],[70.5,817.0],[69.0,817.5],[67.5,818.0],[66.5,819.0],[65.0,819.5],[64.0,820.5],[63.0,821.5],[62.0,822.5],[60.0,823.5],[59.0,824.5],[58.0,825.5],[57.0,826.5],[56.0,827.5],[55.0,828.5],[54.0,829.5],[53.0,830.5],[52.0,831.5],[51.5,833.0],[50.5,834.0],[50.0,835.5],[48.5,837.0],[48.0,838.5],[47.5,840.0],[48.0,841.5],[48.5,843.0],[49.5,844.0],[50.5,845.0],[51.5,846.0],[52.0,847.5],[53.0,848.5],[54.0,849.5],[55.5,850.0],[56.5,852.0],[57.0,853.5],[57.5,855.0],[57.5,857.0],[57.0,858.5],[56.5,860.0],[56.5,862.0],[55.5,863.0],[55.5,865.0],[54.5,866.0],[54.0,867.5],[53.0,869.5],[52.5,871.0],[51.5,872.0],[51.0,873.5],[50.5,875.0],[49.5,876.0],[48.5,877.0],[47.5,878.0],[47.0,879.5],[46.0,880.5],[45.0,881.5],[44.0,882.5],[42.5,884.0],[41.5,885.0],[41.0,886.5],[40.0,887.5],[39.5,889.0],[38.5,890.0],[38.0,891.5],[37.5,893.0],[37.0,894.5],[36.5,896.0],[36.5,898.0],[36.5,901.0],[36.5,903.0],[36.0,904.5],[35.5,906.0],[35.5,908.0],[35.5,910.0],[35.0,911.5],[34.5,913.0],[34.0,914.5],[33.5,916.0],[32.5,917.0],[32.0,918.5],[31.0,920.5],[30.5,922.0],[29.5,923.0],[29.0,924.5],[28.5,926.0],[27.5,927.0],[26.5,928.0],[26.0,929.5],[25.5,931.0],[24.5,932.0],[24.0,933.5],[23.5,935.0],[22.5,937.0],[22.0,938.5],[21.5,940.0],[20.5,941.0],[20.5,943.0],[19.5,944.0],[19.0,945.5],[18.5,947.0],[18.0,948.5],[17.5,950.0],[16.5,951.0],[15.5,953.0],[15.0,954.5],[14.5,956.0],[13.5,957.0],[12.5,958.0],[12.0,959.5],[11.5,961.0],[10.5,962.0],[9.5,963.0],[8.5,964.0],[7.5,965.0],[6.5,966.0],[5.5,968.0],[5.0,969.5],[4.0,970.5],[3.5,972.0],[2.5,973.0],[2.0,974.5]]",243062.34275197983,431178.5207862854,74.3283576965332,,,,,0.0654645172,6470,SPW_0121,SPW_여수로_교각_도수면,SPW_0121,4da5084a-e729-5bd8-bc3e-cf55dd25ee57,0.994265401326523,../../Data/DJI_20260826124557_0200_V.JPG,../Overlay/DLM/P000715.png,mapped,local_surface_estimate
DJI_20260826124557_0200_V.JPG,P000716,DLM,박리,"[[868.0,1139.5],[858.0,1139.5],[849.0,1137.5],[841.0,1135.5],[831.0,1134.5],[823.5,1135.0],[815.0,1136.5],[805.0,1137.5],[797.0,1135.5],[788.5,1135.0],[779.0,1134.5],[771.0,1132.5],[765.0,1133.5],[755.0,1133.5],[747.0,1135.5],[741.5,1132.0],[738.5,1127.0],[736.5,1120.0],[733.0,1114.5],[731.5,1107.0],[731.5,1098.0],[729.5,1090.0],[725.0,1084.5],[716.0,1082.5],[707.0,1083.5],[697.0,1084.5],[689.0,1086.5],[680.0,1085.5],[671.0,1083.5],[663.0,1081.5],[653.5,1081.0],[644.0,1081.5],[635.0,1082.5],[626.0,1080.5],[617.0,1079.5],[611.0,1083.5],[601.0,1082.5],[592.0,1083.5],[584.0,1084.5],[576.0,1084.5],[567.0,1083.5],[557.0,1082.5],[547.0,1082.5],[537.0,1083.5],[528.0,1082.5],[518.0,1082.5],[508.0,1083.5],[498.5,1084.0],[490.0,1085.5],[481.0,1087.5],[472.0,1088.5],[462.0,1089.5],[453.0,1090.5],[444.0,1089.5],[436.0,1086.5],[430.5,1082.0],[427.0,1074.5],[421.0,1070.5],[412.5,1069.0],[402.0,1068.5],[392.0,1068.5],[382.0,1068.5],[372.0,1069.5],[363.0,1068.5],[354.5,1068.0],[346.0,1066.5],[337.0,1065.5],[329.0,1062.5],[321.0,1060.5],[312.0,1058.5],[306.0,1054.5],[310.5,1050.0],[316.0,1044.5],[321.5,1040.0],[328.0,1036.5],[335.5,1033.0],[342.5,1030.0],[350.0,1026.5],[356.5,1023.0],[362.5,1019.0],[369.5,1015.0],[376.0,1011.5],[383.5,1008.0],[390.0,1004.5],[396.5,1001.0],[404.0,997.5],[411.0,994.5],[418.0,991.5],[425.5,988.0],[433.0,985.5],[442.0,983.5],[450.0,981.5],[458.5,980.0],[467.0,977.5],[475.0,975.5],[483.0,972.5],[490.5,970.0],[498.0,967.5],[505.5,964.0],[512.0,960.5],[518.0,956.5],[525.0,952.5],[534.0,951.5],[545.0,951.5],[555.0,951.5],[565.0,951.5],[574.0,953.5],[582.0,955.5],[592.0,956.5],[601.0,957.5],[610.0,958.5],[621.0,958.5],[630.0,957.5],[637.5,955.0],[646.0,952.5],[653.0,949.5],[660.5,946.0],[667.5,943.0],[674.0,939.5],[682.0,936.5],[689.5,937.0],[698.0,939.5],[706.0,939.5],[715.0,938.5],[724.0,936.5],[732.0,934.5],[741.0,933.5],[752.0,933.5],[761.0,932.5],[770.0,930.5],[779.0,929.5],[789.0,929.5],[799.0,930.5],[808.0,929.5],[818.0,929.5],[828.0,930.5],[838.0,930.5],[848.0,929.5],[858.0,929.5],[868.0,929.5],[878.0,930.5],[886.0,932.5],[893.0,936.5],[901.0,938.5],[909.0,936.5],[917.0,933.5],[924.0,930.5],[932.0,928.5],[940.0,925.5],[948.0,923.5],[956.5,921.0],[963.0,917.5],[969.0,913.5],[975.0,908.5],[980.5,904.0],[986.5,899.0],[991.0,893.5],[995.5,888.0],[1000.5,882.0],[1005.0,876.5],[1010.0,871.5],[1015.0,865.5],[1020.0,860.5],[1023.0,861.5],[1019.5,868.0],[1016.5,875.0],[1015.5,883.0],[1018.0,890.5],[1021.5,898.0],[1024.5,905.0],[1026.5,913.0],[1029.0,921.5],[1033.5,927.0],[1041.0,929.5],[1049.0,928.5],[1058.0,927.5],[1069.0,927.5],[1077.5,926.0],[1087.0,925.5],[1095.5,925.0],[1101.0,924.5],[1108.0,922.5],[1115.0,919.5],[1122.0,916.5],[1129.0,914.5],[1136.5,912.0],[1141.0,909.5],[1145.5,904.0],[1149.0,897.5],[1155.0,892.5],[1163.0,892.5],[1170.0,895.5],[1177.5,899.0],[1182.5,904.0],[1181.5,914.0],[1178.5,921.0],[1176.0,928.5],[1172.5,936.0],[1170.5,944.0],[1166.0,949.5],[1161.5,956.0],[1158.5,963.0],[1155.5,971.0],[1152.0,977.5],[1147.0,982.5],[1140.5,987.0],[1134.5,991.0],[1128.0,995.5],[1122.0,999.5],[1116.0,1003.5],[1109.0,1007.5],[1103.0,1011.5],[1097.0,1015.5],[1090.0,1019.5],[1083.0,1022.5],[1074.0,1024.5],[1068.0,1022.5],[1060.5,1022.0],[1052.5,1021.0],[1046.0,1021.5],[1037.0,1019.5],[1027.5,1019.0],[1023.5,1022.0],[1020.5,1028.0],[1021.5,1035.0],[1022.0,1042.5],[1024.5,1051.0],[1027.5,1058.0],[1027.5,1065.0],[1028.5,1072.0],[1026.5,1078.0],[1023.5,1084.0],[1025.5,1090.0],[1021.5,1095.0],[1021.0,1097.5],[1017.0,1100.5],[1009.5,1100.0],[1000.0,1100.5],[992.0,1100.5],[983.5,1101.0],[975.5,1103.0],[966.0,1104.5],[958.0,1104.5],[951.0,1107.5],[944.5,1112.0],[938.5,1116.0],[931.5,1120.0],[923.5,1122.0],[916.0,1122.5],[906.5,1123.0],[900.5,1123.0],[895.0,1126.5],[887.5,1130.0],[881.5,1134.0],[875.0,1136.5],[868.0,1139.5]]",243062.66400575638,431176.5901184082,73.95181465148926,,,,,1.1757392464,116570,SPW_0122,SPW_여수로_교각_도수면,SPW_0122,01430d7b-a72a-5d44-bd93-0b18cbfdf82e,0.9948082003685892,../../Data/DJI_20260826124557_0200_V.JPG,../Overlay/DLM/P000716.png,mapped,local_surface_estimate
DJI_20260826125854_0900_V.JPG,P000766,DLM,박리,"[[1722.0,552.5],[1719.0,552.5],[1716.0,552.5],[1713.0,552.5],[1710.0,552.5],[1708.0,551.5],[1705.0,551.5],[1702.0,551.5],[1699.0,551.5],[1696.0,551.5],[1693.0,551.5],[1690.0,551.5],[1687.0,551.5],[1684.5,551.0],[1682.0,550.5],[1679.0,550.5],[1676.0,550.5],[1674.0,549.5],[1671.0,549.5],[1667.0,549.5],[1665.0,548.5],[1662.0,548.5],[1659.0,548.5],[1657.0,547.5],[1654.5,547.0],[1652.0,546.5],[1650.0,545.5],[1647.5,545.0],[1645.0,544.5],[1643.0,543.5],[1641.0,542.5],[1638.5,542.0],[1636.5,541.0],[1634.5,540.0],[1632.5,539.0],[1630.5,538.0],[1629.0,536.5],[1627.5,535.0],[1626.0,533.5],[1624.5,532.0],[1623.0,530.5],[1621.5,529.0],[1620.0,527.5],[1618.0,526.5],[1616.5,525.0],[1615.0,523.5],[1613.5,522.0],[1612.5,520.0],[1611.0,518.5],[1610.0,516.5],[1609.5,514.0],[1611.0,512.5],[1614.0,512.5],[1616.5,512.0],[1619.0,511.5],[1623.0,511.5],[1625.5,511.0],[1628.0,510.5],[1631.0,510.5],[1634.0,510.5],[1637.0,510.5],[1640.0,510.5],[1643.0,510.5],[1646.0,510.5],[1649.0,510.5],[1651.0,511.5],[1653.5,511.0],[1656.0,510.5],[1659.0,510.5],[1662.0,510.5],[1664.0,509.5],[1667.0,509.5],[1670.0,509.5],[1673.0,509.5],[1675.0,508.5],[1678.0,508.5],[1681.0,508.5],[1683.0,507.5],[1686.0,507.5],[1689.0,507.5],[1691.0,506.5],[1694.0,506.5],[1696.0,507.5],[1699.0,507.5],[1702.0,507.5],[1705.0,507.5],[1707.0,508.5],[1709.0,507.5],[1711.0,508.5],[1714.0,508.5],[1717.0,508.5],[1719.0,509.5],[1723.0,509.5],[1726.0,509.5],[1728.0,510.5],[1731.0,510.5],[1734.0,510.5],[1737.0,510.5],[1740.0,510.5],[1743.0,510.5],[1744.5,510.0],[1747.0,510.5],[1749.0,509.5],[1752.0,509.5],[1754.0,508.5],[1757.0,508.5],[1759.0,507.5],[1762.0,507.5],[1764.0,506.5],[1766.0,505.5],[1769.0,505.5],[1771.0,504.5],[1774.0,504.5],[1776.5,504.0],[1779.0,503.5],[1781.0,502.5],[1784.0,502.5],[1786.0,501.5],[1789.0,501.5],[1791.5,501.0],[1794.0,500.5],[1797.0,500.5],[1799.5,500.0],[1802.0,499.5],[1804.0,500.5],[1806.0,499.5],[1808.0,498.5],[1810.5,498.0],[1813.5,498.0],[1815.5,498.0],[1818.0,497.5],[1821.0,497.5],[1824.0,497.5],[1826.0,498.5],[1828.0,499.5],[1831.0,499.5],[1833.0,500.5],[1836.0,500.5],[1837.5,502.0],[1840.0,502.5],[1843.0,502.5],[1845.5,503.0],[1848.0,503.5],[1851.0,503.5],[1853.0,504.5],[1855.5,504.0],[1857.5,504.0],[1859.5,505.0],[1861.0,504.5],[1864.0,504.5],[1866.5,504.0],[1868.0,502.5],[1871.0,502.5],[1874.0,502.5],[1877.0,502.5],[1880.0,502.5],[1882.0,503.5],[1885.0,503.5],[1887.0,502.5],[1889.0,503.5],[1891.0,502.5],[1894.0,502.5],[1897.0,502.5],[1899.5,502.0],[1903.0,501.5],[1905.0,500.5],[1907.0,499.5],[1909.0,500.5],[1912.0,500.5],[1915.0,500.5],[1918.0,500.5],[1920.0,501.5],[1922.0,502.5],[1921.5,504.0],[1921.0,506.5],[1919.5,508.0],[1918.0,509.5],[1917.0,511.5],[1915.0,512.5],[1914.0,514.5],[1912.0,515.5],[1910.5,517.0],[1909.0,518.5],[1907.0,519.5],[1905.0,520.5],[1903.5,522.0],[1901.5,523.0],[1899.5,524.0],[1897.5,525.0],[1895.5,526.0],[1893.0,526.5],[1891.0,527.5],[1888.0,527.5],[1885.5,528.0],[1883.0,528.5],[1880.0,528.5],[1877.0,528.5],[1875.0,529.5],[1872.5,530.0],[1870.0,530.5],[1868.0,531.5],[1865.0,532.5],[1862.5,533.0],[1860.0,533.5],[1858.0,534.5],[1855.0,534.5],[1853.0,535.5],[1850.0,535.5],[1847.0,535.5],[1845.0,536.5],[1842.0,536.5],[1839.0,536.5],[1836.0,536.5],[1834.0,537.5],[1831.0,537.5],[1828.0,537.5],[1825.0,537.5],[1822.0,537.5],[1820.0,538.5],[1817.0,538.5],[1814.0,538.5],[1811.5,539.0],[1809.0,539.5],[1806.0,539.5],[1803.0,539.5],[1800.5,540.0],[1798.0,540.5],[1795.0,540.5],[1792.0,540.5],[1789.0,540.5],[1786.0,540.5],[1783.0,540.5],[1781.0,541.5],[1778.0,541.5],[1775.0,541.5],[1773.0,542.5],[1770.0,542.5],[1767.0,543.5],[1764.0,543.5],[1761.5,544.0],[1759.0,544.5],[1757.0,545.5],[1754.5,546.0],[1752.5,547.0],[1750.0,547.5],[1747.5,548.0],[1745.0,548.5],[1743.0,549.5],[1740.5,550.0],[1738.0,550.5],[1735.0,550.5],[1733.0,551.5],[1730.0,551.5],[1727.0,551.5],[1724.0,551.5],[1722.0,552.5]]",243078.51993751526,431128.14486408234,73.54149055480957,,,,,0.2602270753,10561,SPW_0132,SPW_여수로_교각_도수면,SPW_0132,96092732-0c6c-5e6c-87cf-1684206a20eb,0.9867698167232997,../../Data/DJI_20260826125854_0900_V.JPG,../Overlay/DLM/P000766.png,mapped,local_surface_estimate
DJI_20260826125854_0900_V.JPG,P000767,DLM,박리,"[[1294.0,750.5],[1292.0,750.5],[1289.0,750.5],[1288.0,749.5],[1286.0,749.5],[1283.0,749.5],[1281.0,749.5],[1279.5,749.0],[1278.0,747.5],[1276.5,747.0],[1274.5,746.0],[1273.5,745.0],[1272.5,744.0],[1272.5,741.0],[1272.0,739.5],[1271.5,738.0],[1271.5,735.0],[1271.5,733.0],[1272.5,732.0],[1273.5,730.0],[1274.5,729.0],[1275.5,728.0],[1274.5,726.0],[1274.5,724.0],[1275.5,723.0],[1278.0,722.5],[1280.0,722.5],[1282.0,721.5],[1284.0,721.5],[1286.0,721.5],[1289.0,721.5],[1291.0,721.5],[1293.0,721.5],[1296.0,721.5],[1298.0,721.5],[1300.0,721.5],[1303.0,721.5],[1305.0,721.5],[1306.0,720.5],[1309.0,720.5],[1311.0,720.5],[1313.0,720.5],[1316.0,720.5],[1318.0,720.5],[1321.0,720.5],[1323.0,720.5],[1325.0,720.5],[1328.0,720.5],[1330.0,720.5],[1332.0,720.5],[1334.5,720.0],[1336.0,719.5],[1337.0,720.5],[1339.0,719.5],[1341.0,719.5],[1343.0,719.5],[1346.0,719.5],[1348.0,719.5],[1350.0,719.5],[1353.0,719.5],[1354.0,718.5],[1357.0,718.5],[1359.0,718.5],[1360.5,718.0],[1363.0,717.5],[1365.0,717.5],[1367.0,717.5],[1369.0,716.5],[1371.0,716.5],[1372.0,715.5],[1375.0,715.5],[1377.0,715.5],[1379.0,715.5],[1382.0,715.5],[1384.0,715.5],[1386.0,715.5],[1389.0,715.5],[1391.0,715.5],[1392.5,715.0],[1394.0,715.5],[1395.0,714.5],[1398.0,714.5],[1399.0,713.5],[1400.5,713.0],[1402.5,712.0],[1403.5,711.0],[1404.5,710.0],[1405.5,708.0],[1406.5,707.0],[1407.5,706.0],[1409.0,704.5],[1409.5,703.0],[1410.5,702.0],[1412.0,700.5],[1413.0,699.5],[1414.5,698.0],[1415.0,696.5],[1416.0,695.5],[1417.5,694.0],[1418.0,692.5],[1418.5,691.0],[1419.5,689.0],[1420.5,688.0],[1421.0,686.5],[1422.0,684.5],[1422.5,683.0],[1423.5,682.0],[1425.5,681.0],[1427.0,680.5],[1428.5,681.0],[1430.5,682.0],[1432.0,682.5],[1434.0,683.5],[1436.0,683.5],[1437.5,684.0],[1440.0,684.5],[1442.0,684.5],[1444.0,684.5],[1447.0,684.5],[1449.0,684.5],[1451.0,684.5],[1454.0,684.5],[1456.0,684.5],[1458.0,684.5],[1461.0,684.5],[1463.0,684.5],[1465.0,684.5],[1467.0,685.5],[1468.5,686.0],[1470.5,687.0],[1471.5,688.0],[1472.0,689.5],[1473.5,691.0],[1474.5,692.0],[1475.0,693.5],[1476.5,695.0],[1477.5,696.0],[1478.5,697.0],[1480.0,698.5],[1482.0,698.5],[1483.0,699.5],[1485.5,700.0],[1487.0,700.5],[1489.0,700.5],[1491.0,701.5],[1493.0,701.5],[1495.0,702.5],[1496.0,703.5],[1497.0,704.5],[1498.5,706.0],[1498.5,708.0],[1498.5,710.0],[1498.5,713.0],[1498.0,714.5],[1497.0,715.5],[1496.0,717.5],[1495.0,718.5],[1494.0,719.5],[1492.0,720.5],[1491.0,721.5],[1489.5,722.0],[1487.5,723.0],[1486.0,723.5],[1484.0,724.5],[1483.0,725.5],[1481.5,726.0],[1479.5,727.0],[1478.0,727.5],[1476.5,728.0],[1474.5,729.0],[1473.0,729.5],[1472.0,730.5],[1469.5,731.0],[1468.0,731.5],[1466.0,731.5],[1464.0,732.5],[1462.0,732.5],[1460.5,733.0],[1458.0,733.5],[1456.0,733.5],[1453.0,733.5],[1451.0,733.5],[1449.0,733.5],[1446.0,733.5],[1444.0,733.5],[1442.0,733.5],[1439.0,733.5],[1437.0,733.5],[1435.0,733.5],[1432.0,733.5],[1430.0,733.5],[1428.0,733.5],[1426.0,734.5],[1424.0,734.5],[1422.0,734.5],[1420.0,735.5],[1418.0,735.5],[1416.0,736.5],[1414.0,736.5],[1412.5,737.0],[1410.0,737.5],[1409.0,738.5],[1407.0,738.5],[1405.0,739.5],[1403.5,740.0],[1402.0,740.5],[1399.5,741.0],[1398.0,741.5],[1396.0,741.5],[1393.5,742.0],[1392.0,742.5],[1390.0,742.5],[1387.5,743.0],[1386.0,743.5],[1383.0,743.5],[1381.0,743.5],[1379.5,744.0],[1377.0,744.5],[1375.0,744.5],[1373.5,745.0],[1371.0,745.5],[1369.0,745.5],[1367.5,746.0],[1365.0,746.5],[1363.0,746.5],[1361.0,746.5],[1358.5,747.0],[1357.0,747.5],[1355.0,747.5],[1352.0,747.5],[1350.0,747.5],[1347.0,747.5],[1345.0,747.5],[1343.0,747.5],[1340.0,747.5],[1338.0,747.5],[1336.0,747.5],[1333.0,747.5],[1331.0,747.5],[1329.0,747.5],[1327.0,748.5],[1325.0,748.5],[1323.0,748.5],[1320.0,748.5],[1318.5,749.0],[1317.0,749.5],[1314.0,749.5],[1312.0,749.5],[1309.0,749.5],[1307.0,749.5],[1305.0,749.5],[1302.0,749.5],[1300.0,749.5],[1298.0,749.5],[1295.0,749.5],[1294.0,750.5]]",243077.38741874695,431129.00767707825,72.4707145690918,,,,,0.1355186195,7472,SPW_0132,SPW_여수로_교각_도수면,SPW_0132,96092732-0c6c-5e6c-87cf-1684206a20eb,0.9933797589381579,../../Data/DJI_20260826125854_0900_V.JPG,../Overlay/DLM/P000767.png,mapped,local_surface_estimate
DJI_20260826125854_0900_V.JPG,P000768,DLM,박리,"[[1678.0,726.5],[1677.0,726.5],[1676.0,726.5],[1675.5,726.0],[1675.0,725.5],[1674.5,726.0],[1674.0,726.5],[1673.5,726.0],[1673.0,725.5],[1672.0,725.5],[1671.0,725.5],[1670.0,725.5],[1669.0,725.5],[1668.0,725.5],[1667.0,725.5],[1666.0,725.5],[1665.0,725.5],[1664.0,725.5],[1663.0,725.5],[1662.0,725.5],[1661.0,725.5],[1660.0,725.5],[1659.5,725.0],[1659.0,724.5],[1658.0,724.5],[1657.5,724.0],[1657.0,723.5],[1656.5,723.0],[1656.0,722.5],[1655.5,722.0],[1655.5,721.0],[1655.5,720.0],[1655.5,719.0],[1655.5,718.0],[1655.5,717.0],[1655.5,716.0],[1655.5,715.0],[1656.0,714.5],[1656.5,714.0],[1656.5,713.0],[1657.0,712.5],[1657.5,712.0],[1657.5,711.0],[1657.5,710.0],[1658.0,709.5],[1658.5,709.0],[1659.0,708.5],[1659.5,708.0],[1659.5,707.0],[1660.0,706.5],[1660.5,706.0],[1661.0,705.5],[1661.5,705.0],[1661.5,704.0],[1662.0,703.5],[1662.5,703.0],[1663.0,702.5],[1663.5,702.0],[1664.0,701.5],[1664.5,701.0],[1664.5,700.0],[1665.0,699.5],[1665.5,699.0],[1665.5,698.0],[1666.0,697.5],[1666.5,697.0],[1666.5,696.0],[1667.0,695.5],[1667.5,695.0],[1667.5,694.0],[1668.0,693.5],[1668.5,693.0],[1668.5,692.0],[1669.0,691.5],[1669.5,691.0],[1669.5,690.0],[1670.0,689.5],[1670.5,689.0],[1671.0,688.5],[1671.5,688.0],[1672.0,687.5],[1672.5,687.0],[1673.0,686.5],[1673.5,686.0],[1674.0,685.5],[1675.0,685.5],[1675.5,685.0],[1676.0,684.5],[1677.0,684.5],[1678.0,684.5],[1679.0,684.5],[1680.0,684.5],[1680.5,685.0],[1681.0,685.5],[1682.0,685.5],[1683.0,685.5],[1684.0,685.5],[1685.0,685.5],[1686.0,685.5],[1687.0,685.5],[1688.0,685.5],[1689.0,685.5],[1690.0,685.5],[1691.0,685.5],[1692.0,685.5],[1692.5,686.0],[1693.0,686.5],[1694.0,686.5],[1695.0,686.5],[1696.0,686.5],[1697.0,686.5],[1698.0,686.5],[1699.0,686.5],[1700.0,686.5],[1701.0,686.5],[1702.0,686.5],[1703.0,686.5],[1704.0,686.5],[1705.0,686.5],[1706.0,686.5],[1707.0,686.5],[1708.0,686.5],[1709.0,686.5],[1710.0,686.5],[1711.0,686.5],[1712.0,686.5],[1713.0,686.5],[1714.0,686.5],[1715.0,686.5],[1716.0,686.5],[1717.0,686.5],[1718.0,686.5],[1719.0,686.5],[1720.0,686.5],[1721.0,686.5],[1722.0,686.5],[1722.5,687.0],[1723.0,687.5],[1724.0,687.5],[1725.0,687.5],[1726.0,687.5],[1727.0,687.5],[1728.0,687.5],[1728.5,688.0],[1729.0,688.5],[1730.0,688.5],[1731.0,688.5],[1731.5,689.0],[1732.0,689.5],[1732.5,690.0],[1733.0,690.5],[1733.5,691.0],[1733.5,692.0],[1733.0,692.5],[1732.5,693.0],[1732.5,694.0],[1732.5,695.0],[1732.0,695.5],[1731.5,696.0],[1731.5,697.0],[1731.0,697.5],[1730.5,698.0],[1730.5,699.0],[1730.5,700.0],[1730.5,701.0],[1730.0,701.5],[1729.5,702.0],[1729.5,703.0],[1729.5,704.0],[1729.5,705.0],[1729.5,706.0],[1729.0,706.5],[1728.5,707.0],[1728.5,708.0],[1728.5,709.0],[1728.0,709.5],[1727.5,710.0],[1727.5,711.0],[1727.0,711.5],[1726.5,712.0],[1726.5,713.0],[1726.0,713.5],[1725.5,714.0],[1725.0,714.5],[1724.5,715.0],[1724.5,716.0],[1724.0,716.5],[1723.5,717.0],[1723.5,718.0],[1723.0,718.5],[1722.5,719.0],[1722.0,719.5],[1721.0,719.5],[1720.5,720.0],[1720.0,720.5],[1719.0,720.5],[1718.5,721.0],[1718.0,721.5],[1717.0,721.5],[1716.0,721.5],[1715.0,721.5],[1714.0,721.5],[1713.0,721.5],[1712.5,722.0],[1712.0,722.5],[1711.0,722.5],[1710.0,722.5],[1709.0,722.5],[1708.0,722.5],[1707.0,722.5],[1706.0,722.5],[1705.0,722.5],[1704.0,722.5],[1703.0,722.5],[1702.0,722.5],[1701.0,722.5],[1700.0,722.5],[1699.0,722.5],[1698.0,722.5],[1697.0,722.5],[1696.5,723.0],[1696.0,723.5],[1695.0,723.5],[1694.0,723.5],[1693.0,723.5],[1692.0,723.5],[1691.0,723.5],[1690.0,723.5],[1689.5,724.0],[1689.0,724.5],[1688.0,724.5],[1687.0,724.5],[1686.0,724.5],[1685.0,724.5],[1684.0,724.5],[1683.5,725.0],[1683.0,725.5],[1682.0,725.5],[1681.0,725.5],[1680.0,725.5],[1679.0,725.5],[1678.5,726.0],[1678.0,726.5]]",243077.81538772583,431128.1147813797,72.6353988647461,,,,,0.0485702635,2490,SPW_0132,SPW_여수로_교각_도수면,SPW_0132,96092732-0c6c-5e6c-87cf-1684206a20eb,0.9900408746727021,../../Data/DJI_20260826125854_0900_V.JPG,../Overlay/DLM/P000768.png,mapped,local_surface_estimate
DJI_20260826125854_0900_V.JPG,P000769,DLM,박리,"[[1114.0,779.5],[1112.0,779.5],[1111.0,779.5],[1109.0,779.5],[1107.0,779.5],[1106.0,779.5],[1104.0,779.5],[1103.0,778.5],[1102.0,778.5],[1100.0,778.5],[1098.0,778.5],[1097.0,778.5],[1095.0,778.5],[1094.0,777.5],[1093.0,777.5],[1091.0,777.5],[1089.0,777.5],[1088.0,777.5],[1086.0,777.5],[1084.0,777.5],[1083.0,777.5],[1081.0,777.5],[1079.0,777.5],[1078.0,777.5],[1076.0,777.5],[1075.0,778.5],[1074.0,778.5],[1072.0,778.5],[1070.0,778.5],[1069.0,778.5],[1067.0,778.5],[1065.0,778.5],[1064.0,778.5],[1063.0,777.5],[1061.0,777.5],[1060.0,777.5],[1059.0,776.5],[1057.0,776.5],[1056.5,776.0],[1055.0,775.5],[1053.5,775.0],[1053.0,774.5],[1051.0,774.5],[1050.5,774.0],[1049.0,773.5],[1047.5,773.0],[1047.0,772.5],[1045.0,772.5],[1043.0,772.5],[1042.5,772.0],[1041.0,771.5],[1039.0,771.5],[1038.0,771.5],[1037.0,770.5],[1035.0,770.5],[1034.5,770.0],[1033.5,769.0],[1032.5,768.0],[1032.0,767.5],[1031.0,766.5],[1030.0,765.5],[1029.5,765.0],[1029.0,763.5],[1028.5,762.0],[1028.0,761.5],[1027.5,760.0],[1027.5,758.0],[1027.5,757.0],[1028.5,756.0],[1029.0,754.5],[1030.0,754.5],[1031.0,753.5],[1032.5,753.0],[1033.0,752.5],[1035.0,752.5],[1036.5,752.0],[1037.0,751.5],[1039.0,751.5],[1041.0,751.5],[1042.0,751.5],[1044.0,751.5],[1045.0,750.5],[1046.0,750.5],[1048.0,750.5],[1049.0,749.5],[1050.0,749.5],[1052.0,749.5],[1053.0,748.5],[1054.0,748.5],[1055.5,748.0],[1057.0,747.5],[1057.5,747.0],[1059.0,746.5],[1060.5,746.0],[1061.0,745.5],[1063.0,745.5],[1064.0,744.5],[1065.0,744.5],[1066.0,743.5],[1068.0,743.5],[1069.0,743.5],[1070.0,742.5],[1072.0,742.5],[1073.0,742.5],[1074.5,742.0],[1076.0,741.5],[1077.0,741.5],[1079.0,741.5],[1081.0,741.5],[1082.0,741.5],[1083.5,741.0],[1085.0,740.5],[1086.0,740.5],[1088.0,740.5],[1090.0,740.5],[1091.0,740.5],[1093.0,740.5],[1095.0,740.5],[1095.5,740.0],[1097.0,739.5],[1099.0,739.5],[1100.0,739.5],[1101.0,738.5],[1103.0,738.5],[1103.5,738.0],[1105.0,737.5],[1107.0,737.5],[1108.0,737.5],[1109.0,736.5],[1110.0,736.5],[1111.5,736.0],[1113.0,735.5],[1114.0,735.5],[1115.0,734.5],[1117.0,734.5],[1118.0,734.5],[1119.0,733.5],[1120.5,733.0],[1121.0,732.5],[1123.0,732.5],[1124.0,731.5],[1125.0,731.5],[1126.5,731.0],[1128.0,730.5],[1129.0,730.5],[1130.0,729.5],[1131.5,729.0],[1132.0,728.5],[1134.0,728.5],[1135.0,727.5],[1135.5,727.0],[1137.0,726.5],[1139.0,726.5],[1139.5,726.0],[1141.0,725.5],[1142.0,724.5],[1143.0,724.5],[1145.0,724.5],[1146.5,725.0],[1147.0,725.5],[1149.0,725.5],[1150.5,726.0],[1151.0,726.5],[1152.0,727.5],[1154.0,727.5],[1155.0,727.5],[1156.0,728.5],[1156.5,730.0],[1157.0,730.5],[1157.5,732.0],[1157.5,734.0],[1157.0,734.5],[1156.5,736.0],[1156.5,738.0],[1156.5,739.0],[1157.5,740.0],[1157.5,742.0],[1157.5,743.0],[1158.5,744.0],[1159.5,745.0],[1160.0,745.5],[1161.0,746.5],[1162.5,747.0],[1163.0,747.5],[1165.0,747.5],[1166.0,748.5],[1167.0,748.5],[1168.5,749.0],[1170.0,749.5],[1171.0,749.5],[1173.0,749.5],[1174.0,750.5],[1175.0,750.5],[1177.0,750.5],[1178.0,751.5],[1179.0,751.5],[1180.5,752.0],[1181.5,753.0],[1182.0,753.5],[1182.5,755.0],[1182.5,757.0],[1182.5,758.0],[1181.5,759.0],[1181.0,760.5],[1180.5,761.0],[1179.5,762.0],[1178.5,763.0],[1178.0,763.5],[1177.0,764.5],[1175.5,765.0],[1175.0,765.5],[1174.0,766.5],[1172.5,767.0],[1172.0,767.5],[1170.5,768.0],[1170.0,768.5],[1169.0,769.5],[1167.5,770.0],[1167.0,770.5],[1165.5,771.0],[1164.0,771.5],[1163.0,771.5],[1162.0,772.5],[1160.5,773.0],[1160.0,773.5],[1158.0,773.5],[1157.0,774.5],[1156.0,774.5],[1154.0,774.5],[1153.0,775.5],[1152.0,775.5],[1150.0,775.5],[1148.0,775.5],[1147.0,775.5],[1145.0,775.5],[1143.0,775.5],[1142.0,775.5],[1140.0,775.5],[1138.0,775.5],[1137.0,775.5],[1135.0,775.5],[1133.0,775.5],[1132.0,775.5],[1130.0,775.5],[1128.0,775.5],[1127.0,775.5],[1126.0,776.5],[1124.0,776.5],[1123.0,776.5],[1121.5,777.0],[1120.0,777.5],[1119.0,777.5],[1118.0,778.5],[1116.0,778.5],[1115.0,778.5],[1114.0,779.5]]",243076.94575691223,431129.78647327423,72.23994064331055,,,,,0.0874704393,5233,SPW_0132,SPW_여수로_교각_도수면,SPW_0132,96092732-0c6c-5e6c-87cf-1684206a20eb,0.9921680253754377,../../Data/DJI_20260826125854_0900_V.JPG,../Overlay/DLM/P000769.png,mapped,local_surface_estimate
DJI_20260826125854_0900_V.JPG,P000770,DLM,박리,"[[2154.0,1031.5],[2150.0,1029.5],[2147.0,1027.5],[2145.0,1023.5],[2140.5,1022.0],[2135.0,1021.5],[2131.0,1022.5],[2126.0,1023.5],[2122.0,1025.5],[2118.5,1028.0],[2116.0,1026.5],[2112.0,1026.5],[2107.0,1025.5],[2103.0,1023.5],[2098.0,1023.5],[2092.0,1023.5],[2088.0,1023.5],[2084.0,1024.5],[2079.0,1023.5],[2074.0,1022.5],[2069.5,1022.0],[2065.0,1022.5],[2060.0,1023.5],[2055.5,1022.0],[2052.0,1019.5],[2049.5,1017.0],[2047.5,1013.0],[2048.5,1008.0],[2049.5,1003.0],[2049.0,998.5],[2048.5,993.0],[2047.5,988.0],[2047.5,983.0],[2048.5,978.0],[2047.5,973.0],[2045.5,969.0],[2043.0,966.5],[2041.5,964.0],[2044.0,960.5],[2048.0,958.5],[2051.5,957.0],[2056.0,955.5],[2059.5,953.0],[2054.0,952.5],[2050.0,951.5],[2045.5,950.0],[2041.5,948.0],[2040.5,944.0],[2041.5,939.0],[2042.5,934.0],[2043.5,929.0],[2044.5,925.0],[2044.5,921.0],[2044.5,915.0],[2044.5,909.0],[2044.5,904.0],[2043.5,899.0],[2044.5,894.0],[2045.0,888.5],[2045.5,884.0],[2046.0,878.5],[2045.5,874.0],[2045.5,869.0],[2045.5,863.0],[2046.5,858.0],[2047.0,853.5],[2047.5,850.0],[2046.5,845.0],[2047.0,840.5],[2045.5,836.0],[2044.5,832.0],[2043.5,827.0],[2043.5,821.0],[2044.0,815.5],[2045.5,812.0],[2048.0,808.5],[2051.0,805.5],[2054.0,803.5],[2059.0,804.5],[2060.5,809.0],[2061.5,814.0],[2061.5,819.0],[2063.5,823.0],[2067.5,825.0],[2072.0,826.5],[2075.5,828.0],[2078.5,831.0],[2082.0,833.5],[2087.0,834.5],[2091.0,835.5],[2096.0,836.5],[2101.0,837.5],[2104.5,836.0],[2108.0,833.5],[2110.5,830.0],[2113.0,826.5],[2114.5,823.0],[2118.0,820.5],[2121.0,817.5],[2123.5,814.0],[2123.5,809.0],[2124.5,804.0],[2126.5,800.0],[2129.5,797.0],[2132.0,794.5],[2137.0,793.5],[2141.5,795.0],[2143.5,798.0],[2142.0,802.5],[2140.5,807.0],[2139.0,811.5],[2137.0,814.5],[2135.5,819.0],[2134.5,824.0],[2135.5,829.0],[2138.0,831.5],[2140.0,835.5],[2142.5,839.0],[2144.5,843.0],[2146.5,846.0],[2148.5,850.0],[2150.5,854.0],[2153.0,856.5],[2157.0,858.5],[2161.5,857.0],[2165.5,855.0],[2168.5,853.0],[2172.5,851.0],[2175.5,848.0],[2180.0,846.5],[2184.5,847.0],[2187.0,850.5],[2190.0,853.5],[2193.0,856.5],[2195.5,859.0],[2198.0,862.5],[2201.0,865.5],[2203.0,868.5],[2209.0,868.5],[2215.0,868.5],[2220.0,867.5],[2223.5,866.0],[2228.0,864.5],[2233.0,863.5],[2237.0,861.5],[2241.0,860.5],[2246.0,859.5],[2250.5,861.0],[2252.5,865.0],[2253.5,869.0],[2253.5,875.0],[2255.5,879.0],[2257.5,882.0],[2260.5,885.0],[2265.0,886.5],[2270.0,887.5],[2273.5,886.0],[2276.5,883.0],[2276.5,879.0],[2275.5,874.0],[2273.0,871.5],[2272.5,866.0],[2273.5,861.0],[2277.0,858.5],[2281.0,857.5],[2284.5,860.0],[2287.5,863.0],[2290.0,865.5],[2294.0,867.5],[2298.5,869.0],[2301.5,872.0],[2302.5,876.0],[2302.5,882.0],[2304.0,886.5],[2305.5,891.0],[2307.5,894.0],[2310.0,897.5],[2312.0,901.5],[2313.5,906.0],[2312.5,910.0],[2311.0,914.5],[2309.5,919.0],[2308.5,923.0],[2306.5,927.0],[2305.5,932.0],[2305.5,938.0],[2305.5,943.0],[2305.5,949.0],[2306.5,954.0],[2305.5,959.0],[2307.5,962.0],[2309.5,966.0],[2307.0,969.5],[2301.0,969.5],[2296.0,969.5],[2291.0,970.5],[2286.0,971.5],[2282.0,972.5],[2277.0,973.5],[2272.5,975.0],[2268.0,976.5],[2264.0,977.5],[2259.0,978.5],[2254.5,980.0],[2250.0,981.5],[2247.5,984.0],[2246.5,989.0],[2247.5,994.0],[2252.5,995.0],[2254.5,998.0],[2257.5,1001.0],[2256.5,1006.0],[2253.5,1008.0],[2251.0,1011.5],[2248.0,1009.5],[2247.5,1008.0],[2245.0,1010.5],[2242.5,1014.0],[2240.0,1017.5],[2237.5,1021.0],[2234.5,1023.0],[2230.0,1022.5],[2226.0,1024.5],[2223.5,1025.0],[2220.0,1023.5],[2216.5,1023.0],[2212.5,1023.0],[2209.5,1022.0],[2209.0,1020.5],[2208.0,1016.5],[2206.5,1012.0],[2206.5,1007.0],[2207.0,1001.5],[2208.0,996.5],[2208.5,993.0],[2208.5,988.0],[2206.5,984.0],[2203.5,981.0],[2198.0,980.5],[2194.5,981.0],[2190.0,981.5],[2185.0,982.5],[2181.0,983.5],[2177.5,986.0],[2175.0,989.5],[2173.0,993.5],[2171.5,997.0],[2171.0,1002.5],[2170.0,1007.5],[2168.0,1011.5],[2167.0,1015.5],[2165.0,1019.5],[2162.0,1022.5],[2159.0,1025.5],[2156.0,1027.5],[2154.0,1031.5]]",243076.0505065918,431125.9907131195,71.28847217559814,,,,,0.3871693172,41586,여수로_피어_03,SPW_여수로_교각_도수면,,,0.9914893935979752,../../Data/DJI_20260826125854_0900_V.JPG,../Overlay/DLM/P000770.png,mapped,local_surface_estimate
DJI_20260826125854_0900_V.JPG,P000771,DLM,박리,"[[125.0,1049.5],[122.0,1048.5],[118.0,1048.5],[115.0,1047.5],[111.0,1047.5],[108.0,1046.5],[105.0,1045.5],[102.0,1044.5],[99.5,1043.0],[98.5,1040.0],[99.5,1037.0],[101.5,1035.0],[103.0,1032.5],[104.0,1029.5],[105.5,1027.0],[107.0,1024.5],[108.5,1022.0],[110.5,1020.0],[112.0,1017.5],[113.5,1015.0],[115.5,1013.0],[117.0,1010.5],[119.0,1008.5],[121.0,1006.5],[123.0,1004.5],[126.0,1003.5],[128.5,1002.0],[131.0,1000.5],[133.5,999.0],[136.0,997.5],[137.5,995.0],[140.0,993.5],[143.0,991.5],[145.5,990.0],[147.0,987.5],[148.5,985.0],[150.0,982.5],[152.0,980.5],[154.0,978.5],[156.0,976.5],[159.0,975.5],[162.0,974.5],[165.0,973.5],[169.0,973.5],[172.0,972.5],[175.5,972.0],[177.5,970.0],[181.0,969.5],[184.0,968.5],[187.0,967.5],[189.0,965.5],[191.0,963.5],[194.0,962.5],[196.5,961.0],[198.5,959.0],[201.0,957.5],[203.0,955.5],[205.0,953.5],[207.0,951.5],[209.0,949.5],[211.5,948.0],[213.5,946.0],[215.5,944.0],[218.5,943.0],[220.0,940.5],[222.0,938.5],[223.5,936.0],[227.0,935.5],[231.0,935.5],[234.0,934.5],[238.0,934.5],[242.0,934.5],[245.0,933.5],[249.0,933.5],[253.0,933.5],[256.0,932.5],[259.5,932.0],[263.0,931.5],[266.0,930.5],[270.0,930.5],[273.0,929.5],[277.0,929.5],[281.0,929.5],[284.0,930.5],[288.0,930.5],[291.0,931.5],[295.0,931.5],[299.0,931.5],[303.0,931.5],[306.0,932.5],[309.5,932.0],[313.0,931.5],[317.0,931.5],[320.0,930.5],[323.0,929.5],[327.0,929.5],[331.5,929.0],[335.0,928.5],[339.0,928.5],[342.0,927.5],[345.5,927.0],[349.0,926.5],[352.0,925.5],[355.0,924.5],[359.0,924.5],[361.5,923.0],[365.0,922.5],[369.0,922.5],[373.0,922.5],[376.0,921.5],[380.0,921.5],[383.5,921.0],[387.0,920.5],[391.0,920.5],[394.0,919.5],[398.0,919.5],[402.0,919.5],[406.0,919.5],[410.0,919.5],[413.0,918.5],[417.0,918.5],[421.0,918.5],[425.0,918.5],[429.0,918.5],[433.0,918.5],[436.0,917.5],[440.0,917.5],[443.5,917.0],[447.0,916.5],[451.0,916.5],[455.0,916.5],[459.0,916.5],[462.0,917.5],[463.0,919.5],[461.5,922.0],[459.5,924.0],[457.5,926.0],[456.0,928.5],[454.0,930.5],[452.5,933.0],[450.5,935.0],[449.5,938.0],[448.5,941.0],[447.0,943.5],[446.5,947.0],[445.0,949.5],[443.5,952.0],[442.0,954.5],[440.5,957.0],[438.5,959.0],[437.0,961.5],[435.5,964.0],[434.0,966.5],[433.0,969.5],[431.5,972.0],[430.5,975.0],[429.5,978.0],[428.5,981.0],[427.0,983.5],[425.5,986.0],[423.5,989.0],[422.0,991.5],[420.5,994.0],[418.5,996.0],[417.0,998.5],[415.0,1000.5],[413.5,1003.0],[411.5,1005.0],[410.0,1007.5],[408.5,1010.0],[407.0,1012.5],[405.5,1015.0],[403.5,1017.0],[402.0,1019.5],[400.5,1022.0],[399.0,1024.5],[397.5,1027.0],[396.0,1029.5],[394.5,1032.0],[392.5,1034.0],[391.0,1036.5],[389.0,1038.5],[387.0,1040.5],[384.5,1042.0],[382.0,1043.5],[378.0,1043.5],[375.0,1042.5],[372.0,1041.5],[369.0,1040.5],[366.0,1039.5],[362.0,1039.5],[358.0,1039.5],[354.0,1039.5],[350.0,1039.5],[346.0,1039.5],[342.0,1039.5],[338.0,1039.5],[334.5,1040.0],[331.0,1040.5],[327.0,1040.5],[324.0,1041.5],[320.0,1041.5],[317.0,1042.5],[313.0,1042.5],[310.0,1041.5],[306.0,1041.5],[303.0,1040.5],[299.0,1040.5],[296.0,1039.5],[292.0,1039.5],[289.0,1038.5],[285.0,1038.5],[281.0,1038.5],[277.0,1038.5],[273.0,1038.5],[269.0,1038.5],[265.0,1038.5],[261.0,1038.5],[258.5,1039.0],[256.0,1039.5],[252.0,1039.5],[248.0,1039.5],[245.0,1038.5],[241.0,1038.5],[237.0,1037.5],[233.0,1037.5],[229.0,1037.5],[225.0,1037.5],[221.0,1037.5],[217.0,1037.5],[213.0,1037.5],[210.0,1038.5],[206.0,1038.5],[203.0,1039.5],[200.0,1040.5],[196.5,1041.0],[193.0,1041.5],[190.0,1042.5],[187.0,1043.5],[184.0,1044.5],[180.0,1044.5],[177.0,1045.5],[173.0,1045.5],[170.0,1046.5],[166.0,1046.5],[163.0,1047.5],[159.0,1047.5],[155.0,1047.5],[152.0,1048.5],[148.0,1048.5],[144.0,1048.5],[140.0,1048.5],[136.0,1048.5],[132.0,1048.5],[128.0,1048.5],[125.0,1049.5]]",243075.50095367432,431131.56183338165,71.15574836730957,,,,,0.3781301264,30847,SPW_0151,SPW_여수로_교각_도수면,SPW_0151,42656a3b-8022-5388-9d97-c9bf033e8295,0.9946496750920674,../../Data/DJI_20260826125854_0900_V.JPG,../Overlay/DLM/P000771.png,mapped,local_surface_estimate
DJI_20260826125854_0900_V.JPG,P000772,DLM,박리,"[[1913.0,1074.5],[1912.0,1074.5],[1911.0,1074.5],[1910.0,1074.5],[1909.0,1074.5],[1908.0,1074.5],[1907.0,1074.5],[1906.0,1074.5],[1905.0,1074.5],[1904.5,1074.0],[1904.0,1073.5],[1903.0,1073.5],[1902.0,1073.5],[1901.5,1073.0],[1901.0,1072.5],[1900.0,1072.5],[1899.5,1072.0],[1899.0,1071.5],[1898.5,1071.0],[1898.5,1070.0],[1898.0,1069.5],[1897.5,1069.0],[1897.0,1068.5],[1896.5,1068.0],[1896.0,1067.5],[1895.5,1067.0],[1895.0,1066.5],[1894.5,1066.0],[1894.0,1065.5],[1893.5,1065.0],[1893.0,1064.5],[1892.5,1064.0],[1892.0,1063.5],[1891.5,1063.0],[1891.0,1062.5],[1890.5,1062.0],[1890.0,1061.5],[1889.5,1061.0],[1889.0,1060.5],[1888.5,1060.0],[1888.0,1059.5],[1887.5,1059.0],[1887.5,1058.0],[1887.0,1057.5],[1886.5,1057.0],[1886.5,1056.0],[1886.5,1055.0],[1886.0,1054.5],[1885.5,1054.0],[1885.5,1053.0],[1885.5,1052.0],[1885.5,1051.0],[1885.0,1050.5],[1884.5,1050.0],[1884.5,1049.0],[1884.5,1048.0],[1884.5,1047.0],[1885.0,1046.5],[1885.5,1046.0],[1885.5,1045.0],[1885.5,1044.0],[1885.5,1043.0],[1885.5,1042.0],[1885.5,1041.0],[1885.5,1040.0],[1885.5,1039.0],[1885.5,1038.0],[1885.5,1037.0],[1886.0,1036.5],[1886.5,1036.0],[1886.5,1035.0],[1886.5,1034.0],[1887.0,1033.5],[1887.5,1033.0],[1887.5,1032.0],[1888.0,1031.5],[1888.5,1031.0],[1889.0,1030.5],[1889.5,1030.0],[1889.5,1029.0],[1889.5,1028.0],[1890.0,1027.5],[1890.5,1027.0],[1890.5,1026.0],[1891.0,1025.5],[1891.5,1025.0],[1891.5,1024.0],[1892.0,1023.5],[1892.5,1023.0],[1892.5,1022.0],[1892.5,1021.0],[1893.0,1020.5],[1894.0,1020.5],[1895.0,1020.5],[1895.5,1020.0],[1896.0,1019.5],[1896.5,1020.0],[1897.0,1020.5],[1897.5,1020.0],[1898.0,1019.5],[1898.5,1020.0],[1899.0,1020.5],[1900.0,1020.5],[1901.0,1020.5],[1902.0,1020.5],[1902.5,1021.0],[1903.0,1021.5],[1903.5,1022.0],[1904.0,1022.5],[1905.0,1022.5],[1906.0,1022.5],[1906.5,1023.0],[1907.0,1023.5],[1907.5,1024.0],[1907.5,1025.0],[1907.5,1026.0],[1908.0,1026.5],[1908.5,1027.0],[1909.0,1027.5],[1909.5,1028.0],[1910.0,1028.5],[1910.5,1028.0],[1911.0,1027.5],[1912.0,1027.5],[1912.5,1028.0],[1912.5,1029.0],[1913.0,1029.5],[1914.0,1029.5],[1914.5,1030.0],[1915.0,1030.5],[1915.5,1031.0],[1915.5,1032.0],[1915.5,1033.0],[1916.0,1033.5],[1917.0,1033.5],[1917.5,1034.0],[1918.0,1034.5],[1918.5,1035.0],[1919.0,1035.5],[1919.5,1036.0],[1919.5,1037.0],[1920.0,1037.5],[1921.0,1037.5],[1922.0,1037.5],[1922.5,1038.0],[1923.0,1038.5],[1923.5,1039.0],[1924.0,1039.5],[1924.5,1040.0],[1925.0,1040.5],[1925.5,1041.0],[1925.5,1042.0],[1926.0,1042.5],[1926.5,1043.0],[1927.0,1043.5],[1927.5,1044.0],[1928.0,1044.5],[1928.5,1045.0],[1928.5,1046.0],[1928.5,1047.0],[1928.5,1048.0],[1928.5,1049.0],[1929.0,1049.5],[1929.5,1050.0],[1929.5,1051.0],[1929.5,1052.0],[1929.5,1053.0],[1929.5,1054.0],[1929.0,1054.5],[1928.5,1055.0],[1928.0,1055.5],[1927.5,1056.0],[1927.5,1057.0],[1927.5,1058.0],[1927.0,1058.5],[1926.5,1059.0],[1926.0,1059.5],[1925.5,1060.0],[1925.5,1061.0],[1925.0,1061.5],[1924.5,1062.0],[1924.0,1062.5],[1923.5,1063.0],[1923.5,1064.0],[1923.5,1065.0],[1923.0,1065.5],[1922.5,1066.0],[1922.0,1066.5],[1921.5,1067.0],[1921.0,1067.5],[1920.5,1068.0],[1920.0,1068.5],[1919.5,1069.0],[1919.0,1069.5],[1918.5,1070.0],[1918.0,1070.5],[1917.5,1071.0],[1917.0,1071.5],[1916.5,1072.0],[1916.0,1072.5],[1915.5,1073.0],[1915.0,1073.5],[1914.0,1073.5],[1913.5,1074.0],[1913.0,1074.5]]",243075.7363166809,431126.65748119354,70.87579822540283,,,,,0.0147282544,1685,여수로_피어_03,SPW_여수로_교각_도수면,,,0.9808728619216104,../../Data/DJI_20260826125854_0900_V.JPG,../Overlay/DLM/P000772.png,mapped,local_surface_estimate
DJI_20260826125854_0900_V.JPG,P000773,DLM,박리,"[[2569.0,1552.5],[2567.0,1552.5],[2565.0,1551.5],[2564.0,1550.5],[2563.5,1549.0],[2563.0,1546.5],[2562.0,1545.5],[2561.5,1544.0],[2560.0,1542.5],[2559.5,1541.0],[2559.0,1539.5],[2558.5,1537.0],[2557.5,1536.0],[2556.5,1535.0],[2556.5,1532.0],[2556.5,1530.0],[2556.5,1528.0],[2555.0,1526.5],[2554.5,1525.0],[2555.0,1523.5],[2556.0,1521.5],[2556.0,1520.5],[2555.5,1519.0],[2556.5,1517.0],[2556.5,1515.0],[2556.5,1513.0],[2557.5,1511.0],[2556.5,1510.0],[2557.0,1508.5],[2558.5,1507.0],[2558.0,1505.5],[2557.5,1504.0],[2558.0,1502.5],[2557.5,1501.0],[2558.5,1500.0],[2558.5,1497.0],[2557.5,1496.0],[2558.5,1495.0],[2557.5,1493.0],[2556.5,1492.0],[2556.5,1490.0],[2555.5,1488.0],[2556.5,1487.0],[2555.5,1485.0],[2556.5,1484.0],[2556.0,1482.5],[2555.5,1480.0],[2556.5,1479.0],[2556.5,1477.0],[2556.5,1474.0],[2556.5,1472.0],[2556.5,1470.0],[2557.0,1467.5],[2557.0,1466.5],[2556.5,1465.0],[2556.5,1462.0],[2557.5,1461.0],[2556.5,1460.0],[2556.5,1457.0],[2556.5,1455.0],[2556.5,1453.0],[2556.5,1450.0],[2555.5,1449.0],[2555.5,1447.0],[2556.0,1445.5],[2556.0,1444.5],[2556.5,1443.0],[2556.5,1440.0],[2557.5,1439.0],[2557.5,1437.0],[2557.5,1434.0],[2558.5,1433.0],[2558.0,1431.5],[2558.5,1430.0],[2558.0,1428.5],[2557.5,1427.0],[2556.5,1425.0],[2556.5,1423.0],[2556.5,1421.0],[2555.5,1419.0],[2555.5,1417.0],[2556.0,1415.5],[2555.5,1414.0],[2555.5,1412.0],[2556.5,1411.0],[2557.5,1409.0],[2557.0,1407.5],[2556.5,1406.0],[2557.5,1404.0],[2557.5,1402.0],[2557.5,1400.0],[2557.5,1397.0],[2557.5,1395.0],[2557.5,1393.0],[2556.5,1391.0],[2556.5,1389.0],[2555.5,1388.0],[2557.0,1386.5],[2557.5,1385.0],[2556.5,1384.0],[2555.5,1382.0],[2555.5,1380.0],[2555.5,1378.0],[2556.0,1376.5],[2556.0,1375.5],[2556.5,1374.0],[2557.5,1372.0],[2557.5,1370.0],[2556.5,1369.0],[2556.5,1366.0],[2556.0,1364.5],[2555.5,1363.0],[2556.5,1361.0],[2556.5,1359.0],[2556.5,1357.0],[2555.5,1355.0],[2555.0,1353.5],[2554.5,1352.0],[2554.0,1349.5],[2554.0,1348.5],[2555.0,1347.5],[2555.5,1345.0],[2555.5,1343.0],[2555.5,1341.0],[2556.5,1339.0],[2557.0,1337.5],[2558.0,1336.5],[2559.0,1334.5],[2560.0,1333.5],[2561.0,1331.5],[2562.0,1330.5],[2563.5,1330.0],[2565.0,1328.5],[2567.0,1328.5],[2569.0,1328.5],[2572.0,1328.5],[2573.5,1329.0],[2575.0,1329.5],[2578.0,1329.5],[2579.0,1330.5],[2581.0,1330.5],[2583.0,1331.5],[2583.5,1333.0],[2584.5,1334.0],[2586.5,1335.0],[2587.5,1336.0],[2588.5,1337.0],[2587.5,1339.0],[2587.5,1341.0],[2587.0,1342.5],[2585.5,1344.0],[2584.5,1345.0],[2584.5,1347.0],[2583.5,1349.0],[2583.0,1350.5],[2582.5,1352.0],[2582.5,1355.0],[2582.5,1357.0],[2581.5,1358.0],[2582.5,1360.0],[2581.5,1361.0],[2581.5,1363.0],[2580.5,1365.0],[2580.5,1367.0],[2580.5,1369.0],[2580.5,1372.0],[2580.5,1374.0],[2580.5,1376.0],[2581.5,1378.0],[2581.5,1380.0],[2582.5,1381.0],[2582.5,1384.0],[2582.5,1386.0],[2582.5,1388.0],[2583.0,1389.5],[2582.5,1391.0],[2583.0,1392.5],[2583.5,1395.0],[2582.5,1396.0],[2582.5,1398.0],[2583.5,1400.0],[2583.0,1401.5],[2582.0,1402.5],[2581.5,1405.0],[2582.0,1406.5],[2582.5,1408.0],[2581.5,1410.0],[2582.5,1411.0],[2582.0,1412.5],[2581.5,1415.0],[2580.5,1416.0],[2580.5,1418.0],[2580.5,1421.0],[2580.5,1423.0],[2579.5,1424.0],[2580.0,1426.5],[2580.5,1428.0],[2580.5,1430.0],[2581.5,1432.0],[2580.5,1433.0],[2580.5,1435.0],[2579.5,1437.0],[2579.5,1439.0],[2579.5,1441.0],[2579.5,1444.0],[2579.5,1446.0],[2579.5,1448.0],[2579.5,1451.0],[2579.5,1453.0],[2579.5,1455.0],[2579.5,1458.0],[2579.5,1460.0],[2579.5,1462.0],[2579.5,1465.0],[2579.5,1467.0],[2578.5,1469.0],[2578.5,1471.0],[2578.5,1473.0],[2578.5,1476.0],[2578.5,1478.0],[2578.5,1480.0],[2578.5,1483.0],[2578.5,1485.0],[2578.5,1487.0],[2577.5,1489.0],[2577.5,1491.0],[2577.5,1493.0],[2577.5,1496.0],[2577.5,1498.0],[2577.5,1500.0],[2577.5,1503.0],[2577.5,1505.0],[2577.5,1507.0],[2577.5,1510.0],[2577.5,1512.0],[2577.5,1514.0],[2576.5,1516.0],[2576.5,1518.0],[2576.5,1520.0],[2576.5,1523.0],[2576.5,1525.0],[2576.5,1527.0],[2576.5,1530.0],[2575.5,1531.0],[2575.5,1533.0],[2574.5,1535.0],[2574.5,1537.0],[2573.5,1538.0],[2573.5,1541.0],[2572.5,1542.0],[2572.5,1544.0],[2572.0,1546.5],[2571.5,1548.0],[2571.0,1549.5],[2569.5,1551.0],[2569.0,1552.5]]",243076.12754058838,431124.79072904587,69.79625415802002,,,,,0.0460838904,5059,여수로_피어_03,SPW_여수로_교각_도수면,,,0.9810029517805465,../../Data/DJI_20260826125854_0900_V.JPG,../Overlay/DLM/P000773.png,mapped,local_surface_estimate
