image,damage_id,damage_type,damage_name_ko,pixel_nodes_json,world_center_x_m,world_center_y_m,world_center_z_m,length_px,length_m,width_px,width_m,area_m2,area_px,member_name,section_name,grid_id,grid_guid,DRI,source_image_path,overlay_path,mapping_status,measurement_status
DJI_20250702150745_0300_V.JPG,P000083,SPL,박락,"[[1651.0,1318.5],[1650.0,1318.5],[1649.0,1318.5],[1647.0,1318.5],[1646.0,1318.5],[1645.0,1318.5],[1644.0,1318.5],[1643.0,1318.5],[1642.0,1318.5],[1640.0,1318.5],[1639.0,1318.5],[1638.0,1318.5],[1637.0,1318.5],[1636.0,1318.5],[1635.0,1318.5],[1633.0,1318.5],[1632.0,1318.5],[1631.0,1318.5],[1630.5,1318.0],[1630.0,1317.5],[1628.0,1317.5],[1627.0,1317.5],[1626.0,1317.5],[1625.0,1317.5],[1624.0,1317.5],[1623.0,1317.5],[1621.0,1317.5],[1620.5,1317.0],[1620.0,1316.5],[1619.0,1316.5],[1618.0,1316.5],[1617.0,1316.5],[1615.0,1316.5],[1614.5,1316.0],[1614.0,1315.5],[1613.0,1315.5],[1612.5,1315.0],[1611.0,1314.5],[1610.5,1314.0],[1610.5,1313.0],[1610.0,1312.5],[1609.5,1312.0],[1609.5,1311.0],[1610.0,1309.5],[1610.5,1309.0],[1610.5,1308.0],[1610.5,1307.0],[1610.5,1306.0],[1611.0,1305.5],[1612.0,1304.5],[1612.5,1304.0],[1613.0,1303.5],[1613.5,1303.0],[1614.0,1302.5],[1615.5,1302.0],[1616.0,1301.5],[1617.0,1301.5],[1617.5,1301.0],[1618.0,1300.5],[1619.0,1300.5],[1620.0,1299.5],[1621.0,1299.5],[1622.0,1299.5],[1623.0,1299.5],[1624.0,1299.5],[1625.0,1299.5],[1626.0,1298.5],[1627.0,1298.5],[1628.0,1298.5],[1629.0,1298.5],[1630.0,1298.5],[1631.5,1298.0],[1632.0,1297.5],[1633.0,1297.5],[1634.0,1297.5],[1635.0,1297.5],[1636.0,1297.5],[1638.0,1297.5],[1639.0,1297.5],[1640.0,1297.5],[1640.5,1297.0],[1641.0,1296.5],[1642.0,1296.5],[1644.0,1296.5],[1645.0,1296.5],[1646.0,1296.5],[1647.0,1296.5],[1648.0,1296.5],[1650.0,1296.5],[1651.0,1296.5],[1652.0,1296.5],[1653.0,1296.5],[1653.5,1296.0],[1654.0,1295.5],[1656.0,1295.5],[1657.0,1295.5],[1658.0,1295.5],[1659.0,1295.5],[1660.0,1295.5],[1661.0,1295.5],[1663.0,1295.5],[1664.0,1295.5],[1665.0,1295.5],[1666.0,1295.5],[1667.0,1295.5],[1669.0,1295.5],[1670.0,1295.5],[1670.5,1296.0],[1671.0,1296.5],[1672.0,1296.5],[1673.0,1296.5],[1675.0,1296.5],[1676.0,1296.5],[1676.5,1297.0],[1677.0,1297.5],[1678.0,1297.5],[1679.0,1297.5],[1681.0,1297.5],[1682.0,1297.5],[1683.0,1297.5],[1683.5,1298.0],[1684.0,1298.5],[1685.0,1297.5],[1686.0,1297.5],[1686.5,1298.0],[1687.0,1298.5],[1688.0,1298.5],[1689.0,1298.5],[1690.5,1298.0],[1691.0,1297.5],[1692.0,1297.5],[1692.5,1298.0],[1693.0,1298.5],[1694.0,1298.5],[1696.0,1298.5],[1697.0,1298.5],[1698.0,1298.5],[1699.0,1298.5],[1699.5,1298.0],[1701.0,1297.5],[1702.0,1297.5],[1703.0,1297.5],[1704.0,1297.5],[1705.0,1297.5],[1706.0,1297.5],[1708.0,1297.5],[1709.0,1297.5],[1710.0,1297.5],[1711.0,1297.5],[1712.0,1297.5],[1712.5,1298.0],[1714.0,1298.5],[1715.0,1298.5],[1716.0,1298.5],[1717.0,1298.5],[1718.0,1298.5],[1720.0,1298.5],[1721.0,1298.5],[1722.0,1298.5],[1723.0,1298.5],[1724.0,1298.5],[1724.5,1299.0],[1726.0,1299.5],[1727.0,1299.5],[1727.5,1300.0],[1728.0,1300.5],[1729.0,1300.5],[1729.5,1301.0],[1730.5,1302.0],[1730.5,1303.0],[1731.0,1303.5],[1731.5,1304.0],[1731.0,1304.5],[1730.5,1306.0],[1730.0,1306.5],[1729.5,1307.0],[1729.0,1307.5],[1728.0,1307.5],[1727.5,1308.0],[1726.5,1309.0],[1726.0,1309.5],[1725.0,1309.5],[1724.0,1309.5],[1723.5,1310.0],[1723.0,1310.5],[1721.0,1310.5],[1720.5,1311.0],[1720.0,1311.5],[1719.0,1311.5],[1718.0,1311.5],[1716.0,1311.5],[1715.0,1311.5],[1714.5,1312.0],[1714.0,1312.5],[1713.0,1312.5],[1712.0,1312.5],[1710.0,1312.5],[1709.0,1312.5],[1708.0,1312.5],[1707.5,1313.0],[1707.0,1313.5],[1706.0,1313.5],[1704.0,1313.5],[1703.0,1313.5],[1702.0,1313.5],[1701.0,1313.5],[1700.0,1313.5],[1698.0,1313.5],[1697.0,1313.5],[1696.0,1313.5],[1695.0,1313.5],[1694.0,1313.5],[1693.0,1313.5],[1691.0,1313.5],[1690.5,1314.0],[1690.0,1314.5],[1689.0,1314.5],[1688.0,1314.5],[1687.0,1314.5],[1685.0,1314.5],[1684.0,1314.5],[1683.0,1314.5],[1682.0,1314.5],[1681.0,1314.5],[1680.0,1315.5],[1679.0,1315.5],[1678.0,1315.5],[1677.0,1315.5],[1676.0,1315.5],[1675.0,1315.5],[1673.0,1315.5],[1672.5,1316.0],[1672.0,1316.5],[1671.0,1316.5],[1670.0,1316.5],[1669.0,1316.5],[1667.0,1316.5],[1666.5,1317.0],[1666.0,1317.5],[1665.0,1317.5],[1664.0,1317.5],[1662.5,1317.0],[1662.0,1316.5],[1661.5,1317.0],[1661.0,1317.5],[1660.0,1317.5],[1659.5,1317.0],[1658.0,1316.5],[1657.0,1316.5],[1656.5,1317.0],[1656.0,1317.5],[1655.0,1317.5],[1654.0,1317.5],[1652.0,1317.5],[1651.5,1318.0],[1651.0,1318.5]]",243085.6819000244,431108.7788925171,74.33369255065918,,,,,0.1043088511,2079,SPW_0136,SPW_여수로_교각_도수면,SPW_0136,c30e821e-93af-532f-9e30-fb88e02c586b,0.9349159946976057,../../Data/DJI_20250702150745_0300_V.JPG,../Overlay/SPL/P000083.png,mapped,local_surface_estimate
DJI_20250702150745_0300_V.JPG,P000084,SPL,박락,"[[2512.0,1587.5],[2511.0,1587.5],[2509.0,1587.5],[2508.5,1587.0],[2507.5,1586.0],[2507.0,1585.5],[2506.0,1584.5],[2505.5,1584.0],[2505.0,1583.5],[2504.5,1582.0],[2504.0,1581.5],[2503.0,1580.5],[2502.0,1580.5],[2501.5,1580.0],[2500.5,1579.0],[2500.5,1578.0],[2499.5,1577.0],[2499.0,1576.5],[2498.0,1575.5],[2497.5,1575.0],[2497.0,1574.5],[2496.0,1573.5],[2495.5,1573.0],[2494.5,1572.0],[2494.0,1571.5],[2493.5,1571.0],[2492.5,1570.0],[2492.0,1569.5],[2490.5,1569.0],[2490.0,1568.5],[2489.0,1567.5],[2488.5,1567.0],[2488.0,1566.5],[2486.5,1566.0],[2486.0,1565.5],[2485.0,1564.5],[2484.5,1564.0],[2483.5,1563.0],[2483.5,1562.0],[2483.0,1561.5],[2482.0,1560.5],[2481.5,1560.0],[2480.5,1559.0],[2480.5,1558.0],[2480.0,1557.5],[2479.5,1556.0],[2479.0,1555.5],[2478.5,1554.0],[2478.5,1553.0],[2477.5,1552.0],[2477.5,1551.0],[2477.0,1550.5],[2476.5,1549.0],[2476.5,1548.0],[2476.0,1546.5],[2475.5,1546.0],[2475.5,1545.0],[2475.5,1543.0],[2475.5,1542.0],[2474.5,1541.0],[2474.5,1540.0],[2474.0,1538.5],[2473.5,1538.0],[2473.5,1537.0],[2473.5,1535.0],[2473.0,1534.5],[2472.5,1533.0],[2472.5,1532.0],[2471.5,1531.0],[2471.5,1530.0],[2471.5,1529.0],[2470.5,1528.0],[2470.5,1527.0],[2470.0,1525.5],[2469.5,1525.0],[2469.5,1524.0],[2468.5,1523.0],[2468.5,1522.0],[2467.5,1521.0],[2467.5,1520.0],[2466.5,1519.0],[2466.5,1518.0],[2466.5,1517.0],[2465.5,1516.0],[2465.5,1515.0],[2465.0,1513.5],[2464.5,1513.0],[2464.5,1511.0],[2464.5,1510.0],[2464.5,1509.0],[2464.5,1507.0],[2465.0,1506.5],[2465.5,1505.0],[2465.5,1504.0],[2465.5,1503.0],[2465.5,1501.0],[2465.5,1500.0],[2466.5,1499.0],[2466.5,1498.0],[2466.5,1496.0],[2466.5,1495.0],[2466.5,1494.0],[2466.5,1492.0],[2466.5,1491.0],[2466.5,1489.0],[2466.5,1488.0],[2467.0,1487.5],[2467.5,1486.0],[2467.5,1485.0],[2467.5,1483.0],[2467.5,1482.0],[2468.5,1481.0],[2468.5,1480.0],[2468.5,1479.0],[2468.5,1477.0],[2469.0,1476.5],[2469.5,1475.0],[2470.0,1474.5],[2470.5,1473.0],[2471.0,1472.5],[2471.5,1472.0],[2472.0,1470.5],[2472.5,1470.0],[2473.5,1469.0],[2474.0,1468.5],[2475.0,1468.5],[2476.5,1469.0],[2477.0,1469.5],[2479.0,1469.5],[2479.5,1470.0],[2481.0,1470.5],[2482.0,1470.5],[2483.0,1470.5],[2484.0,1471.5],[2485.0,1471.5],[2487.0,1471.5],[2487.5,1472.0],[2488.0,1472.5],[2490.0,1472.5],[2491.0,1472.5],[2492.0,1473.5],[2493.0,1473.5],[2495.0,1473.5],[2495.5,1474.0],[2496.0,1474.5],[2498.0,1474.5],[2498.5,1475.0],[2500.0,1475.5],[2501.0,1475.5],[2502.0,1476.5],[2503.0,1476.5],[2504.0,1476.5],[2505.0,1477.5],[2506.0,1477.5],[2507.5,1478.0],[2508.0,1478.5],[2509.0,1478.5],[2511.0,1478.5],[2512.0,1478.5],[2514.0,1478.5],[2515.0,1478.5],[2517.0,1478.5],[2518.0,1478.5],[2519.0,1478.5],[2521.0,1478.5],[2521.5,1479.0],[2522.5,1480.0],[2523.0,1480.5],[2523.5,1481.0],[2523.5,1483.0],[2523.5,1484.0],[2523.5,1486.0],[2523.5,1487.0],[2523.5,1489.0],[2523.5,1490.0],[2523.5,1491.0],[2523.5,1493.0],[2523.5,1494.0],[2523.5,1496.0],[2523.5,1497.0],[2523.5,1499.0],[2523.5,1500.0],[2523.5,1501.0],[2523.5,1503.0],[2524.0,1503.5],[2524.5,1505.0],[2524.5,1506.0],[2524.5,1507.0],[2524.5,1509.0],[2524.5,1510.0],[2525.0,1511.5],[2525.5,1512.0],[2525.5,1514.0],[2525.5,1515.0],[2525.5,1516.0],[2525.5,1518.0],[2525.5,1519.0],[2525.5,1521.0],[2525.5,1522.0],[2525.5,1524.0],[2525.5,1525.0],[2525.5,1526.0],[2525.5,1528.0],[2525.5,1529.0],[2525.0,1530.5],[2524.5,1531.0],[2524.5,1532.0],[2524.5,1534.0],[2524.5,1535.0],[2524.5,1537.0],[2524.5,1538.0],[2523.5,1539.0],[2523.5,1540.0],[2523.5,1541.0],[2522.5,1542.0],[2523.0,1542.5],[2523.5,1544.0],[2523.5,1545.0],[2523.5,1546.0],[2523.5,1548.0],[2523.5,1549.0],[2523.5,1551.0],[2523.5,1552.0],[2523.5,1554.0],[2523.5,1555.0],[2523.5,1556.0],[2522.5,1557.0],[2522.5,1558.0],[2522.5,1560.0],[2522.5,1561.0],[2522.5,1563.0],[2522.0,1563.5],[2521.5,1564.0],[2521.5,1566.0],[2521.0,1566.5],[2520.5,1568.0],[2520.0,1568.5],[2519.5,1569.0],[2518.5,1570.0],[2518.5,1571.0],[2517.5,1572.0],[2517.5,1573.0],[2516.5,1574.0],[2516.5,1575.0],[2516.5,1576.0],[2515.5,1577.0],[2515.5,1578.0],[2515.5,1580.0],[2515.0,1580.5],[2514.5,1581.0],[2514.5,1583.0],[2514.0,1583.5],[2513.5,1585.0],[2513.5,1586.0],[2512.5,1587.0],[2512.0,1587.5]]",243086.18593597412,431103.8989868164,72.9777660369873,,,,,0.2193498333,5218,SPW_0137,SPW_여수로_교각_도수면,SPW_0137,f400eb93-07e2-548f-bd17-7e43a8e074eb,0.9696808874824121,../../Data/DJI_20250702150745_0300_V.JPG,../Overlay/SPL/P000084.png,mapped,local_surface_estimate
DJI_20250702150745_0300_V.JPG,P000085,SPL,박락,"[[1319.0,2215.5],[1314.0,2214.5],[1308.0,2213.5],[1303.0,2212.5],[1297.0,2213.5],[1291.0,2213.5],[1285.0,2212.5],[1280.0,2211.5],[1276.0,2210.5],[1271.0,2209.5],[1267.0,2209.5],[1262.0,2207.5],[1258.5,2205.0],[1254.5,2202.0],[1252.5,2198.0],[1253.5,2192.0],[1254.5,2187.0],[1255.5,2182.0],[1257.0,2176.5],[1258.0,2171.5],[1259.5,2166.0],[1260.5,2161.0],[1262.5,2156.0],[1264.0,2151.5],[1266.0,2146.5],[1268.0,2142.5],[1269.5,2138.0],[1271.5,2133.0],[1273.5,2129.0],[1274.5,2123.0],[1276.5,2119.0],[1276.5,2112.0],[1275.5,2107.0],[1276.5,2102.0],[1278.5,2097.0],[1279.5,2092.0],[1282.5,2088.0],[1285.0,2084.5],[1288.0,2080.5],[1289.5,2076.0],[1291.5,2071.0],[1291.5,2065.0],[1292.5,2060.0],[1291.5,2054.0],[1290.0,2049.5],[1289.5,2045.0],[1290.5,2040.0],[1292.0,2034.5],[1293.5,2030.0],[1295.5,2025.0],[1297.5,2021.0],[1299.0,2016.5],[1301.5,2012.0],[1302.5,2007.0],[1303.5,2001.0],[1303.5,1995.0],[1304.5,1989.0],[1305.5,1984.0],[1307.5,1980.0],[1309.5,1975.0],[1311.5,1971.0],[1313.5,1966.0],[1313.5,1960.0],[1314.5,1954.0],[1315.5,1949.0],[1316.5,1943.0],[1317.0,1937.5],[1318.5,1933.0],[1319.5,1927.0],[1320.5,1922.0],[1321.5,1918.0],[1323.5,1914.0],[1325.5,1909.0],[1327.5,1905.0],[1329.5,1900.0],[1331.0,1895.5],[1332.5,1891.0],[1333.5,1885.0],[1335.5,1881.0],[1337.5,1876.0],[1339.5,1872.0],[1340.5,1866.0],[1341.5,1861.0],[1342.5,1856.0],[1343.5,1850.0],[1344.5,1845.0],[1345.5,1839.0],[1347.5,1835.0],[1349.5,1830.0],[1351.5,1826.0],[1354.5,1822.0],[1357.0,1818.5],[1361.0,1816.5],[1366.5,1815.0],[1371.5,1814.0],[1377.0,1812.5],[1382.0,1811.5],[1389.0,1811.5],[1394.0,1810.5],[1398.0,1808.5],[1402.5,1806.0],[1406.0,1803.5],[1410.0,1800.5],[1413.5,1798.0],[1418.0,1795.5],[1422.5,1794.0],[1428.0,1792.5],[1432.0,1790.5],[1436.0,1788.5],[1441.0,1786.5],[1446.0,1785.5],[1452.0,1784.5],[1457.0,1783.5],[1463.0,1782.5],[1467.5,1784.0],[1466.5,1790.0],[1467.0,1793.5],[1467.5,1799.0],[1467.5,1806.0],[1467.5,1812.0],[1468.5,1818.0],[1471.0,1821.5],[1473.5,1826.0],[1474.5,1831.0],[1472.5,1835.0],[1470.0,1839.5],[1467.5,1843.0],[1464.0,1846.5],[1461.0,1849.5],[1460.0,1854.5],[1463.0,1857.5],[1468.0,1859.5],[1470.5,1863.0],[1470.0,1868.5],[1468.5,1874.0],[1466.5,1878.0],[1465.0,1883.5],[1466.5,1887.0],[1467.0,1893.5],[1470.5,1896.0],[1474.0,1898.5],[1479.0,1900.5],[1483.0,1902.5],[1487.5,1905.0],[1488.0,1909.5],[1485.5,1914.0],[1483.0,1917.5],[1484.5,1920.0],[1481.0,1922.5],[1476.0,1923.5],[1470.5,1925.0],[1469.5,1930.0],[1468.5,1936.0],[1468.5,1942.0],[1469.0,1946.5],[1471.5,1950.0],[1473.5,1955.0],[1475.5,1959.0],[1475.5,1963.0],[1477.5,1968.0],[1478.5,1973.0],[1479.5,1977.0],[1478.5,1982.0],[1477.5,1988.0],[1477.0,1993.5],[1475.0,1997.5],[1472.5,2002.0],[1469.5,2005.0],[1465.0,2007.5],[1462.0,2008.5],[1458.0,2011.5],[1454.0,2013.5],[1449.5,2016.0],[1445.5,2018.0],[1442.0,2020.5],[1438.0,2023.5],[1435.5,2027.0],[1437.0,2030.5],[1440.0,2033.5],[1445.0,2035.5],[1449.5,2037.0],[1453.5,2039.0],[1458.5,2041.0],[1463.0,2042.5],[1468.0,2044.5],[1471.5,2047.0],[1467.0,2049.5],[1461.0,2049.5],[1455.5,2051.0],[1451.0,2052.5],[1447.0,2054.5],[1442.5,2057.0],[1439.0,2059.5],[1438.5,2064.0],[1438.5,2068.0],[1437.5,2074.0],[1435.0,2077.5],[1432.5,2082.0],[1430.0,2085.5],[1427.0,2088.5],[1422.0,2090.5],[1418.0,2092.5],[1413.0,2094.5],[1410.0,2097.5],[1408.5,2103.0],[1409.5,2108.0],[1411.0,2112.5],[1413.0,2117.5],[1415.0,2121.5],[1417.5,2126.0],[1419.5,2130.0],[1421.5,2135.0],[1422.5,2140.0],[1423.5,2146.0],[1424.5,2151.0],[1423.5,2156.0],[1424.5,2160.0],[1423.5,2165.0],[1425.0,2170.5],[1426.5,2175.0],[1429.5,2179.0],[1431.5,2183.0],[1433.5,2188.0],[1435.0,2192.5],[1437.5,2196.0],[1441.0,2199.5],[1446.0,2200.5],[1451.0,2202.5],[1455.0,2204.5],[1459.5,2207.0],[1460.5,2210.0],[1456.0,2211.5],[1450.5,2213.0],[1445.0,2213.5],[1438.0,2213.5],[1432.0,2213.5],[1426.0,2212.5],[1421.0,2211.5],[1416.0,2209.5],[1411.0,2208.5],[1405.0,2208.5],[1398.5,2208.0],[1393.0,2207.5],[1387.0,2208.5],[1382.0,2207.5],[1375.0,2207.5],[1369.0,2207.5],[1363.0,2207.5],[1357.0,2208.5],[1352.0,2209.5],[1346.0,2210.5],[1341.5,2212.0],[1336.0,2213.5],[1331.0,2214.5],[1324.0,2214.5],[1319.0,2215.5]]",243082.5272846222,431108.47682094574,70.25799560546875,,,,,1.8157330557,61610,SPW_0156,SPW_여수로_교각_도수면,SPW_0156,79ac015c-1fca-565a-b68b-233a678b533c,0.9806233156658074,../../Data/DJI_20250702150745_0300_V.JPG,../Overlay/SPL/P000085.png,mapped,local_surface_estimate
DJI_20250702150745_0300_V.JPG,P000086,SPL,박락,"[[2667.0,1907.5],[2665.0,1907.5],[2664.0,1907.5],[2662.0,1907.5],[2661.0,1907.5],[2660.0,1906.5],[2659.0,1906.5],[2657.0,1906.5],[2655.0,1906.5],[2654.0,1906.5],[2652.5,1906.0],[2652.0,1905.5],[2650.0,1905.5],[2649.5,1905.0],[2648.0,1904.5],[2646.0,1904.5],[2645.0,1904.5],[2643.5,1904.0],[2643.0,1903.5],[2641.0,1903.5],[2640.0,1903.5],[2638.5,1903.0],[2637.5,1902.0],[2637.0,1901.5],[2636.5,1900.0],[2636.0,1899.5],[2635.0,1898.5],[2634.5,1898.0],[2633.5,1897.0],[2633.0,1896.5],[2632.0,1895.5],[2631.0,1894.5],[2630.0,1894.5],[2629.0,1893.5],[2628.5,1893.0],[2627.5,1892.0],[2627.0,1891.5],[2625.0,1891.5],[2624.0,1890.5],[2623.5,1890.0],[2622.0,1889.5],[2621.0,1889.5],[2620.0,1888.5],[2619.0,1888.5],[2618.0,1887.5],[2616.0,1887.5],[2615.5,1887.0],[2614.5,1886.0],[2614.0,1885.5],[2612.0,1885.5],[2611.0,1885.5],[2609.5,1885.0],[2608.0,1884.5],[2607.0,1884.5],[2606.0,1883.5],[2605.0,1883.5],[2604.0,1882.5],[2603.0,1882.5],[2601.5,1882.0],[2600.0,1881.5],[2599.5,1881.0],[2598.0,1880.5],[2597.5,1880.0],[2596.0,1879.5],[2595.0,1879.5],[2594.0,1878.5],[2593.0,1877.5],[2592.5,1877.0],[2591.5,1876.0],[2591.0,1875.5],[2589.5,1875.0],[2589.5,1874.0],[2588.5,1873.0],[2587.5,1872.0],[2587.5,1871.0],[2586.5,1870.0],[2586.5,1869.0],[2586.5,1867.0],[2586.5,1866.0],[2587.0,1864.5],[2587.5,1864.0],[2587.5,1862.0],[2588.5,1861.0],[2589.0,1860.5],[2590.0,1859.5],[2590.5,1859.0],[2591.0,1857.5],[2591.5,1857.0],[2593.0,1856.5],[2594.0,1855.5],[2594.5,1855.0],[2596.0,1854.5],[2596.5,1854.0],[2598.0,1853.5],[2598.5,1853.0],[2599.5,1852.0],[2601.0,1851.5],[2601.5,1851.0],[2602.5,1850.0],[2603.0,1849.5],[2604.0,1848.5],[2604.5,1848.0],[2605.5,1847.0],[2606.5,1846.0],[2607.0,1845.5],[2607.5,1844.0],[2608.0,1843.5],[2609.0,1842.5],[2610.0,1842.5],[2611.0,1841.5],[2612.0,1840.5],[2612.5,1840.0],[2613.5,1839.0],[2614.0,1838.5],[2615.0,1837.5],[2616.0,1837.5],[2617.0,1836.5],[2618.5,1836.0],[2619.0,1835.5],[2620.0,1834.5],[2621.0,1834.5],[2622.0,1833.5],[2622.5,1833.0],[2623.5,1832.0],[2625.0,1831.5],[2626.0,1831.5],[2627.5,1831.0],[2628.0,1830.5],[2630.0,1830.5],[2631.0,1830.5],[2632.5,1830.0],[2633.0,1829.5],[2635.0,1829.5],[2637.0,1829.5],[2638.0,1829.5],[2640.0,1829.5],[2641.0,1829.5],[2643.0,1829.5],[2643.5,1829.0],[2644.5,1829.0],[2646.0,1829.5],[2646.5,1829.0],[2648.0,1828.5],[2649.0,1828.5],[2650.0,1827.5],[2651.0,1827.5],[2653.0,1827.5],[2654.5,1827.0],[2655.0,1826.5],[2656.5,1826.0],[2657.0,1825.5],[2659.0,1825.5],[2660.0,1825.5],[2662.0,1825.5],[2663.0,1824.5],[2664.0,1824.5],[2666.0,1824.5],[2667.0,1824.5],[2669.0,1824.5],[2670.0,1824.5],[2672.0,1824.5],[2674.0,1824.5],[2675.0,1824.5],[2676.5,1825.0],[2677.0,1825.5],[2678.5,1826.0],[2679.0,1826.5],[2680.0,1827.5],[2681.5,1828.0],[2682.0,1828.5],[2683.0,1829.5],[2683.5,1830.0],[2684.5,1831.0],[2685.0,1831.5],[2686.0,1832.5],[2686.5,1834.0],[2687.0,1834.5],[2687.5,1836.0],[2687.5,1837.0],[2687.5,1839.0],[2687.5,1840.0],[2687.5,1842.0],[2687.5,1843.0],[2688.0,1844.5],[2688.5,1846.0],[2689.0,1846.5],[2690.0,1847.5],[2691.0,1847.5],[2692.0,1848.5],[2692.5,1849.0],[2694.0,1849.5],[2695.0,1850.5],[2695.5,1851.0],[2696.5,1852.0],[2697.0,1852.5],[2698.5,1853.0],[2699.0,1853.5],[2700.0,1854.5],[2701.0,1855.5],[2701.5,1856.0],[2702.0,1857.5],[2702.5,1858.0],[2701.5,1859.0],[2701.5,1860.0],[2701.5,1862.0],[2701.5,1864.0],[2701.5,1865.0],[2701.5,1867.0],[2701.0,1867.5],[2700.5,1869.0],[2700.5,1870.0],[2700.0,1871.5],[2699.0,1872.5],[2698.5,1873.0],[2698.0,1874.5],[2697.5,1875.0],[2697.0,1876.5],[2696.5,1877.0],[2696.0,1878.5],[2694.5,1879.0],[2694.0,1879.5],[2693.0,1880.5],[2692.5,1881.0],[2691.0,1881.5],[2690.5,1882.0],[2689.5,1883.0],[2688.0,1883.5],[2687.5,1884.0],[2687.5,1886.0],[2687.5,1887.0],[2687.5,1889.0],[2687.5,1890.0],[2687.0,1891.5],[2686.5,1892.0],[2685.0,1892.5],[2684.0,1893.5],[2683.0,1893.5],[2682.0,1894.5],[2681.5,1895.0],[2680.5,1896.0],[2680.5,1897.0],[2679.0,1897.5],[2678.5,1899.0],[2678.5,1900.0],[2678.5,1902.0],[2678.5,1903.0],[2677.0,1903.5],[2676.0,1903.5],[2675.0,1904.5],[2674.5,1906.0],[2674.0,1906.5],[2672.0,1906.5],[2671.0,1906.5],[2669.0,1906.5],[2668.0,1906.5],[2667.0,1907.5]]",243085.06037521362,431102.6966495514,71.03087902069092,,,,,0.2175637892,6427,SPW_0157,SPW_여수로_교각_도수면,SPW_0157,b5f7eb97-7e34-5662-9794-cae62b0c64d8,0.9439771945505838,../../Data/DJI_20250702150745_0300_V.JPG,../Overlay/SPL/P000086.png,mapped,local_surface_estimate
DJI_20250702150745_0300_V.JPG,P000087,SPL,박락,"[[2153.0,2500.5],[2149.0,2500.5],[2144.0,2500.5],[2140.5,2500.0],[2137.0,2498.5],[2134.0,2497.5],[2130.0,2496.5],[2127.0,2495.5],[2123.0,2495.5],[2119.0,2494.5],[2115.0,2494.5],[2110.0,2494.5],[2106.0,2494.5],[2102.0,2493.5],[2099.0,2492.5],[2096.0,2491.5],[2093.5,2489.0],[2091.5,2487.0],[2090.5,2483.0],[2089.5,2480.0],[2088.5,2477.0],[2088.5,2472.0],[2088.5,2468.0],[2088.5,2463.0],[2088.5,2459.0],[2087.5,2455.0],[2087.5,2451.0],[2087.0,2448.5],[2087.5,2444.0],[2088.5,2441.0],[2089.5,2437.0],[2090.5,2434.0],[2092.5,2431.0],[2091.5,2428.0],[2092.5,2425.0],[2093.0,2420.5],[2093.5,2417.0],[2094.5,2413.0],[2095.5,2410.0],[2097.0,2406.5],[2098.5,2404.0],[2099.5,2401.0],[2101.5,2398.0],[2103.0,2395.5],[2104.5,2392.0],[2106.5,2390.0],[2107.5,2387.0],[2108.5,2383.0],[2108.5,2379.0],[2109.5,2375.0],[2109.5,2371.0],[2110.5,2367.0],[2110.5,2363.0],[2111.5,2360.0],[2111.5,2355.0],[2111.5,2351.0],[2112.5,2347.0],[2113.0,2343.5],[2114.5,2340.0],[2116.0,2337.5],[2117.5,2335.0],[2119.0,2331.5],[2120.5,2329.0],[2121.5,2325.0],[2122.5,2322.0],[2123.5,2318.0],[2124.0,2314.5],[2124.5,2311.0],[2124.0,2306.5],[2121.5,2305.0],[2125.0,2303.5],[2128.5,2303.0],[2128.5,2299.0],[2130.0,2295.5],[2131.5,2293.0],[2132.5,2289.0],[2134.0,2286.5],[2135.5,2283.0],[2136.5,2280.0],[2137.0,2276.5],[2137.5,2272.0],[2137.5,2268.0],[2138.5,2264.0],[2138.5,2260.0],[2139.5,2256.0],[2139.5,2252.0],[2140.5,2249.0],[2141.5,2245.0],[2142.5,2242.0],[2144.0,2238.5],[2145.5,2236.0],[2146.5,2232.0],[2148.0,2229.5],[2149.5,2227.0],[2151.0,2223.5],[2152.5,2221.0],[2153.5,2217.0],[2155.0,2214.5],[2156.0,2210.5],[2156.5,2207.0],[2157.5,2204.0],[2158.5,2200.0],[2159.5,2197.0],[2159.5,2192.0],[2160.5,2189.0],[2159.5,2186.0],[2159.5,2181.0],[2160.5,2178.0],[2162.0,2174.5],[2164.0,2172.5],[2167.5,2171.0],[2170.5,2170.0],[2173.5,2169.0],[2178.0,2168.5],[2181.0,2167.5],[2186.0,2167.5],[2190.0,2167.5],[2195.0,2167.5],[2198.0,2166.5],[2201.0,2165.5],[2204.0,2163.5],[2205.5,2161.0],[2209.0,2159.5],[2211.0,2157.5],[2216.0,2157.5],[2218.5,2159.0],[2220.5,2161.0],[2222.5,2164.0],[2224.0,2166.5],[2226.5,2169.0],[2228.0,2171.5],[2228.5,2175.0],[2229.0,2179.5],[2230.5,2182.0],[2231.0,2186.5],[2233.0,2188.5],[2236.0,2186.5],[2237.5,2184.0],[2238.5,2181.0],[2239.5,2177.0],[2240.5,2174.0],[2244.0,2172.5],[2247.0,2171.5],[2250.5,2173.0],[2252.5,2175.0],[2252.5,2179.0],[2253.0,2183.5],[2253.5,2187.0],[2254.5,2191.0],[2255.5,2194.0],[2257.0,2197.5],[2257.5,2201.0],[2258.5,2204.0],[2259.5,2208.0],[2259.5,2212.0],[2260.5,2216.0],[2261.0,2219.5],[2261.5,2223.0],[2262.5,2227.0],[2263.5,2230.0],[2263.5,2235.0],[2264.5,2238.0],[2265.0,2241.5],[2264.5,2245.0],[2265.5,2248.0],[2264.5,2252.0],[2264.5,2256.0],[2263.5,2260.0],[2262.5,2263.0],[2262.5,2266.0],[2262.5,2270.0],[2262.5,2274.0],[2261.5,2278.0],[2260.5,2281.0],[2260.5,2286.0],[2259.5,2289.0],[2259.5,2294.0],[2259.5,2298.0],[2259.5,2302.0],[2259.5,2305.0],[2259.5,2309.0],[2260.5,2313.0],[2260.5,2317.0],[2260.5,2322.0],[2260.5,2326.0],[2260.0,2329.5],[2259.5,2334.0],[2258.5,2337.0],[2258.5,2342.0],[2257.5,2345.0],[2256.5,2348.0],[2255.5,2352.0],[2254.5,2355.0],[2253.0,2358.5],[2251.5,2361.0],[2250.0,2364.5],[2248.5,2367.0],[2247.5,2370.0],[2246.5,2374.0],[2245.5,2377.0],[2244.5,2381.0],[2244.5,2385.0],[2243.5,2389.0],[2242.5,2392.0],[2240.5,2394.0],[2237.5,2396.0],[2234.5,2397.0],[2231.0,2398.5],[2228.0,2399.5],[2224.5,2401.0],[2222.5,2403.0],[2221.0,2405.5],[2218.5,2408.0],[2217.0,2410.5],[2215.0,2413.5],[2213.5,2416.0],[2212.0,2418.5],[2210.0,2421.5],[2208.5,2424.0],[2207.0,2427.5],[2205.5,2430.0],[2203.5,2433.0],[2202.5,2436.0],[2201.5,2439.0],[2200.5,2443.0],[2201.0,2446.5],[2202.0,2450.5],[2202.5,2454.0],[2203.5,2458.0],[2204.5,2461.0],[2205.5,2464.0],[2206.5,2468.0],[2207.5,2471.0],[2208.5,2475.0],[2209.5,2478.0],[2211.5,2481.0],[2213.0,2483.5],[2214.5,2486.0],[2216.5,2489.0],[2213.5,2490.0],[2209.5,2491.0],[2206.0,2491.5],[2203.0,2492.5],[2199.0,2493.5],[2195.0,2493.5],[2191.0,2494.5],[2187.5,2495.0],[2183.0,2495.5],[2179.0,2495.5],[2175.0,2495.5],[2171.0,2496.5],[2167.0,2496.5],[2163.0,2497.5],[2160.0,2498.5],[2156.0,2499.5],[2153.0,2500.5]]",243082.78393554688,431104.3080101013,68.76750946044922,,,,,1.0050128357,39947,SPW_0157,SPW_여수로_교각_도수면,SPW_0157,b5f7eb97-7e34-5662-9794-cae62b0c64d8,0.987989159628671,../../Data/DJI_20250702150745_0300_V.JPG,../Overlay/SPL/P000087.png,mapped,local_surface_estimate
DJI_20250702150745_0300_V.JPG,P000088,SPL,박락,"[[2695.0,2306.5],[2694.0,2306.5],[2693.0,2306.5],[2692.5,2306.0],[2692.0,2305.5],[2691.5,2305.0],[2691.0,2304.5],[2690.5,2304.0],[2691.0,2303.5],[2692.0,2303.5],[2693.0,2303.5],[2694.0,2303.5],[2695.0,2303.5],[2695.5,2304.0],[2695.5,2305.0],[2695.5,2306.0],[2695.0,2306.5]]",243083.6337928772,431102.0643939972,68.89743137359619,,,,,0.0003115728,12,SPW_0157,SPW_여수로_교각_도수면,SPW_0157,b5f7eb97-7e34-5662-9794-cae62b0c64d8,0.4989024872581164,../../Data/DJI_20250702150745_0300_V.JPG,../Overlay/SPL/P000088.png,mapped,local_surface_estimate
DJI_20250702150745_0300_V.JPG,P000089,SPL,박락,"[[2700.0,2304.5],[2699.0,2304.5],[2698.0,2304.5],[2697.0,2304.5],[2696.5,2304.0],[2697.0,2303.5],[2698.0,2303.5],[2699.0,2303.5],[2700.0,2303.5],[2700.5,2304.0],[2700.0,2304.5]]",243083.64435195923,431102.0428543091,68.90181922912598,,,,,0.0001039127,4,SPW_0157,SPW_여수로_교각_도수면,SPW_0157,b5f7eb97-7e34-5662-9794-cae62b0c64d8,0.4987647533416748,../../Data/DJI_20250702150745_0300_V.JPG,../Overlay/SPL/P000089.png,mapped,local_surface_estimate
DJI_20250702150745_0300_V.JPG,P000090,SPL,박락,"[[2696.0,2423.5],[2694.0,2423.5],[2692.0,2423.5],[2690.0,2423.5],[2688.0,2423.5],[2687.0,2422.5],[2685.0,2422.5],[2683.0,2422.5],[2681.0,2422.5],[2679.0,2422.5],[2677.0,2422.5],[2674.0,2422.5],[2672.0,2422.5],[2670.0,2422.5],[2668.0,2422.5],[2666.0,2422.5],[2664.0,2422.5],[2662.0,2422.5],[2661.0,2421.5],[2659.0,2421.5],[2657.0,2421.5],[2655.0,2421.5],[2654.0,2420.5],[2652.5,2420.0],[2651.0,2419.5],[2650.0,2418.5],[2648.5,2418.0],[2647.0,2417.5],[2645.5,2417.0],[2644.5,2416.0],[2643.5,2415.0],[2642.5,2414.0],[2641.5,2412.0],[2641.0,2410.5],[2640.5,2409.0],[2640.5,2407.0],[2640.5,2405.0],[2641.5,2404.0],[2642.0,2402.5],[2642.5,2401.0],[2643.0,2399.5],[2643.5,2398.0],[2644.5,2397.0],[2645.0,2395.5],[2645.5,2394.0],[2646.5,2393.0],[2646.5,2391.0],[2647.5,2390.0],[2647.5,2388.0],[2647.5,2386.0],[2647.5,2384.0],[2648.0,2382.5],[2648.5,2381.0],[2648.5,2379.0],[2648.0,2376.5],[2647.5,2375.0],[2647.5,2373.0],[2646.5,2372.0],[2646.0,2370.5],[2645.5,2369.0],[2644.5,2368.0],[2643.5,2367.0],[2643.0,2365.5],[2642.0,2364.5],[2641.0,2363.5],[2640.0,2362.5],[2639.0,2361.5],[2638.0,2360.5],[2637.0,2359.5],[2635.5,2359.0],[2634.5,2358.0],[2633.5,2357.0],[2633.0,2355.5],[2632.0,2354.5],[2631.5,2353.0],[2632.5,2351.0],[2633.0,2349.5],[2634.5,2349.0],[2635.5,2348.0],[2637.0,2347.5],[2638.5,2347.0],[2640.0,2346.5],[2642.0,2346.5],[2644.0,2346.5],[2645.0,2345.5],[2646.0,2346.5],[2648.0,2346.5],[2650.0,2346.5],[2652.0,2346.5],[2654.0,2346.5],[2656.0,2346.5],[2658.0,2346.5],[2660.0,2346.5],[2662.0,2346.5],[2663.0,2345.5],[2665.0,2345.5],[2667.0,2344.5],[2668.0,2343.5],[2669.0,2342.5],[2670.0,2341.5],[2671.0,2340.5],[2671.5,2339.0],[2672.5,2338.0],[2672.5,2336.0],[2673.5,2335.0],[2674.0,2333.5],[2675.0,2332.5],[2675.5,2331.0],[2676.5,2330.0],[2677.5,2329.0],[2678.0,2327.5],[2679.0,2326.5],[2679.5,2325.0],[2681.0,2324.5],[2682.0,2323.5],[2683.0,2322.5],[2684.0,2321.5],[2686.0,2320.5],[2687.5,2320.0],[2687.5,2318.0],[2687.5,2316.0],[2688.5,2315.0],[2690.0,2314.5],[2692.0,2314.5],[2693.0,2313.5],[2694.5,2313.0],[2696.0,2312.5],[2697.0,2311.5],[2698.5,2311.0],[2700.0,2310.5],[2701.0,2309.5],[2702.5,2310.0],[2704.0,2310.5],[2706.0,2310.5],[2707.5,2311.0],[2708.5,2312.0],[2710.0,2312.5],[2711.0,2313.5],[2712.5,2314.0],[2714.5,2315.0],[2715.5,2316.0],[2717.0,2316.5],[2718.5,2317.0],[2720.0,2317.5],[2722.0,2317.5],[2723.5,2318.0],[2724.5,2319.0],[2726.0,2319.5],[2727.0,2320.5],[2729.0,2320.5],[2730.5,2321.0],[2731.5,2322.0],[2732.5,2323.0],[2733.0,2324.5],[2734.0,2325.5],[2734.5,2327.0],[2734.5,2329.0],[2734.5,2331.0],[2735.5,2332.0],[2735.5,2334.0],[2735.0,2336.5],[2734.5,2338.0],[2735.5,2339.0],[2736.0,2340.5],[2736.5,2342.0],[2737.0,2343.5],[2737.5,2345.0],[2737.5,2347.0],[2738.5,2348.0],[2739.0,2349.5],[2739.5,2351.0],[2739.5,2353.0],[2740.0,2354.5],[2740.5,2356.0],[2741.0,2357.5],[2741.5,2359.0],[2742.0,2360.5],[2743.0,2361.5],[2743.5,2363.0],[2744.5,2364.0],[2745.5,2365.0],[2747.0,2366.5],[2748.0,2367.5],[2749.5,2368.0],[2751.0,2368.5],[2752.0,2369.5],[2753.5,2370.0],[2754.5,2371.0],[2756.0,2371.5],[2757.0,2372.5],[2758.0,2373.5],[2759.0,2374.5],[2760.0,2375.5],[2761.0,2376.5],[2762.0,2377.5],[2762.5,2379.0],[2763.5,2380.0],[2763.5,2382.0],[2764.5,2383.0],[2764.5,2385.0],[2765.0,2386.5],[2765.5,2388.0],[2765.5,2391.0],[2765.5,2393.0],[2766.5,2394.0],[2766.5,2396.0],[2766.5,2398.0],[2767.5,2399.0],[2768.0,2400.5],[2768.5,2402.0],[2768.5,2404.0],[2768.0,2405.5],[2767.0,2406.5],[2766.5,2408.0],[2765.5,2409.0],[2764.5,2410.0],[2763.0,2410.5],[2762.0,2411.5],[2760.5,2412.0],[2759.5,2413.0],[2758.0,2413.5],[2757.0,2414.5],[2755.5,2415.0],[2754.0,2415.5],[2752.0,2416.5],[2750.5,2417.0],[2749.0,2417.5],[2747.5,2418.0],[2746.0,2418.5],[2744.0,2418.5],[2743.0,2419.5],[2741.0,2419.5],[2739.0,2419.5],[2737.0,2419.5],[2735.0,2419.5],[2733.0,2419.5],[2731.0,2419.5],[2729.0,2419.5],[2727.0,2419.5],[2725.0,2419.5],[2723.0,2419.5],[2721.0,2419.5],[2719.0,2419.5],[2717.0,2419.5],[2715.0,2419.5],[2712.0,2419.5],[2710.5,2420.0],[2709.0,2420.5],[2707.0,2420.5],[2705.0,2420.5],[2704.0,2421.5],[2702.0,2421.5],[2701.0,2422.5],[2699.0,2422.5],[2697.0,2422.5],[2696.0,2423.5]]",243083.42915725708,431101.9735145569,68.58961009979248,,,,,0.2564538878,10266,SPW_0157,SPW_여수로_교각_도수면,SPW_0157,b5f7eb97-7e34-5662-9794-cae62b0c64d8,0.9652390537317933,../../Data/DJI_20250702150745_0300_V.JPG,../Overlay/SPL/P000090.png,mapped,local_surface_estimate
DJI_20250702150745_0300_V.JPG,P000091,SPL,박락,"[[2378.0,2467.5],[2377.0,2466.5],[2374.5,2466.0],[2374.0,2464.5],[2373.5,2463.0],[2373.0,2460.5],[2372.5,2459.0],[2372.5,2456.0],[2371.5,2455.0],[2371.5,2453.0],[2370.5,2451.0],[2369.5,2450.0],[2369.0,2448.5],[2368.5,2446.0],[2367.5,2445.0],[2367.0,2443.5],[2366.0,2441.5],[2365.5,2440.0],[2364.5,2439.0],[2363.5,2437.0],[2363.0,2435.5],[2361.5,2434.0],[2360.5,2433.0],[2360.0,2431.5],[2358.0,2430.5],[2357.0,2429.5],[2356.5,2428.0],[2355.5,2426.0],[2355.0,2424.5],[2354.0,2423.5],[2353.5,2421.0],[2352.5,2420.0],[2352.0,2417.5],[2351.5,2416.0],[2350.5,2415.0],[2350.0,2412.5],[2349.5,2411.0],[2348.5,2410.0],[2348.0,2407.5],[2347.5,2406.0],[2346.5,2405.0],[2345.5,2403.0],[2345.0,2401.5],[2344.0,2399.5],[2343.5,2398.0],[2343.0,2396.5],[2341.5,2395.0],[2341.0,2393.5],[2340.5,2392.0],[2339.5,2390.0],[2338.5,2389.0],[2337.5,2388.0],[2336.5,2386.0],[2335.5,2385.0],[2335.0,2383.5],[2333.5,2382.0],[2333.0,2380.5],[2332.0,2378.5],[2331.5,2377.0],[2330.5,2376.0],[2329.5,2374.0],[2329.0,2372.5],[2328.5,2371.0],[2327.5,2369.0],[2327.5,2367.0],[2327.5,2365.0],[2328.5,2363.0],[2329.5,2362.0],[2331.0,2360.5],[2332.0,2359.5],[2333.0,2358.5],[2335.5,2358.0],[2337.0,2357.5],[2339.0,2357.5],[2342.0,2357.5],[2343.0,2356.5],[2345.0,2356.5],[2348.0,2356.5],[2350.0,2356.5],[2353.0,2356.5],[2355.0,2356.5],[2357.0,2356.5],[2359.5,2356.0],[2361.0,2355.5],[2363.0,2355.5],[2366.0,2355.5],[2367.5,2356.0],[2368.5,2356.0],[2371.0,2355.5],[2373.0,2355.5],[2375.0,2355.5],[2378.0,2355.5],[2380.0,2355.5],[2382.0,2356.5],[2384.0,2356.5],[2386.0,2356.5],[2389.0,2356.5],[2391.0,2356.5],[2393.0,2356.5],[2396.0,2356.5],[2398.0,2356.5],[2400.0,2356.5],[2402.0,2355.5],[2404.0,2355.5],[2406.5,2355.0],[2408.0,2354.5],[2410.0,2354.5],[2412.0,2353.5],[2414.0,2353.5],[2416.0,2353.5],[2418.0,2352.5],[2420.0,2352.5],[2422.0,2352.5],[2424.0,2353.5],[2426.0,2353.5],[2428.0,2353.5],[2431.0,2353.5],[2432.0,2352.5],[2434.0,2351.5],[2436.0,2351.5],[2438.0,2351.5],[2441.0,2351.5],[2442.5,2352.0],[2444.0,2352.5],[2447.0,2352.5],[2449.0,2352.5],[2450.0,2353.5],[2453.0,2353.5],[2455.0,2353.5],[2457.5,2354.0],[2459.0,2354.5],[2460.5,2355.0],[2463.0,2355.5],[2464.5,2356.0],[2466.0,2356.5],[2469.0,2356.5],[2470.5,2356.0],[2472.0,2355.5],[2474.0,2354.5],[2475.0,2353.5],[2477.0,2352.5],[2478.0,2351.5],[2479.0,2350.5],[2481.0,2349.5],[2483.0,2349.5],[2484.0,2348.5],[2487.0,2348.5],[2489.0,2348.5],[2490.0,2349.5],[2492.0,2350.5],[2493.0,2351.5],[2494.0,2352.5],[2494.5,2355.0],[2495.5,2356.0],[2496.5,2358.0],[2497.0,2359.5],[2497.5,2361.0],[2498.5,2363.0],[2498.5,2365.0],[2498.5,2367.0],[2498.5,2370.0],[2498.5,2372.0],[2498.5,2374.0],[2498.5,2377.0],[2497.5,2378.0],[2497.5,2381.0],[2497.5,2383.0],[2497.5,2385.0],[2497.5,2388.0],[2497.5,2390.0],[2497.5,2392.0],[2498.0,2394.5],[2498.5,2396.0],[2498.5,2398.0],[2499.5,2400.0],[2499.5,2402.0],[2500.0,2403.5],[2499.5,2405.0],[2499.5,2407.0],[2499.5,2410.0],[2499.0,2411.5],[2498.5,2413.0],[2497.5,2415.0],[2497.0,2416.5],[2496.5,2418.0],[2496.0,2420.5],[2495.5,2422.0],[2494.5,2423.0],[2493.5,2425.0],[2492.5,2426.0],[2491.0,2427.5],[2490.0,2428.5],[2488.0,2428.5],[2486.0,2429.5],[2484.0,2429.5],[2482.0,2429.5],[2479.0,2429.5],[2477.0,2429.5],[2475.5,2430.0],[2474.0,2431.5],[2472.0,2431.5],[2469.0,2431.5],[2468.0,2432.5],[2466.5,2433.0],[2464.0,2433.5],[2462.5,2434.0],[2461.0,2434.5],[2459.0,2435.5],[2457.0,2435.5],[2455.0,2435.5],[2452.5,2436.0],[2451.0,2436.5],[2449.0,2436.5],[2446.0,2436.5],[2444.0,2436.5],[2441.0,2436.5],[2439.5,2437.0],[2438.0,2437.5],[2435.0,2437.5],[2434.0,2438.5],[2432.0,2438.5],[2431.0,2440.5],[2429.0,2440.5],[2428.0,2441.5],[2426.5,2443.0],[2425.5,2444.0],[2424.5,2446.0],[2423.5,2447.0],[2423.0,2448.5],[2421.5,2450.0],[2420.5,2451.0],[2419.5,2452.0],[2418.0,2453.5],[2417.0,2454.5],[2416.0,2455.5],[2414.0,2456.5],[2413.0,2457.5],[2411.0,2458.5],[2410.0,2459.5],[2409.0,2460.5],[2407.0,2461.5],[2406.0,2462.5],[2405.0,2463.5],[2403.0,2464.5],[2401.5,2465.0],[2400.0,2465.5],[2398.0,2466.5],[2396.0,2466.5],[2394.0,2466.5],[2391.0,2466.5],[2389.0,2466.5],[2386.0,2466.5],[2384.0,2466.5],[2382.0,2466.5],[2379.0,2466.5],[2378.0,2467.5]]",243082.94427108765,431103.19689178467,68.49063301086426,,,,,0.3420754929,13983,SPW_0157,SPW_여수로_교각_도수면,SPW_0157,b5f7eb97-7e34-5662-9794-cae62b0c64d8,0.9778886896183858,../../Data/DJI_20250702150745_0300_V.JPG,../Overlay/SPL/P000091.png,mapped,local_surface_estimate
DJI_20250702150745_0300_V.JPG,P000092,SPL,박락,"[[2493.0,2840.5],[2491.0,2839.5],[2487.5,2839.0],[2486.0,2837.5],[2485.0,2835.5],[2483.5,2833.0],[2483.5,2830.0],[2483.5,2827.0],[2482.5,2824.0],[2483.5,2822.0],[2484.5,2820.0],[2483.5,2817.0],[2485.0,2815.5],[2485.0,2813.5],[2484.5,2810.0],[2484.5,2807.0],[2483.5,2805.0],[2483.0,2801.5],[2482.5,2799.0],[2481.5,2797.0],[2481.0,2793.5],[2480.5,2791.0],[2480.5,2788.0],[2479.5,2785.0],[2479.5,2782.0],[2479.5,2779.0],[2479.5,2775.0],[2479.5,2772.0],[2479.5,2769.0],[2478.5,2766.0],[2478.5,2763.0],[2477.5,2761.0],[2477.0,2757.5],[2476.5,2755.0],[2475.5,2753.0],[2474.5,2750.0],[2474.5,2747.0],[2473.5,2745.0],[2473.5,2741.0],[2473.5,2738.0],[2473.5,2735.0],[2474.5,2732.0],[2475.0,2729.5],[2475.5,2727.0],[2477.0,2724.5],[2477.5,2722.0],[2477.5,2719.0],[2477.5,2715.0],[2477.5,2712.0],[2478.5,2710.0],[2478.5,2706.0],[2478.5,2703.0],[2478.5,2700.0],[2479.5,2697.0],[2480.0,2694.5],[2480.5,2692.0],[2480.5,2688.0],[2478.5,2687.0],[2477.5,2685.0],[2476.5,2682.0],[2476.0,2679.5],[2475.5,2677.0],[2474.5,2674.0],[2474.0,2671.5],[2473.5,2669.0],[2472.5,2666.0],[2472.5,2663.0],[2472.5,2660.0],[2472.5,2656.0],[2473.5,2654.0],[2473.5,2651.0],[2474.5,2648.0],[2475.5,2646.0],[2475.5,2643.0],[2476.5,2640.0],[2477.5,2638.0],[2478.0,2635.5],[2478.5,2632.0],[2479.5,2630.0],[2480.0,2627.5],[2480.5,2624.0],[2480.5,2621.0],[2481.5,2619.0],[2480.5,2616.0],[2480.5,2613.0],[2480.5,2610.0],[2480.5,2606.0],[2480.5,2603.0],[2480.5,2600.0],[2481.0,2596.5],[2481.5,2594.0],[2481.5,2591.0],[2482.5,2588.0],[2483.5,2586.0],[2484.5,2584.0],[2485.5,2581.0],[2486.5,2579.0],[2488.0,2577.5],[2489.5,2575.0],[2490.5,2573.0],[2491.0,2570.5],[2492.5,2568.0],[2493.5,2566.0],[2495.0,2564.5],[2496.5,2562.0],[2498.0,2560.5],[2500.0,2559.5],[2502.0,2557.5],[2504.0,2556.5],[2506.0,2555.5],[2509.0,2554.5],[2510.5,2554.0],[2513.0,2554.5],[2515.0,2554.5],[2518.0,2554.5],[2521.0,2554.5],[2525.0,2554.5],[2528.0,2554.5],[2530.0,2555.5],[2533.5,2556.0],[2535.5,2557.0],[2537.0,2558.5],[2538.5,2561.0],[2539.5,2563.0],[2540.5,2565.0],[2542.0,2567.5],[2542.5,2570.0],[2543.5,2572.0],[2545.0,2574.5],[2546.5,2576.0],[2547.0,2578.5],[2548.5,2581.0],[2548.5,2584.0],[2549.0,2586.5],[2549.5,2590.0],[2550.5,2592.0],[2550.5,2595.0],[2551.5,2598.0],[2552.5,2600.0],[2553.5,2602.0],[2554.5,2605.0],[2555.0,2607.5],[2555.5,2610.0],[2556.5,2613.0],[2557.5,2615.0],[2558.5,2617.0],[2559.5,2620.0],[2559.5,2623.0],[2560.5,2625.0],[2560.5,2629.0],[2560.5,2632.0],[2560.5,2635.0],[2559.5,2638.0],[2559.5,2641.0],[2559.5,2644.0],[2560.5,2647.0],[2561.5,2649.0],[2561.5,2652.0],[2561.5,2656.0],[2561.5,2659.0],[2561.5,2662.0],[2562.5,2665.0],[2562.5,2668.0],[2562.5,2671.0],[2562.5,2675.0],[2562.5,2678.0],[2563.0,2680.5],[2563.5,2684.0],[2564.0,2686.5],[2566.0,2687.5],[2566.5,2691.0],[2567.5,2693.0],[2567.5,2696.0],[2566.0,2698.5],[2565.0,2700.5],[2564.0,2702.5],[2562.5,2705.0],[2561.5,2707.0],[2560.5,2709.0],[2559.5,2712.0],[2559.5,2715.0],[2559.5,2718.0],[2560.0,2721.5],[2560.5,2724.0],[2561.5,2726.0],[2563.0,2728.5],[2564.5,2730.0],[2566.0,2731.5],[2568.0,2733.5],[2570.0,2734.5],[2571.5,2736.0],[2573.5,2738.0],[2575.0,2739.5],[2577.0,2740.5],[2578.5,2743.0],[2579.5,2745.0],[2580.5,2747.0],[2581.0,2750.5],[2581.5,2753.0],[2582.5,2755.0],[2582.5,2759.0],[2583.0,2761.5],[2583.5,2764.0],[2583.5,2768.0],[2583.5,2771.0],[2583.5,2774.0],[2582.5,2777.0],[2581.5,2779.0],[2581.0,2781.5],[2580.0,2784.5],[2579.5,2787.0],[2578.5,2789.0],[2578.5,2793.0],[2577.5,2795.0],[2577.5,2798.0],[2577.5,2802.0],[2577.5,2805.0],[2577.5,2808.0],[2577.5,2812.0],[2576.5,2814.0],[2576.5,2817.0],[2575.5,2820.0],[2575.5,2823.0],[2575.5,2826.0],[2576.5,2829.0],[2577.5,2831.0],[2576.0,2832.5],[2573.5,2834.0],[2571.0,2834.5],[2568.0,2834.5],[2564.0,2834.5],[2561.0,2834.5],[2558.0,2834.5],[2554.0,2834.5],[2551.0,2834.5],[2548.0,2834.5],[2545.0,2835.5],[2542.0,2835.5],[2539.0,2835.5],[2536.0,2836.5],[2533.0,2836.5],[2530.0,2836.5],[2526.0,2836.5],[2523.0,2836.5],[2520.0,2836.5],[2516.0,2836.5],[2514.0,2837.5],[2511.5,2837.0],[2508.0,2836.5],[2506.0,2837.5],[2504.5,2837.0],[2502.0,2836.5],[2500.0,2837.5],[2497.5,2838.0],[2495.0,2839.5],[2493.0,2840.5]]",243082.23413276672,431102.4474449158,67.23226547241211,,,,,0.4975524096,23897,SPW_0177,SPW_여수로_교각_도수면,SPW_0177,8f310b73-4532-5179-8a94-b2593ce70604,0.9794708008448808,../../Data/DJI_20250702150745_0300_V.JPG,../Overlay/SPL/P000092.png,mapped,local_surface_estimate
DJI_20250702150745_0300_V.JPG,P000093,SPL,박락,"[[2902.0,2720.5],[2900.0,2720.5],[2899.0,2720.5],[2897.0,2720.5],[2896.0,2720.5],[2894.0,2720.5],[2893.0,2720.5],[2891.0,2720.5],[2890.0,2720.5],[2888.0,2720.5],[2887.0,2720.5],[2886.0,2719.5],[2885.0,2719.5],[2883.0,2719.5],[2882.0,2719.5],[2881.0,2718.5],[2880.0,2718.5],[2878.0,2718.5],[2877.5,2718.0],[2876.0,2717.5],[2875.5,2717.0],[2874.0,2716.5],[2873.0,2716.5],[2872.0,2715.5],[2871.0,2715.5],[2870.0,2714.5],[2869.5,2714.0],[2868.0,2713.5],[2867.5,2713.0],[2866.0,2712.5],[2865.5,2712.0],[2864.5,2711.0],[2864.0,2710.5],[2863.0,2709.5],[2862.0,2709.5],[2861.0,2708.5],[2860.5,2708.0],[2859.0,2707.5],[2858.5,2707.0],[2857.5,2706.0],[2857.0,2705.5],[2855.5,2705.0],[2855.0,2704.5],[2853.5,2704.0],[2853.0,2703.5],[2851.0,2703.5],[2850.0,2703.5],[2849.0,2702.5],[2848.0,2702.5],[2846.0,2702.5],[2845.0,2702.5],[2843.0,2702.5],[2842.0,2702.5],[2840.0,2702.5],[2839.0,2702.5],[2838.0,2703.5],[2837.0,2703.5],[2835.5,2704.0],[2835.0,2704.5],[2834.0,2705.5],[2833.0,2705.5],[2832.0,2706.5],[2831.0,2706.5],[2830.0,2707.5],[2829.0,2707.5],[2828.0,2708.5],[2827.0,2708.5],[2826.0,2709.5],[2825.0,2709.5],[2824.0,2710.5],[2823.0,2710.5],[2821.0,2710.5],[2820.5,2711.0],[2819.0,2711.5],[2818.0,2711.5],[2816.5,2712.0],[2816.0,2712.5],[2815.0,2711.5],[2814.0,2711.5],[2813.0,2712.5],[2812.5,2712.0],[2811.0,2711.5],[2810.0,2711.5],[2808.5,2711.0],[2808.0,2710.5],[2806.5,2710.0],[2805.5,2709.0],[2805.5,2708.0],[2804.5,2707.0],[2804.5,2706.0],[2804.0,2704.5],[2803.5,2704.0],[2803.0,2702.5],[2802.5,2702.0],[2802.5,2700.0],[2802.0,2699.5],[2801.5,2698.0],[2801.5,2697.0],[2801.5,2695.0],[2801.5,2694.0],[2802.5,2693.0],[2802.5,2692.0],[2802.5,2690.0],[2803.0,2689.5],[2803.5,2688.0],[2804.0,2687.5],[2805.0,2686.5],[2805.5,2686.0],[2806.0,2684.5],[2806.5,2684.0],[2807.0,2682.5],[2807.5,2682.0],[2808.0,2680.5],[2808.5,2680.0],[2809.0,2678.5],[2809.5,2678.0],[2810.0,2676.5],[2810.5,2676.0],[2811.5,2675.0],[2811.5,2674.0],[2812.5,2673.0],[2813.0,2672.5],[2814.5,2672.0],[2815.0,2671.5],[2816.0,2670.5],[2816.5,2670.0],[2818.0,2669.5],[2819.0,2669.5],[2821.0,2669.5],[2822.0,2669.5],[2824.0,2669.5],[2824.5,2670.0],[2826.0,2670.5],[2827.0,2670.5],[2829.0,2670.5],[2830.0,2670.5],[2832.0,2670.5],[2832.5,2671.0],[2834.0,2671.5],[2835.0,2671.5],[2837.0,2671.5],[2838.0,2671.5],[2840.0,2671.5],[2840.5,2672.0],[2842.0,2672.5],[2843.0,2672.5],[2845.0,2672.5],[2846.0,2672.5],[2847.5,2673.0],[2848.0,2673.5],[2850.0,2673.5],[2851.0,2673.5],[2853.0,2673.5],[2854.0,2673.5],[2856.0,2673.5],[2857.0,2673.5],[2859.0,2673.5],[2860.0,2673.5],[2861.0,2674.5],[2862.0,2674.5],[2864.0,2674.5],[2865.0,2674.5],[2867.0,2674.5],[2868.0,2674.5],[2869.5,2675.0],[2870.0,2675.5],[2872.0,2675.5],[2873.0,2675.5],[2875.0,2675.5],[2876.0,2675.5],[2877.0,2676.5],[2879.0,2676.5],[2880.0,2676.5],[2881.0,2677.5],[2882.0,2677.5],[2884.0,2677.5],[2884.5,2678.0],[2886.0,2678.5],[2887.0,2678.5],[2889.0,2678.5],[2890.0,2678.5],[2891.0,2679.5],[2892.0,2679.5],[2894.0,2679.5],[2895.0,2679.5],[2897.0,2679.5],[2898.0,2679.5],[2899.5,2680.0],[2900.0,2680.5],[2902.0,2680.5],[2903.0,2680.5],[2905.0,2680.5],[2906.0,2680.5],[2908.0,2680.5],[2909.0,2680.5],[2911.0,2680.5],[2912.0,2680.5],[2914.0,2680.5],[2915.0,2680.5],[2917.0,2680.5],[2917.5,2681.0],[2919.0,2681.5],[2920.0,2681.5],[2922.0,2681.5],[2923.0,2681.5],[2924.5,2682.0],[2925.0,2682.5],[2927.0,2682.5],[2927.5,2683.0],[2928.5,2684.0],[2929.0,2684.5],[2929.5,2686.0],[2929.5,2687.0],[2931.0,2687.5],[2931.5,2688.0],[2931.0,2689.5],[2930.5,2690.0],[2930.0,2691.5],[2929.5,2692.0],[2929.0,2693.5],[2928.5,2694.0],[2928.5,2696.0],[2928.0,2696.5],[2927.5,2698.0],[2927.0,2698.5],[2926.5,2700.0],[2926.0,2700.5],[2925.0,2701.5],[2924.5,2702.0],[2924.0,2703.5],[2923.5,2704.0],[2922.5,2705.0],[2922.5,2706.0],[2921.5,2707.0],[2921.0,2707.5],[2920.0,2708.5],[2919.5,2709.0],[2918.5,2710.0],[2918.5,2711.0],[2917.5,2712.0],[2917.0,2712.5],[2916.0,2713.5],[2915.5,2714.0],[2914.5,2715.0],[2914.0,2715.5],[2913.0,2716.5],[2912.0,2716.5],[2911.0,2717.5],[2910.0,2717.5],[2909.0,2718.5],[2908.0,2718.5],[2906.5,2719.0],[2906.0,2719.5],[2904.0,2719.5],[2903.0,2719.5],[2902.0,2720.5]]",243082.74292755127,431101.02948760986,67.27729988098145,,,,,0.0941414032,4449,SPW_0177,SPW_여수로_교각_도수면,SPW_0177,8f310b73-4532-5179-8a94-b2593ce70604,0.9670827949574943,../../Data/DJI_20250702150745_0300_V.JPG,../Overlay/SPL/P000093.png,mapped,local_surface_estimate
DJI_20250702150745_0300_V.JPG,P000094,SPL,박락,"[[5113.0,2854.5],[5112.0,2854.5],[5111.5,2854.0],[5111.0,2853.5],[5110.0,2853.5],[5109.0,2853.5],[5108.5,2853.0],[5108.0,2852.5],[5107.5,2852.0],[5107.0,2851.5],[5106.0,2851.5],[5105.5,2851.0],[5105.0,2850.5],[5104.5,2850.0],[5104.5,2849.0],[5104.0,2848.5],[5103.5,2848.0],[5103.0,2847.5],[5102.5,2847.0],[5102.5,2846.0],[5102.0,2845.5],[5101.5,2845.0],[5101.0,2844.5],[5100.5,2844.0],[5100.5,2843.0],[5100.5,2842.0],[5100.0,2841.5],[5099.5,2841.0],[5099.5,2840.0],[5099.0,2839.5],[5098.5,2839.0],[5098.5,2838.0],[5098.0,2837.5],[5097.5,2837.0],[5097.5,2836.0],[5097.0,2835.5],[5096.5,2835.0],[5096.0,2834.5],[5095.5,2834.0],[5095.0,2833.5],[5094.5,2833.0],[5094.0,2832.5],[5093.5,2832.0],[5093.5,2831.0],[5093.5,2830.0],[5093.0,2829.5],[5092.5,2829.0],[5092.5,2828.0],[5092.5,2827.0],[5092.5,2826.0],[5093.0,2825.5],[5093.5,2825.0],[5094.0,2824.5],[5094.5,2824.0],[5095.0,2823.5],[5095.5,2823.0],[5096.0,2822.5],[5096.5,2822.0],[5097.0,2821.5],[5098.0,2821.5],[5098.5,2821.0],[5099.0,2820.5],[5100.0,2820.5],[5100.5,2820.0],[5101.0,2819.5],[5102.0,2819.5],[5102.5,2819.0],[5103.0,2818.5],[5103.5,2818.0],[5104.0,2817.5],[5104.5,2817.0],[5105.0,2816.5],[5106.0,2816.5],[5106.5,2816.0],[5107.0,2815.5],[5108.0,2815.5],[5109.0,2815.5],[5110.0,2815.5],[5111.0,2815.5],[5112.0,2815.5],[5113.0,2815.5],[5114.0,2815.5],[5115.0,2815.5],[5116.0,2815.5],[5117.0,2815.5],[5117.5,2816.0],[5117.5,2817.0],[5117.5,2818.0],[5117.5,2819.0],[5117.5,2820.0],[5117.5,2821.0],[5117.5,2822.0],[5117.5,2823.0],[5117.5,2824.0],[5117.5,2825.0],[5117.5,2826.0],[5117.5,2827.0],[5117.5,2828.0],[5117.5,2829.0],[5117.5,2830.0],[5117.5,2831.0],[5117.5,2832.0],[5117.5,2833.0],[5117.5,2834.0],[5117.5,2835.0],[5118.0,2835.5],[5118.5,2835.0],[5118.5,2834.0],[5119.0,2833.5],[5119.5,2834.0],[5119.5,2835.0],[5119.5,2836.0],[5119.5,2837.0],[5119.5,2838.0],[5119.0,2838.5],[5118.0,2838.5],[5117.5,2839.0],[5117.5,2840.0],[5117.5,2841.0],[5117.5,2842.0],[5117.5,2843.0],[5117.5,2844.0],[5117.0,2844.5],[5116.5,2845.0],[5116.0,2845.5],[5115.5,2846.0],[5115.5,2847.0],[5115.5,2848.0],[5115.5,2849.0],[5115.5,2850.0],[5115.5,2851.0],[5115.5,2852.0],[5115.0,2852.5],[5114.5,2853.0],[5114.0,2853.5],[5113.5,2854.0],[5113.0,2854.5]]",243077.63954162598,431093.97830581665,68.19598484039307,,,,,0.0063860831,691,여수로_도류벽_좌,도류벽(좌안측),,,0.49894903537678476,../../Data/DJI_20250702150745_0300_V.JPG,../Overlay/SPL/P000094.png,mapped,local_surface_estimate
DJI_20250702150745_0300_V.JPG,P000095,SPL,박락,"[[5119.0,2822.5],[5118.5,2822.0],[5118.5,2821.0],[5118.5,2820.0],[5118.5,2819.0],[5118.5,2818.0],[5119.0,2817.5],[5119.5,2818.0],[5119.5,2819.0],[5119.5,2820.0],[5119.5,2821.0],[5119.5,2822.0],[5119.0,2822.5]]",243077.6023349762,431093.96515083313,68.23781394958496,,,,,4.56369e-05,5,여수로_도류벽_좌,도류벽(좌안측),,,0.4971081554889679,../../Data/DJI_20250702150745_0300_V.JPG,../Overlay/SPL/P000095.png,mapped,local_surface_estimate
DJI_20250702150745_0300_V.JPG,P000096,SPL,박락,"[[5277.0,3126.5],[5276.0,3124.5],[5274.5,3123.0],[5273.0,3122.5],[5270.5,3123.0],[5269.0,3122.5],[5267.0,3121.5],[5266.0,3120.5],[5264.5,3119.0],[5263.0,3117.5],[5261.0,3116.5],[5260.0,3115.5],[5258.5,3114.0],[5257.0,3112.5],[5255.0,3111.5],[5253.0,3110.5],[5252.0,3109.5],[5250.5,3108.0],[5249.5,3106.0],[5250.5,3104.0],[5249.5,3103.0],[5250.5,3101.0],[5250.0,3098.5],[5249.0,3096.5],[5248.5,3095.0],[5247.5,3093.0],[5246.5,3091.0],[5245.5,3089.0],[5245.0,3086.5],[5244.5,3085.0],[5243.5,3083.0],[5242.5,3081.0],[5241.5,3079.0],[5241.5,3077.0],[5240.5,3075.0],[5239.5,3073.0],[5238.0,3071.5],[5236.0,3071.5],[5234.0,3070.5],[5233.0,3068.5],[5232.0,3066.5],[5231.5,3064.0],[5231.0,3062.5],[5230.5,3060.0],[5229.5,3058.0],[5228.5,3056.0],[5228.5,3054.0],[5227.5,3052.0],[5226.5,3050.0],[5226.0,3047.5],[5225.5,3046.0],[5224.5,3044.0],[5224.0,3041.5],[5223.0,3039.5],[5222.5,3037.0],[5221.5,3036.0],[5220.5,3034.0],[5219.5,3032.0],[5219.5,3029.0],[5218.5,3028.0],[5218.0,3025.5],[5217.5,3023.0],[5217.0,3020.5],[5216.5,3019.0],[5215.5,3017.0],[5214.5,3015.0],[5214.0,3012.5],[5213.5,3011.0],[5212.5,3009.0],[5212.0,3006.5],[5211.5,3004.0],[5211.0,3001.5],[5210.5,3000.0],[5209.5,2998.0],[5209.5,2995.0],[5209.5,2992.0],[5208.5,2991.0],[5208.5,2988.0],[5208.5,2985.0],[5207.5,2983.0],[5207.0,2981.5],[5206.5,2979.0],[5205.5,2977.0],[5204.5,2975.0],[5203.5,2973.0],[5202.5,2972.0],[5201.0,2970.5],[5199.5,2969.0],[5198.0,2967.5],[5197.0,2966.5],[5195.5,2965.0],[5194.0,2963.5],[5192.0,2962.5],[5190.5,2962.0],[5188.5,2961.0],[5187.0,2959.5],[5185.5,2958.0],[5184.0,2956.5],[5183.0,2955.5],[5181.5,2954.0],[5180.5,2952.0],[5179.5,2950.0],[5178.5,2949.0],[5177.5,2947.0],[5176.5,2945.0],[5175.5,2943.0],[5175.0,2941.5],[5174.0,2939.5],[5173.5,2937.0],[5174.5,2935.0],[5176.0,2933.5],[5176.5,2932.0],[5178.0,2930.5],[5181.0,2930.5],[5183.0,2929.5],[5185.0,2929.5],[5187.0,2930.5],[5189.0,2931.5],[5191.0,2932.5],[5193.0,2932.5],[5196.0,2932.5],[5198.0,2933.5],[5200.0,2932.5],[5202.0,2933.5],[5203.5,2933.0],[5206.0,2932.5],[5209.0,2932.5],[5211.0,2931.5],[5213.0,2931.5],[5215.0,2930.5],[5217.0,2929.5],[5219.0,2928.5],[5220.5,2928.0],[5221.5,2926.0],[5222.5,2924.0],[5222.5,2921.0],[5221.0,2919.5],[5219.5,2919.0],[5218.0,2917.5],[5216.0,2916.5],[5214.0,2915.5],[5213.0,2914.5],[5211.0,2913.5],[5210.5,2911.0],[5210.5,2908.0],[5211.0,2906.5],[5212.5,2905.0],[5213.5,2903.0],[5215.0,2901.5],[5217.0,2900.5],[5219.0,2900.5],[5222.0,2900.5],[5225.0,2900.5],[5228.0,2900.5],[5230.0,2900.5],[5232.5,2901.0],[5235.0,2901.5],[5237.0,2902.5],[5238.0,2903.5],[5240.0,2904.5],[5242.0,2905.5],[5243.5,2907.0],[5245.0,2908.5],[5246.5,2909.0],[5247.5,2911.0],[5249.0,2912.5],[5250.5,2914.0],[5251.0,2915.5],[5252.0,2917.5],[5253.5,2919.0],[5255.0,2920.5],[5256.0,2921.5],[5257.5,2923.0],[5259.0,2924.5],[5261.0,2925.5],[5263.0,2926.5],[5264.5,2927.0],[5267.0,2927.5],[5269.0,2928.5],[5271.5,2929.0],[5273.0,2929.5],[5275.5,2929.0],[5277.5,2929.0],[5278.0,2931.5],[5279.5,2932.0],[5279.5,2935.0],[5279.5,2938.0],[5279.5,2941.0],[5279.5,2944.0],[5279.5,2946.0],[5279.5,2949.0],[5279.5,2952.0],[5279.5,2955.0],[5279.5,2957.0],[5279.5,2960.0],[5279.5,2963.0],[5279.5,2966.0],[5279.5,2968.0],[5279.5,2971.0],[5279.5,2974.0],[5279.5,2977.0],[5279.5,2979.0],[5279.5,2982.0],[5279.5,2985.0],[5279.5,2988.0],[5279.5,2991.0],[5279.5,2993.0],[5279.5,2996.0],[5279.5,2999.0],[5279.5,3002.0],[5279.5,3004.0],[5279.5,3007.0],[5279.5,3010.0],[5279.5,3013.0],[5279.5,3015.0],[5279.5,3018.0],[5279.5,3021.0],[5279.5,3024.0],[5279.5,3027.0],[5279.5,3029.0],[5279.5,3032.0],[5279.5,3035.0],[5279.5,3038.0],[5279.5,3040.0],[5279.5,3043.0],[5279.5,3046.0],[5279.5,3049.0],[5279.5,3051.0],[5279.5,3054.0],[5279.5,3057.0],[5279.5,3060.0],[5279.5,3063.0],[5279.5,3065.0],[5279.5,3068.0],[5279.5,3071.0],[5279.5,3074.0],[5279.5,3076.0],[5279.5,3079.0],[5279.5,3082.0],[5279.5,3085.0],[5279.5,3087.0],[5279.5,3090.0],[5279.5,3093.0],[5279.5,3096.0],[5279.5,3099.0],[5279.5,3101.0],[5279.5,3104.0],[5279.5,3107.0],[5279.5,3110.0],[5279.5,3112.0],[5279.5,3115.0],[5279.5,3118.0],[5279.5,3121.0],[5279.5,3123.0],[5277.5,3124.0],[5277.0,3126.5]]",243077.19437789917,431093.828125,67.90206336975098,,,,,0.1005323003,12667,여수로_도류벽_좌,도류벽(좌안측),,,0.9630855368633358,../../Data/DJI_20250702150745_0300_V.JPG,../Overlay/SPL/P000096.png,mapped,local_surface_estimate
DJI_20250702150745_0300_V.JPG,P000097,SPL,박락,"[[2540.0,3955.5],[2523.0,3955.5],[2506.0,3955.5],[2489.0,3955.5],[2472.0,3955.5],[2455.0,3955.5],[2452.5,3943.0],[2454.5,3928.0],[2459.0,3915.5],[2460.5,3900.0],[2462.5,3885.0],[2465.5,3873.0],[2465.5,3858.0],[2465.5,3841.0],[2465.5,3824.0],[2464.5,3809.0],[2468.5,3796.0],[2472.5,3783.0],[2473.5,3769.0],[2474.0,3753.5],[2473.5,3737.0],[2471.5,3722.0],[2470.5,3706.0],[2471.5,3690.0],[2472.5,3674.0],[2470.5,3659.0],[2466.5,3646.0],[2465.5,3632.0],[2467.5,3619.0],[2470.5,3605.0],[2475.0,3592.5],[2470.0,3583.5],[2455.5,3586.0],[2443.0,3586.5],[2430.5,3582.0],[2420.0,3586.5],[2420.5,3603.0],[2419.5,3619.0],[2416.5,3633.0],[2415.5,3649.0],[2418.0,3663.5],[2421.5,3677.0],[2426.5,3689.0],[2424.5,3703.0],[2418.5,3714.0],[2411.5,3724.0],[2410.5,3740.0],[2412.5,3755.0],[2410.0,3769.5],[2404.5,3781.0],[2408.5,3794.0],[2419.0,3800.5],[2429.5,3805.0],[2435.0,3812.5],[2436.0,3827.5],[2430.5,3836.0],[2419.0,3838.5],[2407.5,3840.0],[2408.0,3852.5],[2415.5,3862.0],[2419.5,3875.0],[2419.5,3888.0],[2418.5,3904.0],[2418.5,3919.0],[2423.5,3931.0],[2425.5,3944.0],[2422.0,3955.5],[2405.0,3955.5],[2388.0,3955.5],[2371.0,3955.5],[2354.0,3955.5],[2338.0,3955.5],[2321.0,3955.5],[2304.0,3955.5],[2287.0,3955.5],[2286.5,3941.0],[2285.5,3925.0],[2284.5,3909.0],[2282.0,3894.5],[2275.5,3884.0],[2265.5,3877.0],[2268.0,3865.5],[2263.5,3853.0],[2264.5,3837.0],[2269.5,3825.0],[2274.5,3813.0],[2273.0,3800.5],[2282.5,3793.0],[2294.0,3787.5],[2306.0,3782.5],[2309.5,3771.0],[2312.5,3757.0],[2318.5,3746.0],[2319.5,3730.0],[2323.0,3716.5],[2329.0,3705.5],[2331.5,3691.0],[2329.5,3678.0],[2323.5,3667.0],[2320.0,3653.5],[2316.5,3641.0],[2311.5,3629.0],[2303.5,3620.0],[2298.5,3608.0],[2294.5,3595.0],[2293.0,3582.5],[2299.5,3574.0],[2307.5,3565.0],[2309.5,3550.0],[2306.5,3536.0],[2304.0,3521.5],[2303.5,3505.0],[2310.0,3494.5],[2318.5,3486.0],[2322.5,3473.0],[2324.5,3458.0],[2326.5,3445.0],[2326.5,3430.0],[2322.5,3417.0],[2315.0,3407.5],[2307.5,3398.0],[2303.0,3385.5],[2300.5,3371.0],[2297.5,3357.0],[2295.5,3342.0],[2298.5,3328.0],[2303.5,3316.0],[2311.5,3307.0],[2322.5,3302.0],[2329.0,3291.5],[2324.5,3280.0],[2320.0,3267.5],[2318.5,3252.0],[2316.5,3237.0],[2316.5,3220.0],[2313.5,3206.0],[2307.5,3195.0],[2310.5,3183.0],[2313.5,3169.0],[2316.0,3154.5],[2316.5,3138.0],[2317.5,3122.0],[2318.0,3106.5],[2314.5,3093.0],[2314.5,3080.0],[2314.5,3065.0],[2319.0,3052.5],[2316.0,3039.5],[2312.5,3026.0],[2313.5,3010.0],[2314.5,2994.0],[2315.5,2978.0],[2312.0,2964.5],[2307.5,2952.0],[2311.5,2939.0],[2320.0,2930.5],[2332.0,2926.5],[2343.5,2921.0],[2337.0,2913.5],[2348.0,2909.5],[2360.5,2910.0],[2374.0,2909.5],[2384.5,2916.0],[2393.5,2923.0],[2406.0,2920.5],[2422.0,2919.5],[2431.5,2927.0],[2436.5,2939.0],[2440.0,2952.5],[2442.5,2967.0],[2445.5,2981.0],[2447.0,2996.5],[2450.5,3010.0],[2458.5,3019.0],[2465.5,3029.0],[2471.0,3040.5],[2474.0,3052.5],[2473.5,3066.0],[2474.0,3073.5],[2473.0,3086.5],[2474.0,3100.5],[2476.5,3115.0],[2473.5,3129.0],[2471.5,3144.0],[2471.5,3161.0],[2471.5,3175.0],[2469.5,3188.0],[2468.5,3202.0],[2469.0,3215.5],[2470.5,3228.0],[2469.5,3244.0],[2469.5,3259.0],[2472.5,3273.0],[2474.5,3288.0],[2474.5,3301.0],[2470.0,3313.5],[2468.5,3327.0],[2472.0,3340.5],[2476.5,3353.0],[2476.5,3368.0],[2474.5,3383.0],[2474.0,3399.5],[2470.5,3413.0],[2468.0,3418.5],[2470.5,3429.0],[2473.5,3443.0],[2470.0,3449.5],[2471.5,3463.0],[2472.5,3477.0],[2480.0,3484.5],[2486.5,3495.0],[2495.0,3503.5],[2508.0,3501.5],[2520.0,3497.5],[2533.0,3493.5],[2548.0,3491.5],[2563.5,3492.0],[2577.0,3488.5],[2590.0,3484.5],[2594.5,3491.0],[2593.5,3507.0],[2594.5,3521.0],[2593.5,3535.0],[2591.5,3550.0],[2591.5,3567.0],[2590.5,3583.0],[2580.5,3589.0],[2568.5,3586.0],[2554.0,3583.5],[2541.5,3588.0],[2542.5,3602.0],[2539.5,3616.0],[2535.5,3629.0],[2534.5,3645.0],[2536.5,3660.0],[2539.0,3674.5],[2542.5,3688.0],[2544.5,3703.0],[2546.5,3718.0],[2546.5,3733.0],[2543.5,3747.0],[2543.5,3763.0],[2540.5,3777.0],[2538.5,3792.0],[2535.5,3806.0],[2531.0,3817.5],[2529.5,3832.0],[2528.5,3846.0],[2532.0,3859.5],[2531.5,3875.0],[2530.5,3891.0],[2533.5,3905.0],[2539.5,3916.0],[2543.5,3929.0],[2543.5,3944.0],[2540.0,3955.5]]",243080.2833404541,431102.2768096924,64.62502956390381,,,,,2.647466624,185279,SPW_0177,SPW_여수로_교각_도수면,SPW_0177,8f310b73-4532-5179-8a94-b2593ce70604,0.981355739179712,../../Data/DJI_20250702150745_0300_V.JPG,../Overlay/SPL/P000097.png,mapped,local_surface_estimate
DJI_20250702150745_0300_V.JPG,P000098,SPL,박락,"[[2560.0,2933.5],[2559.0,2933.5],[2558.5,2933.0],[2559.0,2932.5],[2560.0,2932.5],[2560.5,2933.0],[2560.0,2933.5]]",243081.7078742981,431102.11441612244,66.3971643447876,,,,,3.71821e-05,2,SPW_0177,SPW_여수로_교각_도수면,SPW_0177,8f310b73-4532-5179-8a94-b2593ce70604,0.5009765625,../../Data/DJI_20250702150745_0300_V.JPG,../Overlay/SPL/P000098.png,mapped,local_surface_estimate
DJI_20250702150745_0300_V.JPG,P000099,SPL,박락,"[[2718.0,3130.5],[2715.0,3130.5],[2712.0,3130.5],[2709.5,3130.0],[2707.5,3129.0],[2705.0,3127.5],[2703.0,3126.5],[2701.5,3125.0],[2700.0,3123.5],[2698.0,3122.5],[2696.0,3121.5],[2694.0,3120.5],[2692.5,3119.0],[2690.5,3118.0],[2687.5,3117.0],[2687.5,3114.0],[2686.0,3112.5],[2684.0,3111.5],[2681.0,3111.5],[2678.0,3111.5],[2675.0,3111.5],[2673.0,3112.5],[2670.0,3113.5],[2668.0,3114.5],[2666.0,3115.5],[2664.5,3117.0],[2663.0,3118.5],[2661.5,3120.0],[2660.0,3121.5],[2658.0,3122.5],[2656.5,3124.0],[2654.0,3125.5],[2652.0,3126.5],[2649.0,3126.5],[2647.0,3125.5],[2644.5,3125.0],[2642.5,3124.0],[2640.5,3123.0],[2639.0,3121.5],[2637.0,3120.5],[2634.5,3119.0],[2632.5,3118.0],[2631.0,3116.5],[2629.0,3115.5],[2627.0,3114.5],[2625.0,3113.5],[2623.5,3112.0],[2621.5,3111.0],[2619.5,3110.0],[2617.0,3108.5],[2614.0,3108.5],[2611.0,3108.5],[2609.0,3109.5],[2607.0,3110.5],[2605.0,3111.5],[2603.0,3112.5],[2601.0,3113.5],[2599.0,3114.5],[2596.0,3115.5],[2593.0,3115.5],[2591.0,3114.5],[2589.0,3113.5],[2587.5,3112.0],[2586.0,3110.5],[2584.0,3109.5],[2582.5,3108.0],[2580.5,3106.0],[2579.0,3104.5],[2578.0,3102.5],[2576.5,3101.0],[2575.5,3099.0],[2574.5,3097.0],[2573.5,3095.0],[2573.0,3092.5],[2572.5,3090.0],[2573.5,3087.0],[2574.0,3084.5],[2575.5,3083.0],[2577.0,3081.5],[2579.0,3080.5],[2581.0,3079.5],[2583.0,3078.5],[2585.0,3077.5],[2586.5,3076.0],[2588.5,3074.0],[2589.0,3071.5],[2591.0,3070.5],[2591.5,3068.0],[2592.5,3066.0],[2592.5,3063.0],[2592.5,3060.0],[2592.5,3057.0],[2592.5,3054.0],[2591.5,3051.0],[2590.5,3049.0],[2589.5,3047.0],[2588.5,3045.0],[2587.5,3043.0],[2586.5,3041.0],[2586.0,3038.5],[2585.5,3036.0],[2584.5,3034.0],[2584.5,3030.0],[2584.5,3027.0],[2585.5,3025.0],[2586.5,3023.0],[2587.5,3021.0],[2589.0,3019.5],[2590.5,3018.0],[2591.5,3016.0],[2594.0,3014.5],[2596.0,3013.5],[2598.0,3012.5],[2600.0,3011.5],[2602.5,3011.0],[2604.5,3010.0],[2606.5,3009.0],[2609.0,3008.5],[2611.0,3007.5],[2614.0,3006.5],[2616.0,3005.5],[2617.5,3004.0],[2619.5,3003.0],[2621.0,3001.5],[2623.0,3000.5],[2624.0,2998.5],[2625.5,2997.0],[2627.0,2995.5],[2629.0,2993.5],[2630.5,2992.0],[2632.5,2991.0],[2634.0,2989.5],[2636.0,2988.5],[2638.0,2987.5],[2640.0,2986.5],[2642.0,2985.5],[2644.0,2984.5],[2647.0,2983.5],[2648.5,2982.0],[2650.0,2980.5],[2651.5,2979.0],[2653.0,2977.5],[2654.5,2976.0],[2655.5,2974.0],[2657.0,2972.5],[2658.5,2971.0],[2660.0,2968.5],[2661.5,2967.0],[2662.5,2965.0],[2663.5,2963.0],[2664.5,2961.0],[2665.5,2959.0],[2666.5,2957.0],[2667.5,2955.0],[2668.5,2952.0],[2669.5,2950.0],[2670.5,2948.0],[2671.5,2946.0],[2672.5,2944.0],[2674.0,2942.5],[2675.0,2940.5],[2676.5,2939.0],[2678.5,2938.0],[2682.0,2937.5],[2684.5,2938.0],[2686.5,2939.0],[2687.5,2941.0],[2689.0,2942.5],[2690.5,2944.0],[2691.5,2946.0],[2692.5,2948.0],[2693.5,2950.0],[2693.5,2954.0],[2692.5,2956.0],[2692.0,2958.5],[2691.5,2961.0],[2690.5,2963.0],[2690.0,2965.5],[2689.5,2968.0],[2688.5,2970.0],[2688.5,2973.0],[2689.0,2976.5],[2690.0,2978.5],[2691.0,2980.5],[2692.0,2982.5],[2693.5,2984.0],[2695.0,2985.5],[2696.0,2987.5],[2697.5,2989.0],[2698.5,2991.0],[2699.5,2994.0],[2700.5,2996.0],[2701.5,2998.0],[2702.5,3000.0],[2703.5,3002.0],[2704.5,3004.0],[2705.5,3006.0],[2706.5,3008.0],[2707.5,3011.0],[2708.5,3013.0],[2709.5,3015.0],[2710.5,3017.0],[2711.5,3019.0],[2712.5,3021.0],[2713.5,3023.0],[2714.5,3025.0],[2715.5,3027.0],[2716.5,3030.0],[2717.5,3032.0],[2718.5,3034.0],[2718.5,3037.0],[2719.0,3039.5],[2719.5,3042.0],[2720.5,3044.0],[2721.5,3046.0],[2723.0,3047.5],[2725.0,3049.5],[2727.0,3050.5],[2728.5,3052.0],[2730.5,3053.0],[2732.0,3054.5],[2734.0,3055.5],[2735.5,3057.0],[2736.5,3059.0],[2738.0,3060.5],[2738.5,3064.0],[2739.0,3065.5],[2738.5,3068.0],[2738.5,3071.0],[2738.5,3074.0],[2737.5,3076.0],[2736.5,3078.0],[2736.5,3081.0],[2736.5,3084.0],[2736.5,3088.0],[2736.5,3091.0],[2736.5,3094.0],[2737.5,3096.0],[2737.5,3099.0],[2737.5,3102.0],[2738.5,3104.0],[2738.5,3107.0],[2737.5,3110.0],[2737.0,3112.5],[2736.5,3115.0],[2735.5,3117.0],[2734.0,3118.5],[2733.0,3120.5],[2731.5,3122.0],[2730.0,3123.5],[2728.5,3125.0],[2726.0,3126.5],[2724.0,3127.5],[2722.0,3128.5],[2720.0,3129.5],[2718.0,3130.5]]",243081.54836845398,431101.62055778503,65.97401237487793,,,,,0.3318339876,18842,SPW_0177,SPW_여수로_교각_도수면,SPW_0177,8f310b73-4532-5179-8a94-b2593ce70604,0.9801298475907039,../../Data/DJI_20250702150745_0300_V.JPG,../Overlay/SPL/P000099.png,mapped,local_surface_estimate
DJI_20250702150745_0300_V.JPG,P000100,SPL,박락,"[[2643.0,3955.5],[2639.0,3955.5],[2636.0,3955.5],[2632.0,3955.5],[2629.0,3955.5],[2627.0,3953.5],[2624.0,3953.5],[2621.0,3952.5],[2619.5,3951.0],[2618.0,3948.5],[2616.0,3946.5],[2614.0,3945.5],[2612.0,3943.5],[2610.5,3942.0],[2608.5,3940.0],[2607.0,3938.5],[2605.5,3936.0],[2604.0,3933.5],[2602.5,3932.0],[2601.0,3929.5],[2600.5,3927.0],[2598.5,3925.0],[2599.5,3923.0],[2599.5,3919.0],[2600.0,3917.5],[2597.5,3917.0],[2596.5,3920.0],[2595.5,3922.0],[2593.0,3921.5],[2590.5,3921.0],[2590.5,3917.0],[2591.5,3915.0],[2591.5,3911.0],[2591.5,3907.0],[2591.5,3904.0],[2592.5,3901.0],[2591.5,3899.0],[2591.5,3895.0],[2591.0,3892.5],[2590.5,3889.0],[2590.5,3886.0],[2589.5,3883.0],[2589.5,3879.0],[2589.5,3876.0],[2589.5,3872.0],[2589.5,3869.0],[2589.5,3865.0],[2589.5,3862.0],[2588.5,3859.0],[2588.5,3856.0],[2588.0,3852.5],[2587.5,3849.0],[2586.5,3847.0],[2586.5,3843.0],[2586.5,3840.0],[2585.5,3837.0],[2585.0,3834.5],[2584.5,3831.0],[2583.5,3828.0],[2583.0,3825.5],[2582.5,3822.0],[2581.5,3820.0],[2580.5,3817.0],[2579.5,3815.0],[2578.5,3812.0],[2577.5,3810.0],[2576.5,3807.0],[2575.5,3804.0],[2574.5,3802.0],[2574.5,3798.0],[2575.5,3796.0],[2576.5,3793.0],[2576.5,3790.0],[2578.0,3787.5],[2579.0,3785.5],[2579.5,3782.0],[2581.0,3779.5],[2582.5,3778.0],[2584.0,3775.5],[2584.5,3773.0],[2586.0,3770.5],[2587.0,3768.5],[2589.0,3766.5],[2591.0,3764.5],[2593.0,3763.5],[2596.0,3762.5],[2598.0,3761.5],[2601.0,3760.5],[2604.0,3760.5],[2607.0,3759.5],[2609.0,3760.5],[2613.0,3760.5],[2616.0,3759.5],[2619.0,3759.5],[2623.0,3759.5],[2626.0,3759.5],[2629.5,3760.0],[2632.0,3760.5],[2635.5,3760.0],[2639.0,3759.5],[2642.0,3759.5],[2645.0,3760.5],[2647.0,3761.5],[2649.5,3761.0],[2650.5,3763.0],[2652.5,3765.0],[2653.5,3767.0],[2655.0,3769.5],[2656.5,3772.0],[2658.0,3773.5],[2661.0,3774.5],[2664.0,3774.5],[2667.0,3773.5],[2669.0,3772.5],[2672.5,3772.0],[2674.5,3771.0],[2678.0,3770.5],[2681.0,3769.5],[2684.0,3769.5],[2687.0,3768.5],[2688.0,3770.5],[2692.0,3770.5],[2695.0,3770.5],[2697.0,3772.5],[2700.5,3773.0],[2702.0,3774.5],[2704.0,3776.5],[2705.5,3778.0],[2707.5,3780.0],[2708.5,3782.0],[2710.0,3784.5],[2711.5,3786.0],[2711.5,3790.0],[2711.5,3794.0],[2711.5,3797.0],[2710.0,3799.5],[2709.5,3802.0],[2708.5,3805.0],[2707.5,3807.0],[2706.0,3809.5],[2705.0,3812.5],[2704.5,3815.0],[2704.0,3817.5],[2706.0,3818.5],[2708.5,3820.0],[2711.0,3820.5],[2714.0,3821.5],[2717.0,3821.5],[2721.0,3821.5],[2724.0,3822.5],[2727.0,3822.5],[2730.0,3823.5],[2732.0,3824.5],[2734.5,3826.0],[2736.0,3827.5],[2738.0,3829.5],[2738.5,3832.0],[2739.0,3835.5],[2739.5,3839.0],[2739.5,3842.0],[2739.5,3846.0],[2740.5,3848.0],[2741.0,3851.5],[2741.5,3854.0],[2742.5,3857.0],[2743.5,3860.0],[2743.5,3863.0],[2744.5,3866.0],[2744.5,3869.0],[2744.5,3873.0],[2744.5,3876.0],[2743.5,3879.0],[2743.5,3882.0],[2744.5,3885.0],[2745.0,3888.5],[2746.0,3890.5],[2747.5,3893.0],[2748.5,3895.0],[2751.0,3896.5],[2752.5,3898.0],[2754.0,3900.5],[2757.0,3901.5],[2758.5,3903.0],[2761.5,3904.0],[2764.0,3904.5],[2768.0,3904.5],[2771.0,3904.5],[2773.5,3905.0],[2775.5,3905.0],[2778.5,3906.0],[2780.5,3908.0],[2781.5,3910.0],[2782.5,3913.0],[2783.5,3915.0],[2782.5,3918.0],[2782.5,3921.0],[2781.0,3923.5],[2780.0,3925.5],[2778.0,3927.5],[2775.0,3928.5],[2772.0,3928.5],[2769.5,3930.0],[2767.0,3930.5],[2764.0,3931.5],[2762.0,3932.5],[2759.0,3933.5],[2756.0,3934.5],[2754.0,3935.5],[2751.0,3936.5],[2748.5,3937.0],[2745.5,3938.0],[2743.0,3938.5],[2739.0,3938.5],[2736.0,3938.5],[2732.0,3938.5],[2729.0,3937.5],[2726.0,3937.5],[2722.5,3937.0],[2720.0,3936.5],[2716.0,3936.5],[2713.0,3936.5],[2709.5,3937.0],[2707.0,3937.5],[2704.0,3938.5],[2701.0,3939.5],[2699.0,3940.5],[2697.0,3942.5],[2695.0,3943.5],[2693.0,3945.5],[2691.5,3947.0],[2688.5,3948.0],[2687.5,3951.0],[2687.0,3953.5],[2683.0,3953.5],[2680.0,3953.5],[2676.0,3953.5],[2673.5,3953.0],[2675.0,3950.5],[2675.5,3948.0],[2674.0,3945.5],[2672.0,3943.5],[2671.0,3941.5],[2668.0,3940.5],[2665.0,3940.5],[2662.0,3941.5],[2660.5,3943.0],[2659.0,3945.5],[2658.0,3948.5],[2657.0,3950.5],[2656.0,3953.5],[2653.0,3953.5],[2649.0,3953.5],[2646.0,3953.5],[2642.0,3953.5],[2641.0,3954.5],[2643.0,3955.5]]",243079.8248310089,431101.1163291931,63.53242301940918,,,,,0.3269372689,27018,SPW_0197,SPW_여수로_교각_도수면,SPW_0197,012636e4-e7ed-536d-a777-1b05a6a42f92,0.969082658304232,../../Data/DJI_20250702150745_0300_V.JPG,../Overlay/SPL/P000100.png,mapped,local_surface_estimate
DJI_20250702151015_0500_V.JPG,P000162,SPL,박락,"[[2082.0,74.5],[2078.0,74.5],[2075.0,74.5],[2071.0,74.5],[2068.0,73.5],[2064.5,73.0],[2062.5,72.0],[2060.0,70.5],[2058.0,68.5],[2055.0,67.5],[2053.0,66.5],[2050.0,65.5],[2047.5,64.0],[2045.5,63.0],[2043.0,63.5],[2039.0,63.5],[2035.0,63.5],[2031.0,63.5],[2028.0,63.5],[2024.5,63.0],[2021.0,62.5],[2017.0,62.5],[2014.0,62.5],[2011.0,61.5],[2008.0,62.5],[2005.0,61.5],[2002.0,61.5],[2000.0,59.5],[1997.5,58.0],[1996.5,55.0],[1996.5,52.0],[1996.5,48.0],[1997.5,45.0],[1998.5,42.0],[2001.0,41.5],[2004.0,42.5],[2007.0,43.5],[2010.0,44.5],[2012.0,45.5],[2015.5,46.0],[2018.5,47.0],[2022.0,47.5],[2024.5,48.0],[2028.0,48.5],[2031.5,49.0],[2035.0,49.5],[2037.5,50.0],[2041.0,50.5],[2045.0,50.5],[2047.0,50.5],[2050.0,50.5],[2053.5,50.0],[2056.5,49.0],[2058.5,47.0],[2060.0,45.5],[2060.5,42.0],[2060.5,38.0],[2060.5,34.0],[2060.5,31.0],[2060.0,27.5],[2059.5,24.0],[2059.5,20.0],[2059.5,17.0],[2059.5,13.0],[2061.0,10.5],[2063.5,9.0],[2065.0,7.5],[2068.0,6.5],[2072.0,6.5],[2075.0,5.5],[2077.5,6.0],[2080.0,5.5],[2083.0,6.5],[2085.5,8.0],[2086.5,10.0],[2088.5,12.0],[2090.0,14.5],[2091.5,17.0],[2092.5,19.0],[2094.0,21.5],[2094.5,25.0],[2095.5,28.0],[2096.5,30.0],[2097.5,33.0],[2098.5,36.0],[2099.5,39.0],[2100.5,41.0],[2102.5,43.0],[2105.0,44.5],[2107.0,42.5],[2108.5,41.0],[2110.0,38.5],[2111.5,36.0],[2113.5,34.0],[2115.0,32.5],[2117.0,30.5],[2119.0,28.5],[2122.0,27.5],[2124.5,27.0],[2128.0,26.5],[2131.0,25.5],[2135.0,25.5],[2138.0,25.5],[2142.0,25.5],[2144.5,27.0],[2147.0,28.5],[2149.0,29.5],[2152.0,30.5],[2154.5,32.0],[2157.0,33.5],[2158.5,35.0],[2161.0,36.5],[2163.0,38.5],[2165.5,40.0],[2167.0,41.5],[2170.0,42.5],[2173.0,43.5],[2175.0,45.5],[2178.0,45.5],[2181.0,46.5],[2183.5,47.0],[2187.0,46.5],[2189.0,47.5],[2193.0,47.5],[2196.0,48.5],[2199.0,49.5],[2201.0,50.5],[2204.0,51.5],[2208.0,51.5],[2211.0,52.5],[2213.5,52.0],[2217.0,51.5],[2220.5,51.0],[2224.0,50.5],[2226.0,49.5],[2229.0,48.5],[2232.0,47.5],[2236.0,47.5],[2239.0,47.5],[2242.0,48.5],[2246.0,48.5],[2250.0,48.5],[2253.0,48.5],[2257.0,48.5],[2261.0,48.5],[2264.0,47.5],[2267.0,47.5],[2270.0,46.5],[2273.0,45.5],[2275.5,44.0],[2277.5,43.0],[2280.0,41.5],[2283.0,40.5],[2285.5,40.0],[2287.5,40.0],[2290.5,40.0],[2293.0,41.5],[2296.0,42.5],[2298.0,43.5],[2301.0,44.5],[2303.5,46.0],[2306.0,47.5],[2308.5,48.0],[2312.0,48.5],[2316.0,48.5],[2319.0,49.5],[2322.0,49.5],[2326.0,49.5],[2329.0,50.5],[2333.0,50.5],[2335.5,51.0],[2339.0,51.5],[2342.0,52.5],[2344.5,54.0],[2343.0,55.5],[2340.0,56.5],[2337.0,57.5],[2334.0,56.5],[2331.0,56.5],[2327.0,56.5],[2323.0,56.5],[2319.0,56.5],[2316.0,56.5],[2313.0,57.5],[2309.0,57.5],[2306.0,56.5],[2303.0,56.5],[2299.0,56.5],[2296.0,55.5],[2292.5,55.0],[2291.0,55.5],[2287.0,55.5],[2283.0,55.5],[2280.0,56.5],[2278.0,57.5],[2275.0,58.5],[2272.0,59.5],[2269.0,60.5],[2266.0,60.5],[2264.0,62.5],[2261.0,63.5],[2258.0,64.5],[2255.0,64.5],[2252.0,65.5],[2248.5,66.0],[2245.0,66.5],[2242.0,66.5],[2238.5,67.0],[2236.0,66.5],[2232.0,66.5],[2229.5,67.0],[2227.0,66.5],[2223.5,66.0],[2220.0,65.5],[2217.0,65.5],[2213.0,65.5],[2209.0,65.5],[2206.0,66.5],[2203.0,66.5],[2200.0,67.5],[2196.0,67.5],[2192.0,67.5],[2189.0,67.5],[2185.0,67.5],[2181.0,67.5],[2178.0,68.5],[2175.0,68.5],[2171.0,68.5],[2167.0,68.5],[2163.0,68.5],[2160.0,68.5],[2157.0,67.5],[2153.0,67.5],[2150.0,68.5],[2148.0,67.5],[2144.0,67.5],[2140.5,67.0],[2138.0,67.5],[2136.0,66.5],[2132.0,66.5],[2130.0,66.5],[2126.0,66.5],[2123.0,66.5],[2119.0,66.5],[2115.0,66.5],[2111.0,66.5],[2109.0,67.5],[2105.5,68.0],[2102.0,68.5],[2099.5,70.0],[2097.0,70.5],[2095.0,72.5],[2091.0,72.5],[2088.0,73.5],[2085.0,73.5],[2082.0,74.5]]",243075.96210479736,431125.0430803299,69.42717456817627,,,,,0.1614523947,8404,여수로_피어_03,SPW_여수로_교각_도수면,,,0.9626595063125276,../../Data/DJI_20250702151015_0500_V.JPG,../Overlay/SPL/P000162.png,mapped,local_surface_estimate
DJI_20250702151015_0500_V.JPG,P000163,SPL,박락,"[[2491.0,440.5],[2489.0,440.5],[2486.0,439.5],[2483.5,438.0],[2481.0,435.5],[2478.5,434.0],[2476.5,432.0],[2475.0,429.5],[2473.0,427.5],[2471.0,425.5],[2469.0,423.5],[2467.5,421.0],[2466.0,417.5],[2464.0,415.5],[2461.5,414.0],[2461.0,410.5],[2459.5,408.0],[2458.5,405.0],[2456.5,403.0],[2456.5,398.0],[2455.5,395.0],[2454.5,392.0],[2453.5,389.0],[2452.5,386.0],[2451.0,383.5],[2449.5,381.0],[2449.5,377.0],[2450.0,372.5],[2450.5,369.0],[2450.5,365.0],[2449.5,362.0],[2449.0,358.5],[2448.0,355.5],[2446.5,353.0],[2445.0,349.5],[2443.5,347.0],[2442.5,344.0],[2441.5,341.0],[2440.0,338.5],[2438.5,336.0],[2437.0,333.5],[2435.5,331.0],[2434.5,327.0],[2433.5,324.0],[2433.5,320.0],[2434.5,317.0],[2435.5,314.0],[2437.0,311.5],[2438.5,309.0],[2439.5,305.0],[2440.5,302.0],[2441.5,299.0],[2442.5,296.0],[2442.5,292.0],[2443.5,289.0],[2443.5,285.0],[2443.0,281.5],[2442.5,277.0],[2442.5,273.0],[2442.5,269.0],[2442.0,266.5],[2443.0,263.5],[2443.5,260.0],[2444.5,257.0],[2445.5,253.0],[2446.0,249.5],[2446.5,246.0],[2447.5,243.0],[2448.0,239.5],[2448.5,236.0],[2449.5,233.0],[2450.5,230.0],[2450.5,225.0],[2451.5,222.0],[2451.5,218.0],[2453.0,215.5],[2452.5,213.0],[2453.5,210.0],[2454.5,207.0],[2455.5,203.0],[2455.5,199.0],[2456.5,196.0],[2456.5,192.0],[2456.5,188.0],[2457.5,185.0],[2456.5,182.0],[2457.5,179.0],[2458.5,175.0],[2458.5,171.0],[2459.5,168.0],[2460.0,164.5],[2460.5,161.0],[2460.5,157.0],[2461.5,154.0],[2460.5,150.0],[2460.5,146.0],[2459.5,143.0],[2458.5,140.0],[2458.5,136.0],[2457.5,133.0],[2457.5,129.0],[2457.5,125.0],[2456.5,121.0],[2456.5,117.0],[2456.0,113.5],[2455.0,110.5],[2454.5,107.0],[2453.5,104.0],[2453.5,100.0],[2454.0,95.5],[2454.5,92.0],[2455.5,89.0],[2456.0,85.5],[2457.5,83.0],[2458.5,80.0],[2459.5,77.0],[2460.5,74.0],[2462.5,71.0],[2463.5,68.0],[2464.5,65.0],[2464.5,61.0],[2465.0,57.5],[2466.5,55.0],[2468.0,52.5],[2469.5,49.0],[2470.5,46.0],[2471.5,43.0],[2472.5,40.0],[2473.0,36.5],[2474.0,33.5],[2475.0,30.5],[2476.0,27.5],[2477.5,24.0],[2478.5,24.0],[2479.5,27.0],[2480.5,30.0],[2481.5,33.0],[2481.5,37.0],[2481.5,41.0],[2480.5,45.0],[2480.0,48.5],[2479.5,52.0],[2478.5,55.0],[2479.5,58.0],[2480.5,61.0],[2481.0,64.5],[2481.5,68.0],[2481.5,73.0],[2481.5,77.0],[2481.5,81.0],[2481.5,85.0],[2482.5,88.0],[2482.5,92.0],[2482.5,96.0],[2482.5,101.0],[2482.5,105.0],[2482.0,108.5],[2481.5,112.0],[2481.5,116.0],[2482.5,119.0],[2482.5,123.0],[2483.5,126.0],[2484.5,130.0],[2485.5,133.0],[2485.5,137.0],[2484.5,140.0],[2483.5,143.0],[2482.5,146.0],[2481.0,148.5],[2480.5,153.0],[2480.5,157.0],[2480.5,161.0],[2481.5,164.0],[2481.5,168.0],[2481.5,172.0],[2480.5,175.0],[2480.5,179.0],[2480.5,184.0],[2480.5,188.0],[2480.5,192.0],[2480.5,196.0],[2480.5,200.0],[2481.5,203.0],[2481.5,207.0],[2482.5,211.0],[2482.5,215.0],[2483.0,218.5],[2483.5,222.0],[2484.5,225.0],[2485.5,228.0],[2486.0,231.5],[2486.5,235.0],[2487.5,239.0],[2488.0,242.5],[2488.5,246.0],[2488.5,250.0],[2488.5,254.0],[2488.5,258.0],[2488.5,262.0],[2489.0,266.5],[2489.5,270.0],[2489.5,274.0],[2489.5,278.0],[2488.5,281.0],[2487.5,284.0],[2486.5,287.0],[2485.5,290.0],[2484.5,294.0],[2483.5,297.0],[2483.5,301.0],[2483.5,305.0],[2483.5,309.0],[2483.5,313.0],[2484.5,316.0],[2485.0,320.5],[2485.5,324.0],[2485.5,328.0],[2485.5,332.0],[2485.5,336.0],[2485.5,340.0],[2485.5,344.0],[2485.5,348.0],[2485.0,352.5],[2484.5,356.0],[2483.5,359.0],[2483.0,362.5],[2482.5,366.0],[2481.5,369.0],[2480.5,372.0],[2479.5,376.0],[2479.5,380.0],[2479.0,383.5],[2478.5,387.0],[2479.0,390.5],[2480.5,393.0],[2482.0,395.5],[2483.5,398.0],[2486.5,400.0],[2489.0,401.5],[2491.0,403.5],[2493.0,405.5],[2495.0,407.5],[2496.5,410.0],[2497.5,413.0],[2498.5,417.0],[2500.5,419.0],[2502.0,421.5],[2504.0,423.5],[2505.5,426.0],[2505.5,430.0],[2503.5,432.0],[2501.0,433.5],[2498.0,435.5],[2495.5,437.0],[2493.5,439.0],[2491.0,440.5]]",243076.19110107422,431123.53734874725,68.55890846252441,,,,,0.3022166559,12675,SPW_0153,SPW_여수로_교각_도수면,SPW_0153,cff2977a-901a-5a93-84bd-7b805381c8e1,0.9681568734603521,../../Data/DJI_20250702151015_0500_V.JPG,../Overlay/SPL/P000163.png,mapped,local_surface_estimate
DJI_20250702151015_0500_V.JPG,P000164,SPL,박락,"[[2378.0,55.5],[2377.0,55.5],[2376.0,55.5],[2375.0,55.5],[2374.0,55.5],[2373.0,55.5],[2372.0,55.5],[2371.0,55.5],[2370.0,55.5],[2369.5,55.0],[2369.0,54.5],[2368.5,54.0],[2368.5,53.0],[2369.0,52.5],[2370.0,52.5],[2371.0,52.5],[2372.0,52.5],[2373.0,52.5],[2374.0,52.5],[2375.0,52.5],[2376.0,52.5],[2377.0,52.5],[2378.0,52.5],[2379.0,52.5],[2379.5,53.0],[2380.0,53.5],[2380.5,54.0],[2380.0,54.5],[2379.0,54.5],[2378.5,55.0],[2378.0,55.5]]",243076.64607429504,431124.13957357407,69.4186315536499,,,,,0.0007848347,32,SPW_0153,SPW_여수로_교각_도수면,SPW_0153,cff2977a-901a-5a93-84bd-7b805381c8e1,0.8035871312022209,../../Data/DJI_20250702151015_0500_V.JPG,../Overlay/SPL/P000164.png,mapped,local_surface_estimate
DJI_20250702151015_0500_V.JPG,P000165,SPL,박락,"[[1758.0,244.5],[1755.0,244.5],[1753.0,244.5],[1750.0,244.5],[1748.0,244.5],[1745.0,244.5],[1743.0,244.5],[1740.0,244.5],[1737.0,244.5],[1735.0,244.5],[1732.0,244.5],[1730.0,244.5],[1727.0,244.5],[1725.0,244.5],[1722.0,244.5],[1719.0,244.5],[1717.0,244.5],[1714.0,244.5],[1712.0,244.5],[1709.0,244.5],[1707.0,244.5],[1704.0,244.5],[1701.0,244.5],[1699.0,244.5],[1696.0,244.5],[1694.0,244.5],[1691.0,244.5],[1689.0,244.5],[1687.0,243.5],[1684.0,243.5],[1682.5,243.0],[1680.0,242.5],[1679.0,241.5],[1678.0,239.5],[1677.5,238.0],[1676.5,236.0],[1675.5,234.0],[1675.5,232.0],[1675.0,229.5],[1674.5,228.0],[1674.5,225.0],[1674.0,223.5],[1673.5,221.0],[1672.5,219.0],[1672.0,217.5],[1670.5,216.0],[1669.5,215.0],[1668.0,213.5],[1667.0,212.5],[1664.5,212.0],[1663.5,210.0],[1663.5,208.0],[1661.5,207.0],[1660.0,206.5],[1658.0,205.5],[1657.0,204.5],[1655.5,203.0],[1654.0,201.5],[1653.0,200.5],[1652.0,198.5],[1651.5,197.0],[1650.5,195.0],[1649.5,194.0],[1649.0,191.5],[1648.5,189.0],[1648.5,187.0],[1649.0,184.5],[1650.0,183.5],[1651.5,182.0],[1653.5,181.0],[1655.0,180.5],[1657.0,179.5],[1658.5,179.0],[1661.0,178.5],[1662.0,177.5],[1663.5,176.0],[1665.0,174.5],[1667.0,174.5],[1669.5,174.0],[1671.0,173.5],[1673.0,172.5],[1675.0,172.5],[1677.0,171.5],[1679.0,170.5],[1680.0,169.5],[1682.0,168.5],[1683.0,167.5],[1684.5,166.0],[1686.0,165.5],[1687.5,164.0],[1689.0,162.5],[1690.0,161.5],[1692.0,160.5],[1693.0,159.5],[1695.0,158.5],[1696.5,158.0],[1699.0,157.5],[1701.0,156.5],[1703.0,156.5],[1705.0,155.5],[1707.0,155.5],[1710.0,155.5],[1712.0,155.5],[1714.0,156.5],[1716.5,157.0],[1718.0,157.5],[1720.0,158.5],[1721.0,159.5],[1723.0,160.5],[1724.5,161.0],[1726.5,162.0],[1728.0,163.5],[1730.0,163.5],[1732.0,164.5],[1734.0,164.5],[1736.0,165.5],[1738.0,165.5],[1740.0,164.5],[1743.0,164.5],[1744.0,163.5],[1746.5,163.0],[1748.0,162.5],[1750.5,162.0],[1752.0,161.5],[1754.0,160.5],[1756.0,159.5],[1757.0,158.5],[1759.0,157.5],[1760.0,156.5],[1762.0,155.5],[1764.0,155.5],[1766.0,154.5],[1769.0,154.5],[1771.0,154.5],[1773.0,155.5],[1775.0,155.5],[1776.5,157.0],[1777.5,158.0],[1779.5,159.0],[1781.0,160.5],[1782.5,161.0],[1784.0,162.5],[1785.0,163.5],[1787.0,164.5],[1788.5,165.0],[1790.0,166.5],[1792.0,167.5],[1793.5,168.0],[1796.0,168.5],[1798.0,168.5],[1800.0,169.5],[1802.0,169.5],[1804.5,170.0],[1807.0,170.5],[1808.5,171.0],[1810.5,172.0],[1811.5,173.0],[1813.5,174.0],[1814.5,175.0],[1816.5,176.0],[1818.0,177.5],[1819.0,178.5],[1820.5,180.0],[1822.0,180.5],[1824.0,181.5],[1825.0,182.5],[1827.0,183.5],[1829.0,184.5],[1830.5,185.0],[1833.0,185.5],[1835.0,185.5],[1837.0,184.5],[1838.0,183.5],[1839.5,182.0],[1841.0,180.5],[1841.5,179.0],[1843.0,177.5],[1843.5,176.0],[1844.5,174.0],[1846.0,173.5],[1848.0,174.5],[1849.5,176.0],[1849.5,178.0],[1850.5,180.0],[1850.5,182.0],[1850.5,185.0],[1850.5,187.0],[1850.5,190.0],[1850.5,193.0],[1850.5,195.0],[1850.5,198.0],[1850.5,200.0],[1851.5,202.0],[1851.5,205.0],[1851.5,207.0],[1852.5,209.0],[1851.5,210.0],[1851.5,213.0],[1851.0,214.5],[1850.5,217.0],[1849.5,219.0],[1849.0,220.5],[1848.5,223.0],[1847.5,224.0],[1847.0,226.5],[1846.5,228.0],[1846.5,231.0],[1845.0,232.5],[1844.0,231.5],[1842.5,230.0],[1842.5,228.0],[1841.0,226.5],[1840.0,225.5],[1838.5,224.0],[1837.0,222.5],[1836.0,221.5],[1833.0,221.5],[1831.0,221.5],[1829.5,221.0],[1828.0,221.5],[1826.0,222.5],[1824.0,223.5],[1822.5,224.0],[1820.5,225.0],[1819.0,225.5],[1817.5,227.0],[1816.5,228.0],[1815.0,229.5],[1813.0,230.5],[1811.5,231.0],[1810.0,232.5],[1809.0,233.5],[1807.0,234.5],[1805.5,235.0],[1803.5,236.0],[1801.5,237.0],[1800.0,237.5],[1798.0,238.5],[1796.0,238.5],[1794.0,239.5],[1792.0,239.5],[1790.0,240.5],[1787.0,240.5],[1785.0,240.5],[1783.0,241.5],[1781.0,241.5],[1778.0,241.5],[1777.0,242.5],[1774.0,242.5],[1771.0,242.5],[1770.0,243.5],[1767.0,243.5],[1765.0,243.5],[1762.0,243.5],[1760.0,243.5],[1758.0,244.5]]",243075.25910377502,431126.72653770447,68.79832363128662,,,,,0.2651295289,13566,여수로_피어_03,SPW_여수로_교각_도수면,,,0.9677548571360001,../../Data/DJI_20250702151015_0500_V.JPG,../Overlay/SPL/P000165.png,mapped,local_surface_estimate
DJI_20250702151015_0500_V.JPG,P000166,SPL,박락,"[[550.0,355.5],[549.0,355.5],[547.0,355.5],[546.0,355.5],[545.0,354.5],[544.0,354.5],[543.0,354.5],[542.0,353.5],[541.0,353.5],[540.0,352.5],[539.0,352.5],[537.0,352.5],[536.0,352.5],[535.0,352.5],[534.0,351.5],[533.0,351.5],[531.0,351.5],[530.5,352.0],[530.0,352.5],[528.0,352.5],[527.0,352.5],[525.5,352.0],[525.0,351.5],[524.5,351.0],[523.0,350.5],[522.0,350.5],[520.5,350.0],[520.0,349.5],[519.0,348.5],[518.5,348.0],[518.5,347.0],[517.5,346.0],[517.5,345.0],[516.5,344.0],[516.0,343.5],[515.5,343.0],[515.0,341.5],[514.5,341.0],[513.5,340.0],[513.0,339.5],[512.5,339.0],[511.5,338.0],[511.5,337.0],[511.5,335.0],[511.5,334.0],[511.5,332.0],[511.5,331.0],[511.5,330.0],[511.5,328.0],[511.5,327.0],[511.5,325.0],[511.5,324.0],[511.5,323.0],[511.5,321.0],[511.5,320.0],[511.5,318.0],[511.5,317.0],[511.5,316.0],[511.5,314.0],[511.5,313.0],[511.5,311.0],[511.5,310.0],[511.5,308.0],[511.5,307.0],[511.5,306.0],[511.5,304.0],[511.5,303.0],[511.5,301.0],[511.5,300.0],[511.5,299.0],[512.5,298.0],[512.5,297.0],[513.0,295.5],[513.5,295.0],[513.5,294.0],[513.0,292.5],[512.5,292.0],[512.0,290.5],[511.5,290.0],[511.5,288.0],[511.5,287.0],[511.5,286.0],[512.0,284.5],[512.5,284.0],[514.0,283.5],[514.5,283.0],[515.0,282.5],[516.0,281.5],[517.0,281.5],[518.0,280.5],[518.5,280.0],[519.0,279.5],[520.0,278.5],[520.5,278.0],[521.5,277.0],[522.0,276.5],[523.0,275.5],[523.5,275.0],[524.0,274.5],[525.5,274.0],[526.0,273.5],[527.5,273.0],[528.0,272.5],[529.0,272.5],[530.0,271.5],[530.5,271.0],[532.0,270.5],[532.5,270.0],[533.0,269.5],[535.0,269.5],[535.5,269.0],[537.0,268.5],[538.0,268.5],[539.0,267.5],[540.0,267.5],[540.5,267.0],[542.0,266.5],[542.5,266.0],[544.0,265.5],[544.5,265.0],[545.0,264.5],[546.5,264.0],[547.0,263.5],[549.0,263.5],[549.5,263.0],[550.0,262.5],[551.5,262.0],[552.0,261.5],[553.5,261.0],[554.0,260.5],[555.5,260.0],[556.0,259.5],[557.0,259.5],[558.0,258.5],[558.5,258.0],[559.5,257.0],[560.0,256.5],[561.0,256.5],[562.0,255.5],[562.5,255.0],[563.0,253.5],[563.5,253.0],[563.5,252.0],[564.5,251.0],[564.5,250.0],[566.0,249.5],[566.5,249.0],[568.0,248.5],[568.5,248.0],[569.0,247.5],[570.0,246.5],[570.5,246.0],[572.0,245.5],[572.5,245.0],[573.0,244.5],[574.0,243.5],[574.5,244.0],[575.5,245.0],[575.5,246.0],[576.0,246.5],[576.5,248.0],[576.5,249.0],[576.5,251.0],[576.5,252.0],[576.5,254.0],[576.5,255.0],[576.5,256.0],[576.0,257.5],[575.5,258.0],[574.5,259.0],[574.5,260.0],[574.5,261.0],[573.5,262.0],[573.5,263.0],[572.5,264.0],[572.5,265.0],[572.5,266.0],[571.5,267.0],[571.5,268.0],[570.5,269.0],[570.5,270.0],[569.5,271.0],[569.5,272.0],[569.5,273.0],[569.0,274.5],[568.5,275.0],[568.5,277.0],[568.0,277.5],[567.5,278.0],[567.5,280.0],[567.5,281.0],[566.5,282.0],[566.5,283.0],[566.5,284.0],[566.5,286.0],[566.5,287.0],[565.5,288.0],[565.5,289.0],[565.5,291.0],[565.5,292.0],[565.0,292.5],[564.5,294.0],[564.5,295.0],[564.5,297.0],[564.5,298.0],[564.5,299.0],[563.5,300.0],[563.5,301.0],[563.5,303.0],[563.5,304.0],[563.5,305.0],[563.5,307.0],[563.5,308.0],[562.5,309.0],[562.5,310.0],[562.0,311.5],[561.5,312.0],[561.5,313.0],[561.0,314.5],[560.5,315.0],[560.5,317.0],[560.5,318.0],[560.5,319.0],[559.5,320.0],[559.5,321.0],[559.5,323.0],[559.5,324.0],[559.5,325.0],[558.5,326.0],[558.5,327.0],[558.5,329.0],[558.5,330.0],[557.5,331.0],[557.5,332.0],[557.5,333.0],[557.5,335.0],[557.5,336.0],[557.5,338.0],[557.5,339.0],[557.5,340.0],[557.0,341.5],[556.5,342.0],[556.5,344.0],[556.5,345.0],[556.5,346.0],[556.0,347.5],[555.5,348.0],[555.5,350.0],[555.5,351.0],[554.5,352.0],[554.5,353.0],[554.0,353.5],[553.0,354.5],[552.0,354.5],[550.5,355.0],[550.0,355.5]]",243073.2770729065,431131.83739471436,68.37938022613525,,,,,0.099196578,4405,SPW_0151,SPW_여수로_교각_도수면,SPW_0151,42656a3b-8022-5388-9d97-c9bf033e8295,0.9816074650620494,../../Data/DJI_20250702151015_0500_V.JPG,../Overlay/SPL/P000166.png,mapped,local_surface_estimate
DJI_20250702151015_0500_V.JPG,P000167,SPL,박락,"[[2397.0,763.5],[2395.5,762.0],[2394.0,762.5],[2393.0,763.5],[2391.0,762.5],[2389.5,761.0],[2387.0,760.5],[2385.5,760.0],[2384.5,758.0],[2383.5,756.0],[2383.0,753.5],[2381.0,753.5],[2380.5,751.0],[2379.5,749.0],[2378.5,747.0],[2378.0,745.5],[2376.5,744.0],[2375.5,742.0],[2376.5,740.0],[2377.5,739.0],[2378.5,737.0],[2379.5,735.0],[2379.0,732.5],[2378.5,731.0],[2379.0,728.5],[2379.5,726.0],[2378.5,724.0],[2379.0,722.5],[2379.5,720.0],[2379.5,717.0],[2380.5,715.0],[2380.5,713.0],[2381.5,711.0],[2382.0,708.5],[2382.5,706.0],[2382.5,704.0],[2383.5,702.0],[2385.0,700.5],[2386.0,698.5],[2386.5,697.0],[2387.5,695.0],[2388.5,693.0],[2389.5,691.0],[2390.5,690.0],[2390.5,687.0],[2391.0,684.5],[2391.5,682.0],[2391.0,680.5],[2390.0,678.5],[2387.5,678.0],[2388.5,676.0],[2387.5,675.0],[2386.5,673.0],[2386.0,670.5],[2385.5,668.0],[2385.5,666.0],[2385.5,663.0],[2385.5,660.0],[2385.5,657.0],[2385.5,655.0],[2386.0,652.5],[2388.0,651.5],[2389.0,649.5],[2390.0,648.5],[2391.5,647.0],[2393.0,645.5],[2395.0,644.5],[2396.5,644.0],[2398.0,644.5],[2400.0,643.5],[2402.0,642.5],[2403.0,641.5],[2405.0,640.5],[2407.5,640.0],[2408.5,638.0],[2409.5,637.0],[2410.0,634.5],[2411.5,633.0],[2412.5,631.0],[2413.5,630.0],[2415.0,628.5],[2416.5,627.0],[2418.5,626.0],[2420.0,625.5],[2422.0,624.5],[2425.0,624.5],[2427.0,623.5],[2429.0,622.5],[2430.0,623.5],[2432.0,622.5],[2435.0,622.5],[2436.5,623.0],[2438.0,622.5],[2440.0,623.5],[2442.0,622.5],[2444.0,623.5],[2446.0,623.5],[2448.0,622.5],[2449.5,624.0],[2452.0,624.5],[2453.5,625.0],[2455.0,626.5],[2457.5,627.0],[2459.0,628.5],[2460.5,629.0],[2462.0,630.5],[2464.0,631.5],[2465.5,633.0],[2467.0,633.5],[2469.5,634.0],[2472.0,634.5],[2474.0,633.5],[2476.0,633.5],[2478.5,633.0],[2481.0,632.5],[2482.5,634.0],[2483.5,635.0],[2484.5,637.0],[2486.0,638.5],[2488.0,639.5],[2489.0,640.5],[2491.0,641.5],[2493.0,642.5],[2496.0,642.5],[2498.0,642.5],[2500.0,643.5],[2503.0,643.5],[2504.5,645.0],[2505.5,646.0],[2507.0,647.5],[2508.5,649.0],[2509.5,651.0],[2510.5,652.0],[2511.5,654.0],[2511.5,657.0],[2512.5,659.0],[2513.0,660.5],[2513.5,663.0],[2513.5,666.0],[2515.5,667.0],[2516.0,668.5],[2516.5,671.0],[2518.0,672.5],[2519.5,674.0],[2520.5,675.0],[2520.5,678.0],[2520.5,681.0],[2520.5,684.0],[2521.0,685.5],[2522.0,686.5],[2521.0,688.5],[2519.5,690.0],[2518.5,691.0],[2517.0,692.5],[2515.0,693.5],[2512.0,693.5],[2511.5,695.0],[2509.0,695.5],[2507.0,696.5],[2505.0,697.5],[2503.0,697.5],[2501.0,698.5],[2499.0,699.5],[2497.0,700.5],[2495.0,700.5],[2493.0,701.5],[2491.5,703.0],[2490.5,705.0],[2489.5,706.0],[2489.5,709.0],[2490.0,711.5],[2490.5,714.0],[2492.0,715.5],[2492.5,717.0],[2494.0,718.5],[2495.5,720.0],[2497.0,721.5],[2498.0,722.5],[2499.5,724.0],[2501.5,725.0],[2503.0,726.5],[2504.0,725.5],[2505.5,727.0],[2507.0,728.5],[2510.0,728.5],[2511.5,729.0],[2514.0,729.5],[2515.0,730.5],[2513.0,731.5],[2511.5,732.0],[2510.0,733.5],[2507.0,733.5],[2505.0,734.5],[2503.5,734.0],[2503.5,731.0],[2502.0,731.5],[2501.5,734.0],[2501.0,735.5],[2498.5,736.0],[2497.5,738.0],[2495.0,738.5],[2494.0,739.5],[2492.0,740.5],[2490.0,741.5],[2488.0,742.5],[2486.5,743.0],[2484.0,743.5],[2482.0,744.5],[2479.5,745.0],[2478.0,745.5],[2476.5,744.0],[2475.0,744.5],[2473.0,743.5],[2471.5,743.0],[2469.0,742.5],[2467.0,741.5],[2464.0,741.5],[2462.0,741.5],[2459.0,741.5],[2456.5,742.0],[2454.0,742.5],[2452.0,742.5],[2450.0,743.5],[2448.0,742.5],[2445.0,742.5],[2443.0,742.5],[2440.0,742.5],[2438.0,741.5],[2436.0,740.5],[2435.0,739.5],[2433.0,740.5],[2431.0,741.5],[2429.5,741.0],[2428.5,741.0],[2426.5,740.0],[2424.0,739.5],[2422.0,740.5],[2421.0,741.5],[2419.0,740.5],[2417.5,742.0],[2416.0,743.5],[2415.0,744.5],[2413.0,745.5],[2411.5,747.0],[2410.0,748.5],[2409.0,749.5],[2407.5,751.0],[2405.5,752.0],[2404.0,753.5],[2403.5,755.0],[2402.5,757.0],[2401.5,759.0],[2400.5,761.0],[2400.0,762.5],[2398.0,761.5],[2397.0,763.5]]",243074.94696998596,431123.26745700836,66.81133460998535,,,,,0.3086402404,13804,SPW_0173,SPW_여수로_교각_도수면,SPW_0173,64e55899-94a1-5b2b-bb28-fc6b0cbddd9c,0.9504770844315522,../../Data/DJI_20250702151015_0500_V.JPG,../Overlay/SPL/P000167.png,mapped,local_surface_estimate
DJI_20250702151015_0500_V.JPG,P000168,SPL,박락,"[[2460.0,1079.5],[2459.5,1079.0],[2459.0,1078.5],[2458.0,1078.5],[2457.5,1079.0],[2457.0,1079.5],[2456.0,1079.5],[2455.0,1079.5],[2454.0,1079.5],[2452.0,1079.5],[2451.0,1079.5],[2450.0,1079.5],[2449.5,1079.0],[2449.0,1078.5],[2448.0,1078.5],[2447.0,1078.5],[2446.0,1078.5],[2445.5,1078.0],[2445.0,1077.5],[2444.0,1077.5],[2443.0,1077.5],[2442.0,1077.5],[2441.0,1077.5],[2440.0,1077.5],[2439.0,1077.5],[2438.5,1077.0],[2437.0,1076.5],[2436.0,1076.5],[2435.0,1076.5],[2434.0,1076.5],[2433.0,1076.5],[2432.0,1076.5],[2431.5,1076.0],[2431.0,1075.5],[2430.0,1075.5],[2429.0,1075.5],[2428.0,1075.5],[2427.0,1075.5],[2426.5,1075.0],[2426.0,1074.5],[2425.0,1074.5],[2424.5,1075.0],[2424.0,1075.5],[2422.0,1075.5],[2421.0,1075.5],[2420.0,1075.5],[2419.0,1075.5],[2418.0,1075.5],[2417.0,1075.5],[2416.0,1075.5],[2415.5,1075.0],[2415.0,1074.5],[2414.0,1074.5],[2413.5,1074.0],[2413.0,1073.5],[2412.5,1073.0],[2412.0,1072.5],[2411.5,1072.0],[2411.5,1071.0],[2411.0,1070.5],[2410.5,1069.0],[2410.5,1068.0],[2410.5,1067.0],[2410.5,1066.0],[2410.5,1065.0],[2410.5,1064.0],[2411.0,1063.5],[2411.5,1063.0],[2411.5,1062.0],[2411.5,1061.0],[2412.0,1060.5],[2412.5,1060.0],[2412.5,1059.0],[2412.5,1058.0],[2413.0,1057.5],[2413.5,1057.0],[2414.0,1056.5],[2414.5,1055.0],[2415.0,1054.5],[2415.5,1054.0],[2416.0,1053.5],[2416.5,1053.0],[2416.5,1052.0],[2416.5,1051.0],[2416.5,1050.0],[2417.0,1049.5],[2417.5,1049.0],[2417.5,1048.0],[2417.0,1047.5],[2416.5,1047.0],[2417.0,1046.5],[2417.5,1046.0],[2417.5,1045.0],[2417.5,1044.0],[2417.0,1042.5],[2416.5,1042.0],[2416.5,1041.0],[2416.0,1040.5],[2415.0,1040.5],[2414.5,1040.0],[2414.0,1039.5],[2413.5,1039.0],[2413.5,1038.0],[2413.5,1037.0],[2414.0,1036.5],[2415.0,1036.5],[2415.5,1036.0],[2415.5,1035.0],[2416.0,1034.5],[2416.5,1034.0],[2417.0,1033.5],[2419.0,1033.5],[2419.5,1033.0],[2420.0,1032.5],[2420.5,1032.0],[2421.0,1031.5],[2421.5,1032.0],[2421.5,1033.0],[2421.0,1033.5],[2420.5,1034.0],[2420.5,1035.0],[2421.0,1035.5],[2421.5,1035.0],[2422.0,1034.5],[2423.0,1034.5],[2424.0,1034.5],[2424.5,1034.0],[2425.0,1033.5],[2426.0,1034.5],[2427.0,1034.5],[2428.0,1034.5],[2428.5,1034.0],[2429.0,1033.5],[2429.5,1033.0],[2430.0,1032.5],[2430.5,1032.0],[2431.0,1031.5],[2431.5,1031.0],[2431.5,1030.0],[2431.5,1029.0],[2431.5,1028.0],[2431.5,1027.0],[2432.0,1026.5],[2433.0,1026.5],[2434.0,1026.5],[2435.0,1027.5],[2436.0,1027.5],[2437.0,1027.5],[2438.0,1027.5],[2439.0,1027.5],[2439.5,1028.0],[2440.0,1028.5],[2440.5,1029.0],[2441.0,1029.5],[2442.0,1029.5],[2442.5,1030.0],[2442.5,1031.0],[2443.0,1031.5],[2443.5,1032.0],[2444.0,1032.5],[2445.0,1032.5],[2446.0,1032.5],[2446.0,1033.5],[2445.5,1034.0],[2445.0,1034.5],[2444.5,1035.0],[2444.5,1036.0],[2444.0,1036.5],[2443.5,1037.0],[2443.5,1038.0],[2443.5,1039.0],[2443.0,1039.5],[2442.5,1040.0],[2442.0,1040.5],[2441.5,1041.0],[2442.0,1041.5],[2442.5,1042.0],[2442.0,1042.5],[2441.5,1043.0],[2441.0,1044.5],[2440.5,1045.0],[2441.0,1045.5],[2441.5,1046.0],[2442.0,1046.5],[2442.5,1047.0],[2442.5,1048.0],[2443.0,1048.5],[2444.0,1048.5],[2444.5,1049.0],[2445.0,1049.5],[2445.5,1050.0],[2446.0,1050.5],[2447.0,1050.5],[2447.5,1051.0],[2448.0,1051.5],[2449.0,1051.5],[2450.0,1052.5],[2450.5,1053.0],[2451.0,1053.5],[2452.0,1053.5],[2453.0,1053.5],[2453.5,1054.0],[2454.0,1054.5],[2455.0,1054.5],[2456.0,1054.5],[2457.0,1054.5],[2458.0,1054.5],[2459.0,1054.5],[2460.0,1054.5],[2461.0,1054.5],[2462.0,1054.5],[2463.0,1054.5],[2464.0,1054.5],[2465.0,1055.5],[2466.0,1055.5],[2466.5,1056.0],[2467.0,1056.5],[2468.0,1056.5],[2468.5,1057.0],[2469.0,1057.5],[2469.5,1058.0],[2469.5,1059.0],[2470.0,1059.5],[2470.5,1060.0],[2470.5,1061.0],[2471.0,1061.5],[2471.5,1062.0],[2471.5,1063.0],[2471.5,1064.0],[2472.0,1064.5],[2472.5,1066.0],[2472.5,1067.0],[2472.5,1068.0],[2472.5,1069.0],[2472.5,1070.0],[2472.5,1071.0],[2472.5,1072.0],[2472.5,1073.0],[2472.5,1074.0],[2472.0,1074.5],[2471.5,1075.0],[2471.0,1075.5],[2470.5,1076.0],[2470.0,1076.5],[2469.5,1077.0],[2469.0,1077.5],[2468.0,1077.5],[2466.0,1077.5],[2465.0,1077.5],[2464.5,1078.0],[2464.0,1078.5],[2463.0,1078.5],[2462.0,1078.5],[2461.0,1078.5],[2460.5,1079.0],[2460.0,1079.5]]",243073.93586921692,431122.9762916565,65.37074851989746,,,,,0.0423686086,1995,SPW_0173,SPW_여수로_교각_도수면,SPW_0173,64e55899-94a1-5b2b-bb28-fc6b0cbddd9c,0.9007080811904487,../../Data/DJI_20250702151015_0500_V.JPG,../Overlay/SPL/P000168.png,mapped,local_surface_estimate
DJI_20250702151015_0500_V.JPG,P000169,SPL,박락,"[[2465.0,1031.5],[2464.0,1031.5],[2463.0,1031.5],[2462.5,1031.0],[2462.0,1030.5],[2461.5,1031.0],[2461.0,1031.5],[2460.5,1031.0],[2460.0,1030.5],[2459.5,1030.0],[2459.5,1029.0],[2460.0,1028.5],[2461.0,1028.5],[2462.0,1028.5],[2463.0,1028.5],[2464.0,1028.5],[2464.5,1028.0],[2465.0,1027.5],[2466.0,1027.5],[2467.0,1027.5],[2467.5,1028.0],[2467.5,1029.0],[2467.0,1029.5],[2466.5,1030.0],[2466.0,1030.5],[2465.5,1031.0],[2465.0,1031.5]]",243074.04620170593,431122.89352321625,65.47738647460938,,,,,0.000469474,22,SPW_0173,SPW_여수로_교각_도수면,SPW_0173,64e55899-94a1-5b2b-bb28-fc6b0cbddd9c,0.5721089270981875,../../Data/DJI_20250702151015_0500_V.JPG,../Overlay/SPL/P000169.png,mapped,local_surface_estimate
DJI_20250702151015_0500_V.JPG,P000170,SPL,박락,"[[2521.0,3383.5],[2507.0,3371.5],[2499.5,3352.0],[2479.5,3344.0],[2458.0,3344.5],[2434.0,3340.5],[2421.0,3325.5],[2405.5,3314.0],[2397.0,3299.5],[2410.0,3285.5],[2428.5,3276.0],[2442.0,3261.5],[2456.0,3250.5],[2478.0,3248.5],[2491.5,3235.0],[2489.0,3217.5],[2465.0,3213.5],[2440.0,3211.5],[2430.5,3195.0],[2430.5,3170.0],[2432.0,3143.5],[2449.5,3133.0],[2474.0,3130.5],[2493.5,3122.0],[2498.5,3100.0],[2489.5,3081.0],[2471.0,3073.5],[2450.0,3075.5],[2428.5,3069.0],[2409.0,3061.5],[2388.0,3054.5],[2364.0,3050.5],[2340.0,3047.5],[2315.0,3046.5],[2303.5,3031.0],[2303.5,3003.0],[2297.5,2981.0],[2298.5,2955.0],[2298.5,2929.0],[2298.5,2904.0],[2297.5,2877.0],[2301.5,2859.0],[2292.0,2847.5],[2285.5,2830.0],[2275.0,2815.5],[2274.5,2799.0],[2271.5,2780.0],[2261.5,2774.0],[2253.5,2772.0],[2252.5,2750.0],[2255.5,2727.0],[2263.5,2707.0],[2275.5,2692.0],[2287.5,2676.0],[2303.5,2665.0],[2329.0,2666.5],[2349.0,2670.5],[2349.5,2646.0],[2350.0,2620.5],[2352.5,2598.0],[2355.5,2575.0],[2349.0,2553.5],[2341.5,2534.0],[2341.5,2510.0],[2340.5,2486.0],[2342.5,2460.0],[2346.5,2436.0],[2349.5,2414.0],[2348.5,2389.0],[2352.5,2366.0],[2361.0,2346.5],[2365.5,2325.0],[2369.0,2303.5],[2364.0,2281.5],[2359.5,2263.0],[2367.0,2244.5],[2374.5,2224.0],[2376.5,2201.0],[2377.5,2180.0],[2377.5,2155.0],[2365.5,2142.0],[2363.5,2125.0],[2357.5,2104.0],[2351.0,2086.5],[2347.5,2078.0],[2340.5,2060.0],[2341.0,2042.5],[2343.5,2018.0],[2335.0,2000.5],[2327.5,1981.0],[2331.5,1957.0],[2332.5,1930.0],[2333.5,1908.0],[2338.5,1885.0],[2343.5,1863.0],[2346.0,1837.5],[2348.5,1812.0],[2354.5,1791.0],[2355.5,1768.0],[2353.5,1743.0],[2358.0,1719.5],[2363.5,1697.0],[2370.0,1676.5],[2368.5,1653.0],[2365.5,1629.0],[2367.5,1607.0],[2363.5,1583.0],[2361.5,1560.0],[2369.5,1542.0],[2371.5,1527.0],[2369.5,1505.0],[2371.5,1481.0],[2374.5,1457.0],[2374.5,1429.0],[2376.5,1404.0],[2373.5,1379.0],[2370.5,1354.0],[2373.5,1330.0],[2370.5,1307.0],[2371.5,1287.0],[2369.5,1265.0],[2373.5,1241.0],[2374.5,1215.0],[2375.5,1190.0],[2373.0,1166.5],[2374.5,1146.0],[2375.5,1121.0],[2381.5,1102.0],[2400.5,1093.0],[2426.0,1091.5],[2450.0,1091.5],[2469.0,1100.5],[2474.5,1122.0],[2475.0,1148.5],[2478.5,1169.0],[2485.5,1190.0],[2483.5,1216.0],[2482.5,1238.0],[2479.5,1263.0],[2482.5,1283.0],[2487.5,1304.0],[2487.5,1330.0],[2488.5,1354.0],[2491.5,1379.0],[2496.5,1401.0],[2499.5,1426.0],[2499.5,1452.0],[2499.5,1479.0],[2498.5,1504.0],[2504.5,1525.0],[2507.5,1546.0],[2508.5,1569.0],[2513.0,1591.5],[2509.5,1615.0],[2506.5,1639.0],[2505.5,1664.0],[2508.0,1689.5],[2508.5,1712.0],[2499.0,1730.5],[2490.0,1748.5],[2484.5,1771.0],[2502.0,1781.5],[2498.0,1799.5],[2494.5,1822.0],[2508.5,1835.0],[2501.0,1847.5],[2500.0,1870.5],[2490.0,1887.5],[2476.5,1902.0],[2469.0,1921.5],[2465.5,1944.0],[2460.5,1967.0],[2453.5,1987.0],[2450.5,2008.0],[2465.5,2020.0],[2485.0,2020.5],[2483.5,2040.0],[2467.5,2030.0],[2458.0,2045.5],[2453.0,2067.5],[2443.5,2082.0],[2453.5,2100.0],[2450.5,2124.0],[2448.5,2148.0],[2440.5,2167.0],[2434.5,2187.0],[2432.5,2209.0],[2437.5,2229.0],[2440.5,2250.0],[2433.5,2270.0],[2426.5,2291.0],[2425.5,2312.0],[2431.5,2333.0],[2432.0,2360.5],[2434.5,2385.0],[2434.5,2413.0],[2435.5,2438.0],[2431.5,2461.0],[2431.5,2489.0],[2430.0,2512.5],[2431.5,2534.0],[2411.0,2539.5],[2391.0,2534.5],[2375.0,2543.5],[2390.0,2555.5],[2411.0,2550.5],[2431.5,2548.0],[2439.5,2567.0],[2449.5,2585.0],[2462.5,2574.0],[2464.5,2589.0],[2469.0,2612.5],[2474.5,2634.0],[2475.5,2661.0],[2472.5,2685.0],[2472.5,2707.0],[2474.5,2733.0],[2477.0,2757.5],[2473.5,2781.0],[2479.0,2800.5],[2501.0,2802.5],[2527.0,2804.5],[2545.0,2799.5],[2563.5,2805.0],[2560.0,2815.5],[2573.5,2828.0],[2581.5,2836.0],[2573.5,2855.0],[2561.0,2870.5],[2552.5,2867.0],[2543.5,2886.0],[2542.5,2911.0],[2543.5,2937.0],[2542.5,2962.0],[2539.5,2986.0],[2537.5,3012.0],[2544.5,3033.0],[2540.5,3052.0],[2527.0,3066.5],[2529.0,3084.5],[2534.5,3107.0],[2552.5,3115.0],[2540.5,3130.0],[2539.0,3155.5],[2541.5,3180.0],[2538.5,3203.0],[2543.0,3226.5],[2559.0,3237.5],[2560.5,3258.0],[2558.5,3281.0],[2560.5,3305.0],[2561.5,3326.0],[2552.0,3335.5],[2530.0,3341.5],[2528.0,3363.5],[2521.0,3383.5]]",243070.79755687714,431122.07272052765,60.93123817443848,,,,,5.2509556473,296007,SPW_0193,SPW_여수로_교각_도수면,SPW_0193,780742a0-fe76-53a6-aabb-58474a8239c3,0.9781041741208051,../../Data/DJI_20250702151015_0500_V.JPG,../Overlay/SPL/P000170.png,mapped,local_surface_estimate
DJI_20250702151015_0500_V.JPG,P000171,SPL,박락,"[[1713.0,1499.5],[1707.0,1499.5],[1701.0,1499.5],[1696.0,1499.5],[1690.0,1499.5],[1684.0,1499.5],[1678.0,1499.5],[1673.0,1499.5],[1669.0,1497.5],[1664.0,1496.5],[1660.0,1496.5],[1656.0,1495.5],[1650.0,1495.5],[1645.0,1496.5],[1641.0,1498.5],[1636.0,1498.5],[1632.5,1499.0],[1628.0,1498.5],[1623.5,1497.0],[1620.0,1495.5],[1616.0,1493.5],[1612.0,1491.5],[1608.0,1489.5],[1606.0,1486.5],[1601.5,1485.0],[1597.5,1483.0],[1593.0,1481.5],[1589.5,1480.0],[1585.0,1478.5],[1580.0,1477.5],[1575.0,1476.5],[1570.0,1476.5],[1565.0,1477.5],[1560.0,1478.5],[1554.0,1478.5],[1549.0,1478.5],[1543.0,1478.5],[1537.0,1478.5],[1534.5,1475.0],[1530.0,1473.5],[1527.5,1471.0],[1524.0,1468.5],[1521.0,1465.5],[1518.5,1462.0],[1516.0,1459.5],[1512.5,1457.0],[1509.0,1454.5],[1505.0,1452.5],[1501.5,1451.0],[1497.5,1449.0],[1493.0,1447.5],[1487.0,1447.5],[1483.0,1448.5],[1478.0,1447.5],[1473.5,1448.0],[1468.0,1447.5],[1464.0,1448.5],[1458.0,1448.5],[1452.0,1448.5],[1447.0,1449.5],[1442.5,1449.0],[1437.0,1448.5],[1432.0,1447.5],[1427.0,1446.5],[1423.0,1445.5],[1419.0,1443.5],[1414.0,1442.5],[1409.0,1441.5],[1405.0,1440.5],[1400.0,1439.5],[1394.0,1439.5],[1389.5,1438.0],[1386.0,1436.5],[1381.0,1435.5],[1377.0,1433.5],[1373.0,1431.5],[1369.0,1429.5],[1366.0,1427.5],[1361.0,1426.5],[1356.0,1425.5],[1351.0,1424.5],[1346.5,1424.0],[1341.5,1423.0],[1336.0,1422.5],[1331.0,1421.5],[1327.5,1420.0],[1323.0,1418.5],[1318.5,1417.0],[1314.0,1415.5],[1310.5,1414.0],[1306.0,1412.5],[1302.0,1410.5],[1297.0,1409.5],[1293.0,1408.5],[1288.0,1407.5],[1283.0,1406.5],[1279.5,1404.0],[1279.5,1399.0],[1282.0,1395.5],[1284.0,1391.5],[1285.5,1387.0],[1287.5,1384.0],[1290.0,1380.5],[1293.0,1377.5],[1298.0,1376.5],[1302.0,1375.5],[1308.0,1375.5],[1314.0,1375.5],[1319.0,1376.5],[1322.5,1378.0],[1327.0,1379.5],[1331.0,1381.5],[1335.0,1383.5],[1339.0,1385.5],[1343.0,1386.5],[1347.0,1388.5],[1352.0,1389.5],[1356.5,1391.0],[1360.5,1392.0],[1366.0,1392.5],[1371.0,1393.5],[1377.0,1393.5],[1382.0,1393.5],[1387.0,1394.5],[1392.0,1395.5],[1398.0,1395.5],[1402.0,1394.5],[1407.5,1394.0],[1412.0,1392.5],[1417.0,1391.5],[1421.0,1390.5],[1426.0,1389.5],[1430.0,1387.5],[1434.0,1385.5],[1437.5,1384.0],[1441.0,1381.5],[1445.5,1380.0],[1450.0,1378.5],[1454.5,1379.0],[1460.0,1379.5],[1465.0,1378.5],[1470.0,1377.5],[1474.0,1376.5],[1479.0,1375.5],[1483.5,1374.0],[1487.5,1372.0],[1491.0,1369.5],[1494.0,1367.5],[1497.5,1365.0],[1502.0,1363.5],[1507.0,1362.5],[1512.0,1362.5],[1516.0,1364.5],[1521.0,1365.5],[1526.0,1366.5],[1531.0,1366.5],[1535.5,1365.0],[1539.0,1362.5],[1543.5,1361.0],[1547.0,1359.5],[1552.0,1358.5],[1556.0,1356.5],[1561.0,1355.5],[1564.5,1355.0],[1569.0,1354.5],[1573.0,1354.5],[1577.5,1356.0],[1581.5,1357.0],[1586.0,1358.5],[1590.0,1360.5],[1594.5,1362.0],[1599.0,1362.5],[1604.0,1363.5],[1610.0,1363.5],[1615.0,1362.5],[1620.0,1362.5],[1625.0,1361.5],[1630.0,1362.5],[1635.0,1361.5],[1640.0,1361.5],[1645.0,1360.5],[1649.5,1360.0],[1655.0,1360.5],[1660.0,1359.5],[1664.5,1359.0],[1669.0,1357.5],[1674.0,1358.5],[1678.0,1360.5],[1680.5,1363.0],[1682.5,1367.0],[1684.5,1371.0],[1687.5,1374.0],[1690.5,1376.0],[1694.0,1378.5],[1698.0,1380.5],[1701.0,1383.5],[1704.0,1385.5],[1707.5,1388.0],[1710.5,1391.0],[1711.0,1396.5],[1710.5,1400.0],[1708.5,1404.0],[1707.0,1408.5],[1704.0,1411.5],[1701.5,1414.0],[1698.0,1416.5],[1695.0,1419.5],[1692.0,1422.5],[1689.5,1425.0],[1687.0,1428.5],[1684.5,1432.0],[1682.5,1436.0],[1682.5,1441.0],[1683.5,1444.0],[1685.0,1448.5],[1687.0,1452.5],[1690.0,1454.5],[1693.0,1457.5],[1699.0,1457.5],[1704.0,1456.5],[1708.0,1454.5],[1711.5,1453.0],[1715.0,1450.5],[1720.0,1449.5],[1725.0,1448.5],[1730.0,1448.5],[1735.0,1449.5],[1739.0,1451.5],[1743.0,1453.5],[1747.0,1454.5],[1752.0,1453.5],[1757.0,1454.5],[1761.5,1454.0],[1766.0,1454.5],[1771.0,1455.5],[1775.5,1457.0],[1778.5,1460.0],[1780.0,1463.5],[1780.5,1469.0],[1779.5,1474.0],[1778.5,1479.0],[1777.0,1482.5],[1773.5,1485.0],[1768.5,1486.0],[1763.0,1486.5],[1758.0,1486.5],[1753.0,1487.5],[1749.0,1489.5],[1745.0,1491.5],[1741.5,1493.0],[1737.0,1494.5],[1732.5,1496.0],[1728.0,1497.5],[1723.0,1497.5],[1718.0,1498.5],[1713.0,1499.5]]",243071.7805223465,431126.3141183853,64.03059768676758,,,,,0.7519949534,38214,SPW_0172,SPW_여수로_교각_도수면,SPW_0172,937f6f04-61a2-5658-853c-23dbe2f815de,0.9821296863438427,../../Data/DJI_20250702151015_0500_V.JPG,../Overlay/SPL/P000171.png,mapped,local_surface_estimate
DJI_20250702151015_0500_V.JPG,P000172,SPL,박락,"[[1730.0,1383.5],[1729.0,1383.5],[1728.5,1383.0],[1728.0,1382.5],[1727.0,1382.5],[1726.0,1382.5],[1725.0,1382.5],[1724.5,1382.0],[1725.0,1381.5],[1725.5,1381.0],[1726.0,1380.5],[1727.0,1380.5],[1728.0,1380.5],[1729.0,1380.5],[1730.0,1380.5],[1730.5,1381.0],[1730.5,1382.0],[1730.5,1383.0],[1730.0,1383.5]]",243072.1129693985,431125.6625442505,64.17828178405762,,,,,0.0002584748,13,SPW_0172,SPW_여수로_교각_도수면,SPW_0172,937f6f04-61a2-5658-853c-23dbe2f815de,0.557694123341487,../../Data/DJI_20250702151015_0500_V.JPG,../Overlay/SPL/P000172.png,mapped,local_surface_estimate
DJI_20250702151015_0500_V.JPG,P000173,SPL,박락,"[[3846.0,1406.5],[3845.5,1406.0],[3845.0,1405.5],[3844.5,1405.0],[3844.5,1404.0],[3844.5,1403.0],[3844.5,1402.0],[3844.0,1401.5],[3843.5,1401.0],[3843.5,1400.0],[3843.5,1399.0],[3843.5,1398.0],[3843.5,1397.0],[3843.5,1396.0],[3843.5,1395.0],[3844.0,1394.5],[3844.5,1394.0],[3845.0,1393.5],[3845.5,1394.0],[3846.0,1394.5],[3846.5,1395.0],[3847.0,1395.5],[3848.0,1395.5],[3848.5,1396.0],[3849.0,1396.5],[3849.5,1397.0],[3850.0,1397.5],[3850.5,1398.0],[3850.5,1399.0],[3850.5,1400.0],[3850.5,1401.0],[3850.5,1402.0],[3850.0,1402.5],[3849.5,1403.0],[3849.0,1403.5],[3848.5,1404.0],[3848.0,1404.5],[3847.5,1405.0],[3847.0,1405.5],[3846.5,1406.0],[3846.0,1406.5]]",243074.97674369812,431116.74724531174,64.02470397949219,,,,,0.0012959866,62,SPW_0174,SPW_여수로_교각_도수면,SPW_0174,2a7517a5-7347-5204-bfdf-6983e26449f6,0.4982889982000474,../../Data/DJI_20250702151015_0500_V.JPG,../Overlay/SPL/P000173.png,mapped,local_surface_estimate
DJI_20250702151015_0500_V.JPG,P000174,SPL,박락,"[[3839.0,1761.5],[3836.0,1759.5],[3832.0,1757.5],[3828.0,1756.5],[3824.0,1755.5],[3820.0,1753.5],[3816.5,1752.0],[3813.0,1750.5],[3809.5,1748.0],[3806.5,1746.0],[3803.5,1744.0],[3801.0,1741.5],[3798.0,1738.5],[3795.5,1736.0],[3793.5,1733.0],[3791.0,1729.5],[3788.5,1727.0],[3787.0,1723.5],[3785.5,1719.0],[3787.0,1715.5],[3788.5,1712.0],[3791.0,1708.5],[3792.5,1705.0],[3793.5,1701.0],[3795.0,1696.5],[3796.5,1693.0],[3798.0,1689.5],[3800.5,1686.0],[3802.5,1683.0],[3804.5,1680.0],[3807.0,1676.5],[3808.5,1673.0],[3810.0,1669.5],[3811.5,1666.0],[3814.5,1663.0],[3814.0,1659.5],[3815.0,1655.5],[3815.5,1650.0],[3815.5,1645.0],[3814.5,1641.0],[3813.0,1636.5],[3811.5,1633.0],[3810.0,1629.5],[3808.5,1625.0],[3807.5,1621.0],[3807.5,1616.0],[3807.5,1610.0],[3806.5,1606.0],[3805.5,1602.0],[3804.5,1597.0],[3803.5,1593.0],[3802.5,1589.0],[3800.5,1585.0],[3799.5,1581.0],[3798.5,1577.0],[3797.0,1573.5],[3795.5,1569.0],[3794.5,1565.0],[3792.5,1562.0],[3790.0,1558.5],[3787.5,1556.0],[3785.0,1553.5],[3780.5,1552.0],[3776.0,1551.5],[3771.0,1551.5],[3766.5,1552.0],[3763.0,1552.5],[3759.0,1553.5],[3753.0,1553.5],[3749.5,1555.0],[3746.0,1556.5],[3742.0,1558.5],[3739.5,1561.0],[3737.0,1563.5],[3734.0,1566.5],[3732.0,1569.5],[3729.0,1571.5],[3726.0,1573.5],[3721.0,1574.5],[3717.0,1575.5],[3712.0,1575.5],[3706.0,1575.5],[3702.0,1576.5],[3698.5,1578.0],[3694.0,1579.5],[3691.0,1581.5],[3687.5,1583.0],[3683.5,1585.0],[3680.0,1586.5],[3676.0,1587.5],[3671.5,1589.0],[3667.0,1589.5],[3663.0,1590.5],[3658.0,1589.5],[3653.0,1589.5],[3649.0,1588.5],[3645.0,1587.5],[3640.0,1586.5],[3635.0,1586.5],[3630.0,1586.5],[3624.0,1586.5],[3620.0,1585.5],[3616.0,1584.5],[3612.5,1582.0],[3610.0,1579.5],[3607.0,1577.5],[3604.0,1574.5],[3601.0,1572.5],[3598.0,1570.5],[3594.0,1568.5],[3591.0,1566.5],[3588.0,1564.5],[3584.0,1562.5],[3582.5,1559.0],[3579.0,1557.5],[3575.0,1555.5],[3572.0,1553.5],[3572.0,1549.5],[3572.5,1545.0],[3575.0,1541.5],[3575.0,1538.5],[3577.0,1535.5],[3583.0,1535.5],[3583.5,1531.0],[3586.0,1528.5],[3589.5,1528.0],[3594.0,1527.5],[3597.5,1526.0],[3601.5,1524.0],[3605.0,1522.5],[3609.0,1521.5],[3613.0,1521.5],[3618.0,1521.5],[3623.0,1521.5],[3627.5,1521.0],[3632.0,1521.5],[3636.0,1520.5],[3642.0,1520.5],[3647.0,1520.5],[3650.5,1521.0],[3655.0,1520.5],[3660.0,1519.5],[3663.0,1519.5],[3668.0,1519.5],[3674.0,1519.5],[3678.5,1520.0],[3683.0,1520.5],[3688.0,1521.5],[3693.0,1521.5],[3697.0,1522.5],[3702.5,1523.0],[3707.0,1523.5],[3711.5,1524.0],[3717.0,1524.5],[3722.0,1524.5],[3725.0,1524.5],[3730.0,1525.5],[3735.0,1525.5],[3740.0,1525.5],[3745.0,1526.5],[3750.0,1526.5],[3754.0,1525.5],[3759.0,1525.5],[3764.0,1524.5],[3767.5,1526.0],[3770.5,1528.0],[3772.5,1532.0],[3774.0,1535.5],[3779.0,1535.5],[3785.0,1535.5],[3790.0,1535.5],[3795.0,1535.5],[3801.0,1535.5],[3805.5,1535.0],[3809.0,1535.5],[3812.5,1535.0],[3817.0,1534.5],[3821.0,1533.5],[3826.0,1532.5],[3829.5,1531.0],[3832.0,1528.5],[3834.0,1525.5],[3837.5,1523.0],[3839.5,1520.0],[3839.5,1515.0],[3841.5,1512.0],[3845.0,1511.5],[3848.5,1513.0],[3853.0,1514.5],[3857.0,1515.5],[3860.0,1517.5],[3863.5,1520.0],[3866.0,1522.5],[3868.0,1525.5],[3869.5,1530.0],[3868.5,1534.0],[3866.0,1536.5],[3865.5,1542.0],[3867.0,1545.5],[3868.5,1549.0],[3870.5,1553.0],[3870.5,1558.0],[3869.5,1562.0],[3868.5,1566.0],[3868.5,1572.0],[3868.5,1577.0],[3869.5,1581.0],[3870.5,1586.0],[3870.5,1591.0],[3871.5,1595.0],[3871.5,1601.0],[3872.5,1605.0],[3872.5,1610.0],[3873.5,1615.0],[3873.5,1620.0],[3874.5,1624.0],[3875.5,1629.0],[3875.5,1634.0],[3876.5,1638.0],[3877.5,1643.0],[3878.5,1647.0],[3879.5,1651.0],[3880.5,1656.0],[3881.0,1660.5],[3880.0,1662.5],[3883.5,1664.0],[3883.5,1670.0],[3883.5,1675.0],[3883.5,1680.0],[3883.5,1686.0],[3882.5,1690.0],[3882.5,1695.0],[3883.5,1700.0],[3883.5,1705.0],[3885.0,1708.5],[3886.5,1713.0],[3886.5,1718.0],[3887.5,1722.0],[3890.0,1725.5],[3891.5,1729.0],[3889.5,1732.0],[3887.5,1736.0],[3884.0,1737.5],[3881.0,1739.5],[3877.0,1741.5],[3872.5,1742.0],[3869.0,1743.5],[3865.5,1745.0],[3861.5,1747.0],[3859.0,1749.5],[3855.5,1751.0],[3852.5,1754.0],[3849.5,1756.0],[3846.5,1758.0],[3842.5,1760.0],[3839.0,1761.5]]",243074.37249946594,431116.81555747986,63.2745361328125,,,,,0.5603669297,27658,SPW_0194,SPW_여수로_교각_도수면,SPW_0194,53c7e2c9-6ca7-57c0-86f0-5b3abb5ccf43,0.9632370410459713,../../Data/DJI_20250702151015_0500_V.JPG,../Overlay/SPL/P000174.png,mapped,local_surface_estimate
DJI_20250702151015_0500_V.JPG,P000175,SPL,박락,"[[1796.0,2053.5],[1788.0,2052.5],[1777.0,2052.5],[1766.5,2053.0],[1757.5,2051.0],[1748.5,2050.0],[1741.0,2049.5],[1729.5,2050.0],[1720.0,2051.5],[1710.5,2052.0],[1702.0,2051.5],[1690.0,2051.5],[1680.0,2052.5],[1669.0,2052.5],[1662.0,2048.5],[1653.0,2047.5],[1642.0,2047.5],[1631.0,2047.5],[1620.0,2047.5],[1608.0,2047.5],[1601.0,2043.5],[1599.5,2034.0],[1597.5,2025.0],[1593.0,2017.5],[1584.5,2016.0],[1577.0,2019.5],[1570.0,2023.5],[1560.0,2024.5],[1551.0,2027.5],[1543.0,2026.5],[1535.5,2027.0],[1529.0,2022.5],[1520.5,2019.0],[1512.0,2016.5],[1503.0,2016.5],[1495.0,2013.5],[1488.0,2010.5],[1484.0,2003.5],[1479.5,1997.0],[1473.5,1992.0],[1465.5,1988.0],[1459.0,1983.5],[1453.5,1978.0],[1447.0,1973.5],[1439.0,1969.5],[1433.5,1964.0],[1429.0,1957.5],[1425.5,1950.0],[1420.0,1944.5],[1416.5,1938.0],[1421.5,1932.0],[1423.5,1923.0],[1427.0,1919.5],[1434.0,1914.5],[1436.5,1908.0],[1439.5,1900.0],[1439.5,1891.0],[1437.5,1881.0],[1437.5,1872.0],[1441.0,1864.5],[1446.5,1859.0],[1449.5,1850.0],[1451.5,1841.0],[1453.5,1832.0],[1452.5,1822.0],[1449.5,1813.0],[1449.5,1806.0],[1453.5,1799.0],[1458.0,1792.5],[1462.5,1785.0],[1462.5,1776.0],[1458.5,1769.0],[1454.5,1762.0],[1450.5,1755.0],[1448.5,1745.0],[1453.5,1739.0],[1456.5,1731.0],[1457.5,1721.0],[1458.5,1710.0],[1457.5,1704.0],[1452.0,1698.5],[1446.5,1695.0],[1440.5,1691.0],[1439.5,1686.0],[1445.5,1682.0],[1452.5,1678.0],[1457.5,1671.0],[1459.5,1662.0],[1461.0,1654.5],[1465.5,1648.0],[1468.0,1638.5],[1465.5,1631.0],[1463.0,1622.5],[1468.0,1617.5],[1476.5,1615.0],[1484.5,1611.0],[1489.5,1605.0],[1495.5,1600.0],[1505.0,1598.5],[1514.0,1597.5],[1520.5,1593.0],[1527.0,1588.5],[1529.5,1582.0],[1528.0,1572.5],[1529.5,1565.0],[1535.5,1560.0],[1545.0,1558.5],[1555.5,1557.0],[1564.0,1556.5],[1574.0,1557.5],[1584.0,1556.5],[1595.0,1555.5],[1605.0,1556.5],[1615.0,1555.5],[1624.0,1555.5],[1634.0,1555.5],[1645.0,1555.5],[1654.0,1555.5],[1664.0,1556.5],[1673.0,1558.5],[1683.0,1558.5],[1693.5,1558.0],[1704.0,1557.5],[1713.0,1559.5],[1723.0,1561.5],[1733.5,1561.0],[1742.0,1560.5],[1753.0,1560.5],[1765.0,1560.5],[1775.0,1561.5],[1784.0,1563.5],[1794.5,1563.0],[1803.0,1563.5],[1809.5,1568.0],[1806.5,1576.0],[1800.5,1580.0],[1791.5,1579.0],[1783.5,1580.0],[1774.5,1581.0],[1769.0,1586.5],[1762.0,1590.5],[1753.5,1594.0],[1746.0,1597.5],[1742.0,1602.5],[1740.5,1612.0],[1740.0,1621.5],[1740.0,1625.5],[1737.5,1633.0],[1735.5,1640.0],[1735.5,1650.0],[1734.5,1660.0],[1731.0,1663.5],[1731.5,1671.0],[1734.0,1680.5],[1735.5,1690.0],[1734.5,1698.0],[1731.0,1705.5],[1728.5,1715.0],[1728.0,1722.5],[1732.0,1729.5],[1736.5,1736.0],[1746.0,1738.5],[1753.0,1742.5],[1758.5,1748.0],[1756.0,1754.5],[1751.0,1760.5],[1748.5,1768.0],[1754.0,1773.5],[1763.0,1775.5],[1771.0,1772.5],[1776.5,1766.0],[1784.0,1762.5],[1793.0,1764.5],[1801.0,1767.5],[1809.0,1771.5],[1814.5,1777.0],[1815.0,1784.5],[1807.0,1787.5],[1797.5,1790.0],[1790.5,1794.0],[1785.5,1800.0],[1787.0,1807.5],[1786.0,1815.5],[1783.0,1822.5],[1790.5,1824.0],[1785.5,1826.0],[1780.5,1823.0],[1770.0,1821.5],[1760.0,1822.5],[1751.0,1824.5],[1741.0,1823.5],[1730.0,1822.5],[1723.0,1826.5],[1716.5,1831.0],[1711.5,1837.0],[1706.0,1843.5],[1700.0,1848.5],[1693.5,1853.0],[1686.0,1856.5],[1677.0,1859.5],[1668.0,1861.5],[1659.5,1861.0],[1651.0,1858.5],[1643.0,1854.5],[1634.0,1852.5],[1624.0,1851.5],[1616.5,1855.0],[1611.0,1861.5],[1607.5,1869.0],[1605.5,1878.0],[1602.0,1885.5],[1596.5,1891.0],[1589.5,1896.0],[1583.0,1900.5],[1576.0,1904.5],[1570.0,1909.5],[1568.0,1918.5],[1567.5,1928.0],[1566.0,1937.5],[1563.0,1945.5],[1559.5,1954.0],[1558.5,1964.0],[1560.5,1973.0],[1565.5,1979.0],[1573.0,1983.5],[1583.0,1984.5],[1593.0,1983.5],[1602.0,1981.5],[1610.5,1978.0],[1618.5,1975.0],[1627.5,1973.0],[1637.0,1971.5],[1647.0,1972.5],[1655.5,1976.0],[1661.5,1981.0],[1668.0,1985.5],[1678.0,1986.5],[1689.0,1987.5],[1698.0,1989.5],[1706.5,1992.0],[1716.0,1993.5],[1726.0,1993.5],[1733.0,1993.5],[1738.0,1999.5],[1745.0,2003.5],[1754.0,2006.5],[1762.0,2009.5],[1770.0,2012.5],[1778.0,2015.5],[1786.0,2019.5],[1795.0,2021.5],[1805.0,2022.5],[1805.5,2031.0],[1806.5,2042.0],[1802.0,2048.5],[1796.0,2053.5]]",243070.94197559357,431125.8097190857,62.730860233306885,,,,,2.2316714759,119385,SPW_0192,SPW_여수로_교각_도수면,SPW_0192,944d3034-21d5-5ffd-9716-1e891afb0a99,0.9804861199972132,../../Data/DJI_20250702151015_0500_V.JPG,../Overlay/SPL/P000175.png,mapped,local_surface_estimate
DJI_20250702151015_0500_V.JPG,P000176,SPL,박락,"[[852.0,2332.5],[842.0,2328.5],[831.0,2324.5],[820.0,2321.5],[808.5,2319.0],[799.0,2314.5],[791.5,2307.0],[781.0,2303.5],[767.5,2303.0],[762.0,2294.5],[755.0,2286.5],[747.5,2280.0],[740.0,2275.5],[730.5,2280.0],[720.0,2284.5],[709.0,2285.5],[700.5,2280.0],[695.5,2271.0],[699.5,2260.0],[701.5,2248.0],[702.5,2235.0],[704.5,2223.0],[704.5,2210.0],[703.5,2197.0],[700.5,2186.0],[698.5,2174.0],[697.5,2162.0],[706.5,2157.0],[716.5,2153.0],[723.5,2145.0],[728.0,2135.5],[732.0,2125.5],[735.5,2115.0],[739.0,2103.5],[739.5,2090.0],[739.5,2078.0],[732.0,2071.5],[722.5,2067.0],[712.0,2064.5],[704.5,2058.0],[703.5,2047.0],[702.5,2033.0],[704.5,2021.0],[705.5,2010.0],[708.5,1999.0],[709.5,1985.0],[710.5,1972.0],[712.5,1960.0],[714.5,1948.0],[716.5,1935.0],[717.5,1922.0],[719.5,1912.0],[721.5,1900.0],[726.5,1890.0],[729.5,1879.0],[731.5,1867.0],[733.5,1855.0],[735.5,1842.0],[737.5,1830.0],[739.5,1818.0],[740.5,1804.0],[738.5,1792.0],[737.5,1779.0],[738.5,1768.0],[732.0,1759.5],[722.0,1755.5],[709.0,1754.5],[697.0,1752.5],[685.0,1749.5],[675.0,1745.5],[663.0,1745.5],[653.5,1741.0],[655.5,1732.0],[655.5,1724.0],[651.5,1716.0],[642.0,1711.5],[634.5,1706.0],[628.5,1698.0],[625.0,1687.5],[626.5,1678.0],[622.5,1667.0],[623.5,1658.0],[627.5,1650.0],[628.5,1639.0],[626.0,1627.5],[627.5,1615.0],[633.5,1607.0],[641.0,1599.5],[639.5,1588.0],[644.5,1579.0],[655.0,1575.5],[666.0,1571.5],[676.0,1567.5],[687.0,1564.5],[700.0,1565.5],[713.0,1567.5],[726.0,1566.5],[739.0,1565.5],[752.0,1566.5],[762.5,1571.0],[771.0,1576.5],[781.5,1580.0],[793.0,1580.5],[805.0,1577.5],[818.0,1576.5],[831.0,1575.5],[844.0,1574.5],[857.0,1572.5],[869.0,1570.5],[882.0,1569.5],[895.0,1568.5],[909.0,1569.5],[923.0,1569.5],[936.0,1568.5],[950.0,1567.5],[964.0,1567.5],[978.0,1567.5],[991.0,1566.5],[1005.0,1565.5],[1013.5,1571.0],[1020.5,1578.0],[1025.5,1587.0],[1028.5,1599.0],[1030.0,1610.5],[1027.5,1622.0],[1027.5,1634.0],[1025.0,1646.5],[1021.0,1656.5],[1021.0,1663.5],[1021.5,1673.0],[1023.5,1684.0],[1023.5,1696.0],[1023.5,1708.0],[1023.5,1720.0],[1018.5,1730.0],[1012.0,1737.5],[1003.0,1742.5],[994.0,1747.5],[996.0,1755.5],[1008.0,1755.5],[1014.5,1759.0],[1019.5,1764.0],[1018.5,1774.0],[1022.0,1784.5],[1024.5,1794.0],[1020.5,1805.0],[1024.0,1815.5],[1022.5,1827.0],[1017.5,1836.0],[1024.0,1844.5],[1034.0,1848.5],[1046.0,1846.5],[1054.0,1840.5],[1058.5,1830.0],[1057.5,1819.0],[1063.0,1810.5],[1073.5,1807.0],[1086.0,1804.5],[1095.0,1807.5],[1103.0,1813.5],[1104.5,1824.0],[1115.0,1828.5],[1128.0,1827.5],[1137.0,1832.5],[1142.0,1841.5],[1151.5,1847.0],[1152.5,1860.0],[1151.5,1871.0],[1151.5,1883.0],[1153.5,1894.0],[1151.5,1906.0],[1154.5,1917.0],[1167.0,1915.5],[1179.0,1913.5],[1192.0,1912.5],[1204.0,1910.5],[1215.0,1908.5],[1226.0,1905.5],[1233.5,1910.0],[1230.0,1919.5],[1243.5,1921.0],[1240.0,1926.5],[1241.5,1937.0],[1240.0,1944.5],[1244.5,1953.0],[1254.0,1957.5],[1259.5,1964.0],[1252.0,1970.5],[1246.0,1979.5],[1243.0,1990.5],[1234.0,1995.5],[1226.0,2001.5],[1219.0,2009.5],[1209.0,2013.5],[1201.0,2019.5],[1191.0,2015.5],[1179.0,2012.5],[1168.5,2014.0],[1158.0,2013.5],[1146.0,2016.5],[1134.0,2016.5],[1125.5,2011.0],[1119.5,2003.0],[1110.5,1997.0],[1099.0,1998.5],[1087.0,1998.5],[1077.0,1994.5],[1071.5,1985.0],[1068.5,1974.0],[1063.0,1965.5],[1054.5,1962.0],[1048.5,1970.0],[1046.0,1979.5],[1044.0,1991.5],[1044.5,2004.0],[1045.5,2018.0],[1038.0,2024.5],[1035.0,2030.5],[1044.0,2035.5],[1046.5,2042.0],[1042.0,2045.5],[1041.5,2053.0],[1041.5,2063.0],[1040.0,2074.5],[1032.5,2081.0],[1028.0,2090.5],[1023.5,2100.0],[1018.5,2110.0],[1014.0,2119.5],[1011.5,2129.0],[1013.0,2142.5],[1014.5,2153.0],[1010.0,2162.5],[1004.0,2170.5],[998.0,2179.5],[993.5,2189.0],[988.0,2197.5],[980.0,2203.5],[971.0,2209.5],[965.0,2217.5],[959.5,2226.0],[954.5,2235.0],[948.0,2243.5],[941.5,2251.0],[931.5,2255.0],[919.0,2256.5],[909.0,2261.5],[902.5,2269.0],[897.0,2277.5],[895.5,2290.0],[887.0,2296.5],[880.0,2303.5],[871.5,2309.0],[868.5,2320.0],[861.5,2328.0],[852.0,2332.5]]",243069.7109594345,431128.5417537689,62.32188653945923,,,,,4.664687282,258529,SPW_0191,SPW_여수로_교각_도수면,SPW_0191,3d53de9f-331b-5010-b9e3-c4422ec96b7e,0.9819669141027729,../../Data/DJI_20250702151015_0500_V.JPG,../Overlay/SPL/P000176.png,mapped,local_surface_estimate
DJI_20250702151015_0500_V.JPG,P000177,SPL,박락,"[[1479.0,1570.5],[1478.0,1570.5],[1477.0,1570.5],[1476.5,1570.0],[1476.5,1569.0],[1477.0,1568.5],[1477.5,1568.0],[1478.0,1567.5],[1478.5,1568.0],[1479.0,1568.5],[1479.5,1569.0],[1479.5,1570.0],[1479.0,1570.5]]",243071.309343338,431126.50754261017,63.50612831115723,,,,,0.0001345971,7,SPW_0192,SPW_여수로_교각_도수면,SPW_0192,944d3034-21d5-5ffd-9716-1e891afb0a99,0.5432231851986477,../../Data/DJI_20250702151015_0500_V.JPG,../Overlay/SPL/P000177.png,mapped,local_surface_estimate
DJI_20250702151015_0500_V.JPG,P000178,SPL,박락,"[[3458.0,1587.5],[3457.0,1587.5],[3456.5,1587.0],[3456.5,1586.0],[3456.0,1585.5],[3455.5,1585.0],[3455.5,1584.0],[3455.5,1583.0],[3455.5,1582.0],[3455.5,1581.0],[3455.5,1580.0],[3455.5,1579.0],[3455.5,1578.0],[3455.5,1577.0],[3455.5,1576.0],[3455.5,1575.0],[3455.5,1574.0],[3455.5,1573.0],[3455.5,1572.0],[3455.5,1571.0],[3455.5,1570.0],[3456.0,1569.5],[3457.0,1569.5],[3457.5,1569.0],[3458.0,1568.5],[3459.0,1568.5],[3460.0,1568.5],[3460.5,1568.0],[3461.0,1567.5],[3462.0,1567.5],[3463.0,1567.5],[3464.0,1567.5],[3465.0,1567.5],[3465.5,1568.0],[3466.0,1568.5],[3466.5,1568.0],[3467.0,1567.5],[3468.0,1567.5],[3469.0,1567.5],[3470.0,1567.5],[3471.0,1567.5],[3472.0,1567.5],[3472.5,1568.0],[3472.0,1568.5],[3471.5,1569.0],[3472.0,1569.5],[3472.5,1570.0],[3472.5,1571.0],[3472.0,1571.5],[3471.5,1572.0],[3472.0,1572.5],[3472.5,1573.0],[3472.5,1574.0],[3472.0,1574.5],[3471.5,1575.0],[3471.5,1576.0],[3471.5,1577.0],[3471.0,1577.5],[3470.5,1578.0],[3470.0,1578.5],[3469.5,1579.0],[3469.5,1580.0],[3469.0,1580.5],[3468.5,1581.0],[3468.0,1581.5],[3467.5,1582.0],[3467.5,1583.0],[3467.0,1583.5],[3466.5,1584.0],[3466.0,1584.5],[3465.5,1585.0],[3465.0,1585.5],[3464.0,1585.5],[3463.5,1586.0],[3463.0,1586.5],[3462.0,1586.5],[3461.0,1586.5],[3460.0,1586.5],[3459.0,1586.5],[3458.5,1587.0],[3458.0,1587.5]]",243073.9725074768,431118.2779185772,63.389719009399414,,,,,0.0053848793,267,SPW_0194,SPW_여수로_교각_도수면,SPW_0194,53c7e2c9-6ca7-57c0-86f0-5b3abb5ccf43,0.564230574092615,../../Data/DJI_20250702151015_0500_V.JPG,../Overlay/SPL/P000178.png,mapped,local_surface_estimate
DJI_20250702151015_0500_V.JPG,P000179,SPL,박락,"[[2232.0,1861.5],[2231.5,1861.0],[2230.5,1861.0],[2230.0,1861.5],[2228.5,1861.0],[2228.0,1860.5],[2227.0,1860.5],[2226.0,1859.5],[2225.0,1859.5],[2223.5,1859.0],[2223.0,1858.5],[2221.5,1858.0],[2221.0,1857.5],[2220.0,1857.5],[2219.0,1856.5],[2218.5,1856.0],[2217.0,1855.5],[2216.0,1855.5],[2215.5,1855.0],[2214.0,1854.5],[2213.0,1854.5],[2211.5,1854.0],[2211.0,1853.5],[2210.0,1853.5],[2208.0,1853.5],[2207.0,1853.5],[2206.0,1852.5],[2205.5,1852.0],[2204.5,1851.0],[2204.5,1850.0],[2204.0,1849.5],[2203.5,1848.0],[2203.5,1847.0],[2203.5,1845.0],[2203.5,1844.0],[2203.5,1843.0],[2204.0,1841.5],[2204.5,1841.0],[2204.5,1839.0],[2204.5,1838.0],[2204.5,1837.0],[2204.5,1835.0],[2204.5,1834.0],[2204.5,1832.0],[2204.5,1831.0],[2204.5,1829.0],[2204.5,1828.0],[2204.5,1827.0],[2204.5,1825.0],[2204.5,1824.0],[2204.5,1822.0],[2204.5,1821.0],[2204.5,1820.0],[2204.5,1818.0],[2204.5,1817.0],[2204.5,1815.0],[2204.5,1814.0],[2204.5,1813.0],[2204.5,1811.0],[2204.5,1810.0],[2204.5,1808.0],[2204.5,1807.0],[2205.0,1805.5],[2205.5,1805.0],[2205.5,1804.0],[2205.5,1802.0],[2205.5,1801.0],[2205.5,1799.0],[2205.5,1798.0],[2205.5,1797.0],[2205.5,1795.0],[2205.5,1794.0],[2205.5,1792.0],[2205.5,1791.0],[2205.5,1790.0],[2205.5,1788.0],[2205.5,1787.0],[2205.0,1785.5],[2204.5,1785.0],[2204.5,1783.0],[2204.5,1782.0],[2204.5,1781.0],[2204.5,1779.0],[2204.0,1778.5],[2203.5,1777.0],[2203.5,1776.0],[2203.5,1775.0],[2203.5,1773.0],[2203.5,1772.0],[2203.5,1770.0],[2203.5,1769.0],[2204.0,1768.5],[2204.5,1767.0],[2204.5,1766.0],[2205.0,1764.5],[2205.5,1764.0],[2206.0,1762.5],[2206.5,1762.0],[2207.0,1761.5],[2208.0,1760.5],[2209.0,1760.5],[2210.0,1759.5],[2210.5,1759.0],[2211.0,1758.5],[2213.0,1758.5],[2214.0,1758.5],[2216.0,1758.5],[2216.5,1758.0],[2217.0,1757.5],[2219.0,1757.5],[2220.0,1757.5],[2222.0,1757.5],[2223.0,1757.5],[2225.0,1757.5],[2225.5,1757.0],[2226.0,1756.5],[2228.0,1756.5],[2229.0,1756.5],[2231.0,1756.5],[2231.5,1757.0],[2232.0,1757.5],[2234.0,1757.5],[2235.0,1757.5],[2237.0,1757.5],[2238.0,1757.5],[2239.0,1757.5],[2241.0,1757.5],[2242.0,1757.5],[2244.0,1757.5],[2245.0,1757.5],[2247.0,1757.5],[2248.0,1757.5],[2249.0,1757.5],[2251.0,1757.5],[2252.0,1757.5],[2254.0,1757.5],[2255.0,1757.5],[2256.0,1757.5],[2257.0,1758.5],[2258.0,1758.5],[2260.0,1758.5],[2261.0,1758.5],[2262.0,1758.5],[2263.5,1759.0],[2264.0,1759.5],[2266.0,1759.5],[2267.0,1759.5],[2268.0,1760.5],[2268.5,1761.0],[2269.0,1761.5],[2270.0,1762.5],[2270.5,1763.0],[2271.5,1764.0],[2271.5,1765.0],[2271.5,1766.0],[2271.5,1768.0],[2271.5,1769.0],[2271.5,1771.0],[2271.5,1772.0],[2271.5,1773.0],[2271.5,1775.0],[2271.5,1776.0],[2271.5,1778.0],[2271.5,1779.0],[2271.5,1781.0],[2271.5,1782.0],[2271.5,1783.0],[2271.5,1785.0],[2272.0,1785.5],[2272.5,1787.0],[2272.5,1788.0],[2272.5,1789.0],[2273.0,1790.5],[2273.5,1791.0],[2273.5,1793.0],[2273.5,1794.0],[2273.5,1795.0],[2274.0,1796.5],[2274.5,1797.0],[2274.5,1799.0],[2274.5,1800.0],[2274.5,1802.0],[2274.5,1803.0],[2274.5,1804.0],[2274.5,1806.0],[2275.0,1806.5],[2275.5,1808.0],[2275.5,1809.0],[2275.5,1810.0],[2275.5,1812.0],[2275.5,1813.0],[2275.5,1815.0],[2275.5,1816.0],[2275.5,1817.0],[2275.5,1819.0],[2275.5,1820.0],[2275.5,1822.0],[2275.5,1823.0],[2274.5,1824.0],[2274.5,1825.0],[2274.5,1826.0],[2274.5,1828.0],[2274.0,1828.5],[2273.5,1830.0],[2273.5,1831.0],[2273.0,1831.5],[2272.5,1833.0],[2272.0,1833.5],[2271.5,1835.0],[2271.0,1835.5],[2270.5,1836.0],[2269.5,1837.0],[2269.5,1838.0],[2268.0,1838.5],[2267.5,1839.0],[2266.5,1840.0],[2266.0,1840.5],[2265.0,1840.5],[2264.0,1841.5],[2263.0,1841.5],[2262.0,1842.5],[2261.0,1842.5],[2260.5,1843.0],[2259.0,1843.5],[2258.5,1844.0],[2257.0,1844.5],[2256.5,1845.0],[2256.0,1845.5],[2254.5,1846.0],[2254.0,1846.5],[2252.5,1847.0],[2252.0,1847.5],[2251.0,1848.5],[2250.0,1848.5],[2249.5,1849.0],[2248.5,1850.0],[2248.0,1850.5],[2247.0,1851.5],[2246.5,1852.0],[2246.0,1852.5],[2245.0,1853.5],[2244.5,1854.0],[2243.5,1855.0],[2243.0,1855.5],[2242.5,1856.0],[2241.0,1856.5],[2240.5,1857.0],[2239.5,1858.0],[2239.0,1858.5],[2237.5,1859.0],[2237.0,1859.5],[2236.0,1859.5],[2235.0,1860.5],[2234.0,1860.5],[2232.5,1861.0],[2232.0,1861.5]]",243071.73119735718,431123.19396829605,62.619988441467285,,,,,0.1213696873,6413,SPW_0193,SPW_여수로_교각_도수면,SPW_0193,780742a0-fe76-53a6-aabb-58474a8239c3,0.9826973114791795,../../Data/DJI_20250702151015_0500_V.JPG,../Overlay/SPL/P000179.png,mapped,local_surface_estimate
DJI_20250702151015_0500_V.JPG,P000180,SPL,박락,"[[2927.0,1829.5],[2925.5,1829.0],[2925.0,1828.5],[2923.5,1828.0],[2923.0,1827.5],[2921.5,1827.0],[2921.0,1826.5],[2920.0,1825.5],[2919.5,1825.0],[2918.0,1824.5],[2917.5,1824.0],[2916.5,1823.0],[2916.0,1822.5],[2915.0,1821.5],[2914.0,1821.5],[2913.0,1820.5],[2912.5,1820.0],[2911.0,1819.5],[2910.5,1819.0],[2909.0,1818.5],[2908.0,1818.5],[2906.5,1818.0],[2906.0,1817.5],[2904.0,1817.5],[2903.0,1817.5],[2901.0,1817.5],[2900.0,1817.5],[2899.0,1818.5],[2898.0,1818.5],[2896.0,1818.5],[2895.0,1818.5],[2893.0,1818.5],[2892.5,1819.0],[2891.0,1819.5],[2890.0,1819.5],[2889.0,1820.5],[2888.0,1820.5],[2887.0,1819.5],[2885.5,1820.0],[2885.0,1820.5],[2883.0,1820.5],[2882.0,1820.5],[2880.5,1820.0],[2880.0,1819.5],[2879.0,1818.5],[2878.0,1818.5],[2876.5,1818.0],[2876.0,1817.5],[2875.0,1816.5],[2874.0,1816.5],[2872.5,1816.0],[2872.0,1815.5],[2870.0,1815.5],[2869.5,1815.0],[2868.5,1814.0],[2868.0,1813.5],[2866.0,1813.5],[2865.0,1813.5],[2863.5,1813.0],[2863.0,1812.5],[2861.5,1812.0],[2861.0,1811.5],[2859.0,1811.5],[2858.0,1811.5],[2856.5,1811.0],[2856.5,1810.0],[2855.0,1809.5],[2854.0,1809.5],[2852.0,1809.5],[2851.5,1809.0],[2850.0,1808.5],[2849.5,1809.0],[2848.0,1809.5],[2846.5,1809.0],[2846.0,1808.5],[2844.0,1808.5],[2843.0,1808.5],[2842.0,1807.5],[2841.0,1807.5],[2840.5,1806.0],[2840.0,1805.5],[2839.0,1804.5],[2838.5,1804.0],[2837.5,1803.0],[2837.5,1802.0],[2836.5,1801.0],[2836.0,1800.5],[2835.5,1799.0],[2835.0,1798.5],[2834.5,1797.0],[2834.0,1796.5],[2833.0,1795.5],[2832.5,1795.0],[2832.0,1793.5],[2831.5,1793.0],[2831.5,1791.0],[2831.0,1790.5],[2830.5,1789.0],[2830.5,1788.0],[2830.5,1786.0],[2830.0,1785.5],[2829.5,1784.0],[2829.5,1783.0],[2829.5,1781.0],[2830.0,1780.5],[2830.5,1779.0],[2830.5,1778.0],[2831.0,1776.5],[2831.5,1776.0],[2831.5,1774.0],[2832.5,1773.0],[2832.5,1772.0],[2833.5,1771.0],[2833.5,1770.0],[2834.5,1769.0],[2835.0,1768.5],[2835.5,1767.0],[2836.0,1766.5],[2836.5,1765.0],[2837.0,1764.5],[2838.0,1763.5],[2838.5,1763.0],[2840.0,1762.5],[2840.5,1762.0],[2842.0,1761.5],[2843.0,1761.5],[2844.5,1761.0],[2845.0,1760.5],[2847.0,1760.5],[2848.0,1760.5],[2850.0,1760.5],[2851.0,1760.5],[2853.0,1760.5],[2854.0,1760.5],[2856.0,1760.5],[2857.0,1760.5],[2858.0,1761.5],[2859.0,1761.5],[2860.0,1762.5],[2861.0,1762.5],[2863.0,1762.5],[2863.5,1763.0],[2865.0,1763.5],[2866.0,1763.5],[2867.0,1764.5],[2868.0,1764.5],[2869.0,1765.5],[2870.5,1766.0],[2871.0,1766.5],[2872.5,1767.0],[2873.0,1767.5],[2874.0,1768.5],[2875.0,1768.5],[2876.0,1769.5],[2877.0,1769.5],[2878.0,1770.5],[2879.0,1770.5],[2880.0,1771.5],[2881.0,1771.5],[2883.0,1771.5],[2884.0,1771.5],[2885.0,1772.5],[2886.0,1772.5],[2888.0,1772.5],[2889.0,1772.5],[2891.0,1772.5],[2891.5,1772.0],[2893.0,1771.5],[2894.0,1771.5],[2896.0,1771.5],[2897.0,1771.5],[2899.0,1771.5],[2900.0,1771.5],[2902.0,1771.5],[2903.0,1771.5],[2905.0,1771.5],[2906.0,1771.5],[2908.0,1771.5],[2909.0,1771.5],[2910.0,1772.5],[2911.0,1772.5],[2913.0,1772.5],[2913.5,1773.0],[2915.0,1773.5],[2917.0,1773.5],[2917.5,1774.0],[2919.0,1774.5],[2920.0,1774.5],[2922.0,1774.5],[2922.5,1775.0],[2924.0,1775.5],[2924.5,1776.0],[2926.0,1776.5],[2926.5,1777.0],[2927.5,1778.0],[2928.0,1778.5],[2929.0,1779.5],[2929.5,1780.0],[2930.5,1781.0],[2930.5,1782.0],[2931.5,1783.0],[2931.5,1784.0],[2932.5,1785.0],[2932.5,1786.0],[2933.5,1787.0],[2933.5,1788.0],[2934.5,1789.0],[2934.5,1790.0],[2935.5,1791.0],[2936.0,1791.5],[2936.5,1793.0],[2937.0,1793.5],[2938.0,1794.5],[2938.5,1795.0],[2939.5,1796.0],[2940.0,1796.5],[2941.0,1797.5],[2941.5,1798.0],[2942.0,1799.5],[2943.0,1800.5],[2943.5,1801.0],[2943.0,1802.5],[2942.5,1803.0],[2941.5,1804.0],[2942.0,1804.5],[2943.0,1805.5],[2943.5,1806.0],[2944.0,1807.5],[2944.5,1808.0],[2944.5,1810.0],[2944.5,1811.0],[2943.5,1812.0],[2944.0,1812.5],[2944.0,1813.5],[2943.5,1814.0],[2942.5,1815.0],[2942.0,1815.5],[2941.5,1817.0],[2941.0,1817.5],[2939.5,1818.0],[2939.0,1818.5],[2938.5,1820.0],[2938.0,1820.5],[2937.0,1821.5],[2936.5,1822.0],[2936.0,1823.5],[2935.5,1824.0],[2934.5,1825.0],[2934.0,1825.5],[2933.0,1826.5],[2932.5,1827.0],[2931.5,1828.0],[2931.0,1828.5],[2929.0,1828.5],[2928.0,1828.5],[2927.0,1829.5]]",243072.625125885,431120.54307317734,62.62904119491577,,,,,0.0975059811,5063,SPW_0193,SPW_여수로_교각_도수면,SPW_0193,780742a0-fe76-53a6-aabb-58474a8239c3,0.9685701692137303,../../Data/DJI_20250702151015_0500_V.JPG,../Overlay/SPL/P000180.png,mapped,local_surface_estimate
DJI_20250702151015_0500_V.JPG,P000181,SPL,박락,"[[3473.0,1823.5],[3472.0,1823.5],[3471.0,1823.5],[3470.5,1823.0],[3470.0,1822.5],[3469.0,1822.5],[3468.5,1822.0],[3468.0,1821.5],[3467.0,1821.5],[3466.5,1821.0],[3466.0,1820.5],[3465.0,1820.5],[3464.0,1820.5],[3463.5,1820.0],[3463.0,1819.5],[3462.0,1819.5],[3461.0,1819.5],[3460.5,1820.0],[3460.0,1820.5],[3459.0,1820.5],[3458.5,1820.0],[3458.0,1819.5],[3457.5,1820.0],[3457.0,1820.5],[3456.5,1820.0],[3456.0,1819.5],[3455.5,1819.0],[3455.5,1818.0],[3455.5,1817.0],[3455.5,1816.0],[3455.5,1815.0],[3455.5,1814.0],[3455.5,1813.0],[3455.5,1812.0],[3455.5,1811.0],[3455.5,1810.0],[3455.5,1809.0],[3455.5,1808.0],[3455.5,1807.0],[3455.5,1806.0],[3455.5,1805.0],[3455.5,1804.0],[3455.5,1803.0],[3455.5,1802.0],[3455.5,1801.0],[3455.5,1800.0],[3455.5,1799.0],[3455.5,1798.0],[3455.5,1797.0],[3455.5,1796.0],[3455.5,1795.0],[3455.5,1794.0],[3455.5,1793.0],[3455.5,1792.0],[3455.5,1791.0],[3455.5,1790.0],[3455.5,1789.0],[3455.5,1788.0],[3455.5,1787.0],[3455.5,1786.0],[3455.5,1785.0],[3455.5,1784.0],[3455.5,1783.0],[3455.5,1782.0],[3455.5,1781.0],[3455.5,1780.0],[3455.5,1779.0],[3455.5,1778.0],[3455.5,1777.0],[3455.5,1776.0],[3455.5,1775.0],[3455.5,1774.0],[3455.5,1773.0],[3456.0,1772.5],[3456.5,1772.0],[3457.0,1771.5],[3457.5,1772.0],[3458.0,1772.5],[3459.0,1772.5],[3460.0,1772.5],[3461.0,1772.5],[3462.0,1772.5],[3463.0,1772.5],[3464.0,1772.5],[3464.5,1772.0],[3465.0,1771.5],[3466.0,1771.5],[3467.0,1771.5],[3467.5,1772.0],[3468.0,1772.5],[3469.0,1772.5],[3469.5,1773.0],[3470.0,1773.5],[3470.5,1774.0],[3471.0,1774.5],[3471.5,1775.0],[3472.0,1775.5],[3473.0,1775.5],[3473.5,1776.0],[3473.5,1777.0],[3474.0,1777.5],[3474.5,1778.0],[3474.5,1779.0],[3474.5,1780.0],[3475.0,1780.5],[3475.5,1781.0],[3475.5,1782.0],[3475.5,1783.0],[3476.0,1783.5],[3476.5,1784.0],[3477.0,1784.5],[3477.5,1785.0],[3477.5,1786.0],[3477.5,1787.0],[3478.0,1787.5],[3478.5,1788.0],[3478.5,1789.0],[3478.5,1790.0],[3478.5,1791.0],[3479.0,1791.5],[3479.5,1792.0],[3479.5,1793.0],[3479.5,1794.0],[3479.5,1795.0],[3480.0,1795.5],[3480.5,1796.0],[3480.5,1797.0],[3480.5,1798.0],[3480.5,1799.0],[3480.5,1800.0],[3480.5,1801.0],[3480.5,1802.0],[3480.5,1803.0],[3480.5,1804.0],[3480.5,1805.0],[3480.0,1805.5],[3479.5,1806.0],[3479.5,1807.0],[3479.5,1808.0],[3479.5,1809.0],[3479.5,1810.0],[3479.0,1810.5],[3478.5,1811.0],[3478.5,1812.0],[3478.5,1813.0],[3478.5,1814.0],[3478.0,1814.5],[3477.5,1815.0],[3477.5,1816.0],[3477.5,1817.0],[3477.0,1817.5],[3476.5,1818.0],[3476.5,1819.0],[3476.0,1819.5],[3475.5,1820.0],[3475.0,1820.5],[3474.5,1821.0],[3474.5,1822.0],[3474.0,1822.5],[3473.5,1823.0],[3473.0,1823.5]]",243073.39736175537,431118.1311826706,62.584250926971436,,,,,0.0210650587,1079,SPW_0194,SPW_여수로_교각_도수면,SPW_0194,53c7e2c9-6ca7-57c0-86f0-5b3abb5ccf43,0.49959691729227407,../../Data/DJI_20250702151015_0500_V.JPG,../Overlay/SPL/P000181.png,mapped,local_surface_estimate
DJI_20250702151015_0500_V.JPG,P000182,SPL,박락,"[[1153.0,1880.5],[1152.5,1880.0],[1153.0,1879.5],[1153.5,1880.0],[1153.0,1880.5]]",243070.12922000885,431127.5094242096,62.4159140586853,,,,,1.8241e-05,1,SPW_0192,SPW_여수로_교각_도수면,SPW_0192,944d3034-21d5-5ffd-9716-1e891afb0a99,0.497545063495636,../../Data/DJI_20250702151015_0500_V.JPG,../Overlay/SPL/P000182.png,mapped,local_surface_estimate
DJI_20250702151015_0500_V.JPG,P000183,SPL,박락,"[[1638.0,1924.5],[1637.0,1924.5],[1636.0,1924.5],[1635.0,1924.5],[1634.0,1924.5],[1633.0,1924.5],[1632.5,1924.0],[1632.0,1923.5],[1631.0,1923.5],[1630.0,1923.5],[1629.5,1923.0],[1629.0,1922.5],[1628.0,1922.5],[1627.0,1922.5],[1626.5,1922.0],[1626.0,1921.5],[1625.0,1921.5],[1624.5,1921.0],[1624.5,1920.0],[1625.0,1919.5],[1626.0,1919.5],[1627.0,1919.5],[1628.0,1919.5],[1628.5,1919.0],[1628.5,1918.0],[1628.5,1917.0],[1628.5,1916.0],[1628.5,1915.0],[1629.0,1914.5],[1629.5,1914.0],[1629.5,1913.0],[1630.0,1912.5],[1630.5,1912.0],[1631.0,1911.5],[1631.5,1911.0],[1632.0,1910.5],[1632.5,1910.0],[1633.0,1909.5],[1634.0,1909.5],[1635.0,1909.5],[1636.0,1909.5],[1636.5,1909.0],[1637.0,1908.5],[1637.5,1909.0],[1638.0,1909.5],[1638.5,1910.0],[1639.0,1910.5],[1639.5,1911.0],[1639.5,1912.0],[1640.0,1912.5],[1640.5,1913.0],[1641.0,1913.5],[1641.5,1914.0],[1641.5,1915.0],[1642.0,1915.5],[1642.5,1916.0],[1642.5,1917.0],[1642.5,1918.0],[1642.5,1919.0],[1643.0,1919.5],[1643.5,1920.0],[1644.0,1920.5],[1644.5,1921.0],[1644.0,1921.5],[1643.0,1921.5],[1642.5,1922.0],[1642.0,1922.5],[1641.5,1923.0],[1641.0,1923.5],[1640.0,1923.5],[1639.0,1923.5],[1638.5,1924.0],[1638.0,1924.5]]",243070.66507148743,431125.53992652893,62.2571005821228,,,,,0.0034685031,189,SPW_0192,SPW_여수로_교각_도수면,SPW_0192,944d3034-21d5-5ffd-9716-1e891afb0a99,0.757314902449411,../../Data/DJI_20250702151015_0500_V.JPG,../Overlay/SPL/P000183.png,mapped,local_surface_estimate
DJI_20250702151015_0500_V.JPG,P000184,SPL,박락,"[[218.0,2091.5],[217.0,2091.5],[216.5,2091.0],[216.0,2090.5],[215.5,2090.0],[215.5,2089.0],[215.0,2088.5],[214.5,2088.0],[214.5,2087.0],[214.0,2086.5],[213.5,2086.0],[213.5,2085.0],[213.5,2084.0],[213.5,2083.0],[213.0,2082.5],[212.5,2082.0],[212.5,2081.0],[212.5,2080.0],[212.5,2079.0],[212.5,2078.0],[212.0,2077.5],[211.5,2077.0],[211.5,2076.0],[211.5,2075.0],[211.5,2074.0],[211.5,2073.0],[211.5,2072.0],[211.0,2071.5],[210.5,2071.0],[210.5,2070.0],[210.5,2069.0],[210.5,2068.0],[210.5,2067.0],[210.5,2066.0],[210.5,2065.0],[211.0,2064.5],[211.5,2064.0],[212.0,2063.5],[212.5,2063.0],[212.5,2062.0],[213.0,2061.5],[213.5,2061.0],[214.0,2060.5],[215.0,2060.5],[215.5,2060.0],[216.0,2059.5],[216.5,2059.0],[217.0,2058.5],[218.0,2058.5],[218.5,2058.0],[219.0,2057.5],[219.5,2057.0],[220.0,2056.5],[221.0,2056.5],[221.5,2056.0],[222.0,2055.5],[223.0,2055.5],[223.5,2055.0],[224.0,2054.5],[225.0,2054.5],[225.5,2054.0],[226.0,2053.5],[227.0,2053.5],[228.0,2053.5],[228.5,2053.0],[229.0,2052.5],[230.0,2052.5],[230.5,2052.0],[231.0,2051.5],[232.0,2051.5],[232.5,2051.0],[233.0,2050.5],[234.0,2050.5],[234.5,2050.0],[235.0,2049.5],[236.0,2049.5],[237.0,2049.5],[237.5,2049.0],[238.0,2048.5],[239.0,2048.5],[239.5,2048.0],[240.0,2047.5],[241.0,2047.5],[242.0,2047.5],[243.0,2047.5],[244.0,2047.5],[245.0,2047.5],[246.0,2047.5],[247.0,2047.5],[247.5,2047.0],[248.0,2046.5],[249.0,2046.5],[249.5,2046.0],[250.0,2045.5],[251.0,2045.5],[252.0,2045.5],[252.5,2045.0],[253.0,2044.5],[253.5,2044.0],[254.0,2043.5],[254.5,2043.0],[255.0,2042.5],[255.5,2042.0],[256.0,2041.5],[256.5,2041.0],[257.0,2040.5],[258.0,2040.5],[258.5,2040.0],[259.0,2039.5],[259.5,2039.0],[260.0,2038.5],[260.5,2038.0],[261.0,2037.5],[261.5,2037.0],[262.0,2036.5],[262.5,2036.0],[263.0,2035.5],[263.5,2035.0],[264.0,2034.5],[264.5,2034.0],[265.0,2033.5],[265.5,2034.0],[266.0,2034.5],[267.0,2034.5],[267.5,2035.0],[268.0,2035.5],[268.5,2036.0],[269.0,2036.5],[269.5,2037.0],[270.0,2037.5],[270.5,2038.0],[270.5,2039.0],[270.5,2040.0],[270.5,2041.0],[270.5,2042.0],[270.5,2043.0],[270.5,2044.0],[270.5,2045.0],[271.0,2045.5],[271.5,2046.0],[271.5,2047.0],[272.0,2047.5],[273.0,2047.5],[273.5,2048.0],[273.5,2049.0],[274.0,2049.5],[274.5,2050.0],[274.5,2051.0],[274.5,2052.0],[274.5,2053.0],[274.5,2054.0],[274.5,2055.0],[275.0,2055.5],[275.5,2056.0],[275.5,2057.0],[275.5,2058.0],[275.5,2059.0],[275.5,2060.0],[275.5,2061.0],[275.5,2062.0],[275.0,2062.5],[274.5,2063.0],[274.5,2064.0],[274.5,2065.0],[274.5,2066.0],[274.0,2066.5],[273.5,2067.0],[273.5,2068.0],[273.5,2069.0],[273.0,2069.5],[272.5,2070.0],[272.5,2071.0],[272.5,2072.0],[272.0,2072.5],[271.5,2073.0],[271.5,2074.0],[271.0,2074.5],[270.5,2075.0],[270.5,2076.0],[270.0,2076.5],[269.5,2077.0],[269.0,2077.5],[268.5,2078.0],[268.0,2078.5],[267.5,2079.0],[267.0,2079.5],[266.0,2079.5],[265.5,2080.0],[265.0,2080.5],[264.0,2080.5],[263.5,2081.0],[263.0,2081.5],[262.5,2082.0],[262.0,2082.5],[261.0,2082.5],[260.0,2082.5],[259.0,2082.5],[258.0,2082.5],[257.0,2082.5],[256.0,2082.5],[255.0,2082.5],[254.0,2082.5],[253.0,2082.5],[252.0,2082.5],[251.0,2082.5],[250.0,2082.5],[249.5,2082.0],[249.0,2081.5],[248.0,2081.5],[247.0,2081.5],[246.0,2081.5],[245.0,2081.5],[244.0,2081.5],[243.0,2081.5],[242.0,2081.5],[241.0,2081.5],[240.5,2082.0],[240.0,2082.5],[239.0,2082.5],[238.0,2082.5],[237.0,2082.5],[236.0,2082.5],[235.5,2083.0],[235.0,2083.5],[234.0,2083.5],[233.0,2083.5],[232.0,2083.5],[231.0,2083.5],[230.0,2083.5],[229.5,2084.0],[229.0,2084.5],[228.0,2084.5],[227.5,2085.0],[227.0,2085.5],[226.0,2085.5],[225.5,2086.0],[225.0,2086.5],[224.0,2086.5],[223.5,2087.0],[223.5,2088.0],[223.0,2088.5],[222.5,2089.0],[222.0,2089.5],[221.5,2090.0],[221.0,2090.5],[220.0,2090.5],[219.0,2090.5],[218.5,2091.0],[218.0,2091.5]]",243068.5383682251,431130.89777851105,61.82597303390503,,,,,0.0383846148,2207,SPW_0191,SPW_여수로_교각_도수면,SPW_0191,3d53de9f-331b-5010-b9e3-c4422ec96b7e,0.9257220405769607,../../Data/DJI_20250702151015_0500_V.JPG,../Overlay/SPL/P000184.png,mapped,local_surface_estimate
DJI_20250702151015_0500_V.JPG,P000185,SPL,박락,"[[1277.0,2720.5],[1271.0,2720.5],[1267.5,2718.0],[1265.0,2714.5],[1262.5,2711.0],[1260.5,2707.0],[1258.0,2703.5],[1255.5,2700.0],[1254.5,2694.0],[1253.5,2689.0],[1257.5,2687.0],[1259.5,2683.0],[1261.5,2679.0],[1263.5,2675.0],[1266.5,2672.0],[1269.0,2668.5],[1271.5,2665.0],[1274.5,2662.0],[1277.0,2658.5],[1279.5,2655.0],[1279.5,2649.0],[1279.5,2643.0],[1277.0,2639.5],[1274.0,2636.5],[1268.0,2635.5],[1262.0,2635.5],[1257.0,2634.5],[1253.0,2632.5],[1249.5,2630.0],[1248.5,2625.0],[1247.5,2620.0],[1248.5,2615.0],[1250.0,2610.5],[1251.5,2606.0],[1252.5,2601.0],[1252.5,2595.0],[1252.5,2589.0],[1252.5,2583.0],[1252.5,2577.0],[1253.5,2572.0],[1255.0,2566.5],[1257.5,2563.0],[1260.0,2559.5],[1263.0,2556.5],[1266.5,2554.0],[1269.5,2551.0],[1273.5,2549.0],[1276.0,2545.5],[1279.0,2542.5],[1280.5,2538.0],[1281.5,2533.0],[1282.5,2528.0],[1282.5,2522.0],[1282.5,2516.0],[1282.0,2511.5],[1284.5,2508.0],[1289.0,2505.5],[1294.0,2504.5],[1299.0,2503.5],[1305.0,2503.5],[1311.0,2503.5],[1316.0,2502.5],[1320.0,2502.5],[1325.0,2501.5],[1330.0,2500.5],[1336.0,2500.5],[1340.0,2500.5],[1345.0,2501.5],[1350.0,2500.5],[1356.0,2500.5],[1362.0,2500.5],[1367.0,2499.5],[1373.0,2498.5],[1377.5,2497.0],[1383.0,2496.5],[1388.0,2495.5],[1392.5,2494.0],[1398.0,2493.5],[1403.0,2492.5],[1407.0,2490.5],[1409.5,2487.0],[1407.5,2483.0],[1404.0,2480.5],[1400.0,2478.5],[1395.0,2477.5],[1390.0,2476.5],[1385.0,2475.5],[1380.0,2476.5],[1374.0,2477.5],[1368.0,2477.5],[1364.0,2475.5],[1360.5,2473.0],[1358.0,2469.5],[1355.5,2466.0],[1354.0,2461.5],[1352.5,2457.0],[1351.5,2452.0],[1353.0,2447.5],[1355.5,2444.0],[1357.5,2440.0],[1360.0,2436.5],[1363.0,2433.5],[1367.0,2431.5],[1372.0,2430.5],[1371.0,2428.5],[1374.0,2425.5],[1378.0,2423.5],[1382.5,2422.0],[1387.0,2420.5],[1391.5,2419.0],[1396.0,2417.5],[1401.0,2416.5],[1406.0,2415.5],[1411.0,2414.5],[1416.5,2414.0],[1421.0,2412.5],[1426.0,2411.5],[1432.0,2411.5],[1437.0,2412.5],[1443.0,2412.5],[1450.0,2412.5],[1456.0,2412.5],[1460.0,2410.5],[1464.0,2408.5],[1467.0,2405.5],[1472.0,2404.5],[1476.0,2406.5],[1479.0,2409.5],[1482.0,2412.5],[1485.5,2415.0],[1489.0,2417.5],[1494.0,2418.5],[1500.0,2418.5],[1505.0,2417.5],[1509.5,2416.0],[1514.0,2414.5],[1519.5,2413.0],[1525.0,2412.5],[1531.0,2412.5],[1536.0,2413.5],[1540.5,2415.0],[1544.5,2417.0],[1547.5,2420.0],[1550.5,2423.0],[1554.0,2425.5],[1558.0,2427.5],[1561.0,2430.5],[1566.0,2431.5],[1572.0,2431.5],[1575.5,2434.0],[1577.5,2438.0],[1575.5,2442.0],[1572.5,2446.0],[1570.0,2449.5],[1565.0,2450.5],[1560.0,2451.5],[1554.0,2451.5],[1549.0,2450.5],[1543.5,2451.0],[1539.0,2452.5],[1537.5,2457.0],[1537.5,2461.0],[1535.5,2465.0],[1533.5,2469.0],[1529.5,2471.0],[1525.0,2472.5],[1520.0,2473.5],[1514.0,2473.5],[1507.0,2473.5],[1502.0,2472.5],[1496.0,2472.5],[1490.0,2472.5],[1484.5,2472.0],[1479.0,2471.5],[1473.0,2471.5],[1467.0,2471.5],[1461.0,2471.5],[1455.0,2471.5],[1450.5,2473.0],[1447.0,2475.5],[1443.5,2478.0],[1440.0,2480.5],[1436.0,2482.5],[1431.0,2483.5],[1426.5,2486.0],[1422.5,2488.0],[1418.5,2490.0],[1414.5,2492.0],[1413.5,2497.0],[1412.5,2502.0],[1411.5,2507.0],[1411.5,2513.0],[1410.5,2518.0],[1410.5,2524.0],[1412.0,2528.5],[1414.5,2532.0],[1415.5,2537.0],[1416.5,2542.0],[1417.5,2547.0],[1418.5,2552.0],[1417.5,2558.0],[1417.5,2564.0],[1416.5,2569.0],[1417.5,2574.0],[1418.5,2579.0],[1418.5,2583.0],[1419.0,2588.5],[1419.5,2594.0],[1420.5,2599.0],[1419.5,2604.0],[1418.0,2608.5],[1415.0,2611.5],[1411.0,2613.5],[1407.5,2616.0],[1403.5,2618.0],[1400.0,2620.5],[1395.0,2622.5],[1391.0,2624.5],[1387.0,2626.5],[1382.5,2628.0],[1377.5,2629.0],[1372.0,2629.5],[1366.0,2629.5],[1361.0,2628.5],[1356.0,2627.5],[1352.0,2627.5],[1347.0,2628.5],[1343.0,2630.5],[1340.5,2634.0],[1338.5,2638.0],[1337.5,2643.0],[1337.5,2649.0],[1339.0,2654.5],[1340.5,2659.0],[1341.0,2664.5],[1340.5,2669.0],[1339.5,2674.0],[1338.0,2678.5],[1336.0,2682.5],[1333.5,2686.0],[1329.5,2688.0],[1327.0,2691.5],[1324.5,2695.0],[1322.5,2699.0],[1320.0,2702.5],[1317.5,2706.0],[1314.0,2708.5],[1311.0,2711.5],[1306.0,2713.5],[1301.0,2714.5],[1295.5,2715.0],[1290.0,2715.5],[1285.0,2714.5],[1280.0,2713.5],[1278.5,2717.0],[1277.0,2720.5]]",243068.87335777283,431126.01038455963,60.14829349517822,,,,,0.6192163743,37083,SPW_0192,SPW_여수로_교각_도수면,SPW_0192,944d3034-21d5-5ffd-9716-1e891afb0a99,0.9772803609342832,../../Data/DJI_20250702151015_0500_V.JPG,../Overlay/SPL/P000185.png,mapped,local_surface_estimate
DJI_20250702151015_0500_V.JPG,P000186,SPL,박락,"[[2261.0,2777.5],[2260.5,2777.0],[2261.0,2776.5],[2261.5,2777.0],[2261.0,2777.5]]",243069.45943260193,431122.34638643265,59.32275581359863,,,,,1.65069e-05,1,SPW_0213,SPW_여수로_교각_도수면,SPW_0213,cf8faf22-432a-5fa5-bccf-93825efdd30e,0.5065584182739258,../../Data/DJI_20250702151015_0500_V.JPG,../Overlay/SPL/P000186.png,mapped,local_surface_estimate
DJI_20250702151015_0500_V.JPG,P000187,SPL,박락,"[[2259.0,2781.5],[2258.0,2781.5],[2257.5,2781.0],[2257.5,2780.0],[2258.0,2779.5],[2259.0,2779.5],[2260.0,2779.5],[2260.5,2780.0],[2260.0,2780.5],[2259.5,2781.0],[2259.0,2781.5]]",243069.45014095306,431122.35197401047,59.3131799697876,,,,,8.24939e-05,5,SPW_0213,SPW_여수로_교각_도수면,SPW_0213,cf8faf22-432a-5fa5-bccf-93825efdd30e,0.516173255443573,../../Data/DJI_20250702151015_0500_V.JPG,../Overlay/SPL/P000187.png,mapped,local_surface_estimate
DJI_20250702151015_0500_V.JPG,P000188,SPL,박락,"[[2470.0,3111.5],[2469.0,3111.5],[2468.0,3111.5],[2467.0,3111.5],[2466.0,3111.5],[2465.0,3111.5],[2464.5,3111.0],[2464.0,3110.5],[2463.5,3110.0],[2463.5,3109.0],[2463.0,3108.5],[2462.5,3108.0],[2462.5,3107.0],[2462.5,3106.0],[2462.5,3105.0],[2462.5,3104.0],[2462.5,3103.0],[2462.5,3102.0],[2462.5,3101.0],[2463.0,3100.5],[2463.5,3100.0],[2463.5,3099.0],[2463.5,3098.0],[2463.5,3097.0],[2464.0,3096.5],[2465.0,3096.5],[2465.5,3097.0],[2465.5,3098.0],[2465.5,3099.0],[2466.0,3099.5],[2466.5,3100.0],[2466.5,3101.0],[2466.5,3102.0],[2467.0,3102.5],[2467.5,3103.0],[2467.5,3104.0],[2468.0,3104.5],[2469.0,3104.5],[2469.5,3105.0],[2469.5,3106.0],[2469.5,3107.0],[2470.0,3107.5],[2470.5,3108.0],[2470.5,3109.0],[2471.0,3109.5],[2471.5,3110.0],[2471.0,3110.5],[2470.5,3111.0],[2470.0,3111.5]]",243068.97634124756,431121.31534409523,58.25552463531494,,,,,0.0012203386,77,SPW_0213,SPW_여수로_교각_도수면,SPW_0213,cf8faf22-432a-5fa5-bccf-93825efdd30e,0.5963774478280699,../../Data/DJI_20250702151015_0500_V.JPG,../Overlay/SPL/P000188.png,mapped,local_surface_estimate
DJI_20250702151015_0500_V.JPG,P000189,SPL,박락,"[[2429.0,3175.5],[2428.0,3175.5],[2427.5,3175.0],[2428.0,3174.5],[2428.5,3174.0],[2429.0,3173.5],[2429.5,3174.0],[2429.5,3175.0],[2429.0,3175.5]]",243068.77857875824,431121.4105615616,58.04223346710205,,,,,4.70517e-05,3,SPW_0213,SPW_여수로_교각_도수면,SPW_0213,cf8faf22-432a-5fa5-bccf-93825efdd30e,0.5018013517061869,../../Data/DJI_20250702151015_0500_V.JPG,../Overlay/SPL/P000189.png,mapped,local_surface_estimate
DJI_20250702151015_0500_V.JPG,P000190,SPL,박락,"[[2426.0,3178.5],[2425.5,3178.0],[2426.0,3177.5],[2426.5,3178.0],[2426.0,3178.5]]",243068.7683095932,431121.4200396538,58.03311061859131,,,,,1.56764e-05,1,SPW_0213,SPW_여수로_교각_도수면,SPW_0213,cf8faf22-432a-5fa5-bccf-93825efdd30e,0.49908027052879333,../../Data/DJI_20250702151015_0500_V.JPG,../Overlay/SPL/P000190.png,mapped,local_surface_estimate
DJI_20250702151015_0500_V.JPG,P000191,SPL,박락,"[[2429.0,3195.5],[2428.5,3195.0],[2428.5,3194.0],[2428.5,3193.0],[2428.5,3192.0],[2428.5,3191.0],[2429.0,3190.5],[2429.5,3191.0],[2429.5,3192.0],[2429.5,3193.0],[2429.5,3194.0],[2429.5,3195.0],[2429.0,3195.5]]",243068.73899936676,431121.3981809616,57.9860258102417,,,,,7.82268e-05,5,SPW_0213,SPW_여수로_교각_도수면,SPW_0213,cf8faf22-432a-5fa5-bccf-93825efdd30e,0.5019357442855835,../../Data/DJI_20250702151015_0500_V.JPG,../Overlay/SPL/P000191.png,mapped,local_surface_estimate
DJI_20250702160538_0800_V.JPG,P000245,SPL,박락,"[[2109.0,337.5],[2107.5,336.0],[2106.5,333.0],[2105.5,331.0],[2104.5,329.0],[2104.5,325.0],[2103.5,323.0],[2102.5,321.0],[2102.5,317.0],[2101.5,315.0],[2101.5,311.0],[2100.5,309.0],[2100.5,306.0],[2099.5,303.0],[2099.5,300.0],[2099.5,297.0],[2099.5,293.0],[2098.5,291.0],[2098.5,288.0],[2098.5,284.0],[2098.5,281.0],[2098.5,278.0],[2097.5,275.0],[2097.5,272.0],[2097.5,268.0],[2097.5,265.0],[2097.5,262.0],[2098.5,259.0],[2099.0,256.5],[2100.0,254.5],[2101.5,252.0],[2102.5,250.0],[2103.0,247.5],[2103.5,244.0],[2104.5,242.0],[2104.5,239.0],[2104.5,235.0],[2104.5,232.0],[2105.0,228.5],[2105.5,226.0],[2105.5,223.0],[2106.5,220.0],[2106.5,217.0],[2107.5,215.0],[2108.0,211.5],[2108.5,209.0],[2109.5,207.0],[2110.5,204.0],[2110.5,201.0],[2111.5,199.0],[2111.5,195.0],[2112.5,193.0],[2113.0,189.5],[2113.5,187.0],[2114.5,185.0],[2114.5,181.0],[2115.0,178.5],[2115.5,176.0],[2116.0,172.5],[2116.5,170.0],[2117.0,167.5],[2117.5,164.0],[2118.5,162.0],[2118.5,159.0],[2119.5,156.0],[2119.5,153.0],[2119.5,149.0],[2119.5,146.0],[2119.5,143.0],[2119.5,139.0],[2119.5,136.0],[2119.5,133.0],[2119.5,129.0],[2119.5,126.0],[2119.5,123.0],[2119.5,119.0],[2119.0,116.5],[2118.5,114.0],[2118.0,110.5],[2117.5,108.0],[2116.5,105.0],[2116.5,102.0],[2116.5,99.0],[2115.5,96.0],[2115.5,93.0],[2115.5,90.0],[2115.0,86.5],[2114.5,84.0],[2114.0,81.5],[2113.0,78.5],[2112.5,76.0],[2111.5,74.0],[2110.5,71.0],[2110.0,68.5],[2108.5,66.0],[2107.5,64.0],[2107.0,61.5],[2106.5,58.0],[2106.5,55.0],[2106.5,52.0],[2107.5,49.0],[2107.5,46.0],[2108.0,43.5],[2108.5,40.0],[2108.5,37.0],[2108.0,34.5],[2107.5,31.0],[2107.5,28.0],[2106.5,25.0],[2106.5,22.0],[2106.5,19.0],[2105.5,16.0],[2105.5,13.0],[2106.0,10.5],[2107.5,8.0],[2108.5,6.0],[2107.5,4.0],[2105.5,2.0],[2104.0,0.5],[2105.0,-0.5],[2109.0,-0.5],[2112.0,-0.5],[2116.0,-0.5],[2119.0,-0.5],[2122.0,-0.5],[2126.0,-0.5],[2129.0,-0.5],[2132.0,-0.5],[2136.0,-0.5],[2139.0,-0.5],[2142.0,-0.5],[2146.0,-0.5],[2149.0,-0.5],[2152.0,-0.5],[2156.0,-0.5],[2159.0,-0.5],[2163.0,-0.5],[2165.5,0.0],[2164.0,1.5],[2160.0,1.5],[2157.0,1.5],[2154.5,2.0],[2152.5,4.0],[2151.5,6.0],[2151.5,9.0],[2151.5,13.0],[2151.5,16.0],[2151.5,19.0],[2150.5,22.0],[2150.5,25.0],[2149.5,28.0],[2149.5,31.0],[2149.5,34.0],[2148.5,37.0],[2148.5,40.0],[2147.5,42.0],[2147.5,46.0],[2146.5,48.0],[2146.5,51.0],[2145.5,54.0],[2145.5,57.0],[2145.0,59.5],[2144.5,63.0],[2144.5,66.0],[2143.5,69.0],[2143.5,72.0],[2142.5,74.0],[2142.5,78.0],[2141.5,80.0],[2141.5,83.0],[2141.5,87.0],[2141.5,90.0],[2141.5,93.0],[2140.5,96.0],[2140.5,99.0],[2140.5,102.0],[2139.5,105.0],[2139.0,107.5],[2138.5,111.0],[2138.5,114.0],[2138.0,116.5],[2137.5,120.0],[2137.5,123.0],[2137.5,126.0],[2138.5,129.0],[2138.5,132.0],[2138.0,134.5],[2137.5,138.0],[2137.5,141.0],[2136.5,143.0],[2136.5,147.0],[2135.5,149.0],[2135.5,153.0],[2134.5,155.0],[2134.5,158.0],[2133.5,161.0],[2132.5,163.0],[2132.0,165.5],[2131.0,168.5],[2130.5,171.0],[2129.5,173.0],[2128.5,176.0],[2128.5,179.0],[2127.5,181.0],[2127.5,185.0],[2126.5,187.0],[2126.5,191.0],[2126.5,194.0],[2126.0,196.5],[2125.5,200.0],[2125.5,203.0],[2125.0,205.5],[2124.5,209.0],[2124.5,212.0],[2124.5,215.0],[2124.5,219.0],[2124.0,221.5],[2123.5,224.0],[2123.5,228.0],[2123.5,231.0],[2122.5,234.0],[2122.5,237.0],[2121.5,239.0],[2121.5,243.0],[2121.0,245.5],[2120.5,248.0],[2120.5,252.0],[2120.5,255.0],[2120.5,258.0],[2120.5,262.0],[2119.5,264.0],[2119.5,267.0],[2119.5,271.0],[2119.0,273.5],[2118.5,277.0],[2118.5,280.0],[2117.5,282.0],[2117.5,286.0],[2116.5,288.0],[2116.5,291.0],[2115.5,294.0],[2115.5,297.0],[2114.5,299.0],[2114.5,303.0],[2114.5,306.0],[2113.5,308.0],[2113.5,312.0],[2112.5,314.0],[2112.5,318.0],[2111.5,320.0],[2111.5,323.0],[2111.5,327.0],[2110.5,329.0],[2110.5,332.0],[2109.5,335.0],[2109.0,337.5]]",243058.86323928833,431197.7570152283,78.31047821044922,,,,,0.2594153736,7649,NOF_R_0117,NOF_우안(청주측)_접속부(콘크리트_중력식),NOF_R_0117,898d8ae2-edcc-5c0c-a196-bfc14f70dd3b,0.968503534552287,../../Data/DJI_20250702160538_0800_V.JPG,../Overlay/SPL/P000245.png,mapped,local_surface_estimate
DJI_20250702160538_0800_V.JPG,P000246,SPL,박락,"[[1382.0,354.5],[1381.0,354.5],[1380.0,354.5],[1379.0,354.5],[1378.0,354.5],[1377.5,354.0],[1377.0,353.5],[1376.5,353.0],[1376.0,352.5],[1375.5,352.0],[1375.5,351.0],[1375.0,350.5],[1374.5,350.0],[1374.5,349.0],[1375.0,348.5],[1375.5,348.0],[1375.5,347.0],[1375.5,346.0],[1375.5,345.0],[1376.0,344.5],[1376.5,344.0],[1376.5,343.0],[1376.5,342.0],[1377.0,341.5],[1377.5,341.0],[1377.5,340.0],[1378.0,339.5],[1378.5,339.0],[1378.5,338.0],[1378.5,337.0],[1379.0,336.5],[1379.5,336.0],[1379.5,335.0],[1379.5,334.0],[1379.5,333.0],[1379.5,332.0],[1379.0,331.5],[1378.5,331.0],[1378.5,330.0],[1378.5,329.0],[1378.0,328.5],[1377.0,328.5],[1376.5,328.0],[1376.0,327.5],[1375.5,327.0],[1375.0,326.5],[1374.5,326.0],[1374.0,325.5],[1373.5,325.0],[1373.5,324.0],[1373.5,323.0],[1373.0,322.5],[1372.5,322.0],[1372.5,321.0],[1372.5,320.0],[1372.5,319.0],[1372.5,318.0],[1372.5,317.0],[1372.5,316.0],[1372.5,315.0],[1372.5,314.0],[1372.5,313.0],[1372.5,312.0],[1373.0,311.5],[1373.5,311.0],[1373.5,310.0],[1374.0,309.5],[1375.0,309.5],[1375.5,309.0],[1376.0,308.5],[1377.0,308.5],[1378.0,308.5],[1379.0,308.5],[1380.0,308.5],[1381.0,308.5],[1382.0,308.5],[1383.0,308.5],[1383.5,309.0],[1384.0,309.5],[1385.0,309.5],[1386.0,309.5],[1386.5,310.0],[1387.0,310.5],[1387.5,311.0],[1388.0,311.5],[1389.0,311.5],[1389.5,312.0],[1390.0,312.5],[1390.5,313.0],[1390.5,314.0],[1390.5,315.0],[1391.0,315.5],[1391.5,316.0],[1391.5,317.0],[1391.5,318.0],[1391.5,319.0],[1391.5,320.0],[1391.5,321.0],[1391.0,321.5],[1390.5,322.0],[1390.5,323.0],[1390.5,324.0],[1390.5,325.0],[1390.0,325.5],[1389.5,326.0],[1389.5,327.0],[1389.0,327.5],[1388.5,328.0],[1388.5,329.0],[1388.5,330.0],[1388.0,330.5],[1387.5,331.0],[1387.5,332.0],[1387.5,333.0],[1387.0,333.5],[1386.5,334.0],[1386.5,335.0],[1386.5,336.0],[1386.5,337.0],[1387.0,337.5],[1387.5,338.0],[1387.5,339.0],[1387.5,340.0],[1388.0,340.5],[1388.5,341.0],[1388.5,342.0],[1388.5,343.0],[1388.5,344.0],[1388.5,345.0],[1389.0,345.5],[1389.5,346.0],[1389.0,346.5],[1388.5,347.0],[1388.5,348.0],[1388.0,348.5],[1387.5,349.0],[1387.0,349.5],[1386.5,350.0],[1386.0,350.5],[1385.5,351.0],[1385.0,351.5],[1384.5,352.0],[1384.0,352.5],[1383.5,353.0],[1383.0,353.5],[1382.5,354.0],[1382.0,354.5]]",243056.96977043152,431200.7031517029,77.18708610534668,,,,,0.0175173963,588,NOF_R_0117,NOF_우안(청주측)_접속부(콘크리트_중력식),NOF_R_0117,898d8ae2-edcc-5c0c-a196-bfc14f70dd3b,0.6576465240546635,../../Data/DJI_20250702160538_0800_V.JPG,../Overlay/SPL/P000246.png,mapped,local_surface_estimate
DJI_20250702160538_0800_V.JPG,P000247,SPL,박락,"[[1368.0,383.5],[1367.0,383.5],[1366.0,383.5],[1365.0,383.5],[1364.0,383.5],[1363.5,383.0],[1363.5,382.0],[1363.5,381.0],[1363.5,380.0],[1364.0,379.5],[1364.5,379.0],[1364.5,378.0],[1364.5,377.0],[1364.5,376.0],[1365.0,375.5],[1365.5,375.0],[1365.5,374.0],[1365.5,373.0],[1366.0,372.5],[1367.0,372.5],[1368.0,372.5],[1368.5,372.0],[1369.0,371.5],[1369.5,372.0],[1370.0,372.5],[1370.5,373.0],[1370.5,374.0],[1371.0,374.5],[1371.5,375.0],[1371.5,376.0],[1371.5,377.0],[1371.5,378.0],[1371.0,378.5],[1370.5,379.0],[1370.5,380.0],[1370.0,380.5],[1369.5,381.0],[1369.5,382.0],[1369.0,382.5],[1368.5,383.0],[1368.0,383.5]]",243056.7776222229,431200.6735649109,76.93510627746582,,,,,0.0019788552,68,NOF_R_0117,NOF_우안(청주측)_접속부(콘크리트_중력식),NOF_R_0117,898d8ae2-edcc-5c0c-a196-bfc14f70dd3b,0.6087032858939732,../../Data/DJI_20250702160538_0800_V.JPG,../Overlay/SPL/P000247.png,mapped,local_surface_estimate
DJI_20250702160538_0800_V.JPG,P000248,SPL,박락,"[[1364.0,445.5],[1363.0,445.5],[1362.0,445.5],[1361.0,445.5],[1360.0,445.5],[1359.0,445.5],[1358.0,445.5],[1357.0,445.5],[1356.5,445.0],[1356.0,444.5],[1355.5,444.0],[1355.0,443.5],[1354.5,443.0],[1354.0,442.5],[1353.5,442.0],[1353.5,441.0],[1353.5,440.0],[1353.5,439.0],[1353.5,438.0],[1353.5,437.0],[1353.5,436.0],[1354.0,435.5],[1354.5,435.0],[1354.5,434.0],[1355.0,433.5],[1355.5,433.0],[1355.5,432.0],[1356.0,431.5],[1356.5,431.0],[1356.5,430.0],[1357.0,429.5],[1357.5,429.0],[1358.0,428.5],[1358.5,429.0],[1359.0,429.5],[1359.5,430.0],[1360.0,430.5],[1360.5,431.0],[1361.0,431.5],[1362.0,431.5],[1362.5,432.0],[1363.0,432.5],[1363.5,433.0],[1364.0,433.5],[1364.5,434.0],[1365.0,434.5],[1365.5,435.0],[1366.0,435.5],[1366.5,436.0],[1367.0,436.5],[1367.5,437.0],[1368.0,437.5],[1368.5,438.0],[1368.0,438.5],[1367.5,439.0],[1367.5,440.0],[1368.0,440.5],[1368.5,441.0],[1368.0,441.5],[1367.5,442.0],[1367.0,442.5],[1366.5,443.0],[1366.0,443.5],[1365.5,444.0],[1365.0,444.5],[1364.5,445.0],[1364.0,445.5]]",243056.56313705444,431200.5895652771,76.6324291229248,,,,,0.004894661,173,NOF_R_0117,NOF_우안(청주측)_접속부(콘크리트_중력식),NOF_R_0117,898d8ae2-edcc-5c0c-a196-bfc14f70dd3b,0.5155047881120891,../../Data/DJI_20250702160538_0800_V.JPG,../Overlay/SPL/P000248.png,mapped,local_surface_estimate
DJI_20250702160538_0800_V.JPG,P000249,SPL,박락,"[[2060.0,514.5],[2059.0,514.5],[2058.0,514.5],[2057.0,514.5],[2056.5,514.0],[2056.0,513.5],[2055.0,513.5],[2054.0,513.5],[2053.0,513.5],[2052.0,513.5],[2051.5,513.0],[2051.0,512.5],[2050.0,512.5],[2049.0,512.5],[2048.0,512.5],[2047.5,512.0],[2047.5,511.0],[2047.5,510.0],[2047.5,509.0],[2047.5,508.0],[2047.0,507.5],[2046.0,507.5],[2045.5,507.0],[2045.0,506.5],[2044.5,506.0],[2044.5,505.0],[2044.0,504.5],[2043.5,504.0],[2043.5,503.0],[2044.0,502.5],[2044.5,502.0],[2045.0,501.5],[2045.5,501.0],[2046.0,500.5],[2047.0,500.5],[2047.5,500.0],[2048.0,499.5],[2049.0,499.5],[2050.0,499.5],[2051.0,499.5],[2052.0,499.5],[2053.0,499.5],[2054.0,499.5],[2055.0,499.5],[2056.0,499.5],[2057.0,499.5],[2058.0,499.5],[2058.5,499.0],[2059.0,498.5],[2060.0,498.5],[2061.0,498.5],[2061.5,498.0],[2062.0,497.5],[2063.0,497.5],[2064.0,497.5],[2065.0,497.5],[2065.5,497.0],[2066.0,496.5],[2067.0,496.5],[2068.0,496.5],[2069.0,496.5],[2070.0,496.5],[2070.5,496.0],[2071.0,495.5],[2072.0,495.5],[2073.0,495.5],[2074.0,495.5],[2074.5,495.0],[2075.0,494.5],[2076.0,494.5],[2076.5,494.0],[2077.0,493.5],[2078.0,493.5],[2078.5,493.0],[2079.0,492.5],[2080.0,492.5],[2081.0,492.5],[2081.5,492.0],[2082.0,491.5],[2083.0,491.5],[2084.0,491.5],[2085.0,491.5],[2086.0,491.5],[2086.5,492.0],[2087.0,492.5],[2087.5,493.0],[2087.5,494.0],[2088.0,494.5],[2088.5,495.0],[2088.5,496.0],[2088.5,497.0],[2088.5,498.0],[2088.5,499.0],[2088.5,500.0],[2088.5,501.0],[2088.5,502.0],[2088.5,503.0],[2088.5,504.0],[2088.0,504.5],[2087.5,505.0],[2087.5,506.0],[2087.5,507.0],[2087.5,508.0],[2087.5,509.0],[2087.0,509.5],[2086.5,510.0],[2086.5,511.0],[2086.0,511.5],[2085.0,511.5],[2084.5,512.0],[2084.0,512.5],[2083.0,512.5],[2082.5,513.0],[2082.0,513.5],[2081.0,513.5],[2080.0,513.5],[2079.0,513.5],[2078.0,513.5],[2077.0,513.5],[2076.5,513.0],[2076.0,512.5],[2075.0,512.5],[2074.0,512.5],[2073.0,512.5],[2072.0,512.5],[2071.0,512.5],[2070.0,512.5],[2069.0,512.5],[2068.0,512.5],[2067.0,512.5],[2066.5,513.0],[2066.0,513.5],[2065.0,513.5],[2064.0,513.5],[2063.0,513.5],[2062.0,513.5],[2061.0,513.5],[2060.5,514.0],[2060.0,514.5]]",243057.38536071777,431197.44594955444,76.3373794555664,,,,,0.0199066451,703,NOF_R_0117,NOF_우안(청주측)_접속부(콘크리트_중력식),NOF_R_0117,898d8ae2-edcc-5c0c-a196-bfc14f70dd3b,0.9194248494179456,../../Data/DJI_20250702160538_0800_V.JPG,../Overlay/SPL/P000249.png,mapped,local_surface_estimate
DJI_20250702160538_0800_V.JPG,P000250,SPL,박락,"[[4118.0,1355.5],[4116.0,1354.5],[4114.5,1352.0],[4113.5,1350.0],[4113.0,1346.5],[4112.5,1344.0],[4112.0,1341.5],[4111.5,1338.0],[4110.5,1336.0],[4109.5,1334.0],[4107.5,1332.0],[4106.5,1330.0],[4106.5,1326.0],[4105.5,1324.0],[4104.5,1322.0],[4103.5,1319.0],[4103.5,1316.0],[4102.5,1313.0],[4101.5,1311.0],[4101.5,1308.0],[4100.5,1305.0],[4100.0,1302.5],[4099.5,1299.0],[4099.5,1296.0],[4099.0,1293.5],[4098.5,1290.0],[4097.5,1288.0],[4097.5,1285.0],[4096.5,1282.0],[4096.0,1279.5],[4095.5,1276.0],[4094.5,1274.0],[4094.5,1271.0],[4093.5,1268.0],[4093.5,1265.0],[4092.5,1262.0],[4092.0,1259.5],[4091.5,1257.0],[4090.5,1254.0],[4090.0,1251.5],[4089.0,1248.5],[4088.5,1246.0],[4087.5,1244.0],[4086.5,1241.0],[4086.0,1238.5],[4085.0,1236.5],[4083.5,1234.0],[4082.5,1232.0],[4081.5,1229.0],[4080.5,1227.0],[4080.0,1224.5],[4079.5,1221.0],[4078.5,1219.0],[4077.5,1216.0],[4077.0,1213.5],[4076.5,1211.0],[4075.5,1208.0],[4074.5,1206.0],[4073.0,1203.5],[4072.5,1201.0],[4071.5,1199.0],[4070.0,1196.5],[4069.5,1194.0],[4068.5,1192.0],[4067.5,1189.0],[4067.5,1186.0],[4066.5,1183.0],[4066.5,1180.0],[4066.5,1177.0],[4065.5,1174.0],[4065.5,1171.0],[4064.5,1168.0],[4064.5,1165.0],[4064.5,1162.0],[4064.5,1158.0],[4063.5,1156.0],[4063.0,1152.5],[4062.5,1150.0],[4061.5,1148.0],[4060.5,1145.0],[4060.5,1142.0],[4060.0,1139.5],[4059.5,1136.0],[4059.5,1133.0],[4059.0,1129.5],[4058.5,1127.0],[4058.0,1124.5],[4057.0,1121.5],[4056.5,1119.0],[4055.5,1116.0],[4054.5,1114.0],[4053.5,1112.0],[4052.5,1109.0],[4051.5,1107.0],[4050.5,1105.0],[4049.5,1102.0],[4049.5,1099.0],[4048.5,1096.0],[4048.0,1093.5],[4047.5,1091.0],[4047.0,1087.5],[4046.5,1085.0],[4046.0,1081.5],[4045.5,1079.0],[4044.5,1077.0],[4043.5,1074.0],[4043.5,1071.0],[4042.5,1068.0],[4041.5,1066.0],[4040.5,1064.0],[4040.0,1060.5],[4039.5,1058.0],[4038.5,1056.0],[4037.5,1053.0],[4037.5,1050.0],[4037.5,1046.0],[4038.5,1044.0],[4038.5,1041.0],[4039.5,1038.0],[4040.5,1036.0],[4041.5,1033.0],[4042.5,1031.0],[4043.5,1029.0],[4044.5,1026.0],[4045.0,1023.5],[4048.0,1022.5],[4050.5,1023.0],[4052.0,1024.5],[4054.0,1026.5],[4054.5,1029.0],[4055.5,1031.0],[4057.5,1033.0],[4058.0,1035.5],[4059.5,1038.0],[4060.5,1040.0],[4061.0,1042.5],[4062.0,1045.5],[4062.5,1048.0],[4063.5,1051.0],[4064.5,1053.0],[4066.0,1054.5],[4067.5,1057.0],[4068.5,1059.0],[4069.5,1062.0],[4070.5,1064.0],[4071.5,1066.0],[4072.5,1069.0],[4073.5,1071.0],[4074.5,1073.0],[4076.5,1075.0],[4077.5,1077.0],[4079.0,1079.5],[4080.5,1081.0],[4081.5,1083.0],[4082.5,1086.0],[4083.5,1088.0],[4084.5,1091.0],[4085.0,1093.5],[4085.5,1096.0],[4086.5,1099.0],[4086.5,1102.0],[4087.0,1105.5],[4087.5,1108.0],[4089.0,1109.5],[4090.5,1112.0],[4092.0,1113.5],[4093.5,1115.0],[4095.5,1117.0],[4097.0,1118.5],[4098.5,1121.0],[4098.0,1123.5],[4097.5,1126.0],[4096.5,1129.0],[4095.5,1131.0],[4095.5,1135.0],[4095.5,1138.0],[4096.0,1140.5],[4096.5,1144.0],[4097.5,1146.0],[4098.5,1148.0],[4099.5,1151.0],[4100.5,1153.0],[4102.0,1155.5],[4102.5,1158.0],[4103.5,1160.0],[4104.5,1163.0],[4105.0,1165.5],[4106.5,1168.0],[4106.5,1171.0],[4107.5,1173.0],[4107.5,1177.0],[4108.0,1179.5],[4108.5,1183.0],[4109.5,1185.0],[4109.0,1187.5],[4109.0,1190.5],[4109.5,1193.0],[4109.5,1196.0],[4110.5,1199.0],[4111.5,1201.0],[4111.5,1205.0],[4112.5,1207.0],[4112.5,1210.0],[4114.5,1212.0],[4115.5,1214.0],[4116.5,1217.0],[4117.0,1219.5],[4117.5,1222.0],[4118.5,1225.0],[4118.5,1228.0],[4118.5,1232.0],[4118.5,1235.0],[4119.5,1237.0],[4120.0,1240.5],[4120.5,1243.0],[4121.5,1245.0],[4123.0,1247.5],[4124.0,1249.5],[4125.0,1252.5],[4125.5,1255.0],[4126.5,1257.0],[4127.0,1260.5],[4127.5,1263.0],[4127.5,1267.0],[4127.5,1270.0],[4127.5,1273.0],[4127.5,1277.0],[4128.5,1279.0],[4128.5,1283.0],[4128.5,1286.0],[4128.5,1289.0],[4129.0,1292.5],[4129.5,1295.0],[4129.5,1298.0],[4130.0,1301.5],[4130.5,1304.0],[4131.0,1307.5],[4131.5,1310.0],[4131.5,1313.0],[4132.0,1316.5],[4132.5,1319.0],[4132.5,1323.0],[4131.5,1325.0],[4130.5,1327.0],[4130.5,1331.0],[4130.5,1334.0],[4129.0,1336.5],[4128.0,1338.5],[4127.0,1340.5],[4126.0,1343.5],[4124.5,1345.0],[4123.5,1347.0],[4122.5,1350.0],[4121.5,1352.0],[4120.0,1354.5],[4118.0,1355.5]]",243057.54879760742,431188.51153182983,73.28312110900879,,,,,0.4205240869,10640,여수로_피어_07,SPW_여수로_교각_도수면,,,0.9773279879550288,../../Data/DJI_20250702160538_0800_V.JPG,../Overlay/SPL/P000250.png,mapped,local_surface_estimate
DJI_20250702160538_0800_V.JPG,P000251,SPL,박락,"[[4086.0,1050.5],[4085.0,1050.5],[4084.5,1050.0],[4085.0,1049.5],[4086.0,1049.5],[4086.5,1050.0],[4086.0,1050.5]]",243057.67642974854,431188.55421829224,73.83720397949219,,,,,7.92791e-05,2,여수로_피어_07,SPW_여수로_교각_도수면,,,0.5327422320842743,../../Data/DJI_20250702160538_0800_V.JPG,../Overlay/SPL/P000251.png,mapped,local_surface_estimate
DJI_20250702160538_0800_V.JPG,P000252,SPL,박락,"[[4126.0,1381.5],[4125.0,1381.5],[4124.5,1381.0],[4124.5,1380.0],[4124.5,1379.0],[4124.0,1378.5],[4123.5,1378.0],[4124.0,1377.5],[4124.5,1377.0],[4125.0,1376.5],[4126.0,1376.5],[4127.0,1376.5],[4127.5,1377.0],[4127.5,1378.0],[4127.5,1379.0],[4127.0,1379.5],[4126.5,1380.0],[4126.5,1381.0],[4126.0,1381.5]]",243057.06785583496,431188.3505592346,72.51506614685059,,,,,0.0005184416,14,여수로_피어_07,SPW_여수로_교각_도수면,,,0.7039313401494708,../../Data/DJI_20250702160538_0800_V.JPG,../Overlay/SPL/P000252.png,mapped,local_surface_estimate
DJI_20250702160538_0800_V.JPG,P000253,SPL,박락,"[[2073.0,2066.5],[2068.5,2066.0],[2064.0,2064.5],[2061.0,2062.5],[2058.0,2060.5],[2052.0,2060.5],[2048.5,2061.0],[2047.5,2057.0],[2047.5,2051.0],[2047.5,2046.0],[2047.5,2041.0],[2047.5,2035.0],[2047.5,2030.0],[2047.5,2025.0],[2047.5,2019.0],[2047.5,2014.0],[2047.5,2009.0],[2047.5,2003.0],[2047.5,1998.0],[2047.5,1993.0],[2048.5,1988.0],[2048.5,1983.0],[2048.5,1978.0],[2049.5,1974.0],[2049.5,1968.0],[2050.0,1963.5],[2050.5,1959.0],[2051.5,1954.0],[2052.0,1949.5],[2052.5,1945.0],[2052.5,1939.0],[2052.5,1934.0],[2052.5,1929.0],[2052.5,1923.0],[2054.0,1919.5],[2055.0,1915.5],[2055.5,1910.0],[2056.5,1906.0],[2056.5,1901.0],[2057.0,1895.5],[2057.5,1891.0],[2058.5,1887.0],[2058.5,1881.0],[2058.5,1876.0],[2058.5,1871.0],[2058.5,1865.0],[2058.5,1860.0],[2059.5,1856.0],[2059.5,1850.0],[2060.5,1846.0],[2060.5,1841.0],[2061.5,1836.0],[2061.5,1831.0],[2061.5,1826.0],[2061.5,1820.0],[2061.5,1815.0],[2061.5,1810.0],[2061.5,1804.0],[2061.5,1799.0],[2062.5,1795.0],[2063.5,1790.0],[2063.5,1785.0],[2064.5,1781.0],[2064.5,1775.0],[2064.5,1770.0],[2065.5,1766.0],[2065.5,1761.0],[2065.5,1755.0],[2066.0,1750.5],[2066.5,1746.0],[2066.5,1740.0],[2067.5,1736.0],[2068.5,1732.0],[2070.0,1727.5],[2071.0,1723.5],[2071.5,1719.0],[2072.5,1714.0],[2073.5,1710.0],[2073.5,1705.0],[2072.5,1700.0],[2073.0,1695.5],[2073.5,1691.0],[2073.5,1685.0],[2074.5,1681.0],[2074.5,1676.0],[2075.5,1671.0],[2075.5,1666.0],[2075.5,1661.0],[2075.5,1655.0],[2076.5,1651.0],[2076.5,1646.0],[2076.5,1640.0],[2076.5,1635.0],[2077.5,1631.0],[2078.5,1626.0],[2078.5,1621.0],[2079.5,1617.0],[2080.5,1612.0],[2081.5,1608.0],[2082.5,1604.0],[2083.5,1599.0],[2083.5,1594.0],[2082.5,1590.0],[2082.5,1584.0],[2082.5,1579.0],[2082.5,1574.0],[2082.5,1568.0],[2083.5,1564.0],[2084.5,1560.0],[2085.5,1556.0],[2086.5,1551.0],[2087.5,1547.0],[2088.5,1543.0],[2089.5,1538.0],[2090.5,1534.0],[2092.0,1530.5],[2094.0,1526.5],[2096.0,1523.5],[2099.5,1523.0],[2102.0,1526.5],[2106.0,1527.5],[2110.0,1528.5],[2116.0,1528.5],[2120.0,1527.5],[2124.0,1526.5],[2130.0,1526.5],[2135.0,1526.5],[2138.5,1528.0],[2142.0,1530.5],[2144.0,1533.5],[2146.5,1536.0],[2144.0,1539.5],[2142.0,1542.5],[2140.5,1546.0],[2138.5,1550.0],[2137.0,1553.5],[2135.5,1557.0],[2134.5,1562.0],[2134.5,1567.0],[2134.5,1572.0],[2133.5,1577.0],[2132.5,1581.0],[2131.0,1584.5],[2128.0,1587.5],[2126.0,1590.5],[2123.0,1592.5],[2119.5,1595.0],[2117.0,1597.5],[2115.5,1601.0],[2114.5,1605.0],[2113.5,1610.0],[2113.5,1615.0],[2113.0,1619.5],[2112.5,1625.0],[2112.5,1630.0],[2112.5,1635.0],[2111.5,1640.0],[2110.5,1644.0],[2109.5,1648.0],[2109.0,1653.5],[2108.5,1658.0],[2108.5,1663.0],[2109.5,1668.0],[2109.5,1673.0],[2109.5,1678.0],[2109.5,1684.0],[2109.5,1689.0],[2108.0,1692.5],[2106.0,1696.5],[2104.5,1700.0],[2103.5,1704.0],[2104.5,1709.0],[2105.5,1713.0],[2106.5,1717.0],[2107.5,1722.0],[2108.5,1726.0],[2109.5,1730.0],[2110.0,1734.5],[2109.0,1738.5],[2108.0,1742.5],[2107.5,1748.0],[2106.5,1752.0],[2106.5,1757.0],[2106.5,1763.0],[2106.5,1768.0],[2107.5,1772.0],[2107.5,1778.0],[2107.5,1783.0],[2107.5,1788.0],[2107.5,1794.0],[2107.5,1799.0],[2108.5,1803.0],[2109.5,1807.0],[2110.5,1812.0],[2111.0,1816.5],[2112.0,1820.5],[2113.5,1825.0],[2113.5,1830.0],[2114.5,1834.0],[2114.5,1840.0],[2114.5,1845.0],[2113.5,1849.0],[2112.5,1854.0],[2110.5,1857.0],[2109.5,1861.0],[2108.0,1865.5],[2107.5,1870.0],[2108.0,1874.5],[2108.5,1880.0],[2109.5,1884.0],[2110.5,1888.0],[2111.5,1893.0],[2112.5,1897.0],[2111.5,1901.0],[2110.0,1905.5],[2108.0,1908.5],[2106.0,1911.5],[2103.5,1915.0],[2102.5,1919.0],[2101.5,1923.0],[2101.0,1927.5],[2101.5,1932.0],[2100.5,1936.0],[2099.5,1941.0],[2098.0,1944.5],[2096.5,1948.0],[2094.5,1952.0],[2092.5,1955.0],[2090.5,1958.0],[2089.5,1963.0],[2088.5,1967.0],[2089.5,1971.0],[2089.5,1977.0],[2090.5,1981.0],[2091.5,1985.0],[2091.5,1990.0],[2092.5,1995.0],[2091.5,1999.0],[2091.5,2004.0],[2090.0,2008.5],[2089.0,2012.5],[2088.5,2017.0],[2087.5,2022.0],[2087.5,2027.0],[2088.0,2031.5],[2089.5,2036.0],[2091.0,2039.5],[2091.5,2044.0],[2091.5,2048.0],[2090.5,2052.0],[2088.0,2054.5],[2085.0,2057.5],[2082.5,2060.0],[2080.0,2062.5],[2076.0,2064.5],[2073.0,2066.5]]",243053.63027000427,431195.8680305481,70.9932804107666,,,,,0.38227286,23268,NOF_R_0153,NOF_우안(청주측)_접속부(콘크리트_중력식),NOF_R_0153,e6d90eac-ff14-5389-9e10-b37071ca834b,0.9770731421292228,../../Data/DJI_20250702160538_0800_V.JPG,../Overlay/SPL/P000253.png,mapped,local_surface_estimate
DJI_20250702160538_0800_V.JPG,P000254,SPL,박락,"[[978.0,2033.5],[976.0,2032.5],[975.5,2030.0],[975.5,2027.0],[975.5,2024.0],[975.5,2021.0],[976.5,2018.0],[977.5,2016.0],[978.0,2013.5],[979.0,2011.5],[979.5,2009.0],[980.5,2007.0],[981.5,2005.0],[982.5,2003.0],[983.5,2001.0],[984.0,1998.5],[984.5,1996.0],[985.5,1993.0],[985.5,1990.0],[985.5,1987.0],[985.5,1984.0],[984.5,1982.0],[984.5,1979.0],[983.5,1977.0],[983.0,1974.5],[982.5,1972.0],[981.5,1970.0],[981.5,1967.0],[980.5,1964.0],[980.5,1961.0],[980.5,1958.0],[980.5,1955.0],[979.5,1953.0],[979.5,1950.0],[979.5,1947.0],[979.5,1944.0],[980.0,1941.5],[980.5,1939.0],[980.5,1936.0],[980.5,1932.0],[981.5,1930.0],[982.0,1927.5],[982.5,1925.0],[982.0,1922.5],[981.5,1920.0],[980.5,1918.0],[980.5,1915.0],[981.5,1913.0],[981.5,1910.0],[982.0,1907.5],[982.5,1904.0],[983.5,1902.0],[984.5,1900.0],[985.5,1898.0],[986.0,1895.5],[986.5,1893.0],[987.0,1890.5],[987.5,1888.0],[987.5,1885.0],[987.5,1882.0],[987.5,1879.0],[987.5,1875.0],[986.5,1873.0],[986.5,1870.0],[986.5,1867.0],[986.5,1864.0],[986.5,1861.0],[986.5,1858.0],[986.5,1855.0],[986.5,1852.0],[987.5,1850.0],[988.0,1847.5],[988.5,1845.0],[989.5,1842.0],[990.5,1840.0],[991.0,1837.5],[991.5,1835.0],[992.5,1833.0],[992.5,1830.0],[993.5,1828.0],[993.5,1825.0],[994.5,1823.0],[994.5,1820.0],[995.5,1818.0],[996.0,1814.5],[996.5,1812.0],[997.0,1809.5],[997.5,1807.0],[997.5,1804.0],[998.5,1802.0],[998.5,1799.0],[998.5,1796.0],[998.5,1793.0],[999.5,1791.0],[999.5,1788.0],[999.5,1784.0],[999.5,1781.0],[999.5,1778.0],[999.5,1775.0],[999.0,1772.5],[998.5,1770.0],[998.5,1767.0],[998.5,1764.0],[999.5,1762.0],[999.5,1759.0],[1000.5,1757.0],[1001.0,1753.5],[1001.5,1751.0],[1002.5,1749.0],[1003.5,1747.0],[1003.5,1744.0],[1004.5,1742.0],[1005.5,1740.0],[1005.5,1737.0],[1006.5,1735.0],[1007.5,1733.0],[1008.5,1731.0],[1009.5,1728.0],[1011.0,1726.5],[1012.0,1724.5],[1013.0,1722.5],[1014.5,1721.0],[1016.0,1719.5],[1017.0,1717.5],[1019.0,1716.5],[1020.5,1715.0],[1022.5,1714.0],[1024.5,1713.0],[1027.0,1713.5],[1028.0,1715.5],[1028.0,1717.5],[1027.5,1720.0],[1027.5,1723.0],[1027.0,1725.5],[1026.5,1728.0],[1026.0,1730.5],[1025.5,1733.0],[1025.0,1735.5],[1024.5,1738.0],[1024.0,1741.5],[1023.5,1744.0],[1023.0,1746.5],[1022.5,1749.0],[1022.5,1752.0],[1022.5,1755.0],[1022.0,1757.5],[1021.5,1760.0],[1021.5,1763.0],[1021.5,1766.0],[1022.5,1768.0],[1022.5,1772.0],[1022.5,1775.0],[1023.5,1777.0],[1023.5,1780.0],[1024.5,1782.0],[1025.0,1784.5],[1025.5,1787.0],[1026.5,1789.0],[1026.5,1792.0],[1026.5,1795.0],[1026.5,1798.0],[1025.5,1801.0],[1025.5,1804.0],[1024.5,1806.0],[1024.5,1809.0],[1024.5,1812.0],[1023.5,1814.0],[1024.0,1816.5],[1024.5,1819.0],[1025.0,1821.5],[1025.5,1824.0],[1026.0,1826.5],[1026.5,1830.0],[1026.5,1833.0],[1027.0,1835.5],[1026.5,1837.0],[1026.5,1840.0],[1026.5,1843.0],[1025.5,1845.0],[1025.5,1848.0],[1024.5,1850.0],[1024.5,1853.0],[1023.5,1855.0],[1023.5,1859.0],[1022.5,1861.0],[1022.5,1864.0],[1022.5,1867.0],[1022.0,1869.5],[1021.5,1872.0],[1021.5,1875.0],[1021.0,1877.5],[1020.5,1880.0],[1020.5,1883.0],[1020.5,1886.0],[1020.5,1889.0],[1019.5,1892.0],[1019.0,1894.5],[1018.5,1897.0],[1017.5,1899.0],[1016.5,1901.0],[1016.0,1903.5],[1015.5,1906.0],[1014.5,1908.0],[1014.0,1910.5],[1013.5,1913.0],[1012.5,1915.0],[1011.5,1918.0],[1010.5,1920.0],[1009.5,1922.0],[1008.0,1923.5],[1007.0,1925.5],[1006.5,1928.0],[1007.5,1930.0],[1007.5,1933.0],[1007.5,1936.0],[1007.5,1939.0],[1007.5,1942.0],[1006.5,1945.0],[1006.5,1948.0],[1005.5,1950.0],[1004.5,1952.0],[1004.0,1954.5],[1003.5,1957.0],[1002.5,1959.0],[1002.5,1962.0],[1002.5,1965.0],[1002.5,1968.0],[1001.5,1970.0],[1001.5,1974.0],[1001.5,1977.0],[1001.5,1980.0],[1001.5,1983.0],[1000.5,1985.0],[1000.0,1987.5],[999.5,1990.0],[998.5,1992.0],[997.5,1994.0],[996.5,1996.0],[996.0,1998.5],[994.5,2001.0],[993.5,2003.0],[992.5,2005.0],[991.5,2007.0],[991.0,2009.5],[990.0,2011.5],[989.5,2014.0],[988.5,2016.0],[987.5,2018.0],[986.5,2020.0],[986.0,2022.5],[984.5,2025.0],[983.5,2027.0],[982.5,2029.0],[981.0,2030.5],[979.5,2032.0],[978.0,2033.5]]",243052.2069158554,431199.63565444946,70.80096340179443,,,,,0.1206904537,7833,NOF_R_0152,NOF_우안(청주측)_접속부(콘크리트_중력식),NOF_R_0152,27c2e42d-5d15-53bb-903d-74beff90478c,0.9438668485841699,../../Data/DJI_20250702160538_0800_V.JPG,../Overlay/SPL/P000254.png,mapped,local_surface_estimate
DJI_20250702160538_0800_V.JPG,P000255,SPL,박락,"[[1880.0,2285.5],[1878.0,2284.5],[1875.0,2285.5],[1873.0,2284.5],[1870.0,2284.5],[1868.0,2283.5],[1866.5,2281.0],[1865.5,2279.0],[1865.5,2276.0],[1866.0,2272.5],[1866.5,2270.0],[1867.5,2268.0],[1867.5,2265.0],[1867.5,2261.0],[1867.0,2258.5],[1865.5,2257.0],[1864.5,2255.0],[1863.5,2252.0],[1862.0,2250.5],[1861.0,2248.5],[1859.5,2246.0],[1859.5,2243.0],[1858.5,2241.0],[1858.5,2238.0],[1858.5,2234.0],[1859.5,2232.0],[1859.5,2229.0],[1861.0,2226.5],[1862.0,2224.5],[1862.5,2222.0],[1863.5,2220.0],[1865.0,2217.5],[1866.5,2216.0],[1867.5,2214.0],[1868.5,2212.0],[1870.0,2209.5],[1871.5,2208.0],[1872.5,2206.0],[1874.5,2204.0],[1875.5,2202.0],[1877.0,2200.5],[1878.5,2199.0],[1879.5,2196.0],[1880.5,2194.0],[1881.5,2192.0],[1882.5,2189.0],[1882.5,2186.0],[1883.5,2184.0],[1883.5,2181.0],[1883.5,2177.0],[1884.5,2175.0],[1884.5,2172.0],[1885.5,2170.0],[1886.0,2166.5],[1886.5,2164.0],[1887.5,2162.0],[1888.5,2159.0],[1889.5,2157.0],[1890.5,2155.0],[1891.5,2153.0],[1892.5,2150.0],[1893.5,2148.0],[1893.5,2145.0],[1893.5,2141.0],[1893.5,2138.0],[1892.5,2136.0],[1892.5,2133.0],[1892.5,2129.0],[1892.5,2126.0],[1892.0,2123.5],[1891.5,2121.0],[1890.5,2118.0],[1889.5,2116.0],[1888.5,2114.0],[1887.0,2111.5],[1886.5,2109.0],[1885.5,2107.0],[1884.5,2105.0],[1883.5,2102.0],[1882.5,2100.0],[1882.5,2097.0],[1883.0,2093.5],[1883.5,2091.0],[1884.5,2089.0],[1886.0,2087.5],[1887.5,2085.0],[1889.0,2083.5],[1890.0,2081.5],[1892.0,2079.5],[1893.0,2077.5],[1894.5,2076.0],[1895.5,2074.0],[1896.5,2071.0],[1896.0,2068.5],[1895.5,2066.0],[1894.5,2064.0],[1893.0,2061.5],[1892.0,2059.5],[1891.5,2057.0],[1890.0,2054.5],[1889.5,2052.0],[1888.5,2050.0],[1888.0,2047.5],[1887.0,2044.5],[1886.5,2042.0],[1886.5,2039.0],[1885.5,2036.0],[1885.5,2033.0],[1885.5,2030.0],[1884.5,2028.0],[1884.5,2024.0],[1884.5,2021.0],[1884.5,2018.0],[1885.5,2016.0],[1886.0,2012.5],[1886.5,2010.0],[1887.5,2008.0],[1888.0,2004.5],[1888.5,2002.0],[1889.5,2000.0],[1889.5,1997.0],[1890.5,1994.0],[1890.5,1991.0],[1891.5,1989.0],[1892.5,1986.0],[1893.5,1984.0],[1894.0,1981.5],[1895.0,1979.5],[1896.0,1976.5],[1897.0,1974.5],[1898.0,1972.5],[1899.0,1970.5],[1900.5,1968.0],[1902.0,1966.5],[1903.5,1965.0],[1906.0,1963.5],[1908.5,1963.0],[1911.0,1962.5],[1914.0,1962.5],[1918.0,1962.5],[1919.5,1964.0],[1920.5,1966.0],[1923.5,1967.0],[1924.5,1969.0],[1925.5,1971.0],[1925.5,1974.0],[1926.5,1977.0],[1926.5,1980.0],[1927.0,1982.5],[1927.5,1985.0],[1927.5,1989.0],[1926.5,1991.0],[1926.5,1994.0],[1926.5,1998.0],[1925.5,2000.0],[1925.5,2003.0],[1925.0,2005.5],[1924.5,2009.0],[1924.0,2011.5],[1923.5,2014.0],[1923.5,2018.0],[1922.5,2020.0],[1922.5,2023.0],[1921.5,2025.0],[1921.0,2028.5],[1920.5,2031.0],[1919.5,2033.0],[1919.5,2036.0],[1919.5,2040.0],[1919.5,2043.0],[1919.5,2046.0],[1918.5,2049.0],[1918.0,2051.5],[1917.5,2054.0],[1917.0,2056.5],[1916.5,2060.0],[1916.5,2063.0],[1915.5,2065.0],[1915.5,2069.0],[1915.5,2072.0],[1915.5,2075.0],[1915.5,2078.0],[1915.5,2082.0],[1915.5,2085.0],[1915.5,2088.0],[1915.5,2092.0],[1915.5,2095.0],[1914.5,2097.0],[1914.5,2100.0],[1914.5,2104.0],[1914.5,2107.0],[1914.5,2110.0],[1914.5,2113.0],[1914.5,2117.0],[1914.5,2120.0],[1914.5,2123.0],[1914.0,2126.5],[1913.5,2129.0],[1913.5,2132.0],[1913.0,2134.5],[1911.5,2137.0],[1911.0,2139.5],[1910.0,2141.5],[1908.5,2144.0],[1908.5,2147.0],[1907.5,2149.0],[1907.5,2152.0],[1906.5,2155.0],[1906.5,2158.0],[1906.5,2161.0],[1906.5,2164.0],[1906.5,2168.0],[1906.5,2171.0],[1905.5,2173.0],[1905.5,2177.0],[1905.5,2180.0],[1905.5,2183.0],[1904.5,2185.0],[1904.5,2189.0],[1904.5,2192.0],[1903.5,2194.0],[1903.5,2198.0],[1903.5,2201.0],[1902.5,2203.0],[1902.5,2206.0],[1902.0,2209.5],[1901.5,2212.0],[1901.0,2214.5],[1900.5,2217.0],[1899.5,2220.0],[1899.5,2223.0],[1898.5,2225.0],[1898.0,2228.5],[1897.5,2231.0],[1897.5,2234.0],[1896.5,2236.0],[1896.5,2240.0],[1895.5,2242.0],[1895.5,2245.0],[1894.5,2248.0],[1894.5,2251.0],[1894.5,2254.0],[1894.5,2257.0],[1893.5,2260.0],[1892.5,2262.0],[1892.5,2265.0],[1891.5,2267.0],[1891.5,2271.0],[1890.5,2273.0],[1890.5,2276.0],[1889.5,2279.0],[1888.5,2281.0],[1887.0,2282.5],[1885.5,2284.0],[1882.0,2284.5],[1880.0,2285.5]]",243052.66489315033,431196.2325325012,69.94281005859375,,,,,0.1302138102,8999,NOF_R_0153,NOF_우안(청주측)_접속부(콘크리트_중력식),NOF_R_0153,e6d90eac-ff14-5389-9e10-b37071ca834b,0.9618494613248251,../../Data/DJI_20250702160538_0800_V.JPG,../Overlay/SPL/P000255.png,mapped,local_surface_estimate
DJI_20250702160538_0800_V.JPG,P000256,SPL,박락,"[[2024.0,2573.5],[2022.5,2573.0],[2022.5,2572.0],[2021.0,2571.5],[2019.0,2571.5],[2018.5,2571.0],[2017.5,2570.0],[2016.5,2569.0],[2016.5,2568.0],[2016.0,2566.5],[2015.5,2565.0],[2014.5,2564.0],[2014.5,2563.0],[2014.0,2561.5],[2013.5,2560.0],[2013.5,2559.0],[2013.5,2557.0],[2012.5,2556.0],[2012.5,2555.0],[2012.5,2553.0],[2012.5,2551.0],[2012.5,2550.0],[2012.0,2548.5],[2012.0,2547.5],[2012.5,2547.0],[2012.0,2545.5],[2011.5,2544.0],[2011.5,2542.0],[2011.5,2541.0],[2011.5,2539.0],[2011.0,2537.5],[2010.5,2537.0],[2010.5,2535.0],[2010.5,2533.0],[2010.5,2532.0],[2010.5,2530.0],[2010.5,2528.0],[2010.5,2527.0],[2010.5,2525.0],[2010.5,2523.0],[2010.5,2522.0],[2010.5,2520.0],[2011.5,2519.0],[2011.5,2517.0],[2011.5,2516.0],[2012.0,2514.5],[2012.5,2513.0],[2012.5,2512.0],[2012.5,2510.0],[2013.5,2509.0],[2013.5,2508.0],[2013.5,2506.0],[2013.5,2504.0],[2013.5,2503.0],[2013.5,2501.0],[2013.5,2499.0],[2013.5,2498.0],[2013.0,2496.5],[2012.5,2495.0],[2012.5,2494.0],[2012.5,2492.0],[2012.5,2490.0],[2012.5,2488.0],[2012.5,2487.0],[2012.5,2485.0],[2013.5,2484.0],[2013.5,2483.0],[2013.5,2481.0],[2013.5,2479.0],[2013.5,2478.0],[2014.5,2477.0],[2015.0,2475.5],[2015.5,2475.0],[2015.5,2473.0],[2015.5,2471.0],[2015.5,2470.0],[2015.5,2468.0],[2016.5,2467.0],[2016.5,2465.0],[2016.5,2464.0],[2016.5,2462.0],[2016.5,2460.0],[2016.5,2459.0],[2017.5,2458.0],[2017.5,2456.0],[2017.5,2455.0],[2017.5,2453.0],[2018.5,2452.0],[2018.5,2451.0],[2018.5,2449.0],[2018.5,2447.0],[2019.0,2446.5],[2019.5,2445.0],[2020.5,2444.0],[2020.5,2442.0],[2021.0,2441.5],[2022.0,2440.5],[2024.0,2440.5],[2025.0,2440.5],[2026.0,2441.5],[2027.0,2442.5],[2028.0,2442.5],[2029.0,2443.5],[2030.0,2444.5],[2030.5,2445.0],[2031.5,2446.0],[2032.0,2447.5],[2032.5,2448.0],[2033.5,2449.0],[2034.0,2450.5],[2034.5,2451.0],[2035.5,2452.0],[2036.5,2453.0],[2036.5,2455.0],[2036.5,2456.0],[2037.0,2457.5],[2037.5,2459.0],[2037.5,2460.0],[2038.5,2461.0],[2039.0,2462.5],[2040.0,2462.5],[2041.0,2463.5],[2042.5,2464.0],[2043.0,2464.5],[2045.0,2464.5],[2046.0,2465.5],[2047.0,2465.5],[2048.5,2466.0],[2049.5,2467.0],[2050.5,2468.0],[2050.5,2469.0],[2051.5,2470.0],[2052.0,2471.5],[2052.5,2472.0],[2053.0,2473.5],[2053.5,2475.0],[2054.0,2475.5],[2054.5,2477.0],[2055.5,2478.0],[2055.5,2479.0],[2056.5,2480.0],[2057.5,2481.0],[2058.0,2481.5],[2059.0,2482.5],[2060.0,2483.5],[2061.0,2484.5],[2061.5,2485.0],[2063.0,2485.5],[2064.0,2486.5],[2064.5,2487.0],[2065.5,2488.0],[2067.0,2488.5],[2067.5,2489.0],[2068.5,2490.0],[2069.5,2491.0],[2070.0,2491.5],[2071.0,2492.5],[2072.0,2493.5],[2072.5,2494.0],[2073.5,2495.0],[2074.5,2496.0],[2075.0,2496.5],[2076.0,2497.5],[2077.0,2498.5],[2078.0,2499.5],[2078.5,2500.0],[2079.0,2501.5],[2079.5,2503.0],[2079.5,2504.0],[2080.5,2505.0],[2080.5,2507.0],[2080.5,2508.0],[2080.5,2510.0],[2079.5,2511.0],[2079.5,2512.0],[2079.0,2513.5],[2078.5,2515.0],[2078.0,2515.5],[2077.0,2516.5],[2076.0,2517.5],[2075.0,2518.5],[2074.0,2518.5],[2073.0,2519.5],[2071.5,2520.0],[2071.0,2520.5],[2069.5,2521.0],[2068.5,2522.0],[2068.0,2522.5],[2066.5,2523.0],[2065.5,2524.0],[2065.0,2524.5],[2063.5,2525.0],[2062.0,2525.5],[2061.0,2525.5],[2060.0,2526.5],[2058.0,2526.5],[2056.5,2527.0],[2056.0,2527.5],[2054.0,2527.5],[2052.0,2527.5],[2051.0,2527.5],[2049.0,2527.5],[2047.5,2527.0],[2047.5,2526.0],[2047.0,2524.5],[2046.0,2523.5],[2045.0,2523.5],[2044.0,2522.5],[2043.0,2521.5],[2042.5,2521.0],[2042.0,2519.5],[2040.0,2519.5],[2039.0,2519.5],[2038.0,2520.5],[2037.5,2522.0],[2037.5,2524.0],[2037.5,2525.0],[2036.5,2526.0],[2036.5,2528.0],[2036.5,2529.0],[2037.0,2530.5],[2037.5,2532.0],[2037.5,2533.0],[2037.5,2535.0],[2037.5,2537.0],[2037.5,2538.0],[2037.5,2540.0],[2036.5,2541.0],[2036.5,2542.0],[2036.5,2544.0],[2036.5,2546.0],[2036.5,2548.0],[2036.5,2549.0],[2036.5,2551.0],[2036.5,2553.0],[2036.0,2553.5],[2035.5,2555.0],[2034.5,2556.0],[2034.5,2557.0],[2035.5,2558.0],[2035.0,2559.5],[2034.5,2560.0],[2034.5,2562.0],[2034.0,2563.5],[2033.5,2564.0],[2032.5,2565.0],[2032.0,2566.5],[2031.0,2567.5],[2030.0,2567.5],[2029.0,2568.5],[2028.0,2569.5],[2027.5,2570.0],[2026.0,2570.5],[2025.5,2572.0],[2025.0,2572.5],[2024.0,2573.5]]",243051.99873924255,431195.4115867615,68.76757144927979,,,,,0.0596999182,4718,NOF_R_0153,NOF_우안(청주측)_접속부(콘크리트_중력식),NOF_R_0153,e6d90eac-ff14-5389-9e10-b37071ca834b,0.9355725402445952,../../Data/DJI_20250702160538_0800_V.JPG,../Overlay/SPL/P000256.png,mapped,local_surface_estimate
DJI_20250702160538_0800_V.JPG,P000257,SPL,박락,"[[821.0,2800.5],[817.5,2800.0],[816.0,2798.5],[815.5,2795.0],[814.5,2793.0],[814.5,2789.0],[815.5,2786.0],[815.5,2783.0],[816.5,2780.0],[816.5,2777.0],[817.5,2774.0],[817.5,2771.0],[818.5,2768.0],[819.5,2765.0],[820.5,2763.0],[821.5,2760.0],[822.5,2758.0],[823.5,2755.0],[823.5,2751.0],[824.5,2749.0],[824.5,2745.0],[824.5,2742.0],[823.5,2739.0],[823.5,2736.0],[823.5,2732.0],[824.0,2728.5],[825.0,2726.5],[826.5,2724.0],[827.5,2722.0],[829.5,2720.0],[831.0,2717.5],[832.0,2715.5],[833.5,2713.0],[834.5,2711.0],[835.5,2708.0],[836.5,2706.0],[836.5,2702.0],[837.5,2699.0],[838.0,2696.5],[839.5,2694.0],[839.5,2691.0],[839.0,2687.5],[837.5,2685.0],[838.5,2683.0],[839.5,2680.0],[839.5,2677.0],[840.5,2674.0],[840.5,2671.0],[840.5,2667.0],[840.0,2663.5],[839.5,2661.0],[839.5,2657.0],[839.5,2654.0],[839.5,2650.0],[839.5,2646.0],[839.5,2643.0],[839.5,2639.0],[839.5,2636.0],[839.5,2632.0],[839.5,2629.0],[839.5,2625.0],[839.5,2621.0],[839.5,2618.0],[839.5,2614.0],[840.5,2612.0],[841.5,2609.0],[842.5,2606.0],[843.0,2603.5],[843.5,2600.0],[844.5,2598.0],[844.5,2594.0],[844.5,2591.0],[844.5,2587.0],[844.5,2583.0],[844.5,2580.0],[845.5,2577.0],[845.5,2574.0],[845.5,2570.0],[846.5,2567.0],[846.5,2564.0],[847.5,2561.0],[848.5,2559.0],[849.5,2556.0],[850.5,2554.0],[851.5,2551.0],[852.5,2548.0],[853.5,2546.0],[854.5,2543.0],[855.5,2541.0],[856.5,2538.0],[856.5,2534.0],[857.5,2532.0],[858.5,2529.0],[858.5,2526.0],[859.5,2523.0],[860.0,2519.5],[860.5,2517.0],[861.5,2514.0],[862.5,2512.0],[863.5,2509.0],[864.0,2506.5],[865.0,2503.5],[866.0,2500.5],[867.0,2498.5],[868.5,2496.0],[869.5,2494.0],[871.5,2492.0],[872.5,2489.0],[874.0,2487.5],[875.5,2485.0],[876.5,2483.0],[878.0,2480.5],[878.5,2478.0],[879.5,2475.0],[880.0,2471.5],[880.5,2469.0],[880.5,2465.0],[881.0,2462.5],[882.0,2459.5],[883.5,2457.0],[884.5,2455.0],[886.0,2452.5],[888.5,2452.0],[891.0,2452.5],[892.5,2454.0],[891.5,2457.0],[891.5,2461.0],[891.5,2464.0],[891.5,2468.0],[891.5,2471.0],[892.5,2474.0],[893.5,2477.0],[894.0,2479.5],[896.0,2479.5],[896.5,2482.0],[896.5,2486.0],[895.5,2488.0],[893.5,2490.0],[892.5,2493.0],[891.5,2495.0],[890.5,2498.0],[889.5,2500.0],[888.5,2503.0],[888.5,2507.0],[889.5,2509.0],[889.5,2513.0],[890.5,2515.0],[890.5,2519.0],[890.5,2522.0],[889.5,2525.0],[888.0,2527.5],[887.5,2530.0],[886.5,2533.0],[885.5,2535.0],[884.5,2538.0],[883.5,2541.0],[883.5,2544.0],[882.5,2547.0],[881.5,2549.0],[881.5,2553.0],[880.5,2555.0],[880.5,2559.0],[879.5,2562.0],[879.5,2565.0],[878.5,2568.0],[878.5,2571.0],[878.5,2575.0],[878.5,2579.0],[878.5,2582.0],[879.5,2585.0],[880.0,2587.5],[881.5,2590.0],[883.0,2592.5],[884.5,2594.0],[886.5,2596.0],[888.0,2597.5],[890.0,2599.5],[892.0,2600.5],[893.5,2603.0],[895.0,2605.5],[895.5,2608.0],[895.5,2612.0],[894.5,2614.0],[893.0,2616.5],[891.0,2618.5],[889.5,2620.0],[888.0,2622.5],[887.0,2624.5],[885.5,2627.0],[884.5,2629.0],[883.5,2632.0],[882.5,2635.0],[882.5,2638.0],[881.5,2641.0],[880.5,2643.0],[880.0,2646.5],[879.0,2649.5],[878.0,2651.5],[876.5,2654.0],[875.5,2656.0],[873.5,2658.0],[872.0,2659.5],[870.5,2662.0],[868.0,2663.5],[866.5,2665.0],[864.5,2667.0],[863.0,2668.5],[861.0,2670.5],[859.0,2672.5],[857.0,2673.5],[855.0,2675.5],[853.5,2677.0],[852.0,2679.5],[851.0,2681.5],[849.5,2684.0],[848.5,2687.0],[846.0,2687.5],[844.5,2690.0],[843.5,2692.0],[842.5,2695.0],[842.5,2699.0],[842.5,2702.0],[843.5,2705.0],[843.5,2708.0],[843.5,2712.0],[843.5,2715.0],[842.5,2718.0],[842.5,2722.0],[841.5,2724.0],[841.0,2727.5],[840.5,2730.0],[839.5,2733.0],[839.0,2736.5],[838.5,2739.0],[837.5,2742.0],[837.5,2745.0],[837.0,2748.5],[836.5,2751.0],[836.5,2755.0],[836.5,2759.0],[835.5,2761.0],[835.5,2765.0],[834.5,2767.0],[833.5,2770.0],[832.5,2773.0],[831.5,2775.0],[831.0,2778.5],[830.5,2781.0],[829.5,2784.0],[829.5,2787.0],[828.5,2790.0],[827.5,2793.0],[826.5,2795.0],[825.0,2797.5],[823.0,2798.5],[821.0,2800.5]]",243050.5635280609,431199.12828445435,68.52684783935547,,,,,0.0997466153,8489,NOF_R_0152,NOF_우안(청주측)_접속부(콘크리트_중력식),NOF_R_0152,27c2e42d-5d15-53bb-903d-74beff90478c,0.9125461818114764,../../Data/DJI_20250702160538_0800_V.JPG,../Overlay/SPL/P000257.png,mapped,local_surface_estimate
DJI_20250702160538_0800_V.JPG,P000258,SPL,박락,"[[2570.0,2631.5],[2569.0,2631.5],[2567.0,2631.5],[2566.0,2631.5],[2564.5,2631.0],[2564.0,2630.5],[2562.0,2630.5],[2561.5,2630.0],[2561.0,2629.5],[2560.0,2628.5],[2559.5,2628.0],[2558.5,2627.0],[2558.0,2626.5],[2557.0,2625.5],[2556.5,2625.0],[2556.0,2624.5],[2555.5,2623.0],[2555.5,2622.0],[2554.5,2621.0],[2554.5,2620.0],[2554.5,2618.0],[2554.5,2617.0],[2554.5,2616.0],[2554.5,2614.0],[2554.5,2613.0],[2554.5,2611.0],[2554.5,2610.0],[2555.0,2608.5],[2555.5,2608.0],[2555.5,2607.0],[2556.0,2605.5],[2556.5,2605.0],[2558.0,2604.5],[2558.5,2604.0],[2559.5,2603.0],[2560.0,2602.5],[2560.5,2602.0],[2561.5,2601.0],[2562.0,2600.5],[2563.5,2600.0],[2564.0,2599.5],[2565.5,2599.0],[2566.0,2598.5],[2566.5,2598.0],[2568.0,2597.5],[2568.5,2597.0],[2570.0,2596.5],[2570.5,2596.0],[2572.0,2595.5],[2573.0,2595.5],[2573.5,2595.0],[2575.0,2594.5],[2576.0,2594.5],[2577.5,2594.0],[2578.0,2593.5],[2580.0,2593.5],[2581.0,2593.5],[2581.5,2593.0],[2583.0,2592.5],[2584.0,2592.5],[2586.0,2592.5],[2587.0,2592.5],[2588.5,2592.0],[2589.0,2591.5],[2590.0,2591.5],[2592.0,2591.5],[2593.0,2591.5],[2594.5,2591.0],[2595.0,2590.5],[2596.0,2590.5],[2598.0,2590.5],[2599.0,2590.5],[2600.0,2589.5],[2601.0,2589.5],[2602.5,2589.0],[2603.0,2588.5],[2604.0,2588.5],[2605.5,2588.0],[2606.0,2587.5],[2608.0,2587.5],[2608.5,2587.0],[2610.0,2586.5],[2611.0,2586.5],[2611.5,2586.0],[2613.0,2585.5],[2614.0,2585.5],[2615.5,2585.0],[2616.0,2584.5],[2618.0,2584.5],[2619.0,2584.5],[2620.0,2584.5],[2622.0,2584.5],[2622.5,2584.0],[2624.0,2583.5],[2625.0,2583.5],[2627.0,2583.5],[2628.0,2583.5],[2628.5,2584.0],[2630.0,2584.5],[2631.0,2584.5],[2632.0,2585.5],[2632.5,2586.0],[2633.5,2587.0],[2634.0,2587.5],[2634.5,2588.0],[2635.0,2589.5],[2635.5,2590.0],[2635.5,2592.0],[2636.0,2592.5],[2636.5,2594.0],[2637.0,2594.5],[2637.5,2595.0],[2638.5,2596.0],[2639.0,2596.5],[2639.5,2598.0],[2640.0,2598.5],[2641.5,2599.0],[2642.0,2599.5],[2642.5,2600.0],[2643.5,2601.0],[2644.0,2601.5],[2645.5,2602.0],[2646.0,2602.5],[2647.5,2603.0],[2648.0,2603.5],[2649.0,2603.5],[2650.0,2604.5],[2651.0,2604.5],[2653.0,2604.5],[2653.5,2605.0],[2655.0,2605.5],[2656.0,2605.5],[2656.5,2606.0],[2658.0,2606.5],[2659.0,2606.5],[2660.5,2607.0],[2661.0,2607.5],[2663.0,2607.5],[2664.0,2607.5],[2665.0,2607.5],[2667.0,2607.5],[2668.0,2607.5],[2670.0,2607.5],[2671.0,2607.5],[2673.0,2607.5],[2674.0,2607.5],[2675.0,2607.5],[2676.5,2608.0],[2677.0,2608.5],[2679.0,2608.5],[2679.5,2609.0],[2679.5,2611.0],[2679.5,2612.0],[2679.5,2613.0],[2678.5,2614.0],[2678.0,2614.5],[2676.0,2614.5],[2675.5,2615.0],[2674.0,2615.5],[2673.0,2615.5],[2672.0,2615.5],[2670.0,2615.5],[2669.0,2615.5],[2667.0,2615.5],[2666.0,2615.5],[2664.0,2615.5],[2663.0,2615.5],[2662.0,2615.5],[2660.0,2615.5],[2659.5,2616.0],[2658.0,2616.5],[2657.0,2616.5],[2655.0,2616.5],[2654.0,2616.5],[2653.0,2616.5],[2651.5,2617.0],[2651.0,2617.5],[2649.0,2617.5],[2648.0,2617.5],[2647.0,2618.5],[2646.0,2618.5],[2645.0,2618.5],[2644.0,2619.5],[2643.0,2619.5],[2641.0,2619.5],[2640.5,2620.0],[2639.0,2620.5],[2638.0,2620.5],[2637.5,2621.0],[2636.0,2621.5],[2635.0,2621.5],[2633.0,2621.5],[2632.0,2621.5],[2631.0,2621.5],[2629.5,2621.0],[2629.0,2620.5],[2627.5,2620.0],[2627.0,2619.5],[2625.5,2619.0],[2625.0,2618.5],[2624.5,2618.0],[2623.5,2617.0],[2623.0,2616.5],[2621.5,2616.0],[2621.0,2615.5],[2619.5,2615.0],[2619.0,2614.5],[2618.5,2614.0],[2617.0,2613.5],[2616.5,2613.0],[2615.0,2612.5],[2614.0,2612.5],[2612.0,2612.5],[2611.0,2612.5],[2610.0,2612.5],[2608.0,2612.5],[2607.5,2613.0],[2606.0,2613.5],[2605.0,2613.5],[2604.0,2614.5],[2603.0,2614.5],[2602.0,2614.5],[2601.0,2615.5],[2600.0,2615.5],[2599.0,2616.5],[2598.0,2616.5],[2596.5,2617.0],[2596.0,2617.5],[2595.0,2617.5],[2593.5,2618.0],[2593.0,2618.5],[2591.0,2618.5],[2590.0,2618.5],[2589.0,2619.5],[2588.0,2619.5],[2587.0,2619.5],[2586.0,2620.5],[2585.0,2620.5],[2584.0,2621.5],[2583.0,2621.5],[2582.0,2622.5],[2581.5,2623.0],[2581.0,2623.5],[2579.5,2624.0],[2579.0,2624.5],[2578.0,2625.5],[2577.5,2626.0],[2576.5,2627.0],[2576.0,2627.5],[2575.5,2628.0],[2574.0,2628.5],[2573.5,2629.0],[2572.5,2630.0],[2572.0,2630.5],[2570.5,2631.0],[2570.0,2631.5]]",243052.40238666534,431193.4457359314,68.44526290893555,,,,,0.0364716102,2932,NOF_R_0154,NOF_우안(청주측)_접속부(콘크리트_중력식),NOF_R_0154,a055c4e1-d7bb-5986-828c-dcac90f6c4a9,0.9647377950595476,../../Data/DJI_20250702160538_0800_V.JPG,../Overlay/SPL/P000258.png,mapped,local_surface_estimate
DJI_20250702160538_0800_V.JPG,P000259,SPL,박락,"[[659.0,3762.5],[658.0,3762.5],[657.0,3762.5],[656.0,3762.5],[655.5,3762.0],[655.0,3761.5],[654.5,3761.0],[654.0,3760.5],[653.0,3760.5],[652.0,3760.5],[651.5,3760.0],[651.0,3759.5],[650.5,3759.0],[650.0,3758.5],[649.5,3758.0],[649.5,3757.0],[649.5,3756.0],[649.5,3755.0],[649.0,3754.5],[648.5,3754.0],[648.5,3753.0],[648.5,3752.0],[648.5,3751.0],[648.5,3750.0],[648.5,3749.0],[648.5,3748.0],[648.5,3747.0],[648.5,3746.0],[648.5,3745.0],[648.5,3744.0],[648.5,3743.0],[648.5,3742.0],[648.5,3741.0],[648.5,3740.0],[648.5,3739.0],[648.5,3738.0],[648.5,3737.0],[648.5,3736.0],[648.5,3735.0],[648.5,3734.0],[648.5,3733.0],[648.5,3732.0],[648.5,3731.0],[648.5,3730.0],[648.5,3729.0],[648.5,3728.0],[648.5,3727.0],[648.5,3726.0],[648.5,3725.0],[648.5,3724.0],[649.0,3723.5],[649.5,3723.0],[649.5,3722.0],[649.5,3721.0],[650.0,3720.5],[650.5,3720.0],[651.0,3719.5],[651.5,3719.0],[652.0,3718.5],[652.5,3718.0],[653.0,3717.5],[653.5,3717.0],[654.0,3716.5],[655.0,3716.5],[655.5,3716.0],[656.0,3715.5],[657.0,3715.5],[657.5,3715.0],[658.0,3714.5],[658.5,3714.0],[659.0,3713.5],[660.0,3713.5],[660.5,3713.0],[661.0,3712.5],[661.5,3712.0],[661.5,3711.0],[662.0,3710.5],[662.5,3710.0],[663.0,3709.5],[663.5,3709.0],[664.0,3708.5],[664.5,3708.0],[665.0,3707.5],[665.5,3707.0],[666.0,3706.5],[666.5,3706.0],[667.0,3705.5],[667.5,3705.0],[668.0,3704.5],[668.5,3704.0],[668.5,3703.0],[669.0,3702.5],[669.5,3702.0],[670.0,3701.5],[670.5,3701.0],[671.0,3700.5],[672.0,3700.5],[672.5,3700.0],[672.5,3699.0],[673.0,3698.5],[674.0,3698.5],[674.5,3699.0],[674.5,3700.0],[674.5,3701.0],[674.5,3702.0],[674.5,3703.0],[674.5,3704.0],[674.5,3705.0],[674.5,3706.0],[674.5,3707.0],[674.5,3708.0],[674.5,3709.0],[674.5,3710.0],[674.5,3711.0],[674.5,3712.0],[674.5,3713.0],[674.5,3714.0],[674.5,3715.0],[674.5,3716.0],[674.5,3717.0],[674.5,3718.0],[674.5,3719.0],[674.5,3720.0],[674.5,3721.0],[674.5,3722.0],[674.0,3722.5],[673.5,3723.0],[673.5,3724.0],[673.5,3725.0],[673.0,3725.5],[672.5,3726.0],[672.5,3727.0],[672.0,3727.5],[671.5,3728.0],[671.5,3729.0],[671.0,3729.5],[670.5,3730.0],[670.5,3731.0],[670.0,3731.5],[669.5,3732.0],[669.5,3733.0],[669.5,3734.0],[669.0,3734.5],[668.5,3735.0],[668.5,3736.0],[668.5,3737.0],[668.5,3738.0],[668.5,3739.0],[668.5,3740.0],[669.0,3740.5],[669.5,3741.0],[669.0,3741.5],[668.5,3742.0],[668.5,3743.0],[668.5,3744.0],[668.5,3745.0],[668.5,3746.0],[668.5,3747.0],[668.5,3748.0],[668.5,3749.0],[668.0,3749.5],[667.5,3750.0],[667.5,3751.0],[667.5,3752.0],[667.0,3752.5],[666.5,3753.0],[666.5,3754.0],[666.0,3754.5],[665.5,3755.0],[665.5,3756.0],[665.0,3756.5],[664.5,3757.0],[664.0,3757.5],[663.5,3758.0],[663.0,3758.5],[662.5,3759.0],[662.0,3759.5],[661.5,3760.0],[661.0,3760.5],[660.5,3761.0],[660.0,3761.5],[659.5,3762.0],[659.0,3762.5]]",243048.57678318024,431198.473613739,65.75186538696289,,,,,0.0087710642,1076,NOF_R_0170,NOF_우안(청주측)_접속부(콘크리트_중력식),NOF_R_0170,9be9951d-f622-57c8-a4c1-2142a61495ec,0.7231710227171728,../../Data/DJI_20250702160538_0800_V.JPG,../Overlay/SPL/P000259.png,mapped,local_surface_estimate
DJI_20250702160538_0800_V.JPG,P000260,SPL,박락,"[[656.0,3850.5],[655.0,3850.5],[654.0,3850.5],[653.5,3850.0],[654.0,3849.5],[654.5,3849.0],[655.0,3848.5],[656.0,3848.5],[656.5,3848.0],[657.0,3847.5],[657.5,3848.0],[657.5,3849.0],[657.0,3849.5],[656.5,3850.0],[656.0,3850.5]]",243048.41097259521,431198.37049484253,65.50002384185791,,,,,5.50994e-05,7,NOF_R_0170,NOF_우안(청주측)_접속부(콘크리트_중력식),NOF_R_0170,9be9951d-f622-57c8-a4c1-2142a61495ec,0.5110948085784912,../../Data/DJI_20250702160538_0800_V.JPG,../Overlay/SPL/P000260.png,mapped,local_surface_estimate
DJI_20250702160658_0900_V.JPG,P000288,SPL,박락,"[[570.0,634.5],[564.0,633.5],[557.0,632.5],[550.0,632.5],[544.0,633.5],[537.0,633.5],[529.0,633.5],[522.5,633.0],[516.0,632.5],[509.0,632.5],[503.0,632.5],[496.0,632.5],[489.5,633.0],[483.0,633.5],[475.0,633.5],[469.0,632.5],[464.0,630.5],[459.0,628.5],[454.0,625.5],[448.0,624.5],[444.0,623.5],[442.5,617.0],[443.5,611.0],[444.5,605.0],[445.5,599.0],[447.0,592.5],[448.5,587.0],[450.5,582.0],[451.5,576.0],[452.5,569.0],[452.5,562.0],[453.5,556.0],[454.5,550.0],[455.5,543.0],[456.5,537.0],[457.5,531.0],[458.5,525.0],[459.5,518.0],[459.5,511.0],[458.5,505.0],[456.5,499.0],[455.0,493.5],[453.5,488.0],[452.5,482.0],[452.0,474.5],[450.5,469.0],[449.5,463.0],[448.5,457.0],[447.5,450.0],[447.5,443.0],[448.5,437.0],[449.5,431.0],[451.5,425.0],[449.5,420.0],[449.0,413.5],[447.5,408.0],[445.0,402.5],[443.0,397.5],[441.5,392.0],[439.0,386.5],[436.5,382.0],[434.5,377.0],[432.5,372.0],[434.5,366.0],[438.0,362.5],[443.5,361.0],[448.5,359.0],[454.0,356.5],[452.0,352.5],[447.0,352.5],[443.0,355.5],[435.0,355.5],[428.5,355.0],[424.0,352.5],[419.5,350.0],[416.5,345.0],[413.5,341.0],[414.5,335.0],[417.5,331.0],[423.0,328.5],[425.5,324.0],[425.5,317.0],[424.5,310.0],[426.0,304.5],[428.0,299.5],[429.5,294.0],[429.5,286.0],[430.5,280.0],[430.5,273.0],[431.5,267.0],[433.5,261.0],[432.5,255.0],[433.5,249.0],[434.0,243.5],[435.0,237.5],[439.0,234.5],[444.0,232.5],[448.0,229.5],[453.0,226.5],[458.0,226.5],[463.5,228.0],[470.0,229.5],[475.0,231.5],[480.0,233.5],[487.0,233.5],[494.0,232.5],[500.0,231.5],[506.0,230.5],[512.0,229.5],[519.0,228.5],[526.0,228.5],[532.0,227.5],[539.0,227.5],[546.0,226.5],[553.0,226.5],[559.0,225.5],[566.0,225.5],[573.0,224.5],[579.0,223.5],[585.0,222.5],[591.0,220.5],[596.0,218.5],[603.0,218.5],[609.0,219.5],[616.0,220.5],[623.0,220.5],[630.0,220.5],[636.5,220.0],[643.5,219.0],[650.0,218.5],[655.0,216.5],[661.0,215.5],[669.0,215.5],[675.5,216.0],[682.0,216.5],[689.0,216.5],[696.0,217.5],[702.0,218.5],[704.5,223.0],[704.5,231.0],[704.5,238.0],[705.5,244.0],[704.0,249.5],[701.5,255.0],[698.5,259.0],[696.5,264.0],[694.5,269.0],[692.0,274.5],[690.5,280.0],[689.0,285.5],[689.0,291.5],[690.5,298.0],[691.5,304.0],[694.0,308.5],[696.5,313.0],[701.0,316.5],[705.0,319.5],[709.5,322.0],[714.5,325.0],[714.0,329.5],[711.0,333.5],[708.5,338.0],[706.5,344.0],[706.5,351.0],[708.0,356.5],[711.0,360.5],[715.0,364.5],[718.5,368.0],[723.0,370.5],[727.5,373.0],[733.0,375.5],[737.5,378.0],[741.5,381.0],[746.0,383.5],[749.5,386.0],[748.0,390.5],[750.5,395.0],[752.5,401.0],[752.0,407.5],[751.5,414.0],[754.0,418.5],[757.5,423.0],[761.5,426.0],[766.0,428.5],[767.5,434.0],[767.5,442.0],[767.5,449.0],[769.0,454.5],[769.5,461.0],[768.5,468.0],[767.5,474.0],[767.5,481.0],[767.5,488.0],[767.5,496.0],[767.5,503.0],[763.0,505.5],[760.0,509.5],[760.5,516.0],[762.5,521.0],[765.0,525.5],[767.5,531.0],[767.5,538.0],[767.5,545.0],[767.5,552.0],[767.5,560.0],[767.5,567.0],[769.5,572.0],[770.5,578.0],[770.0,585.5],[770.5,591.0],[770.5,596.0],[773.5,600.0],[777.5,604.0],[781.0,607.5],[784.5,611.0],[787.0,615.5],[790.5,620.0],[793.0,624.5],[789.0,626.5],[781.5,626.0],[775.0,625.5],[769.0,626.5],[767.0,631.5],[762.0,630.5],[756.0,631.5],[749.0,631.5],[743.0,630.5],[738.0,627.5],[733.0,625.5],[728.0,623.5],[722.0,622.5],[716.5,625.0],[711.0,626.5],[705.0,627.5],[700.0,629.5],[693.0,630.5],[687.0,631.5],[681.0,630.5],[674.0,629.5],[669.0,627.5],[664.5,625.0],[658.5,624.0],[651.0,623.5],[644.0,623.5],[637.0,623.5],[631.0,624.5],[625.0,626.5],[618.0,626.5],[612.0,627.5],[605.0,627.5],[598.0,626.5],[591.5,627.0],[586.0,628.5],[581.5,631.0],[575.5,633.0],[570.0,634.5]]",243048.54246616364,431214.40114212036,72.35990333557129,,,,,1.7845729379,121370,NOF_R_0131,NOF_우안(청주측)_접속부(콘크리트_중력식),NOF_R_0131,338221d3-4ebf-5f1f-9383-f28a238c1ccc,0.9834482665901533,../../Data/DJI_20250702160658_0900_V.JPG,../Overlay/SPL/P000288.png,mapped,local_surface_estimate
DJI_20250702160658_0900_V.JPG,P000289,SPL,박락,"[[2304.0,2460.5],[2299.0,2459.5],[2295.0,2458.5],[2290.0,2455.5],[2285.0,2452.5],[2278.5,2451.0],[2273.0,2451.5],[2267.0,2453.5],[2261.5,2456.0],[2257.0,2458.5],[2252.0,2459.5],[2248.0,2455.5],[2247.5,2448.0],[2246.5,2442.0],[2247.5,2435.0],[2247.5,2427.0],[2247.5,2420.0],[2247.5,2412.0],[2247.5,2404.0],[2248.5,2397.0],[2249.5,2391.0],[2249.5,2383.0],[2250.5,2376.0],[2250.5,2368.0],[2250.5,2361.0],[2250.5,2353.0],[2249.5,2346.0],[2249.5,2339.0],[2249.5,2331.0],[2249.5,2323.0],[2250.5,2316.0],[2252.5,2311.0],[2251.0,2304.5],[2251.5,2298.0],[2252.0,2291.5],[2253.5,2285.0],[2254.5,2278.0],[2255.5,2271.0],[2255.5,2264.0],[2256.5,2257.0],[2256.5,2249.0],[2255.5,2243.0],[2256.0,2236.5],[2256.5,2230.0],[2258.5,2224.0],[2260.5,2219.0],[2261.5,2212.0],[2261.5,2204.0],[2261.5,2197.0],[2261.5,2189.0],[2261.5,2181.0],[2262.5,2174.0],[2263.5,2168.0],[2264.5,2161.0],[2266.0,2154.5],[2265.5,2149.0],[2264.5,2142.0],[2262.5,2136.0],[2261.5,2129.0],[2261.5,2122.0],[2260.5,2115.0],[2259.5,2108.0],[2259.5,2101.0],[2263.5,2097.0],[2270.0,2095.5],[2272.5,2101.0],[2273.5,2107.0],[2274.5,2114.0],[2275.5,2121.0],[2277.5,2127.0],[2280.0,2131.5],[2284.5,2135.0],[2291.0,2136.5],[2295.0,2139.5],[2298.5,2144.0],[2303.0,2147.5],[2305.5,2153.0],[2311.0,2154.5],[2315.0,2158.5],[2316.5,2165.0],[2318.0,2170.5],[2318.5,2178.0],[2318.5,2186.0],[2317.5,2193.0],[2317.0,2199.5],[2317.5,2206.0],[2321.0,2210.5],[2325.5,2208.0],[2328.5,2203.0],[2331.5,2198.0],[2335.0,2193.5],[2339.5,2191.0],[2345.0,2188.5],[2351.0,2186.5],[2357.0,2185.5],[2362.0,2188.5],[2366.5,2192.0],[2371.5,2195.0],[2377.0,2196.5],[2384.0,2197.5],[2392.0,2197.5],[2398.0,2198.5],[2405.0,2199.5],[2411.0,2201.5],[2418.0,2202.5],[2423.0,2202.5],[2429.5,2204.0],[2436.0,2203.5],[2443.0,2204.5],[2450.0,2204.5],[2458.0,2204.5],[2464.5,2204.0],[2468.5,2207.0],[2470.5,2213.0],[2472.5,2219.0],[2475.5,2224.0],[2479.5,2227.0],[2485.0,2229.5],[2491.0,2231.5],[2495.0,2234.5],[2499.5,2238.0],[2504.0,2241.5],[2508.0,2245.5],[2510.5,2250.0],[2512.5,2256.0],[2514.5,2262.0],[2516.5,2267.0],[2520.0,2271.5],[2527.5,2272.0],[2533.0,2272.5],[2537.5,2275.0],[2542.0,2278.5],[2549.0,2279.5],[2553.0,2276.5],[2558.5,2274.0],[2564.0,2271.5],[2569.0,2268.5],[2572.5,2265.0],[2577.0,2261.5],[2584.0,2260.5],[2590.0,2261.5],[2596.0,2263.5],[2601.5,2266.0],[2607.0,2268.5],[2612.0,2270.5],[2618.0,2268.5],[2624.0,2266.5],[2628.0,2265.5],[2633.5,2268.0],[2637.0,2272.5],[2639.5,2278.0],[2641.5,2283.0],[2641.5,2289.0],[2635.0,2290.5],[2627.0,2290.5],[2622.0,2288.5],[2615.0,2287.5],[2608.0,2288.5],[2604.0,2291.5],[2601.5,2297.0],[2603.5,2303.0],[2606.0,2305.5],[2604.5,2311.0],[2608.0,2315.5],[2612.5,2319.0],[2609.5,2323.0],[2604.0,2325.5],[2598.0,2327.5],[2592.5,2330.0],[2587.0,2331.5],[2580.5,2333.0],[2575.0,2335.5],[2570.5,2338.0],[2566.0,2341.5],[2562.0,2345.5],[2559.0,2350.5],[2556.5,2355.0],[2554.5,2361.0],[2552.5,2367.0],[2551.0,2372.5],[2548.0,2377.5],[2543.5,2381.0],[2539.0,2378.5],[2537.5,2373.0],[2536.0,2366.5],[2534.5,2360.0],[2533.5,2354.0],[2532.0,2347.5],[2529.5,2342.0],[2527.5,2336.0],[2525.5,2331.0],[2523.0,2325.5],[2519.5,2321.0],[2515.5,2317.0],[2511.0,2314.5],[2506.5,2311.0],[2501.5,2308.0],[2497.0,2305.5],[2491.0,2303.5],[2484.0,2302.5],[2478.0,2302.5],[2472.0,2303.5],[2464.0,2303.5],[2456.5,2303.0],[2452.0,2300.5],[2447.5,2297.0],[2443.5,2293.0],[2438.0,2290.5],[2433.0,2288.5],[2431.0,2282.5],[2424.5,2281.0],[2420.5,2280.0],[2415.0,2277.5],[2408.5,2277.0],[2404.0,2280.5],[2401.0,2284.5],[2397.5,2289.0],[2394.5,2294.0],[2391.5,2298.0],[2388.5,2303.0],[2385.0,2307.5],[2381.0,2311.5],[2377.0,2314.5],[2373.0,2318.5],[2368.0,2321.5],[2364.5,2325.0],[2360.0,2328.5],[2357.0,2333.5],[2355.0,2339.5],[2353.5,2345.0],[2351.0,2350.5],[2348.0,2355.5],[2344.5,2359.0],[2340.5,2363.0],[2339.5,2370.0],[2338.5,2377.0],[2337.5,2383.0],[2336.5,2390.0],[2335.5,2397.0],[2333.5,2403.0],[2333.5,2408.0],[2335.0,2414.5],[2337.5,2420.0],[2338.5,2424.0],[2333.0,2426.5],[2328.0,2429.5],[2333.0,2431.5],[2335.0,2433.5],[2330.5,2437.0],[2326.5,2441.0],[2324.0,2445.5],[2319.0,2444.5],[2314.0,2447.5],[2310.0,2451.5],[2307.0,2455.5],[2304.0,2460.5]]",243046.60741901398,431207.0861778259,66.86873245239258,,,,,0.5157919755,49985,NOF_R_0169,NOF_우안(청주측)_접속부(콘크리트_중력식),NOF_R_0169,fc6b8bd3-c246-5e41-bc4b-4c5d1b98214f,0.9719340501093228,../../Data/DJI_20250702160658_0900_V.JPG,../Overlay/SPL/P000289.png,mapped,local_surface_estimate
DJI_20250702160658_0900_V.JPG,P000290,SPL,박락,"[[2501.0,2421.5],[2500.5,2421.0],[2500.5,2420.0],[2500.0,2419.5],[2499.5,2419.0],[2499.0,2418.5],[2498.5,2418.0],[2498.0,2417.5],[2497.5,2417.0],[2497.5,2416.0],[2497.5,2415.0],[2497.5,2414.0],[2497.5,2413.0],[2497.5,2412.0],[2497.5,2411.0],[2497.5,2410.0],[2497.5,2409.0],[2498.0,2408.5],[2498.5,2408.0],[2498.5,2407.0],[2498.5,2406.0],[2499.0,2405.5],[2499.5,2405.0],[2499.5,2404.0],[2500.0,2403.5],[2500.5,2403.0],[2500.5,2402.0],[2501.0,2401.5],[2501.5,2401.0],[2502.0,2400.5],[2503.0,2400.5],[2504.0,2400.5],[2504.5,2401.0],[2504.5,2402.0],[2504.5,2403.0],[2504.5,2404.0],[2504.5,2405.0],[2504.5,2406.0],[2504.5,2407.0],[2504.5,2408.0],[2504.0,2408.5],[2503.5,2409.0],[2503.5,2410.0],[2503.5,2411.0],[2503.5,2412.0],[2503.5,2413.0],[2503.5,2414.0],[2503.5,2415.0],[2503.5,2416.0],[2503.0,2416.5],[2502.5,2417.0],[2502.5,2418.0],[2502.5,2419.0],[2502.5,2420.0],[2502.0,2420.5],[2501.5,2421.0],[2501.0,2421.5]]",243046.50341892242,431206.63495254517,66.54935264587402,,,,,0.0010298772,102,NOF_R_0169,NOF_우안(청주측)_접속부(콘크리트_중력식),NOF_R_0169,fc6b8bd3-c246-5e41-bc4b-4c5d1b98214f,0.6144459352773779,../../Data/DJI_20250702160658_0900_V.JPG,../Overlay/SPL/P000290.png,mapped,local_surface_estimate
DJI_20250702160658_0900_V.JPG,P000291,SPL,박락,"[[4197.0,2893.5],[4192.5,2893.0],[4188.0,2892.5],[4183.0,2891.5],[4177.5,2891.0],[4172.0,2890.5],[4167.0,2888.5],[4162.0,2887.5],[4156.0,2887.5],[4151.0,2886.5],[4146.0,2885.5],[4140.0,2885.5],[4135.0,2884.5],[4129.5,2884.0],[4125.0,2882.5],[4120.0,2881.5],[4115.0,2880.5],[4110.0,2879.5],[4104.0,2878.5],[4099.0,2877.5],[4094.0,2876.5],[4089.0,2875.5],[4084.0,2874.5],[4079.0,2875.5],[4074.0,2874.5],[4068.0,2874.5],[4063.0,2875.5],[4057.0,2875.5],[4052.0,2876.5],[4046.0,2877.5],[4041.0,2878.5],[4036.0,2879.5],[4031.0,2880.5],[4026.0,2881.5],[4021.0,2882.5],[4015.0,2882.5],[4009.0,2882.5],[4003.0,2882.5],[3997.0,2882.5],[3991.0,2882.5],[3986.0,2883.5],[3979.0,2883.5],[3973.0,2883.5],[3967.0,2883.5],[3963.0,2883.5],[3957.5,2883.0],[3953.0,2881.5],[3948.0,2880.5],[3943.0,2879.5],[3938.0,2878.5],[3933.0,2877.5],[3927.0,2877.5],[3922.0,2876.5],[3915.0,2876.5],[3909.0,2876.5],[3904.0,2875.5],[3898.0,2875.5],[3893.0,2874.5],[3888.0,2873.5],[3882.0,2873.5],[3877.0,2872.5],[3871.0,2872.5],[3865.0,2872.5],[3859.0,2872.5],[3852.5,2872.0],[3847.5,2871.0],[3842.0,2870.5],[3838.0,2868.5],[3835.0,2865.5],[3833.0,2861.5],[3833.5,2857.0],[3834.5,2852.0],[3835.5,2847.0],[3836.5,2842.0],[3835.0,2837.5],[3832.5,2834.0],[3829.5,2830.0],[3826.5,2827.0],[3823.0,2824.5],[3819.0,2822.5],[3814.0,2821.5],[3809.0,2822.5],[3804.5,2824.0],[3800.0,2825.5],[3795.0,2826.5],[3789.0,2826.5],[3785.5,2824.0],[3784.0,2819.5],[3786.0,2815.5],[3786.5,2812.0],[3788.5,2808.0],[3790.5,2804.0],[3792.5,2800.0],[3794.5,2796.0],[3796.5,2792.0],[3799.5,2789.0],[3802.0,2785.5],[3805.0,2782.5],[3807.5,2779.0],[3811.0,2775.5],[3813.5,2772.0],[3814.5,2767.0],[3815.5,2762.0],[3816.5,2757.0],[3818.0,2752.5],[3821.0,2749.5],[3824.0,2746.5],[3828.0,2744.5],[3832.0,2742.5],[3836.0,2742.5],[3839.5,2742.0],[3841.5,2744.0],[3843.0,2748.5],[3847.0,2750.5],[3851.5,2749.0],[3852.0,2744.5],[3853.0,2740.5],[3856.0,2737.5],[3859.5,2735.0],[3863.5,2733.0],[3868.0,2731.5],[3872.0,2729.5],[3877.0,2727.5],[3882.0,2726.5],[3887.0,2727.5],[3891.0,2727.5],[3895.5,2729.0],[3900.5,2730.0],[3903.5,2733.0],[3905.5,2737.0],[3907.0,2741.5],[3908.0,2745.5],[3911.0,2747.5],[3915.0,2749.5],[3918.5,2752.0],[3922.0,2751.5],[3926.0,2751.5],[3930.5,2753.0],[3935.0,2752.5],[3938.0,2755.5],[3941.0,2756.5],[3945.5,2758.0],[3949.0,2760.5],[3954.0,2761.5],[3959.0,2762.5],[3964.5,2761.0],[3967.5,2760.0],[3969.0,2755.5],[3973.5,2754.0],[3977.0,2751.5],[3982.0,2750.5],[3987.0,2749.5],[3991.0,2749.5],[3996.0,2748.5],[4000.0,2748.5],[4005.0,2749.5],[4010.0,2750.5],[4016.0,2751.5],[4022.0,2751.5],[4028.0,2751.5],[4033.0,2750.5],[4037.0,2748.5],[4040.5,2746.0],[4043.5,2743.0],[4047.0,2740.5],[4051.0,2738.5],[4056.0,2739.5],[4060.5,2741.0],[4065.0,2742.5],[4069.0,2745.5],[4072.0,2748.5],[4076.5,2750.0],[4082.0,2750.5],[4087.0,2751.5],[4090.5,2754.0],[4094.5,2756.0],[4098.0,2758.5],[4102.0,2760.5],[4106.5,2762.0],[4110.0,2764.5],[4113.0,2768.5],[4115.5,2772.0],[4119.5,2774.0],[4123.0,2776.5],[4127.0,2778.5],[4131.0,2780.5],[4137.0,2780.5],[4142.0,2781.5],[4148.0,2781.5],[4153.5,2782.0],[4158.0,2783.5],[4162.0,2785.5],[4165.5,2789.0],[4167.5,2793.0],[4168.5,2798.0],[4171.5,2801.0],[4176.5,2801.0],[4179.5,2803.0],[4183.0,2805.5],[4185.5,2809.0],[4186.0,2813.5],[4183.5,2815.0],[4189.0,2815.5],[4190.5,2821.0],[4189.5,2826.0],[4189.5,2832.0],[4188.5,2837.0],[4186.0,2840.5],[4184.5,2845.0],[4186.0,2849.5],[4189.0,2852.5],[4193.0,2854.5],[4198.0,2855.5],[4204.0,2855.5],[4209.0,2856.5],[4214.5,2858.0],[4219.0,2859.5],[4223.5,2861.0],[4226.0,2864.5],[4232.0,2864.5],[4238.0,2864.5],[4243.0,2865.5],[4247.5,2865.0],[4252.0,2864.5],[4256.5,2865.0],[4261.0,2863.5],[4265.5,2865.0],[4271.0,2864.5],[4277.0,2864.5],[4282.0,2863.5],[4288.0,2863.5],[4293.0,2864.5],[4295.0,2868.5],[4295.5,2874.0],[4293.0,2877.5],[4289.0,2879.5],[4284.0,2880.5],[4280.0,2880.5],[4274.5,2880.0],[4271.0,2882.5],[4267.0,2884.5],[4262.5,2884.0],[4257.5,2884.0],[4252.0,2883.5],[4247.0,2882.5],[4242.0,2881.5],[4237.0,2880.5],[4231.0,2880.5],[4226.0,2879.5],[4223.5,2883.0],[4221.0,2887.5],[4216.0,2888.5],[4211.0,2889.5],[4206.5,2891.0],[4201.0,2891.5],[4197.0,2893.5]]",243040.25108718872,431202.8751411438,69.92193984985352,,,,,0.0564240235,48770,NOF_R_0176,NOF_우안(청주측)_접속부(콘크리트_중력식),,,0.9647593477856606,../../Data/DJI_20250702160658_0900_V.JPG,../Overlay/SPL/P000291.png,mapped,local_surface_estimate
DJI_20250702162237_0020_V.JPG,P000293,SPL,박락,"[[518.0,1552.5],[515.0,1552.5],[511.5,1552.0],[510.5,1550.0],[509.5,1551.0],[507.5,1550.0],[506.5,1548.0],[503.5,1548.0],[501.0,1548.5],[499.0,1547.5],[495.0,1547.5],[492.0,1547.5],[489.0,1547.5],[485.0,1547.5],[482.0,1547.5],[479.0,1547.5],[476.0,1546.5],[473.5,1547.0],[470.5,1548.0],[468.5,1549.0],[466.0,1549.5],[462.0,1549.5],[459.0,1549.5],[457.0,1550.5],[454.0,1549.5],[451.0,1549.5],[448.5,1549.0],[445.5,1548.0],[443.0,1547.5],[440.0,1546.5],[437.5,1546.0],[435.0,1545.5],[432.0,1544.5],[430.0,1543.5],[428.0,1542.5],[426.0,1540.5],[423.5,1540.0],[422.0,1538.5],[420.0,1536.5],[418.0,1535.5],[414.0,1535.5],[411.0,1535.5],[408.0,1535.5],[408.5,1533.0],[410.0,1531.5],[411.0,1529.5],[413.0,1527.5],[414.0,1525.5],[416.5,1524.0],[418.5,1523.0],[420.0,1521.5],[422.0,1519.5],[423.0,1517.5],[424.5,1516.0],[426.5,1514.0],[428.0,1512.5],[429.5,1511.0],[432.0,1509.5],[434.0,1508.5],[437.0,1507.5],[439.0,1506.5],[441.0,1505.5],[444.0,1504.5],[446.0,1503.5],[448.0,1502.5],[450.5,1501.0],[452.5,1500.0],[454.5,1499.0],[457.5,1498.0],[460.0,1497.5],[463.0,1496.5],[466.0,1496.5],[468.0,1497.5],[472.0,1497.5],[475.0,1497.5],[477.0,1498.5],[480.0,1499.5],[482.0,1500.5],[483.5,1502.0],[485.5,1504.0],[486.5,1506.0],[488.0,1508.5],[489.5,1510.0],[490.5,1512.0],[492.0,1514.5],[494.0,1515.5],[495.5,1517.0],[498.0,1518.5],[500.0,1519.5],[502.0,1520.5],[506.0,1520.5],[508.5,1521.0],[512.0,1521.5],[515.0,1521.5],[518.0,1521.5],[521.0,1520.5],[524.0,1520.5],[527.0,1520.5],[530.0,1519.5],[532.0,1518.5],[535.0,1518.5],[538.0,1517.5],[540.5,1517.0],[544.0,1516.5],[547.0,1516.5],[549.5,1516.0],[553.0,1515.5],[556.0,1515.5],[558.5,1515.0],[562.0,1514.5],[564.5,1514.0],[567.0,1513.5],[571.0,1513.5],[573.0,1512.5],[577.0,1512.5],[579.0,1511.5],[582.0,1511.5],[585.0,1510.5],[587.0,1509.5],[590.0,1509.5],[593.0,1508.5],[596.0,1508.5],[598.0,1507.5],[602.0,1507.5],[604.0,1506.5],[608.0,1506.5],[611.0,1506.5],[613.0,1505.5],[617.0,1505.5],[620.0,1505.5],[622.0,1504.5],[626.0,1504.5],[628.0,1503.5],[631.5,1504.0],[634.0,1504.5],[637.0,1504.5],[641.0,1504.5],[644.0,1504.5],[647.0,1504.5],[651.0,1504.5],[653.0,1503.5],[656.0,1503.5],[658.5,1502.0],[660.5,1501.0],[663.0,1499.5],[665.0,1498.5],[667.0,1497.5],[670.0,1496.5],[672.5,1496.0],[675.0,1495.5],[679.0,1495.5],[682.0,1495.5],[685.0,1495.5],[689.0,1495.5],[691.0,1496.5],[693.0,1498.5],[694.5,1500.0],[695.5,1502.0],[697.5,1504.0],[699.0,1505.5],[700.5,1507.0],[702.5,1509.0],[704.5,1510.0],[706.5,1511.0],[709.0,1512.5],[711.5,1513.0],[715.0,1513.5],[717.0,1514.5],[719.5,1515.0],[723.0,1515.5],[725.0,1516.5],[727.5,1517.0],[730.5,1518.0],[732.5,1519.0],[734.5,1520.0],[735.5,1523.0],[735.5,1526.0],[734.5,1529.0],[733.0,1530.5],[731.5,1532.0],[729.5,1534.0],[728.0,1535.5],[725.0,1535.5],[721.0,1535.5],[719.0,1536.5],[717.0,1537.5],[714.0,1536.5],[711.0,1536.5],[707.0,1536.5],[705.0,1535.5],[702.0,1535.5],[698.0,1535.5],[695.0,1535.5],[692.0,1535.5],[688.0,1535.5],[685.0,1535.5],[682.0,1535.5],[679.0,1536.5],[677.0,1537.5],[674.0,1538.5],[672.5,1540.0],[670.5,1541.0],[668.0,1542.5],[665.0,1542.5],[663.0,1543.5],[659.0,1543.5],[657.0,1544.5],[654.0,1544.5],[651.0,1543.5],[648.0,1543.5],[645.0,1542.5],[642.0,1542.5],[639.0,1542.5],[636.0,1541.5],[633.0,1541.5],[631.0,1540.5],[627.0,1540.5],[625.0,1539.5],[621.0,1539.5],[618.0,1539.5],[615.0,1539.5],[612.0,1538.5],[609.5,1538.0],[607.0,1537.5],[604.0,1536.5],[601.0,1536.5],[599.0,1535.5],[595.0,1535.5],[592.0,1535.5],[588.0,1535.5],[585.0,1535.5],[582.0,1535.5],[578.0,1535.5],[575.0,1535.5],[572.0,1535.5],[568.0,1535.5],[565.0,1535.5],[562.0,1535.5],[559.5,1537.0],[557.5,1538.0],[555.0,1539.5],[553.0,1540.5],[551.0,1541.5],[548.0,1542.5],[545.0,1542.5],[543.0,1543.5],[539.0,1543.5],[537.0,1544.5],[534.5,1545.0],[531.5,1546.0],[529.0,1546.5],[526.5,1548.0],[524.5,1549.0],[522.5,1550.0],[520.0,1551.5],[518.0,1552.5]]",243048.49403190613,431245.2035179138,85.1682300567627,,,,,0.0108884735,10547,NOF_R_0071,NOF_우안(청주측)_접속부(콘크리트_중력식),NOF_R_0071,0bd6ecbd-6168-5606-bc89-39dc0b6739f5,0.8990253084862392,../../Data/DJI_20250702162237_0020_V.JPG,../Overlay/SPL/P000293.png,mapped,local_surface_estimate
DJI_20250702162237_0020_V.JPG,P000294,SPL,박락,"[[4902.0,2945.5],[4899.0,2945.5],[4896.5,2945.0],[4894.0,2944.5],[4891.0,2944.5],[4889.0,2943.5],[4886.0,2943.5],[4885.0,2942.5],[4882.0,2942.5],[4879.5,2942.0],[4877.0,2941.5],[4874.5,2941.0],[4872.0,2940.5],[4870.0,2939.5],[4867.5,2939.0],[4865.0,2938.5],[4863.0,2937.5],[4860.5,2937.0],[4858.0,2936.5],[4855.0,2936.5],[4852.0,2936.5],[4850.0,2936.5],[4847.0,2936.5],[4845.0,2937.5],[4842.0,2937.5],[4839.0,2937.5],[4836.0,2937.5],[4833.0,2937.5],[4830.0,2937.5],[4827.0,2937.5],[4824.0,2937.5],[4821.0,2937.5],[4818.0,2937.5],[4815.0,2937.5],[4813.5,2938.0],[4811.0,2938.5],[4808.0,2938.5],[4805.0,2938.5],[4802.0,2938.5],[4799.0,2938.5],[4796.0,2938.5],[4793.0,2938.5],[4790.0,2938.5],[4787.0,2938.5],[4785.0,2937.5],[4782.0,2937.5],[4779.0,2937.5],[4777.0,2937.5],[4775.0,2936.5],[4772.0,2936.5],[4769.0,2936.5],[4766.0,2936.5],[4763.0,2936.5],[4760.5,2936.0],[4758.0,2935.5],[4755.0,2935.5],[4752.0,2935.5],[4749.0,2935.5],[4746.0,2935.5],[4743.0,2935.5],[4740.0,2935.5],[4738.0,2935.5],[4735.0,2935.5],[4732.0,2935.5],[4729.0,2935.5],[4727.0,2936.5],[4724.0,2936.5],[4722.0,2937.5],[4719.0,2937.5],[4717.0,2938.5],[4714.0,2938.5],[4712.0,2939.5],[4709.0,2939.5],[4707.0,2938.5],[4705.0,2938.5],[4702.5,2938.0],[4700.0,2937.5],[4698.0,2936.5],[4695.0,2936.5],[4693.0,2935.5],[4691.0,2934.5],[4689.0,2933.5],[4687.0,2932.5],[4685.0,2931.5],[4683.0,2930.5],[4681.5,2929.0],[4679.0,2928.5],[4676.0,2928.5],[4675.0,2927.5],[4672.0,2927.5],[4669.0,2927.5],[4666.0,2927.5],[4664.5,2926.0],[4663.5,2924.0],[4664.0,2921.5],[4665.0,2919.5],[4666.0,2917.5],[4667.5,2916.0],[4669.0,2914.5],[4670.5,2913.0],[4672.0,2911.5],[4673.0,2910.5],[4675.0,2909.5],[4676.5,2908.0],[4678.0,2906.5],[4679.5,2905.0],[4681.0,2903.5],[4683.0,2902.5],[4684.5,2901.0],[4686.0,2899.5],[4688.0,2898.5],[4689.5,2897.0],[4691.5,2896.0],[4693.5,2895.0],[4695.0,2893.5],[4696.0,2892.5],[4698.0,2891.5],[4699.5,2890.0],[4701.0,2888.5],[4702.5,2887.0],[4704.0,2885.5],[4706.0,2884.5],[4707.5,2883.0],[4709.5,2882.0],[4711.5,2881.0],[4713.5,2880.0],[4716.0,2879.5],[4718.0,2878.5],[4720.0,2878.5],[4722.0,2877.5],[4724.5,2877.0],[4727.0,2876.5],[4730.0,2876.5],[4732.0,2875.5],[4734.5,2875.0],[4736.0,2873.5],[4739.0,2873.5],[4741.0,2872.5],[4743.5,2872.0],[4746.0,2871.5],[4748.0,2870.5],[4749.0,2869.5],[4751.0,2868.5],[4753.0,2867.5],[4755.0,2866.5],[4757.5,2866.0],[4759.0,2864.5],[4761.0,2863.5],[4763.0,2862.5],[4765.5,2862.0],[4768.0,2861.5],[4771.0,2861.5],[4774.0,2861.5],[4777.0,2861.5],[4780.0,2861.5],[4782.0,2861.5],[4784.0,2860.5],[4787.0,2860.5],[4789.5,2861.0],[4792.0,2861.5],[4794.0,2862.5],[4796.5,2863.0],[4799.0,2863.5],[4801.0,2864.5],[4803.0,2865.5],[4805.0,2866.5],[4807.0,2867.5],[4809.0,2868.5],[4810.5,2869.0],[4812.5,2870.0],[4814.0,2871.5],[4816.0,2872.5],[4817.5,2874.0],[4819.0,2875.5],[4820.5,2877.0],[4822.0,2878.5],[4823.5,2880.0],[4824.5,2882.0],[4825.5,2884.0],[4827.0,2885.5],[4828.0,2887.5],[4829.5,2889.0],[4830.5,2890.0],[4832.5,2891.0],[4835.0,2891.5],[4837.0,2892.5],[4840.0,2892.5],[4843.0,2892.5],[4845.0,2891.5],[4848.0,2891.5],[4851.0,2891.5],[4854.0,2891.5],[4857.0,2891.5],[4860.0,2891.5],[4863.0,2891.5],[4864.0,2890.5],[4866.0,2889.5],[4867.5,2888.0],[4868.5,2886.0],[4869.0,2883.5],[4869.5,2881.0],[4869.5,2878.0],[4870.0,2876.5],[4869.5,2874.0],[4868.5,2872.0],[4867.5,2870.0],[4866.5,2868.0],[4865.0,2866.5],[4864.5,2864.0],[4865.0,2862.5],[4867.0,2861.5],[4869.5,2862.0],[4871.0,2863.5],[4872.0,2865.5],[4872.5,2868.0],[4873.5,2870.0],[4873.5,2873.0],[4874.5,2875.0],[4874.5,2878.0],[4874.5,2881.0],[4875.5,2883.0],[4876.5,2885.0],[4876.5,2887.0],[4877.5,2889.0],[4877.5,2892.0],[4877.0,2894.5],[4876.5,2897.0],[4876.5,2900.0],[4875.5,2902.0],[4876.0,2904.5],[4877.0,2906.5],[4878.5,2908.0],[4879.5,2910.0],[4881.0,2911.5],[4882.5,2913.0],[4883.5,2914.0],[4884.5,2916.0],[4886.0,2917.5],[4887.5,2919.0],[4889.0,2920.5],[4890.5,2922.0],[4892.0,2923.5],[4894.0,2924.5],[4896.0,2925.5],[4898.0,2926.5],[4899.5,2928.0],[4901.0,2929.5],[4904.0,2929.5],[4906.0,2930.5],[4906.5,2932.0],[4906.0,2934.5],[4905.5,2937.0],[4905.0,2939.5],[4904.5,2942.0],[4903.0,2943.5],[4902.0,2945.5]]",243048.79247570038,431241.9609565735,84.18402671813965,,,,,0.005361968,12596,NOF_R_0090,NOF_우안(청주측)_접속부(콘크리트_중력식),NOF_R_0090,5b0119af-0203-5214-b774-95dd6efad5b1,0.960434317714205,../../Data/DJI_20250702162237_0020_V.JPG,../Overlay/SPL/P000294.png,mapped,local_surface_estimate
DJI_20250702162257_0040_V.JPG,P000301,SPL,박락,"[[570.0,301.5],[569.0,301.5],[568.5,301.0],[568.0,300.5],[567.0,300.5],[566.0,300.5],[565.5,300.0],[565.0,299.5],[564.5,299.0],[564.0,298.5],[563.5,298.0],[563.0,297.5],[562.5,297.0],[562.5,296.0],[562.5,295.0],[562.5,294.0],[562.5,293.0],[563.0,292.5],[563.5,292.0],[564.0,291.5],[564.5,291.0],[565.0,290.5],[566.0,290.5],[567.0,290.5],[568.0,290.5],[569.0,290.5],[569.5,291.0],[570.0,291.5],[570.5,292.0],[571.0,292.5],[571.5,293.0],[572.0,293.5],[572.5,294.0],[572.5,295.0],[572.5,296.0],[572.5,297.0],[572.5,298.0],[572.0,298.5],[571.5,299.0],[571.5,300.0],[571.0,300.5],[570.5,301.0],[570.0,301.5]]",243059.06006503105,431217.33279800415,86.7764892578125,,,,,0.0002385907,85,NOF_R_0077,NOF_우안(청주측)_접속부(콘크리트_중력식),NOF_R_0077,688d07b9-6c84-53a7-8898-14946e53f9e1,0.5960313825046315,../../Data/DJI_20250702162257_0040_V.JPG,../Overlay/SPL/P000301.png,mapped,local_surface_estimate
DJI_20250702162257_0040_V.JPG,P000302,SPL,박락,"[[641.0,490.5],[640.5,490.0],[640.0,489.5],[639.0,489.5],[638.5,489.0],[638.0,488.5],[637.5,488.0],[637.5,487.0],[637.5,486.0],[637.5,485.0],[638.0,484.5],[639.0,484.5],[640.0,484.5],[641.0,484.5],[641.5,484.0],[642.0,483.5],[643.0,483.5],[643.5,483.0],[644.0,482.5],[645.0,482.5],[646.0,482.5],[647.0,482.5],[647.5,483.0],[648.0,483.5],[649.0,483.5],[650.0,483.5],[650.5,484.0],[651.0,484.5],[652.0,484.5],[652.5,485.0],[652.5,486.0],[652.0,486.5],[651.0,486.5],[650.5,487.0],[650.0,487.5],[649.0,487.5],[648.5,488.0],[648.0,488.5],[647.5,489.0],[647.0,489.5],[646.0,489.5],[645.0,489.5],[644.0,489.5],[643.0,489.5],[642.0,489.5],[641.5,490.0],[641.0,490.5]]",243058.89651584625,431217.03116226196,86.4459228515625,,,,,0.0001809113,77,NOF_R_0077,NOF_우안(청주측)_접속부(콘크리트_중력식),NOF_R_0077,688d07b9-6c84-53a7-8898-14946e53f9e1,0.590365998156659,../../Data/DJI_20250702162257_0040_V.JPG,../Overlay/SPL/P000302.png,mapped,local_surface_estimate
DJI_20250702162257_0040_V.JPG,P000303,SPL,박락,"[[151.0,836.5],[139.0,835.5],[129.0,833.5],[118.0,831.5],[109.0,827.5],[105.5,818.0],[104.5,807.0],[110.5,800.0],[116.0,792.5],[121.5,785.0],[128.0,779.5],[137.5,776.0],[139.0,771.5],[130.5,768.0],[126.0,759.5],[126.0,749.5],[132.5,743.0],[137.5,736.0],[148.0,733.5],[154.5,727.0],[154.5,716.0],[155.0,704.5],[158.5,695.0],[163.0,686.5],[167.5,678.0],[170.5,669.0],[173.5,659.0],[179.0,651.5],[186.0,646.5],[196.0,643.5],[209.0,643.5],[218.5,644.0],[219.5,635.0],[220.5,625.0],[224.0,615.5],[228.5,607.0],[234.0,600.5],[239.5,593.0],[244.0,584.5],[247.0,575.5],[251.0,566.5],[255.0,557.5],[260.5,550.0],[267.0,544.5],[275.0,539.5],[284.5,536.0],[291.5,530.0],[298.0,524.5],[308.0,521.5],[318.0,518.5],[327.5,516.0],[336.0,511.5],[349.0,511.5],[361.0,512.5],[369.5,516.0],[376.5,522.0],[383.5,517.0],[391.0,511.5],[403.0,511.5],[413.5,514.0],[419.5,521.0],[424.0,528.5],[430.5,524.0],[436.5,517.0],[444.0,511.5],[456.0,511.5],[458.0,509.5],[452.5,508.0],[463.0,505.5],[473.5,507.0],[469.0,509.5],[474.0,510.5],[486.0,511.5],[498.0,511.5],[509.5,513.0],[513.0,514.5],[524.0,515.5],[535.0,515.5],[546.0,515.5],[555.5,512.0],[566.0,510.5],[563.0,509.5],[565.5,504.0],[574.5,503.0],[580.5,509.0],[585.0,511.5],[595.0,509.5],[592.5,506.0],[598.5,504.0],[607.0,500.5],[613.5,507.0],[622.0,506.5],[615.0,509.5],[602.0,509.5],[611.0,510.5],[621.0,510.5],[631.5,513.0],[642.0,515.5],[651.5,513.0],[655.0,514.5],[657.5,522.0],[666.0,524.5],[675.0,521.5],[685.0,518.5],[687.0,511.5],[699.0,510.5],[691.5,509.0],[691.0,501.5],[698.5,496.0],[708.0,498.5],[715.5,503.0],[723.0,508.5],[719.5,511.0],[731.0,511.5],[744.0,511.5],[745.0,516.5],[752.0,521.5],[761.0,524.5],[767.5,520.0],[772.0,511.5],[783.5,513.0],[781.5,521.0],[785.5,530.0],[791.5,524.0],[793.0,516.5],[796.0,511.5],[808.5,512.0],[809.0,522.5],[817.5,523.0],[825.0,517.5],[832.0,511.5],[845.0,511.5],[857.0,511.5],[870.0,511.5],[883.0,511.5],[895.0,511.5],[908.0,511.5],[920.0,512.5],[929.0,516.5],[936.5,521.0],[945.5,525.0],[955.0,526.5],[964.0,528.5],[972.5,532.0],[982.0,535.5],[994.0,534.5],[1005.5,535.0],[1013.0,540.5],[1016.5,548.0],[1009.0,553.5],[1001.0,557.5],[988.5,558.0],[994.0,565.5],[1004.0,568.5],[1011.5,573.0],[1015.0,582.5],[1018.0,592.5],[1023.5,600.0],[1028.0,607.5],[1027.5,619.0],[1027.5,632.0],[1024.5,641.0],[1023.5,651.0],[1023.5,662.0],[1024.5,672.0],[1027.5,681.0],[1023.5,690.0],[1022.0,699.5],[1022.0,707.5],[1026.5,715.0],[1025.5,725.0],[1021.0,733.5],[1015.0,739.5],[1004.0,741.5],[993.0,743.5],[982.0,745.5],[971.0,746.5],[960.0,748.5],[950.5,752.0],[940.5,754.0],[931.5,754.0],[919.0,754.5],[906.0,754.5],[895.0,755.5],[886.0,755.5],[873.0,755.5],[862.0,757.5],[851.5,759.0],[841.0,761.5],[829.5,763.0],[819.0,765.5],[808.0,766.5],[797.0,766.5],[788.0,764.5],[778.0,765.5],[768.0,767.5],[758.0,764.5],[749.0,760.5],[738.0,759.5],[725.0,759.5],[714.0,761.5],[705.5,766.0],[704.0,770.5],[694.5,773.0],[683.5,771.0],[673.0,772.5],[664.0,775.5],[654.0,778.5],[642.0,779.5],[631.0,780.5],[620.0,780.5],[609.0,782.5],[599.0,785.5],[590.0,788.5],[579.0,790.5],[567.5,792.0],[558.0,795.5],[548.0,797.5],[537.5,797.0],[526.0,797.5],[518.0,799.5],[508.0,800.5],[497.0,798.5],[486.5,796.0],[477.0,797.5],[465.0,798.5],[453.0,797.5],[441.0,796.5],[430.0,795.5],[421.0,791.5],[410.0,789.5],[400.0,791.5],[391.0,795.5],[381.0,798.5],[370.0,800.5],[360.0,802.5],[351.0,806.5],[341.0,809.5],[331.0,812.5],[320.0,813.5],[308.0,814.5],[298.0,817.5],[286.0,816.5],[277.0,813.5],[266.0,811.5],[256.0,814.5],[247.0,817.5],[234.0,817.5],[225.5,822.0],[216.0,825.5],[207.0,828.5],[196.0,830.5],[185.0,832.5],[173.0,833.5],[162.0,834.5],[151.0,836.5]]",243058.71750879288,431216.9274635315,86.17920875549316,,,,,0.4527187466,223627,NOF_R_0077,NOF_우안(청주측)_접속부(콘크리트_중력식),NOF_R_0077,688d07b9-6c84-53a7-8898-14946e53f9e1,0.9753951969143242,../../Data/DJI_20250702162257_0040_V.JPG,../Overlay/SPL/P000303.png,mapped,local_surface_estimate
DJI_20250702162257_0040_V.JPG,P000304,SPL,박락,"[[1.0,824.5],[0.5,824.0],[0.5,823.0],[0.5,822.0],[0.0,821.5],[-0.5,821.0],[0.0,820.5],[0.5,820.0],[0.5,819.0],[0.0,818.5],[-0.5,818.0],[0.0,817.5],[1.0,817.5],[1.5,818.0],[1.5,819.0],[1.5,820.0],[1.5,821.0],[1.5,822.0],[1.5,823.0],[1.5,824.0],[1.0,824.5]]",243058.3945980072,431217.34913253784,85.95371055603027,,,,,1.61265e-05,9,NOF_R_0077,NOF_우안(청주측)_접속부(콘크리트_중력식),NOF_R_0077,688d07b9-6c84-53a7-8898-14946e53f9e1,0.5563967161708407,../../Data/DJI_20250702162257_0040_V.JPG,../Overlay/SPL/P000304.png,mapped,local_surface_estimate
DJI_20250702162257_0040_V.JPG,P000305,SPL,박락,"[[2214.0,1046.5],[2208.0,1043.5],[2204.5,1039.0],[2204.5,1032.0],[2207.5,1026.0],[2204.5,1021.0],[2197.0,1019.5],[2190.0,1019.5],[2182.0,1020.5],[2175.0,1019.5],[2168.5,1017.0],[2163.5,1014.0],[2158.0,1014.5],[2151.0,1012.5],[2143.0,1011.5],[2135.0,1011.5],[2128.0,1013.5],[2122.0,1016.5],[2116.0,1018.5],[2109.0,1020.5],[2103.0,1023.5],[2098.0,1026.5],[2091.5,1029.0],[2085.0,1031.5],[2078.0,1033.5],[2072.0,1033.5],[2064.5,1034.0],[2058.0,1031.5],[2051.0,1030.5],[2046.0,1028.5],[2041.5,1031.0],[2037.0,1030.5],[2030.5,1033.0],[2025.5,1033.0],[2019.5,1035.0],[2014.0,1034.5],[2007.5,1032.0],[2001.0,1031.5],[1994.0,1032.5],[1987.0,1034.5],[1979.0,1033.5],[1973.0,1031.5],[1966.0,1029.5],[1959.0,1029.5],[1953.0,1031.5],[1947.5,1035.0],[1943.0,1039.5],[1939.0,1043.5],[1932.0,1041.5],[1926.0,1042.5],[1919.5,1042.0],[1919.5,1034.0],[1913.0,1031.5],[1904.0,1031.5],[1898.0,1033.5],[1891.5,1031.0],[1885.0,1028.5],[1879.5,1026.0],[1874.0,1022.5],[1868.0,1019.5],[1861.0,1018.5],[1854.0,1020.5],[1847.5,1023.0],[1843.0,1026.5],[1839.0,1031.5],[1833.0,1034.5],[1825.0,1035.5],[1818.0,1036.5],[1811.0,1036.5],[1804.5,1034.0],[1801.0,1029.5],[1804.5,1025.0],[1810.0,1021.5],[1815.0,1018.5],[1820.0,1014.5],[1825.5,1011.0],[1829.0,1006.5],[1832.5,1001.0],[1836.5,996.0],[1841.5,992.0],[1846.5,989.0],[1852.0,985.5],[1855.5,980.0],[1858.5,975.0],[1862.0,969.5],[1866.5,965.0],[1870.0,960.5],[1874.0,955.5],[1878.0,950.5],[1882.0,946.5],[1887.0,942.5],[1891.5,938.0],[1895.5,934.0],[1900.5,930.0],[1906.0,926.5],[1912.5,924.0],[1918.0,921.5],[1923.0,917.5],[1931.0,916.5],[1937.0,914.5],[1944.5,913.0],[1952.0,911.5],[1959.0,910.5],[1967.5,910.0],[1975.0,908.5],[1981.0,906.5],[1986.0,902.5],[1989.5,897.0],[1992.5,893.0],[1995.5,888.0],[1999.5,883.0],[2003.0,877.5],[2005.5,872.0],[2003.0,865.5],[1999.0,860.5],[1994.0,857.5],[1986.0,856.5],[1978.0,855.5],[1975.0,851.5],[1980.5,848.0],[1986.0,844.5],[1992.0,841.5],[1997.0,838.5],[2003.5,838.0],[2010.0,839.5],[2018.0,839.5],[2027.0,839.5],[2036.0,839.5],[2043.0,840.5],[2049.0,843.5],[2056.0,845.5],[2063.0,846.5],[2071.0,845.5],[2077.5,848.0],[2083.0,850.5],[2091.0,851.5],[2096.5,855.0],[2100.5,860.0],[2104.5,864.0],[2111.0,866.5],[2119.0,867.5],[2124.5,867.0],[2132.0,865.5],[2138.0,864.5],[2145.0,863.5],[2153.0,862.5],[2162.0,862.5],[2169.0,863.5],[2177.0,864.5],[2185.0,865.5],[2194.0,865.5],[2202.0,865.5],[2209.5,866.0],[2217.0,866.5],[2224.0,865.5],[2232.0,864.5],[2240.0,863.5],[2247.0,862.5],[2256.0,862.5],[2265.0,862.5],[2272.0,863.5],[2280.0,864.5],[2289.0,864.5],[2296.0,864.5],[2303.0,865.5],[2311.5,865.0],[2320.0,864.5],[2326.0,862.5],[2334.5,862.0],[2342.0,860.5],[2348.0,860.5],[2356.0,859.5],[2364.0,858.5],[2372.0,858.5],[2379.0,858.5],[2386.0,858.5],[2393.0,857.5],[2400.5,858.0],[2407.0,859.5],[2412.0,859.5],[2416.5,860.0],[2420.5,855.0],[2425.5,853.0],[2428.5,851.0],[2426.5,856.0],[2423.5,862.0],[2423.5,868.0],[2425.0,874.5],[2424.5,881.0],[2425.0,886.5],[2424.0,891.5],[2418.5,895.0],[2427.0,895.5],[2431.5,899.0],[2434.0,899.5],[2438.0,902.5],[2442.5,906.0],[2444.5,913.0],[2445.5,921.0],[2443.5,927.0],[2438.5,931.0],[2434.0,931.5],[2429.5,931.0],[2430.0,939.5],[2431.5,943.0],[2435.0,947.5],[2441.0,944.5],[2445.0,939.5],[2450.0,941.5],[2452.5,947.0],[2449.5,953.0],[2445.0,957.5],[2440.0,960.5],[2434.5,961.0],[2430.0,962.5],[2427.5,967.0],[2423.5,969.0],[2419.5,974.0],[2415.0,977.5],[2408.0,979.5],[2400.0,980.5],[2393.0,982.5],[2388.5,986.0],[2383.0,989.5],[2378.0,991.5],[2373.0,994.5],[2367.5,998.0],[2363.0,1002.5],[2357.0,1004.5],[2350.0,1006.5],[2342.0,1007.5],[2337.0,1010.5],[2329.0,1009.5],[2325.0,1004.5],[2322.0,1010.5],[2318.0,1014.5],[2316.5,1022.0],[2311.5,1026.0],[2305.0,1027.5],[2300.0,1029.5],[2293.5,1027.0],[2287.5,1025.0],[2280.0,1025.5],[2275.0,1029.5],[2268.5,1031.0],[2261.5,1032.0],[2255.5,1029.0],[2250.5,1026.0],[2244.0,1023.5],[2236.0,1022.5],[2228.5,1024.0],[2225.0,1027.5],[2222.0,1032.5],[2219.5,1037.0],[2218.0,1041.5],[2214.0,1046.5]]",243058.98236227036,431215.17572402954,85.77377510070801,,,,,0.1331075155,86030,NOF_R_0077,NOF_우안(청주측)_접속부(콘크리트_중력식),NOF_R_0077,688d07b9-6c84-53a7-8898-14946e53f9e1,0.9690205397043867,../../Data/DJI_20250702162257_0040_V.JPG,../Overlay/SPL/P000305.png,mapped,local_surface_estimate
DJI_20250702162257_0040_V.JPG,P000306,SPL,박락,"[[2432.0,864.5],[2431.5,864.0],[2431.5,863.0],[2431.5,862.0],[2431.5,861.0],[2431.5,860.0],[2431.0,859.5],[2430.5,859.0],[2430.5,858.0],[2430.5,857.0],[2430.5,856.0],[2430.5,855.0],[2430.5,854.0],[2431.0,853.5],[2431.5,853.0],[2431.5,852.0],[2431.5,851.0],[2431.5,850.0],[2432.0,849.5],[2432.5,849.0],[2433.0,848.5],[2434.0,848.5],[2435.0,848.5],[2436.0,848.5],[2437.0,848.5],[2438.0,848.5],[2439.0,848.5],[2440.0,848.5],[2441.0,848.5],[2441.5,849.0],[2442.0,849.5],[2442.5,850.0],[2443.0,850.5],[2443.5,851.0],[2444.0,851.5],[2444.5,852.0],[2445.0,852.5],[2445.5,853.0],[2446.0,853.5],[2446.5,854.0],[2446.5,855.0],[2446.5,856.0],[2447.0,856.5],[2447.5,857.0],[2448.0,857.5],[2448.5,858.0],[2448.0,858.5],[2447.5,859.0],[2447.5,860.0],[2447.0,860.5],[2446.5,860.0],[2446.0,859.5],[2445.0,859.5],[2444.0,859.5],[2443.5,860.0],[2443.0,860.5],[2442.5,861.0],[2442.0,861.5],[2441.0,861.5],[2440.5,861.0],[2440.5,860.0],[2440.0,859.5],[2439.0,859.5],[2438.5,860.0],[2438.5,861.0],[2438.0,861.5],[2437.5,862.0],[2437.5,863.0],[2437.0,863.5],[2436.5,863.0],[2436.0,862.5],[2435.5,862.0],[2435.5,861.0],[2435.0,860.5],[2434.0,860.5],[2433.5,861.0],[2433.0,861.5],[2432.5,862.0],[2432.5,863.0],[2432.5,864.0],[2432.0,864.5]]",243059.15329408646,431214.9395866394,85.88771438598633,,,,,0.0003026009,183,NOF_R_0077,NOF_우안(청주측)_접속부(콘크리트_중력식),NOF_R_0077,688d07b9-6c84-53a7-8898-14946e53f9e1,0.6641323931230222,../../Data/DJI_20250702162257_0040_V.JPG,../Overlay/SPL/P000306.png,mapped,local_surface_estimate
DJI_20250702162257_0040_V.JPG,P000307,SPL,박락,"[[2541.0,879.5],[2540.0,879.5],[2539.0,879.5],[2538.0,879.5],[2537.0,879.5],[2536.0,879.5],[2535.0,879.5],[2534.0,879.5],[2533.0,879.5],[2532.5,879.0],[2532.0,878.5],[2531.0,878.5],[2530.0,878.5],[2529.5,878.0],[2529.0,877.5],[2528.0,877.5],[2527.0,877.5],[2526.5,877.0],[2526.0,876.5],[2525.5,876.0],[2525.5,875.0],[2525.0,874.5],[2524.5,874.0],[2524.0,873.5],[2523.0,873.5],[2522.5,873.0],[2523.0,872.5],[2523.5,872.0],[2523.5,871.0],[2524.0,870.5],[2524.5,870.0],[2525.0,869.5],[2525.5,869.0],[2525.5,868.0],[2526.0,867.5],[2526.5,867.0],[2527.0,866.5],[2527.5,866.0],[2527.5,865.0],[2528.0,864.5],[2528.5,864.0],[2528.5,863.0],[2529.0,862.5],[2529.5,862.0],[2529.5,861.0],[2530.0,860.5],[2530.5,860.0],[2531.0,859.5],[2531.5,859.0],[2531.5,858.0],[2532.0,857.5],[2532.5,857.0],[2532.5,856.0],[2533.0,855.5],[2533.5,855.0],[2534.0,854.5],[2534.5,854.0],[2535.0,853.5],[2536.0,853.5],[2536.5,853.0],[2537.0,852.5],[2537.5,852.0],[2538.0,851.5],[2538.5,851.0],[2539.0,850.5],[2540.0,850.5],[2540.5,851.0],[2541.0,851.5],[2542.0,851.5],[2543.0,851.5],[2543.5,851.0],[2544.0,850.5],[2544.5,851.0],[2545.0,851.5],[2546.0,851.5],[2546.5,852.0],[2547.0,852.5],[2547.5,852.0],[2548.0,851.5],[2548.5,851.0],[2549.0,850.5],[2549.5,851.0],[2550.0,851.5],[2551.0,851.5],[2552.0,851.5],[2553.0,851.5],[2553.5,851.0],[2554.0,850.5],[2555.0,850.5],[2555.5,851.0],[2556.0,851.5],[2556.5,852.0],[2557.0,852.5],[2558.0,852.5],[2558.5,852.0],[2559.0,851.5],[2560.0,851.5],[2560.5,851.0],[2561.0,850.5],[2561.5,851.0],[2562.0,851.5],[2563.0,851.5],[2564.0,851.5],[2564.5,852.0],[2565.0,852.5],[2566.0,852.5],[2567.0,852.5],[2567.5,853.0],[2567.5,854.0],[2567.0,854.5],[2566.5,855.0],[2566.5,856.0],[2567.0,856.5],[2567.5,856.0],[2568.0,855.5],[2568.5,855.0],[2569.0,854.5],[2569.5,855.0],[2569.5,856.0],[2569.5,857.0],[2569.5,858.0],[2570.0,858.5],[2570.5,859.0],[2570.5,860.0],[2570.5,861.0],[2570.5,862.0],[2570.0,862.5],[2569.5,863.0],[2569.5,864.0],[2569.0,864.5],[2568.5,865.0],[2568.5,866.0],[2568.0,866.5],[2567.5,867.0],[2567.0,867.5],[2566.5,868.0],[2566.5,869.0],[2566.0,869.5],[2565.0,869.5],[2564.5,870.0],[2564.0,870.5],[2563.5,871.0],[2563.0,871.5],[2562.0,871.5],[2561.5,872.0],[2561.0,872.5],[2560.0,872.5],[2559.5,873.0],[2559.0,873.5],[2558.0,873.5],[2557.5,874.0],[2557.0,874.5],[2556.0,874.5],[2555.5,874.0],[2556.0,873.5],[2556.5,873.0],[2556.0,872.5],[2555.0,872.5],[2554.5,873.0],[2554.0,873.5],[2553.5,874.0],[2553.0,874.5],[2552.5,875.0],[2552.0,875.5],[2551.0,875.5],[2550.5,876.0],[2550.0,876.5],[2549.0,876.5],[2548.5,877.0],[2548.0,877.5],[2547.0,877.5],[2546.0,877.5],[2545.0,877.5],[2544.5,878.0],[2544.0,878.5],[2543.0,878.5],[2542.0,878.5],[2541.5,879.0],[2541.0,879.5]]",243059.1784658432,431214.8317680359,85.87381935119629,,,,,0.0015819585,967,NOF_R_0077,NOF_우안(청주측)_접속부(콘크리트_중력식),NOF_R_0077,688d07b9-6c84-53a7-8898-14946e53f9e1,0.754938265283697,../../Data/DJI_20250702162257_0040_V.JPG,../Overlay/SPL/P000307.png,mapped,local_surface_estimate
DJI_20250702162257_0040_V.JPG,P000308,SPL,박락,"[[2427.0,861.5],[2426.5,861.0],[2426.5,860.0],[2426.5,859.0],[2427.0,858.5],[2427.5,858.0],[2428.0,857.5],[2428.5,857.0],[2428.5,856.0],[2428.5,855.0],[2429.0,854.5],[2429.5,855.0],[2429.5,856.0],[2429.5,857.0],[2429.5,858.0],[2429.0,858.5],[2428.5,859.0],[2428.0,859.5],[2427.5,860.0],[2427.5,861.0],[2427.0,861.5]]",243059.14738965034,431214.9479942322,85.88388252258301,,,,,1.48416e-05,9,NOF_R_0077,NOF_우안(청주측)_접속부(콘크리트_중력식),NOF_R_0077,688d07b9-6c84-53a7-8898-14946e53f9e1,0.5250611636373732,../../Data/DJI_20250702162257_0040_V.JPG,../Overlay/SPL/P000308.png,mapped,local_surface_estimate
DJI_20250702162257_0040_V.JPG,P000309,SPL,박락,"[[2427.0,867.5],[2426.5,867.0],[2426.5,866.0],[2426.5,865.0],[2427.0,864.5],[2427.5,864.0],[2427.5,863.0],[2428.0,862.5],[2428.5,862.0],[2428.5,861.0],[2429.0,860.5],[2429.5,861.0],[2429.5,862.0],[2429.5,863.0],[2429.5,864.0],[2429.5,865.0],[2429.5,866.0],[2429.0,866.5],[2428.0,866.5],[2427.5,867.0],[2427.0,867.5]]",243059.14191102982,431214.94565963745,85.87607383728027,,,,,2.13032e-05,13,NOF_R_0077,NOF_우안(청주측)_접속부(콘크리트_중력식),NOF_R_0077,688d07b9-6c84-53a7-8898-14946e53f9e1,0.5399271983366746,../../Data/DJI_20250702162257_0040_V.JPG,../Overlay/SPL/P000309.png,mapped,local_surface_estimate
DJI_20250702162257_0040_V.JPG,P000310,SPL,박락,"[[2431.0,936.5],[2430.5,936.0],[2431.0,935.5],[2431.5,936.0],[2431.0,936.5]]",243059.07843089104,431214.9154319763,85.78423881530762,,,,,1.5494e-06,1,NOF_R_0077,NOF_우안(청주측)_접속부(콘크리트_중력식),NOF_R_0077,688d07b9-6c84-53a7-8898-14946e53f9e1,0.4972419738769531,../../Data/DJI_20250702162257_0040_V.JPG,../Overlay/SPL/P000310.png,mapped,local_surface_estimate
DJI_20250702162257_0040_V.JPG,P000311,SPL,박락,"[[2442.0,941.5],[2441.5,941.0],[2442.0,940.5],[2442.5,941.0],[2442.0,941.5]]",243059.07744908333,431214.90327835083,85.77791213989258,,,,,1.5451e-06,1,NOF_R_0077,NOF_우안(청주측)_접속부(콘크리트_중력식),NOF_R_0077,688d07b9-6c84-53a7-8898-14946e53f9e1,0.49646005034446716,../../Data/DJI_20250702162257_0040_V.JPG,../Overlay/SPL/P000311.png,mapped,local_surface_estimate
DJI_20250702162257_0040_V.JPG,P000312,SPL,박락,"[[147.0,1542.5],[131.0,1535.5],[107.0,1535.5],[84.0,1535.5],[61.0,1535.5],[38.0,1535.5],[14.0,1535.5],[-0.5,1527.0],[-0.5,1504.0],[-0.5,1481.0],[-0.5,1457.0],[-0.5,1434.0],[-0.5,1411.0],[-0.5,1388.0],[-0.5,1364.0],[-0.5,1341.0],[-0.5,1318.0],[-0.5,1295.0],[-0.5,1271.0],[-0.5,1248.0],[-0.5,1225.0],[-0.5,1202.0],[-0.5,1178.0],[-0.5,1155.0],[-0.5,1132.0],[-0.5,1109.0],[1.0,1086.5],[20.0,1084.5],[38.0,1079.5],[52.5,1071.0],[68.5,1063.0],[84.0,1055.5],[103.0,1053.5],[122.5,1052.0],[143.0,1048.5],[163.0,1045.5],[179.0,1038.5],[193.0,1029.5],[210.0,1032.5],[220.0,1045.5],[232.5,1056.0],[252.0,1057.5],[268.0,1065.5],[284.0,1060.5],[302.5,1061.0],[322.5,1063.0],[342.0,1058.5],[362.5,1056.0],[379.0,1049.5],[394.0,1041.5],[417.0,1040.5],[434.0,1034.5],[453.0,1030.5],[475.0,1028.5],[495.0,1027.5],[514.0,1023.5],[531.0,1017.5],[551.0,1013.5],[570.5,1010.0],[589.0,1005.5],[608.0,1009.5],[630.0,1011.5],[650.0,1014.5],[670.0,1013.5],[691.5,1012.0],[711.5,1008.0],[728.5,1002.0],[743.0,993.5],[761.5,994.0],[780.0,993.5],[800.0,994.5],[806.5,1011.0],[820.0,1020.5],[838.5,1026.0],[858.5,1028.0],[881.0,1027.5],[897.0,1020.5],[914.0,1013.5],[931.5,1008.0],[945.5,999.0],[960.5,991.0],[971.5,978.0],[986.5,970.0],[1009.0,969.5],[1021.5,980.0],[1040.0,983.5],[1059.0,985.5],[1075.0,992.5],[1093.0,991.5],[1111.0,985.5],[1129.5,990.0],[1150.0,990.5],[1168.0,989.5],[1190.0,989.5],[1209.0,985.5],[1227.5,981.0],[1247.0,977.5],[1269.0,975.5],[1287.5,971.0],[1308.0,968.5],[1329.0,968.5],[1348.5,966.0],[1368.0,964.5],[1386.5,969.0],[1406.5,973.0],[1426.0,974.5],[1446.0,971.5],[1462.5,978.0],[1483.0,981.5],[1499.0,988.5],[1514.0,996.5],[1535.5,998.0],[1554.5,994.0],[1576.0,992.5],[1592.0,987.5],[1606.5,979.0],[1624.5,974.0],[1643.5,977.0],[1661.5,973.0],[1671.0,986.5],[1685.0,996.5],[1702.0,1002.5],[1695.5,1016.0],[1684.5,1028.0],[1667.0,1028.5],[1648.0,1026.5],[1629.5,1025.0],[1612.5,1028.0],[1597.5,1021.0],[1581.0,1018.5],[1567.5,1028.0],[1549.0,1030.5],[1527.5,1029.0],[1509.0,1033.5],[1510.0,1049.5],[1490.0,1050.5],[1475.0,1041.5],[1458.0,1043.5],[1441.0,1049.5],[1421.0,1048.5],[1400.0,1045.5],[1382.5,1049.0],[1364.0,1053.5],[1349.0,1061.5],[1328.5,1065.0],[1308.0,1065.5],[1288.0,1064.5],[1277.5,1067.0],[1270.0,1081.5],[1259.0,1069.5],[1241.0,1064.5],[1223.0,1065.5],[1210.0,1074.5],[1197.0,1070.5],[1181.5,1063.0],[1165.0,1061.5],[1155.5,1071.0],[1144.5,1066.0],[1130.0,1059.5],[1110.5,1060.0],[1102.5,1073.0],[1090.0,1083.5],[1075.0,1081.5],[1057.0,1087.5],[1037.0,1090.5],[1024.0,1100.5],[1007.5,1102.0],[1001.5,1109.0],[1005.0,1122.5],[1018.5,1124.0],[1012.0,1137.5],[1013.0,1148.5],[1002.0,1154.5],[1011.5,1168.0],[999.0,1178.5],[997.0,1189.5],[1010.5,1199.0],[1009.5,1215.0],[999.0,1227.5],[996.5,1241.0],[1008.0,1252.5],[1015.0,1256.5],[1026.0,1268.5],[1026.0,1278.5],[1040.0,1287.5],[1047.0,1302.5],[1040.5,1319.0],[1043.5,1338.0],[1036.0,1353.5],[1032.0,1370.5],[1024.0,1363.5],[1016.5,1380.0],[1027.5,1379.0],[1036.5,1380.0],[1030.5,1389.0],[1026.5,1405.0],[1019.0,1417.5],[1026.5,1433.0],[1023.5,1453.0],[1017.5,1469.0],[1004.0,1476.5],[993.5,1487.0],[979.5,1490.0],[962.0,1494.5],[944.0,1495.5],[927.0,1501.5],[909.5,1506.0],[895.5,1506.0],[888.5,1509.0],[872.0,1513.5],[856.0,1519.5],[839.5,1515.0],[821.0,1518.5],[803.0,1521.5],[785.0,1527.5],[768.0,1529.5],[758.5,1527.0],[744.0,1535.5],[730.5,1529.0],[724.0,1526.5],[712.0,1535.5],[689.0,1535.5],[665.0,1535.5],[642.0,1535.5],[627.0,1527.5],[611.0,1524.5],[596.0,1533.5],[579.5,1531.0],[570.0,1517.5],[556.5,1511.0],[539.5,1515.0],[525.5,1508.0],[511.5,1501.0],[506.0,1499.5],[496.5,1511.0],[497.0,1500.5],[489.5,1487.0],[476.5,1491.0],[462.0,1500.5],[449.0,1510.5],[435.0,1519.5],[420.5,1525.0],[404.0,1519.5],[387.0,1525.5],[376.0,1535.5],[359.0,1531.5],[341.0,1535.5],[318.0,1535.5],[295.0,1535.5],[272.0,1535.5],[248.0,1535.5],[225.0,1535.5],[202.0,1535.5],[179.0,1535.5],[161.0,1535.5],[147.0,1542.5]]",243058.28333616257,431216.4196739197,85.42468643188477,,,,,0.6989364776,552475,NOF_R_0077,NOF_우안(청주측)_접속부(콘크리트_중력식),NOF_R_0077,688d07b9-6c84-53a7-8898-14946e53f9e1,0.9809706523238904,../../Data/DJI_20250702162257_0040_V.JPG,../Overlay/SPL/P000312.png,mapped,local_surface_estimate
DJI_20250702162257_0040_V.JPG,P000313,SPL,박락,"[[2400.0,1015.5],[2399.0,1015.5],[2398.0,1015.5],[2397.0,1015.5],[2396.0,1015.5],[2395.0,1015.5],[2394.0,1015.5],[2393.0,1015.5],[2392.0,1015.5],[2391.5,1015.0],[2391.0,1014.5],[2390.0,1014.5],[2389.5,1014.0],[2390.0,1013.5],[2390.5,1013.0],[2391.0,1012.5],[2392.0,1012.5],[2392.5,1012.0],[2393.0,1011.5],[2393.5,1011.0],[2394.0,1010.5],[2394.5,1010.0],[2395.0,1009.5],[2395.5,1009.0],[2396.0,1008.5],[2396.5,1008.0],[2397.0,1007.5],[2397.5,1007.0],[2398.0,1006.5],[2399.0,1006.5],[2399.5,1006.0],[2400.0,1005.5],[2400.5,1005.0],[2401.0,1004.5],[2401.5,1004.0],[2402.0,1003.5],[2403.0,1003.5],[2403.5,1003.0],[2404.0,1002.5],[2404.5,1002.0],[2405.0,1001.5],[2406.0,1001.5],[2406.5,1001.0],[2407.0,1000.5],[2408.0,1000.5],[2409.0,1000.5],[2410.0,1000.5],[2411.0,1000.5],[2412.0,1000.5],[2413.0,1000.5],[2414.0,1000.5],[2414.5,1000.0],[2415.0,999.5],[2416.0,999.5],[2417.0,999.5],[2418.0,999.5],[2419.0,999.5],[2420.0,999.5],[2421.0,999.5],[2422.0,999.5],[2423.0,999.5],[2423.5,1000.0],[2424.0,1000.5],[2425.0,1000.5],[2426.0,1000.5],[2427.0,1000.5],[2427.5,1000.0],[2428.0,999.5],[2428.5,999.0],[2428.5,998.0],[2429.0,997.5],[2430.0,997.5],[2430.5,997.0],[2430.5,996.0],[2431.0,995.5],[2431.5,996.0],[2431.5,997.0],[2431.5,998.0],[2431.5,999.0],[2431.5,1000.0],[2431.5,1001.0],[2431.5,1002.0],[2431.0,1002.5],[2430.5,1002.0],[2430.0,1001.5],[2429.5,1002.0],[2429.0,1002.5],[2428.0,1002.5],[2427.0,1002.5],[2426.0,1002.5],[2425.0,1002.5],[2424.0,1002.5],[2423.5,1003.0],[2423.0,1003.5],[2422.0,1003.5],[2421.5,1004.0],[2421.0,1004.5],[2420.0,1004.5],[2419.0,1004.5],[2418.5,1005.0],[2418.0,1005.5],[2417.0,1005.5],[2416.5,1006.0],[2416.0,1006.5],[2415.0,1006.5],[2414.0,1006.5],[2413.5,1007.0],[2413.0,1007.5],[2412.5,1008.0],[2412.0,1008.5],[2411.0,1008.5],[2410.5,1009.0],[2410.5,1010.0],[2410.0,1010.5],[2409.5,1011.0],[2409.0,1011.5],[2408.5,1012.0],[2408.0,1012.5],[2407.0,1012.5],[2406.5,1013.0],[2406.0,1013.5],[2405.0,1013.5],[2404.5,1014.0],[2404.0,1014.5],[2403.0,1014.5],[2402.0,1014.5],[2401.0,1014.5],[2400.5,1015.0],[2400.0,1015.5]]",243059.0105149746,431214.90967178345,85.69714736938477,,,,,0.0004137416,282,NOF_R_0077,NOF_우안(청주측)_접속부(콘크리트_중력식),NOF_R_0077,688d07b9-6c84-53a7-8898-14946e53f9e1,0.6757045099709896,../../Data/DJI_20250702162257_0040_V.JPG,../Overlay/SPL/P000313.png,mapped,local_surface_estimate
DJI_20250702162257_0040_V.JPG,P000314,SPL,박락,"[[2038.0,1060.5],[2037.0,1060.5],[2036.0,1060.5],[2035.5,1060.0],[2035.0,1059.5],[2034.5,1059.0],[2034.0,1058.5],[2033.0,1058.5],[2032.0,1058.5],[2031.5,1058.0],[2031.0,1057.5],[2030.5,1057.0],[2030.0,1056.5],[2029.5,1056.0],[2029.5,1055.0],[2029.0,1054.5],[2028.5,1054.0],[2028.5,1053.0],[2028.5,1052.0],[2028.5,1051.0],[2029.0,1050.5],[2029.5,1050.0],[2029.0,1049.5],[2028.5,1049.0],[2028.5,1048.0],[2028.5,1047.0],[2028.5,1046.0],[2028.5,1045.0],[2029.0,1044.5],[2030.0,1044.5],[2031.0,1044.5],[2031.5,1044.0],[2031.5,1043.0],[2032.0,1042.5],[2032.5,1042.0],[2033.0,1041.5],[2034.0,1041.5],[2034.5,1041.0],[2034.0,1040.5],[2033.0,1040.5],[2032.5,1040.0],[2032.5,1039.0],[2033.0,1038.5],[2033.5,1039.0],[2034.0,1039.5],[2034.5,1040.0],[2035.0,1040.5],[2036.0,1040.5],[2037.0,1040.5],[2038.0,1040.5],[2039.0,1040.5],[2040.0,1040.5],[2041.0,1040.5],[2041.5,1041.0],[2042.0,1041.5],[2043.0,1041.5],[2044.0,1041.5],[2044.5,1042.0],[2045.0,1042.5],[2045.5,1043.0],[2045.5,1044.0],[2045.5,1045.0],[2045.5,1046.0],[2045.5,1047.0],[2045.5,1048.0],[2045.5,1049.0],[2045.5,1050.0],[2045.5,1051.0],[2045.5,1052.0],[2045.5,1053.0],[2045.5,1054.0],[2045.5,1055.0],[2045.0,1055.5],[2044.5,1056.0],[2044.0,1056.5],[2043.5,1057.0],[2043.5,1058.0],[2043.5,1059.0],[2043.0,1059.5],[2042.0,1059.5],[2041.0,1059.5],[2040.0,1059.5],[2039.0,1059.5],[2038.5,1060.0],[2038.0,1060.5]]",243058.86209392548,431215.23348617554,85.6480941772461,,,,,0.0004113361,287,NOF_R_0077,NOF_우안(청주측)_접속부(콘크리트_중력식),NOF_R_0077,688d07b9-6c84-53a7-8898-14946e53f9e1,0.7072111969417811,../../Data/DJI_20250702162257_0040_V.JPG,../Overlay/SPL/P000314.png,mapped,local_surface_estimate
DJI_20250702162257_0040_V.JPG,P000315,SPL,박락,"[[2038.0,1039.5],[2037.5,1039.0],[2038.0,1038.5],[2038.5,1039.0],[2038.0,1039.5]]",243058.8712272644,431215.2374610901,85.66115188598633,,,,,1.444e-06,1,NOF_R_0077,NOF_우안(청주측)_접속부(콘크리트_중력식),NOF_R_0077,688d07b9-6c84-53a7-8898-14946e53f9e1,0.49694836139678955,../../Data/DJI_20250702162257_0040_V.JPG,../Overlay/SPL/P000315.png,mapped,local_surface_estimate
DJI_20250702162257_0040_V.JPG,P000316,SPL,박락,"[[2074.0,1057.5],[2073.0,1057.5],[2072.0,1057.5],[2071.5,1057.0],[2071.0,1056.5],[2070.0,1056.5],[2069.0,1056.5],[2068.5,1056.0],[2068.5,1055.0],[2068.0,1054.5],[2067.5,1054.0],[2067.0,1053.5],[2066.0,1053.5],[2065.5,1053.0],[2065.5,1052.0],[2065.0,1051.5],[2064.5,1051.0],[2064.0,1050.5],[2063.5,1050.0],[2063.5,1049.0],[2063.5,1048.0],[2063.0,1047.5],[2062.5,1047.0],[2062.0,1046.5],[2061.0,1046.5],[2060.5,1046.0],[2060.5,1045.0],[2060.0,1044.5],[2059.5,1044.0],[2060.0,1043.5],[2060.5,1043.0],[2060.5,1042.0],[2061.0,1041.5],[2061.5,1041.0],[2062.0,1040.5],[2062.5,1040.0],[2062.0,1039.5],[2061.5,1039.0],[2062.0,1038.5],[2063.0,1038.5],[2064.0,1038.5],[2064.5,1039.0],[2065.0,1039.5],[2065.5,1040.0],[2066.0,1040.5],[2066.5,1041.0],[2066.5,1042.0],[2066.5,1043.0],[2066.5,1044.0],[2067.0,1044.5],[2068.0,1044.5],[2068.5,1044.0],[2069.0,1043.5],[2070.0,1043.5],[2070.5,1043.0],[2071.0,1042.5],[2071.5,1042.0],[2071.5,1041.0],[2071.0,1040.5],[2070.5,1040.0],[2070.5,1039.0],[2071.0,1038.5],[2072.0,1038.5],[2073.0,1038.5],[2073.5,1039.0],[2074.0,1039.5],[2074.5,1040.0],[2074.5,1041.0],[2074.5,1042.0],[2075.0,1042.5],[2076.0,1042.5],[2076.5,1043.0],[2077.0,1043.5],[2077.5,1044.0],[2078.0,1044.5],[2078.5,1045.0],[2079.0,1045.5],[2079.5,1046.0],[2079.5,1047.0],[2079.5,1048.0],[2079.5,1049.0],[2079.5,1050.0],[2080.0,1050.5],[2080.5,1051.0],[2080.5,1052.0],[2080.0,1052.5],[2079.5,1053.0],[2079.5,1054.0],[2079.0,1054.5],[2078.5,1055.0],[2078.0,1055.5],[2077.0,1055.5],[2076.5,1056.0],[2076.0,1056.5],[2075.0,1056.5],[2074.5,1057.0],[2074.0,1057.5]]",243058.87400484085,431215.2032737732,85.65025520324707,,,,,0.0003408139,238,NOF_R_0077,NOF_우안(청주측)_접속부(콘크리트_중력식),NOF_R_0077,688d07b9-6c84-53a7-8898-14946e53f9e1,0.6192746083526051,../../Data/DJI_20250702162257_0040_V.JPG,../Overlay/SPL/P000316.png,mapped,local_surface_estimate
DJI_20250702162257_0040_V.JPG,P000317,SPL,박락,"[[2134.0,1052.5],[2133.0,1052.5],[2132.5,1052.0],[2132.0,1051.5],[2131.0,1051.5],[2130.0,1051.5],[2129.0,1051.5],[2128.5,1051.0],[2128.0,1050.5],[2127.5,1050.0],[2127.5,1049.0],[2127.5,1048.0],[2128.0,1047.5],[2128.5,1047.0],[2128.0,1046.5],[2127.0,1046.5],[2126.5,1046.0],[2126.5,1045.0],[2126.5,1044.0],[2127.0,1043.5],[2127.5,1043.0],[2128.0,1042.5],[2129.0,1042.5],[2129.5,1043.0],[2130.0,1043.5],[2131.0,1043.5],[2131.5,1043.0],[2131.5,1042.0],[2131.0,1041.5],[2130.0,1041.5],[2129.0,1041.5],[2128.5,1041.0],[2129.0,1040.5],[2129.5,1040.0],[2130.0,1039.5],[2130.5,1039.0],[2131.0,1038.5],[2132.0,1038.5],[2133.0,1038.5],[2134.0,1038.5],[2134.5,1039.0],[2135.0,1039.5],[2135.5,1040.0],[2136.0,1040.5],[2136.5,1041.0],[2136.5,1042.0],[2136.0,1042.5],[2135.0,1042.5],[2134.0,1042.5],[2133.5,1043.0],[2133.0,1043.5],[2132.5,1044.0],[2133.0,1044.5],[2134.0,1044.5],[2135.0,1044.5],[2136.0,1044.5],[2136.5,1045.0],[2136.5,1046.0],[2136.0,1046.5],[2135.5,1047.0],[2136.0,1047.5],[2137.0,1047.5],[2137.5,1048.0],[2137.5,1049.0],[2137.0,1049.5],[2136.0,1049.5],[2135.0,1049.5],[2134.5,1050.0],[2134.5,1051.0],[2134.5,1052.0],[2134.0,1052.5]]",243058.89410543442,431215.14834976196,85.65225219726562,,,,,0.0001346753,94,NOF_R_0077,NOF_우안(청주측)_접속부(콘크리트_중력식),NOF_R_0077,688d07b9-6c84-53a7-8898-14946e53f9e1,0.5338561877291254,../../Data/DJI_20250702162257_0040_V.JPG,../Overlay/SPL/P000317.png,mapped,local_surface_estimate
DJI_20250702162257_0040_V.JPG,P000318,SPL,박락,"[[2048.0,1055.5],[2047.5,1055.0],[2047.5,1054.0],[2047.5,1053.0],[2047.5,1052.0],[2047.5,1051.0],[2047.0,1050.5],[2046.5,1050.0],[2046.5,1049.0],[2047.0,1048.5],[2047.5,1048.0],[2047.5,1047.0],[2047.0,1046.5],[2046.5,1046.0],[2047.0,1045.5],[2047.5,1045.0],[2048.0,1044.5],[2048.5,1045.0],[2049.0,1045.5],[2049.5,1046.0],[2050.0,1046.5],[2051.0,1046.5],[2051.5,1047.0],[2051.5,1048.0],[2051.5,1049.0],[2051.0,1049.5],[2050.5,1050.0],[2050.5,1051.0],[2050.0,1051.5],[2049.5,1052.0],[2049.0,1052.5],[2048.5,1053.0],[2048.5,1054.0],[2048.5,1055.0],[2048.0,1055.5]]",243058.86653327942,431215.2229576111,85.64920616149902,,,,,4.15129e-05,29,NOF_R_0077,NOF_우안(청주측)_접속부(콘크리트_중력식),NOF_R_0077,688d07b9-6c84-53a7-8898-14946e53f9e1,0.5936314597212035,../../Data/DJI_20250702162257_0040_V.JPG,../Overlay/SPL/P000318.png,mapped,local_surface_estimate
DJI_20250702162257_0040_V.JPG,P000319,SPL,박락,"[[1021.0,1260.5],[1020.5,1260.0],[1020.5,1259.0],[1021.0,1258.5],[1022.0,1258.5],[1022.5,1259.0],[1022.0,1259.5],[1021.5,1260.0],[1021.0,1260.5]]",243058.40765309334,431216.03324508667,85.41739273071289,,,,,3.7542e-06,3,NOF_R_0077,NOF_우안(청주측)_접속부(콘크리트_중력식),NOF_R_0077,688d07b9-6c84-53a7-8898-14946e53f9e1,0.5155229767163595,../../Data/DJI_20250702162257_0040_V.JPG,../Overlay/SPL/P000319.png,mapped,local_surface_estimate
DJI_20250702162257_0040_V.JPG,P000320,SPL,박락,"[[1030.0,1374.5],[1029.0,1374.5],[1028.5,1374.0],[1028.0,1373.5],[1027.5,1373.0],[1028.0,1372.5],[1028.5,1372.0],[1029.0,1371.5],[1029.5,1372.0],[1030.0,1372.5],[1030.5,1373.0],[1030.5,1374.0],[1030.0,1374.5]]",243058.33721494675,431215.9578895569,85.29793548583984,,,,,6.9143e-06,6,NOF_R_0077,NOF_우안(청주측)_접속부(콘크리트_중력식),NOF_R_0077,688d07b9-6c84-53a7-8898-14946e53f9e1,0.5073701093594233,../../Data/DJI_20250702162257_0040_V.JPG,../Overlay/SPL/P000320.png,mapped,local_surface_estimate
DJI_20250702162257_0040_V.JPG,P000321,SPL,박락,"[[1033.0,1372.5],[1032.5,1372.0],[1033.0,1371.5],[1033.5,1372.0],[1033.0,1372.5]]",243058.33897852898,431215.9550514221,85.29894065856934,,,,,1.1549e-06,1,NOF_R_0077,NOF_우안(청주측)_접속부(콘크리트_중력식),NOF_R_0077,688d07b9-6c84-53a7-8898-14946e53f9e1,0.50067138671875,../../Data/DJI_20250702162257_0040_V.JPG,../Overlay/SPL/P000321.png,mapped,local_surface_estimate
DJI_20250702162257_0040_V.JPG,P000322,SPL,박락,"[[153.0,1558.5],[152.0,1558.5],[151.5,1558.0],[151.0,1557.5],[150.5,1557.0],[150.0,1556.5],[149.0,1556.5],[148.5,1556.0],[148.5,1555.0],[148.5,1554.0],[149.0,1553.5],[150.0,1553.5],[151.0,1553.5],[152.0,1553.5],[152.5,1553.0],[152.0,1552.5],[151.0,1552.5],[150.5,1552.0],[150.5,1551.0],[151.0,1550.5],[151.5,1550.0],[152.0,1549.5],[152.5,1550.0],[153.0,1550.5],[153.5,1551.0],[154.0,1551.5],[154.5,1551.0],[155.0,1550.5],[155.5,1550.0],[155.5,1549.0],[155.5,1548.0],[156.0,1547.5],[157.0,1547.5],[157.5,1547.0],[158.0,1546.5],[159.0,1546.5],[159.5,1546.0],[160.0,1545.5],[160.5,1545.0],[161.0,1544.5],[161.5,1545.0],[161.0,1545.5],[160.5,1546.0],[160.5,1547.0],[160.0,1547.5],[159.5,1548.0],[159.5,1549.0],[159.0,1549.5],[158.5,1550.0],[158.5,1551.0],[158.0,1551.5],[157.5,1552.0],[157.5,1553.0],[157.0,1553.5],[156.5,1554.0],[156.0,1554.5],[155.5,1555.0],[155.5,1556.0],[155.0,1556.5],[154.5,1557.0],[154.0,1557.5],[153.5,1558.0],[153.0,1558.5]]",243057.9889793396,431216.5794181824,85.12479209899902,,,,,6.62306e-05,64,NOF_R_0077,NOF_우안(청주측)_접속부(콘크리트_중력식),NOF_R_0077,688d07b9-6c84-53a7-8898-14946e53f9e1,0.49653747538104653,../../Data/DJI_20250702162257_0040_V.JPG,../Overlay/SPL/P000322.png,mapped,local_surface_estimate
DJI_20250702162257_0040_V.JPG,P000323,SPL,박락,"[[1963.0,3955.5],[1920.0,3953.5],[1876.0,3955.5],[1833.5,3954.0],[1795.0,3953.5],[1750.0,3953.5],[1715.0,3955.5],[1683.0,3953.5],[1653.5,3955.0],[1609.0,3955.5],[1569.0,3953.5],[1532.0,3953.5],[1488.0,3951.5],[1449.0,3955.5],[1406.0,3953.5],[1383.0,3949.5],[1400.0,3937.5],[1383.5,3929.0],[1375.5,3896.0],[1385.5,3869.0],[1362.0,3876.5],[1346.5,3898.0],[1322.0,3891.5],[1304.5,3908.0],[1304.0,3878.5],[1325.5,3854.0],[1320.5,3826.0],[1326.5,3791.0],[1324.5,3755.0],[1355.0,3740.5],[1377.0,3762.5],[1408.5,3749.0],[1396.5,3728.0],[1371.0,3719.5],[1347.5,3731.0],[1346.0,3714.5],[1355.5,3685.0],[1325.0,3684.5],[1307.5,3658.0],[1282.0,3662.5],[1279.0,3679.5],[1263.0,3704.5],[1243.5,3687.0],[1215.0,3699.5],[1217.5,3733.0],[1232.5,3758.0],[1235.0,3785.5],[1217.0,3812.5],[1203.5,3843.0],[1197.0,3869.5],[1170.5,3876.0],[1157.0,3899.5],[1160.5,3923.0],[1134.5,3938.0],[1110.0,3953.5],[1082.5,3944.0],[1057.5,3938.0],[1033.0,3948.5],[1025.0,3919.5],[1006.0,3914.5],[1003.5,3945.0],[972.0,3953.5],[962.5,3932.0],[954.0,3897.5],[932.5,3920.0],[912.5,3929.0],[910.5,3896.0],[895.5,3882.0],[893.5,3888.0],[890.5,3872.0],[861.0,3874.5],[828.5,3861.0],[801.0,3867.5],[779.0,3885.5],[770.0,3911.5],[755.5,3932.0],[782.5,3934.0],[799.5,3906.0],[813.0,3876.5],[837.5,3888.0],[853.5,3917.0],[860.5,3947.0],[823.0,3953.5],[778.0,3953.5],[732.0,3953.5],[687.0,3953.5],[642.0,3953.5],[596.0,3953.5],[555.0,3953.5],[513.0,3951.5],[472.5,3954.0],[433.0,3955.5],[389.0,3953.5],[346.0,3955.5],[301.0,3955.5],[261.0,3955.5],[218.0,3953.5],[173.0,3952.5],[141.5,3941.0],[124.5,3913.0],[114.5,3890.0],[94.0,3872.5],[77.5,3843.0],[53.5,3822.0],[26.5,3806.0],[10.5,3776.0],[-0.5,3748.0],[-0.5,3702.0],[-0.5,3657.0],[-0.5,3612.0],[20.5,3624.0],[40.0,3612.5],[8.5,3599.0],[15.0,3583.5],[-0.5,3571.0],[17.0,3548.5],[9.0,3542.5],[-0.5,3509.0],[-0.5,3463.0],[-0.5,3418.0],[-0.5,3372.0],[-0.5,3327.0],[-0.5,3282.0],[-0.5,3236.0],[-0.5,3191.0],[-0.5,3145.0],[-0.5,3100.0],[-0.5,3055.0],[-0.5,3009.0],[17.5,2998.0],[57.0,2998.5],[99.0,3002.5],[127.0,3001.5],[162.0,3002.5],[201.0,2996.5],[239.0,3001.5],[280.0,3004.5],[317.0,3012.5],[356.5,3017.0],[383.5,3016.0],[410.0,3029.5],[451.0,3028.5],[491.0,3027.5],[510.5,3031.0],[530.0,3037.5],[561.0,3045.5],[602.0,3046.5],[639.0,3048.5],[675.0,3047.5],[714.0,3046.5],[753.0,3050.5],[783.5,3055.0],[818.0,3064.5],[858.0,3067.5],[894.5,3072.0],[937.0,3069.5],[973.5,3067.0],[1012.0,3071.5],[1040.0,3084.5],[1066.5,3080.0],[1096.0,3089.5],[1128.0,3099.5],[1161.5,3111.0],[1195.0,3108.5],[1231.5,3116.0],[1265.5,3121.0],[1304.0,3117.5],[1341.0,3110.5],[1375.0,3115.5],[1408.0,3114.5],[1443.0,3112.5],[1475.5,3102.0],[1502.5,3083.0],[1532.0,3069.5],[1569.0,3060.5],[1604.0,3058.5],[1640.0,3053.5],[1672.0,3043.5],[1707.5,3051.0],[1744.0,3057.5],[1781.0,3054.5],[1819.0,3047.5],[1859.0,3047.5],[1893.0,3036.5],[1929.0,3035.5],[1966.0,3040.5],[2005.0,3042.5],[2043.0,3046.5],[2078.0,3044.5],[2096.0,3071.5],[2122.5,3085.0],[2145.5,3103.0],[2179.0,3115.5],[2212.5,3123.0],[2238.5,3142.0],[2239.5,3167.0],[2255.0,3190.5],[2262.0,3212.5],[2284.5,3236.0],[2298.5,3263.0],[2274.0,3284.5],[2245.0,3300.5],[2211.0,3311.5],[2172.0,3314.5],[2160.0,3326.5],[2198.5,3330.0],[2239.0,3334.5],[2281.0,3335.5],[2320.0,3336.5],[2359.0,3340.5],[2385.0,3332.5],[2411.0,3351.5],[2414.5,3381.0],[2449.0,3386.5],[2486.5,3390.0],[2479.5,3422.0],[2504.0,3443.5],[2509.5,3469.0],[2508.5,3504.0],[2522.0,3535.5],[2515.5,3569.0],[2484.0,3583.5],[2460.5,3605.0],[2481.0,3622.5],[2478.5,3648.0],[2500.0,3667.5],[2520.0,3686.5],[2487.0,3686.5],[2458.5,3704.0],[2434.5,3713.0],[2426.5,3727.0],[2428.5,3756.0],[2437.5,3778.0],[2440.0,3808.5],[2455.5,3837.0],[2443.0,3863.5],[2453.0,3888.5],[2446.0,3913.5],[2421.0,3927.5],[2393.0,3933.5],[2381.0,3950.5],[2345.5,3946.0],[2319.5,3936.0],[2303.5,3944.0],[2277.0,3940.5],[2252.0,3942.5],[2232.0,3952.5],[2198.0,3953.5],[2155.0,3953.5],[2166.5,3946.0],[2142.0,3943.5],[2131.0,3953.5],[2085.0,3953.5],[2046.0,3949.5],[2006.0,3953.5],[1963.0,3955.5]]",243057.48841762543,431215.03772354126,83.85332679748535,,,,,0.7023224131,2061175,NOF_R_0096,NOF_우안(청주측)_접속부(콘크리트_중력식),NOF_R_0096,2be0ae85-bba2-559e-a79e-19997e3cfa2a,0.9809942272484092,../../Data/DJI_20250702162257_0040_V.JPG,../Overlay/SPL/P000323.png,mapped,local_surface_estimate
DJI_20250702162257_0040_V.JPG,P000324,SPL,박락,"[[455.0,3022.5],[454.0,3022.5],[453.0,3022.5],[452.5,3022.0],[452.0,3021.5],[451.5,3021.0],[451.0,3020.5],[450.0,3020.5],[449.0,3020.5],[448.0,3020.5],[447.0,3020.5],[446.0,3020.5],[445.0,3020.5],[444.5,3020.0],[444.0,3019.5],[443.5,3019.0],[443.0,3018.5],[442.0,3018.5],[441.5,3018.0],[441.0,3017.5],[440.5,3017.0],[440.5,3016.0],[440.5,3015.0],[440.5,3014.0],[440.5,3013.0],[441.0,3012.5],[441.5,3012.0],[442.0,3011.5],[443.0,3011.5],[443.5,3011.0],[444.0,3010.5],[444.5,3010.0],[445.0,3009.5],[446.0,3009.5],[446.5,3009.0],[447.0,3008.5],[448.0,3008.5],[449.0,3008.5],[449.5,3008.0],[450.0,3007.5],[451.0,3007.5],[452.0,3007.5],[453.0,3007.5],[454.0,3007.5],[455.0,3007.5],[456.0,3007.5],[457.0,3007.5],[458.0,3007.5],[458.5,3008.0],[459.0,3008.5],[460.0,3008.5],[460.5,3009.0],[461.0,3009.5],[461.5,3010.0],[462.0,3010.5],[462.5,3011.0],[463.0,3011.5],[464.0,3011.5],[465.0,3011.5],[465.5,3012.0],[465.5,3013.0],[465.5,3014.0],[465.5,3015.0],[465.5,3016.0],[465.5,3017.0],[465.5,3018.0],[465.0,3018.5],[464.5,3019.0],[464.0,3019.5],[463.5,3020.0],[463.5,3021.0],[463.0,3021.5],[462.0,3021.5],[461.5,3021.0],[461.0,3020.5],[460.5,3020.0],[460.0,3019.5],[459.0,3019.5],[458.5,3020.0],[458.0,3020.5],[457.5,3021.0],[457.0,3021.5],[456.0,3021.5],[455.5,3022.0],[455.0,3022.5]]",243057.4804403782,431215.62173080444,84.0886287689209,,,,,0.000122733,281,NOF_R_0096,NOF_우안(청주측)_접속부(콘크리트_중력식),NOF_R_0096,2be0ae85-bba2-559e-a79e-19997e3cfa2a,0.6667491214555353,../../Data/DJI_20250702162257_0040_V.JPG,../Overlay/SPL/P000324.png,mapped,local_surface_estimate
DJI_20250702162257_0040_V.JPG,P000325,SPL,박락,"[[2265.0,3158.5],[2264.5,3158.0],[2265.0,3157.5],[2265.5,3158.0],[2265.0,3158.5]]",243057.80756306648,431214.48823928833,84.02045249938965,,,,,3.954e-07,1,NOF_R_0096,NOF_우안(청주측)_접속부(콘크리트_중력식),NOF_R_0096,2be0ae85-bba2-559e-a79e-19997e3cfa2a,0.4964238703250885,../../Data/DJI_20250702162257_0040_V.JPG,../Overlay/SPL/P000325.png,mapped,local_surface_estimate
DJI_20250702162257_0040_V.JPG,P000326,SPL,박락,"[[1279.0,3611.5],[1278.5,3611.0],[1278.5,3610.0],[1278.5,3609.0],[1279.0,3608.5],[1279.5,3609.0],[1279.5,3610.0],[1279.5,3611.0],[1279.0,3611.5]]",243057.47424334288,431214.96405410767,83.80471801757812,,,,,9.72e-07,3,NOF_R_0096,NOF_우안(청주측)_접속부(콘크리트_중력식),NOF_R_0096,2be0ae85-bba2-559e-a79e-19997e3cfa2a,0.5064907769362131,../../Data/DJI_20250702162257_0040_V.JPG,../Overlay/SPL/P000326.png,mapped,local_surface_estimate
DJI_20250702162257_0040_V.JPG,P000327,SPL,박락,"[[2447.0,3770.5],[2446.5,3770.0],[2446.5,3769.0],[2447.0,3768.5],[2448.0,3768.5],[2448.5,3769.0],[2448.0,3769.5],[2447.5,3770.0],[2447.0,3770.5]]",243057.64801812172,431214.29808425903,83.74169540405273,,,,,8.879e-07,3,NOF_R_0096,NOF_우안(청주측)_접속부(콘크리트_중력식),NOF_R_0096,2be0ae85-bba2-559e-a79e-19997e3cfa2a,0.4981486300627391,../../Data/DJI_20250702162257_0040_V.JPG,../Overlay/SPL/P000327.png,mapped,local_surface_estimate
DJI_20250702162257_0040_V.JPG,P000328,SPL,박락,"[[2157.0,3943.5],[2156.5,3943.0],[2157.0,3942.5],[2157.5,3943.0],[2157.0,3943.5]]",243057.5463051796,431214.4293022156,83.66999435424805,,,,,2.754e-07,1,NOF_R_0096,NOF_우안(청주측)_접속부(콘크리트_중력식),NOF_R_0096,2be0ae85-bba2-559e-a79e-19997e3cfa2a,0.50048828125,../../Data/DJI_20250702162257_0040_V.JPG,../Overlay/SPL/P000328.png,mapped,local_surface_estimate
DJI_20250702162257_0040_V.JPG,P000329,SPL,박락,"[[922.0,3953.5],[921.0,3953.5],[920.5,3953.0],[920.0,3952.5],[919.0,3952.5],[918.0,3952.5],[917.5,3952.0],[917.0,3951.5],[916.5,3951.0],[916.0,3950.5],[915.0,3950.5],[914.5,3950.0],[915.0,3949.5],[915.5,3949.0],[916.0,3948.5],[916.5,3948.0],[916.5,3947.0],[916.5,3946.0],[917.0,3945.5],[918.0,3945.5],[918.5,3946.0],[919.0,3946.5],[920.0,3946.5],[920.5,3946.0],[921.0,3945.5],[922.0,3945.5],[923.0,3945.5],[924.0,3945.5],[924.5,3946.0],[924.5,3947.0],[925.0,3947.5],[925.5,3948.0],[926.0,3948.5],[926.5,3949.0],[926.5,3950.0],[926.0,3950.5],[925.5,3951.0],[925.0,3951.5],[924.5,3952.0],[924.0,3952.5],[923.0,3952.5],[922.5,3953.0],[922.0,3953.5]]",243057.3210324645,431215.0796546936,83.66225624084473,,,,,1.78531e-05,64,NOF_R_0096,NOF_우안(청주측)_접속부(콘크리트_중력식),NOF_R_0096,2be0ae85-bba2-559e-a79e-19997e3cfa2a,0.566915622446686,../../Data/DJI_20250702162257_0040_V.JPG,../Overlay/SPL/P000329.png,mapped,local_surface_estimate
DJI_20250702162257_0040_V.JPG,P000330,SPL,박락,"[[2393.0,3950.5],[2392.5,3950.0],[2393.0,3949.5],[2393.5,3950.0],[2393.0,3950.5]]",243057.58686590195,431214.30473709106,83.66825294494629,,,,,2.735e-07,1,NOF_R_0096,NOF_우안(청주측)_접속부(콘크리트_중력식),NOF_R_0096,2be0ae85-bba2-559e-a79e-19997e3cfa2a,0.4985421299934387,../../Data/DJI_20250702162257_0040_V.JPG,../Overlay/SPL/P000330.png,mapped,local_surface_estimate
DJI_20250702162257_0040_V.JPG,P000331,SPL,박락,"[[1149.0,3953.5],[1148.0,3953.5],[1147.0,3953.5],[1146.0,3953.5],[1145.0,3953.5],[1144.0,3953.5],[1143.0,3953.5],[1142.0,3953.5],[1141.0,3953.5],[1140.0,3953.5],[1139.0,3953.5],[1138.0,3953.5],[1137.0,3953.5],[1136.0,3953.5],[1135.0,3953.5],[1134.0,3953.5],[1133.0,3953.5],[1132.5,3953.0],[1132.5,3952.0],[1133.0,3951.5],[1134.0,3951.5],[1135.0,3951.5],[1136.0,3951.5],[1137.0,3951.5],[1137.5,3951.0],[1138.0,3950.5],[1139.0,3950.5],[1140.0,3950.5],[1141.0,3950.5],[1142.0,3950.5],[1143.0,3950.5],[1143.5,3951.0],[1144.0,3951.5],[1145.0,3951.5],[1145.5,3951.0],[1146.0,3950.5],[1146.5,3951.0],[1147.0,3951.5],[1148.0,3951.5],[1148.5,3952.0],[1149.0,3952.5],[1149.5,3953.0],[1149.0,3953.5]]",243057.36027139425,431214.9626274109,83.66203117370605,,,,,1.11126e-05,40,NOF_R_0096,NOF_우안(청주측)_접속부(콘크리트_중력식),NOF_R_0096,2be0ae85-bba2-559e-a79e-19997e3cfa2a,0.5772130385041236,../../Data/DJI_20250702162257_0040_V.JPG,../Overlay/SPL/P000331.png,mapped,local_surface_estimate
DJI_20250702162257_0040_V.JPG,P000332,SPL,박락,"[[2142.0,3953.5],[2141.5,3953.0],[2141.5,3952.0],[2142.0,3951.5],[2143.0,3951.5],[2143.5,3952.0],[2143.0,3952.5],[2142.5,3953.0],[2142.0,3953.5]]",243057.54117822647,431214.43591690063,83.66637992858887,,,,,8.237e-07,3,NOF_R_0096,NOF_우안(청주측)_접속부(콘크리트_중력식),NOF_R_0096,2be0ae85-bba2-559e-a79e-19997e3cfa2a,0.5079322854677836,../../Data/DJI_20250702162257_0040_V.JPG,../Overlay/SPL/P000332.png,mapped,local_surface_estimate
DJI_20250702164518_0050_V.JPG,P000352,SPL,박락,"[[62.0,892.5],[53.0,892.5],[45.0,892.5],[38.5,890.0],[36.5,883.0],[32.5,879.0],[26.0,876.5],[21.5,872.0],[23.0,864.5],[26.0,859.5],[31.5,856.0],[38.0,853.5],[44.0,851.5],[50.0,848.5],[57.0,846.5],[65.0,846.5],[74.0,846.5],[82.0,845.5],[90.0,845.5],[98.0,844.5],[106.0,843.5],[113.0,844.5],[122.0,844.5],[131.0,844.5],[139.0,843.5],[147.0,843.5],[155.0,842.5],[163.0,841.5],[169.5,840.0],[175.5,837.0],[181.0,833.5],[187.0,831.5],[194.0,829.5],[201.5,828.0],[208.0,826.5],[214.5,824.0],[220.0,820.5],[225.5,817.0],[231.5,815.0],[239.0,813.5],[248.0,813.5],[254.5,812.0],[261.0,809.5],[268.0,807.5],[274.0,805.5],[282.0,804.5],[291.0,804.5],[299.0,804.5],[308.0,804.5],[317.0,804.5],[326.0,804.5],[333.0,803.5],[341.0,802.5],[348.0,800.5],[355.0,799.5],[364.0,799.5],[373.0,799.5],[380.0,798.5],[387.5,797.0],[396.0,796.5],[403.0,795.5],[410.5,794.0],[417.0,791.5],[424.0,790.5],[432.0,789.5],[440.0,790.5],[447.5,792.0],[454.0,793.5],[461.0,795.5],[469.0,796.5],[476.0,797.5],[485.0,797.5],[492.5,796.0],[498.0,793.5],[505.0,791.5],[510.5,788.0],[515.0,784.5],[520.0,780.5],[524.5,776.0],[530.0,772.5],[536.0,770.5],[544.0,771.5],[552.5,772.0],[559.0,771.5],[567.0,770.5],[573.0,767.5],[578.0,764.5],[583.0,760.5],[587.0,759.5],[588.5,766.0],[589.5,772.0],[591.5,779.0],[596.0,782.5],[604.0,783.5],[613.0,783.5],[622.0,783.5],[630.0,783.5],[639.0,783.5],[646.0,781.5],[653.0,780.5],[660.0,778.5],[668.0,777.5],[675.5,777.0],[684.0,776.5],[693.0,776.5],[700.0,777.5],[709.0,777.5],[717.0,778.5],[726.0,778.5],[733.0,779.5],[741.0,780.5],[750.0,780.5],[757.0,779.5],[766.0,779.5],[773.0,779.5],[781.0,779.5],[790.0,779.5],[798.0,778.5],[805.0,777.5],[812.0,777.5],[821.0,777.5],[830.0,777.5],[838.0,777.5],[846.0,776.5],[853.5,775.0],[860.0,773.5],[868.0,774.5],[876.0,775.5],[883.0,776.5],[891.0,777.5],[897.5,780.0],[895.5,784.0],[895.0,792.5],[890.0,796.5],[886.0,800.5],[882.0,805.5],[878.0,810.5],[875.5,817.0],[872.5,822.0],[870.5,829.0],[870.5,838.0],[872.5,844.0],[876.5,849.0],[881.5,853.0],[883.5,859.0],[879.5,864.0],[873.0,866.5],[867.0,868.5],[859.0,867.5],[851.0,866.5],[842.0,866.5],[834.5,867.0],[827.5,869.0],[820.0,870.5],[812.0,870.5],[803.0,870.5],[796.5,868.0],[790.0,866.5],[782.0,867.5],[774.0,868.5],[767.0,869.5],[759.0,870.5],[750.0,870.5],[742.0,869.5],[736.0,867.5],[730.0,864.5],[722.0,863.5],[714.0,863.5],[706.0,864.5],[698.0,865.5],[692.0,867.5],[683.0,867.5],[676.0,869.5],[669.5,871.0],[663.0,873.5],[655.0,874.5],[648.0,875.5],[641.0,875.5],[633.0,874.5],[625.0,875.5],[617.5,876.0],[610.0,877.5],[603.0,879.5],[596.5,881.0],[589.5,883.0],[582.0,884.5],[575.0,885.5],[568.0,883.5],[559.0,883.5],[551.0,883.5],[543.0,884.5],[535.0,885.5],[527.0,886.5],[520.0,887.5],[512.0,888.5],[508.0,889.5],[501.0,890.5],[492.0,890.5],[483.0,890.5],[477.0,888.5],[470.0,886.5],[462.5,885.0],[455.0,884.5],[447.0,883.5],[438.0,883.5],[431.5,885.0],[423.0,885.5],[415.0,886.5],[406.0,886.5],[398.5,887.0],[391.5,889.0],[385.0,891.5],[383.5,885.0],[381.0,878.5],[373.0,879.5],[368.5,883.0],[364.0,887.5],[357.0,889.5],[350.0,888.5],[342.0,887.5],[333.0,887.5],[325.0,886.5],[318.0,885.5],[311.0,883.5],[304.0,881.5],[296.0,881.5],[289.0,881.5],[280.5,882.0],[273.0,882.5],[265.0,883.5],[256.0,883.5],[249.0,882.5],[241.5,884.0],[234.0,883.5],[226.0,882.5],[219.0,881.5],[211.0,880.5],[202.0,880.5],[195.0,881.5],[187.0,882.5],[178.0,882.5],[171.0,881.5],[164.0,881.5],[155.0,881.5],[149.0,883.5],[141.5,885.0],[133.0,885.5],[126.0,886.5],[117.0,886.5],[109.0,887.5],[101.0,888.5],[93.0,888.5],[85.0,889.5],[77.0,890.5],[70.0,891.5],[62.0,892.5]]",243064.36171245575,431202.5819969177,87.19161224365234,,,,,0.1976117342,68637,NOF_R_0080,NOF_우안(청주측)_접속부(콘크리트_중력식),NOF_R_0080,17e9d07a-8095-58d4-8e2b-293e769bd081,0.9787174250152729,../../Data/DJI_20250702164518_0050_V.JPG,../Overlay/SPL/P000352.png,mapped,local_surface_estimate
DJI_20260826093331_0020_V.JPG,P000389,SPL,박락,"[[4379.0,824.5],[4378.0,824.5],[4377.0,824.5],[4376.0,824.5],[4375.0,824.5],[4374.0,824.5],[4373.0,824.5],[4372.5,824.0],[4372.0,823.5],[4371.0,823.5],[4369.0,823.5],[4368.5,823.0],[4368.0,822.5],[4367.0,822.5],[4366.5,822.0],[4366.0,821.5],[4365.0,821.5],[4364.5,821.0],[4364.0,820.5],[4363.5,820.0],[4363.0,819.5],[4362.0,819.5],[4361.5,819.0],[4361.0,818.5],[4360.5,818.0],[4360.0,817.5],[4359.5,817.0],[4359.0,816.5],[4358.0,816.5],[4357.5,816.0],[4356.5,815.0],[4356.0,814.5],[4355.5,814.0],[4355.0,813.5],[4354.5,813.0],[4354.0,812.5],[4353.5,812.0],[4353.0,811.5],[4352.5,811.0],[4352.5,810.0],[4352.0,809.5],[4351.5,809.0],[4351.5,808.0],[4351.5,807.0],[4351.5,806.0],[4351.5,805.0],[4351.5,804.0],[4351.0,803.5],[4350.5,803.0],[4350.0,802.5],[4349.5,801.0],[4349.0,800.5],[4348.5,800.0],[4348.0,799.5],[4347.5,799.0],[4347.0,798.5],[4346.0,798.5],[4345.5,798.0],[4345.0,797.5],[4344.5,797.0],[4344.0,796.5],[4343.5,796.0],[4343.0,795.5],[4342.5,795.0],[4342.0,794.5],[4341.5,794.0],[4341.5,793.0],[4341.0,792.5],[4340.5,792.0],[4340.5,790.0],[4341.0,789.5],[4341.5,789.0],[4342.0,788.5],[4343.0,788.5],[4344.0,788.5],[4345.0,788.5],[4346.0,788.5],[4347.0,788.5],[4348.0,788.5],[4349.0,788.5],[4350.0,788.5],[4350.5,789.0],[4351.0,789.5],[4351.5,789.0],[4351.5,788.0],[4352.0,787.5],[4353.0,787.5],[4354.0,787.5],[4355.0,787.5],[4357.0,787.5],[4358.0,787.5],[4359.0,787.5],[4360.0,787.5],[4361.0,787.5],[4362.0,787.5],[4363.0,787.5],[4364.0,787.5],[4365.0,787.5],[4365.5,787.0],[4366.0,786.5],[4367.0,786.5],[4368.0,786.5],[4369.0,786.5],[4370.0,786.5],[4371.0,786.5],[4372.0,786.5],[4373.0,786.5],[4374.0,786.5],[4376.0,786.5],[4376.5,787.0],[4377.0,787.5],[4378.0,787.5],[4379.0,787.5],[4380.0,787.5],[4381.0,787.5],[4382.0,787.5],[4383.0,787.5],[4384.0,787.5],[4384.5,788.0],[4385.0,788.5],[4386.0,788.5],[4387.0,788.5],[4388.0,788.5],[4389.0,788.5],[4390.0,788.5],[4391.0,788.5],[4392.0,788.5],[4393.0,788.5],[4394.0,787.5],[4395.0,787.5],[4396.0,787.5],[4397.0,787.5],[4398.0,787.5],[4399.0,787.5],[4400.0,787.5],[4400.5,787.0],[4401.0,786.5],[4402.0,786.5],[4403.0,786.5],[4404.0,786.5],[4404.5,786.0],[4405.0,785.5],[4406.0,785.5],[4407.0,785.5],[4408.0,785.5],[4408.5,785.0],[4409.0,784.5],[4410.0,784.5],[4412.0,784.5],[4413.0,784.5],[4414.0,784.5],[4415.0,784.5],[4416.0,784.5],[4417.0,784.5],[4418.0,784.5],[4419.0,784.5],[4419.5,785.0],[4420.0,785.5],[4421.0,785.5],[4421.5,786.0],[4422.0,786.5],[4423.0,786.5],[4423.5,787.0],[4424.0,787.5],[4425.0,787.5],[4425.5,788.0],[4426.0,788.5],[4427.0,789.5],[4427.5,790.0],[4428.0,790.5],[4428.5,791.0],[4429.0,791.5],[4429.5,792.0],[4430.0,792.5],[4430.5,793.0],[4431.0,793.5],[4431.5,794.0],[4431.5,795.0],[4431.0,795.5],[4430.5,796.0],[4430.5,797.0],[4430.5,798.0],[4430.0,798.5],[4429.5,799.0],[4429.0,799.5],[4428.5,800.0],[4428.0,800.5],[4427.0,801.5],[4426.5,802.0],[4426.5,803.0],[4426.0,803.5],[4425.5,804.0],[4425.0,804.5],[4424.5,805.0],[4424.5,806.0],[4424.0,806.5],[4423.5,807.0],[4423.5,808.0],[4423.0,808.5],[4422.5,809.0],[4422.0,809.5],[4421.5,810.0],[4421.5,811.0],[4421.0,811.5],[4420.5,812.0],[4420.0,812.5],[4419.5,814.0],[4419.0,814.5],[4418.5,815.0],[4418.0,815.5],[4417.0,815.5],[4416.5,816.0],[4416.0,816.5],[4415.5,817.0],[4415.0,817.5],[4414.0,817.5],[4413.5,818.0],[4413.0,818.5],[4412.0,818.5],[4411.0,818.5],[4410.5,819.0],[4410.0,819.5],[4409.0,819.5],[4408.0,819.5],[4407.0,819.5],[4406.5,820.0],[4405.0,820.5],[4404.0,820.5],[4403.0,820.5],[4402.0,820.5],[4401.0,820.5],[4400.0,820.5],[4399.0,820.5],[4398.5,821.0],[4398.0,821.5],[4397.0,821.5],[4396.0,821.5],[4395.0,821.5],[4394.0,821.5],[4393.0,821.5],[4392.0,821.5],[4391.0,821.5],[4390.5,822.0],[4390.0,822.5],[4389.0,822.5],[4388.0,822.5],[4386.0,822.5],[4385.0,822.5],[4384.5,823.0],[4384.0,823.5],[4383.0,823.5],[4382.0,823.5],[4381.0,823.5],[4380.0,823.5],[4379.5,824.0],[4379.0,824.5]]",243112.348361969,431090.2658843994,107.13761520385742,,,,,0.0007324498,2566,좌안_사력댐_제체,NOF_좌안(대전측)_콘크리트부,,,0.9562950877593257,../../Data/DJI_20260826093331_0020_V.JPG,../Overlay/SPL/P000389.png,mapped,local_surface_estimate
DJI_20260826093331_0020_V.JPG,P000390,SPL,박락,"[[3122.0,2564.5],[3120.0,2564.5],[3118.0,2564.5],[3115.0,2564.5],[3113.0,2564.5],[3111.0,2564.5],[3109.0,2564.5],[3107.0,2564.5],[3105.0,2563.5],[3103.0,2563.5],[3101.5,2563.0],[3100.0,2562.5],[3097.0,2562.5],[3096.0,2561.5],[3094.0,2561.5],[3092.0,2561.5],[3090.5,2561.0],[3088.0,2560.5],[3086.5,2560.0],[3085.0,2559.5],[3083.0,2559.5],[3082.0,2558.5],[3079.0,2558.5],[3078.0,2557.5],[3076.0,2557.5],[3075.0,2556.5],[3073.0,2555.5],[3072.0,2554.5],[3071.5,2553.0],[3070.5,2552.0],[3069.5,2551.0],[3068.0,2549.5],[3067.0,2548.5],[3066.0,2547.5],[3064.5,2547.0],[3063.0,2546.5],[3061.0,2545.5],[3059.5,2545.0],[3058.0,2544.5],[3056.5,2544.0],[3055.0,2543.5],[3053.0,2542.5],[3051.0,2542.5],[3049.5,2542.0],[3048.0,2541.5],[3046.0,2540.5],[3045.0,2539.5],[3043.5,2539.0],[3042.0,2538.5],[3041.0,2537.5],[3039.5,2536.0],[3038.5,2535.0],[3037.5,2534.0],[3037.0,2532.5],[3036.0,2531.5],[3035.0,2529.5],[3034.0,2528.5],[3033.0,2527.5],[3032.0,2526.5],[3031.0,2525.5],[3029.5,2524.0],[3028.0,2523.5],[3027.0,2522.5],[3025.5,2522.0],[3023.5,2521.0],[3022.0,2520.5],[3020.5,2520.0],[3019.0,2519.5],[3017.5,2519.0],[3015.5,2518.0],[3014.0,2517.5],[3013.0,2516.5],[3011.5,2516.0],[3010.5,2515.0],[3009.0,2513.5],[3008.5,2512.0],[3007.5,2511.0],[3007.5,2509.0],[3007.0,2506.5],[3006.5,2505.0],[3006.5,2503.0],[3006.0,2501.5],[3005.5,2500.0],[3005.5,2497.0],[3005.5,2495.0],[3005.0,2493.5],[3004.5,2492.0],[3004.5,2490.0],[3003.5,2488.0],[3003.5,2486.0],[3002.5,2485.0],[3002.0,2483.5],[3001.5,2482.0],[3000.5,2480.0],[3000.0,2478.5],[2999.5,2477.0],[2999.5,2475.0],[2998.5,2473.0],[2998.5,2471.0],[2998.5,2469.0],[2998.5,2467.0],[2998.5,2465.0],[2998.5,2462.0],[2999.0,2460.5],[3001.0,2460.5],[3003.0,2460.5],[3005.0,2460.5],[3007.0,2461.5],[3008.0,2462.5],[3010.0,2462.5],[3011.0,2463.5],[3013.5,2464.0],[3015.0,2464.5],[3017.0,2464.5],[3018.5,2465.0],[3020.0,2465.5],[3023.0,2465.5],[3025.0,2465.5],[3027.0,2465.5],[3029.0,2465.5],[3031.0,2465.5],[3033.0,2466.5],[3035.0,2466.5],[3037.0,2466.5],[3039.0,2466.5],[3041.0,2466.5],[3043.5,2467.0],[3045.0,2467.5],[3046.5,2468.0],[3048.0,2468.5],[3050.0,2469.5],[3051.5,2470.0],[3053.0,2470.5],[3054.0,2471.5],[3056.0,2471.5],[3058.0,2472.5],[3059.0,2473.5],[3061.0,2473.5],[3062.0,2474.5],[3063.5,2475.0],[3066.0,2475.5],[3067.5,2476.0],[3069.0,2476.5],[3071.0,2476.5],[3073.0,2476.5],[3075.0,2477.5],[3077.0,2477.5],[3078.0,2478.5],[3080.0,2478.5],[3083.0,2478.5],[3085.0,2478.5],[3087.0,2478.5],[3088.0,2479.5],[3090.0,2479.5],[3092.5,2479.0],[3094.0,2478.5],[3096.0,2478.5],[3098.0,2478.5],[3099.0,2477.5],[3102.0,2477.5],[3103.0,2476.5],[3105.0,2476.5],[3106.5,2476.0],[3109.0,2475.5],[3110.0,2474.5],[3111.5,2474.0],[3113.0,2473.5],[3114.5,2473.0],[3117.0,2472.5],[3118.0,2471.5],[3119.5,2471.0],[3121.0,2470.5],[3122.5,2470.0],[3124.5,2469.0],[3126.0,2468.5],[3128.0,2468.5],[3130.0,2468.5],[3132.0,2468.5],[3135.0,2468.5],[3137.0,2468.5],[3139.0,2468.5],[3140.5,2469.0],[3143.0,2469.5],[3144.0,2470.5],[3146.0,2470.5],[3147.0,2471.5],[3149.0,2471.5],[3151.0,2472.5],[3152.5,2473.0],[3154.0,2473.5],[3155.0,2474.5],[3156.0,2475.5],[3158.0,2476.5],[3159.0,2477.5],[3159.5,2479.0],[3160.5,2480.0],[3161.5,2482.0],[3162.0,2483.5],[3162.5,2485.0],[3162.5,2487.0],[3162.5,2489.0],[3162.5,2492.0],[3162.5,2494.0],[3161.5,2495.0],[3161.5,2497.0],[3161.0,2498.5],[3160.5,2501.0],[3160.5,2503.0],[3160.5,2505.0],[3160.5,2507.0],[3161.0,2508.5],[3161.5,2511.0],[3162.5,2512.0],[3162.5,2514.0],[3163.5,2515.0],[3163.5,2518.0],[3163.5,2520.0],[3163.0,2521.5],[3162.5,2523.0],[3162.5,2525.0],[3162.5,2528.0],[3162.5,2530.0],[3162.5,2532.0],[3162.5,2534.0],[3161.5,2535.0],[3161.5,2538.0],[3161.0,2539.5],[3160.5,2541.0],[3159.5,2542.0],[3159.0,2543.5],[3157.5,2545.0],[3156.5,2546.0],[3155.5,2547.0],[3154.5,2548.0],[3153.0,2549.5],[3152.0,2550.5],[3151.0,2551.5],[3150.5,2553.0],[3149.5,2554.0],[3148.0,2555.5],[3147.0,2556.5],[3145.5,2557.0],[3144.0,2557.5],[3143.0,2558.5],[3140.5,2559.0],[3139.0,2559.5],[3138.0,2560.5],[3137.0,2561.5],[3135.0,2562.5],[3133.0,2562.5],[3131.0,2562.5],[3130.0,2563.5],[3128.0,2563.5],[3125.0,2563.5],[3123.0,2563.5],[3122.0,2564.5]]",243112.12552261353,431090.91906166077,106.24002075195312,,,,,0.0032851409,12082,좌안_사력댐_제체,NOF_좌안(대전측)_콘크리트부,,,0.9920506513714692,../../Data/DJI_20260826093331_0020_V.JPG,../Overlay/SPL/P000390.png,mapped,local_surface_estimate
DJI_20260826093331_0020_V.JPG,P000391,SPL,박락,"[[103.0,2583.5],[101.0,2583.5],[98.0,2583.5],[96.0,2583.5],[94.0,2583.5],[91.0,2583.5],[89.0,2583.5],[87.0,2583.5],[85.0,2583.5],[82.0,2583.5],[80.0,2583.5],[78.0,2583.5],[75.0,2583.5],[73.0,2583.5],[71.0,2583.5],[68.0,2583.5],[67.0,2582.5],[65.0,2582.5],[62.0,2582.5],[60.0,2582.5],[58.5,2582.0],[57.0,2581.5],[54.0,2581.5],[52.5,2581.0],[51.0,2580.5],[48.0,2580.5],[46.0,2580.5],[44.0,2580.5],[41.0,2580.5],[40.0,2579.5],[38.0,2579.5],[36.0,2579.5],[34.0,2578.5],[32.0,2578.5],[31.0,2577.5],[28.5,2577.0],[27.0,2576.5],[25.5,2576.0],[23.0,2575.5],[22.0,2574.5],[20.0,2574.5],[18.0,2573.5],[16.5,2573.0],[15.5,2572.0],[14.0,2571.5],[12.5,2570.0],[11.5,2569.0],[10.5,2568.0],[9.0,2566.5],[8.0,2565.5],[7.5,2564.0],[6.5,2562.0],[5.5,2561.0],[5.5,2559.0],[5.5,2556.0],[5.5,2554.0],[5.5,2552.0],[5.5,2550.0],[4.5,2548.0],[4.5,2546.0],[4.5,2544.0],[4.5,2541.0],[4.5,2539.0],[4.5,2537.0],[4.0,2534.5],[3.5,2533.0],[4.0,2531.5],[4.5,2530.0],[4.5,2527.0],[4.5,2525.0],[4.5,2523.0],[4.5,2520.0],[5.5,2519.0],[5.5,2517.0],[6.5,2515.0],[7.0,2513.5],[7.5,2512.0],[8.5,2510.0],[9.5,2509.0],[9.5,2507.0],[9.5,2505.0],[10.5,2503.0],[10.5,2501.0],[10.5,2499.0],[10.5,2496.0],[10.0,2494.5],[9.5,2493.0],[8.5,2491.0],[8.0,2489.5],[7.5,2488.0],[6.5,2486.0],[5.5,2485.0],[4.5,2484.0],[4.5,2482.0],[4.5,2479.0],[5.0,2477.5],[6.0,2476.5],[8.0,2475.5],[9.5,2475.0],[11.0,2474.5],[13.0,2473.5],[14.5,2473.0],[16.0,2472.5],[19.0,2472.5],[20.0,2471.5],[22.0,2471.5],[24.0,2471.5],[26.0,2470.5],[28.0,2470.5],[29.5,2470.0],[32.0,2469.5],[34.0,2469.5],[35.5,2469.0],[38.0,2468.5],[40.0,2468.5],[42.0,2468.5],[44.0,2468.5],[46.5,2468.0],[48.0,2467.5],[50.0,2467.5],[53.0,2467.5],[55.0,2467.5],[57.0,2467.5],[60.0,2467.5],[62.0,2467.5],[64.0,2467.5],[66.5,2468.0],[68.0,2468.5],[70.0,2468.5],[72.0,2468.5],[74.0,2469.5],[76.0,2469.5],[77.0,2470.5],[79.5,2471.0],[81.0,2471.5],[82.5,2472.0],[85.0,2472.5],[86.5,2473.0],[88.0,2473.5],[90.0,2474.5],[91.5,2475.0],[93.0,2475.5],[94.5,2476.0],[96.5,2477.0],[98.0,2477.5],[99.0,2478.5],[101.0,2479.5],[103.0,2479.5],[104.0,2480.5],[106.0,2481.5],[107.5,2482.0],[109.0,2482.5],[110.0,2483.5],[112.0,2484.5],[113.5,2485.0],[114.5,2486.0],[116.0,2487.5],[117.0,2488.5],[118.0,2489.5],[119.5,2491.0],[120.5,2492.0],[122.0,2492.5],[123.5,2494.0],[124.5,2495.0],[125.5,2496.0],[126.5,2497.0],[128.5,2498.0],[129.5,2499.0],[130.5,2500.0],[132.0,2501.5],[133.0,2502.5],[134.0,2503.5],[135.5,2505.0],[136.5,2506.0],[137.5,2507.0],[138.5,2509.0],[139.5,2510.0],[140.5,2511.0],[141.5,2512.0],[142.5,2514.0],[143.5,2515.0],[144.5,2516.0],[146.0,2517.5],[147.0,2518.5],[148.0,2519.5],[150.0,2520.5],[151.0,2521.5],[152.5,2522.0],[154.5,2523.0],[156.0,2523.5],[157.0,2524.5],[158.5,2525.0],[160.5,2526.0],[162.0,2526.5],[163.0,2527.5],[165.0,2528.5],[167.0,2528.5],[168.0,2529.5],[170.0,2530.5],[171.5,2531.0],[172.5,2532.0],[174.0,2532.5],[175.5,2534.0],[175.5,2536.0],[175.0,2537.5],[173.5,2539.0],[172.0,2539.5],[171.0,2540.5],[169.0,2541.5],[168.0,2542.5],[166.5,2543.0],[165.0,2544.5],[164.0,2545.5],[163.0,2546.5],[162.0,2547.5],[160.5,2549.0],[159.5,2550.0],[158.5,2551.0],[157.5,2553.0],[156.5,2554.0],[156.0,2555.5],[155.0,2557.5],[154.5,2559.0],[153.5,2560.0],[152.5,2562.0],[151.5,2563.0],[150.0,2563.5],[149.0,2564.5],[146.5,2565.0],[145.0,2565.5],[143.5,2566.0],[141.0,2566.5],[140.0,2567.5],[138.0,2567.5],[136.0,2568.5],[134.5,2569.0],[133.0,2569.5],[132.0,2570.5],[130.0,2571.5],[128.0,2571.5],[127.0,2572.5],[125.5,2574.0],[124.0,2574.5],[123.0,2575.5],[121.5,2577.0],[120.0,2577.5],[119.0,2578.5],[117.0,2579.5],[115.0,2579.5],[114.0,2580.5],[113.0,2581.5],[110.5,2582.0],[109.0,2582.5],[107.0,2582.5],[104.0,2582.5],[103.0,2583.5]]",243111.63499069214,431092.35691833496,106.24150848388672,,,,,0.0035597439,14620,좌안_사력댐_제체,NOF_좌안(대전측)_콘크리트부,,,0.9880282208160401,../../Data/DJI_20260826093331_0020_V.JPG,../Overlay/SPL/P000391.png,mapped,local_surface_estimate
DJI_20260826093331_0020_V.JPG,P000392,SPL,박락,"[[4011.0,2545.5],[4010.0,2545.5],[4009.0,2545.5],[4008.0,2544.5],[4007.0,2544.5],[4006.0,2544.5],[4005.5,2544.0],[4005.0,2543.5],[4004.0,2543.5],[4003.0,2542.5],[4002.0,2542.5],[4001.5,2542.0],[4001.0,2541.5],[4000.5,2541.0],[4000.0,2540.5],[3999.0,2539.5],[3998.5,2539.0],[3998.0,2538.5],[3997.5,2538.0],[3997.0,2537.5],[3996.5,2537.0],[3995.5,2536.0],[3995.0,2535.5],[3994.5,2535.0],[3994.0,2534.5],[3993.5,2534.0],[3993.5,2533.0],[3992.5,2532.0],[3992.0,2531.5],[3991.5,2531.0],[3991.0,2530.5],[3990.5,2530.0],[3990.0,2529.5],[3989.0,2528.5],[3988.5,2528.0],[3988.0,2527.5],[3987.5,2527.0],[3987.0,2526.5],[3986.5,2526.0],[3986.0,2524.5],[3985.5,2524.0],[3985.0,2523.5],[3984.5,2523.0],[3984.5,2522.0],[3984.0,2521.5],[3983.5,2520.0],[3983.5,2519.0],[3983.0,2518.5],[3982.5,2518.0],[3982.5,2517.0],[3982.5,2516.0],[3981.5,2515.0],[3981.5,2514.0],[3981.5,2513.0],[3981.5,2512.0],[3981.5,2511.0],[3981.5,2510.0],[3980.5,2509.0],[3980.5,2508.0],[3980.5,2507.0],[3980.5,2506.0],[3980.5,2505.0],[3980.5,2504.0],[3980.5,2502.0],[3981.0,2501.5],[3981.5,2501.0],[3981.5,2500.0],[3981.5,2499.0],[3981.5,2498.0],[3981.5,2496.0],[3981.5,2495.0],[3982.0,2494.5],[3982.5,2494.0],[3982.5,2493.0],[3982.5,2492.0],[3982.5,2490.0],[3982.5,2489.0],[3982.5,2488.0],[3982.5,2487.0],[3982.5,2486.0],[3982.5,2485.0],[3982.5,2483.0],[3982.5,2482.0],[3982.5,2481.0],[3982.5,2480.0],[3982.0,2479.5],[3981.5,2478.0],[3981.5,2477.0],[3981.5,2476.0],[3981.5,2475.0],[3981.5,2474.0],[3981.5,2473.0],[3982.5,2472.0],[3982.5,2471.0],[3983.0,2470.5],[3984.0,2470.5],[3984.5,2470.0],[3985.0,2469.5],[3987.0,2469.5],[3988.0,2469.5],[3989.0,2469.5],[3990.0,2469.5],[3991.0,2469.5],[3992.0,2469.5],[3993.5,2470.0],[3994.0,2470.5],[3995.0,2470.5],[3996.0,2470.5],[3997.0,2470.5],[3998.0,2470.5],[3999.5,2471.0],[4000.0,2471.5],[4001.0,2471.5],[4002.0,2471.5],[4003.0,2471.5],[4004.0,2471.5],[4005.0,2472.5],[4006.0,2472.5],[4006.5,2473.0],[4007.0,2473.5],[4008.0,2473.5],[4008.5,2474.0],[4010.0,2474.5],[4010.5,2475.0],[4011.0,2475.5],[4011.5,2476.0],[4012.0,2476.5],[4012.5,2477.0],[4013.5,2478.0],[4014.0,2478.5],[4014.5,2479.0],[4015.0,2479.5],[4015.5,2480.0],[4016.0,2480.5],[4016.5,2482.0],[4017.0,2482.5],[4017.5,2483.0],[4018.0,2483.5],[4018.5,2484.0],[4019.0,2484.5],[4020.0,2485.5],[4020.5,2486.0],[4021.0,2486.5],[4022.0,2486.5],[4022.5,2487.0],[4023.0,2487.5],[4024.5,2488.0],[4025.0,2488.5],[4026.0,2488.5],[4027.0,2488.5],[4028.0,2488.5],[4029.0,2488.5],[4030.5,2489.0],[4031.0,2489.5],[4032.0,2489.5],[4033.0,2489.5],[4034.0,2489.5],[4035.0,2489.5],[4036.0,2490.5],[4036.5,2491.0],[4037.0,2491.5],[4037.5,2492.0],[4038.0,2492.5],[4038.5,2493.0],[4039.0,2494.5],[4039.5,2495.0],[4039.5,2496.0],[4040.0,2496.5],[4040.5,2497.0],[4041.0,2497.5],[4041.5,2499.0],[4042.0,2499.5],[4042.5,2500.0],[4042.5,2501.0],[4043.0,2501.5],[4044.0,2502.5],[4044.5,2503.0],[4045.0,2503.5],[4045.5,2504.0],[4046.0,2504.5],[4046.5,2505.0],[4047.5,2506.0],[4047.5,2507.0],[4048.0,2507.5],[4048.5,2508.0],[4049.0,2508.5],[4049.5,2509.0],[4050.5,2510.0],[4050.5,2511.0],[4051.0,2511.5],[4051.5,2512.0],[4051.5,2513.0],[4052.0,2513.5],[4052.5,2515.0],[4052.5,2516.0],[4052.5,2517.0],[4052.5,2518.0],[4052.5,2519.0],[4052.5,2520.0],[4052.5,2522.0],[4052.5,2523.0],[4052.5,2524.0],[4052.0,2524.5],[4051.5,2525.0],[4051.5,2526.0],[4051.5,2528.0],[4051.0,2528.5],[4050.5,2529.0],[4050.5,2530.0],[4050.0,2530.5],[4049.5,2531.0],[4049.0,2532.5],[4048.5,2533.0],[4048.0,2533.5],[4047.5,2534.0],[4047.0,2534.5],[4046.0,2534.5],[4045.0,2535.5],[4044.0,2535.5],[4043.5,2536.0],[4043.0,2536.5],[4042.0,2536.5],[4041.5,2537.0],[4040.0,2537.5],[4039.0,2537.5],[4038.0,2537.5],[4037.5,2538.0],[4037.0,2538.5],[4036.0,2538.5],[4034.0,2538.5],[4033.5,2539.0],[4033.0,2539.5],[4032.0,2539.5],[4031.0,2539.5],[4030.0,2539.5],[4029.0,2540.5],[4028.0,2540.5],[4027.0,2540.5],[4026.5,2541.0],[4026.0,2541.5],[4025.0,2541.5],[4023.5,2542.0],[4023.0,2542.5],[4022.0,2542.5],[4021.0,2542.5],[4020.5,2543.0],[4020.0,2543.5],[4018.0,2543.5],[4017.0,2543.5],[4016.5,2544.0],[4016.0,2544.5],[4015.0,2544.5],[4014.0,2544.5],[4012.0,2544.5],[4011.5,2545.0],[4011.0,2545.5]]",243112.28340530396,431090.45627593994,106.23785018920898,,,,,0.001074499,3822,좌안_사력댐_제체,NOF_좌안(대전측)_콘크리트부,,,0.9832630146866005,../../Data/DJI_20260826093331_0020_V.JPG,../Overlay/SPL/P000392.png,mapped,local_surface_estimate
DJI_20260826093331_0020_V.JPG,P000393,SPL,박락,"[[4998.0,2605.5],[4997.0,2605.5],[4996.0,2605.5],[4995.0,2605.5],[4994.0,2605.5],[4993.5,2605.0],[4993.0,2604.5],[4992.0,2604.5],[4991.0,2604.5],[4990.5,2604.0],[4990.0,2603.5],[4989.0,2603.5],[4988.5,2603.0],[4988.0,2602.5],[4987.5,2602.0],[4987.0,2601.5],[4986.5,2601.0],[4986.0,2600.5],[4985.5,2600.0],[4985.0,2599.5],[4984.5,2599.0],[4984.5,2598.0],[4984.0,2597.5],[4983.5,2597.0],[4983.5,2596.0],[4983.0,2595.5],[4982.5,2595.0],[4982.5,2594.0],[4982.0,2593.5],[4981.5,2593.0],[4981.5,2592.0],[4981.5,2591.0],[4981.0,2590.5],[4980.5,2590.0],[4980.5,2589.0],[4980.5,2588.0],[4980.0,2587.5],[4979.5,2587.0],[4979.5,2586.0],[4979.5,2585.0],[4979.5,2584.0],[4979.0,2583.5],[4978.5,2583.0],[4978.5,2582.0],[4978.5,2581.0],[4978.0,2580.5],[4977.5,2580.0],[4977.5,2579.0],[4977.5,2578.0],[4977.0,2577.5],[4976.5,2577.0],[4976.5,2576.0],[4976.5,2575.0],[4976.5,2574.0],[4976.5,2573.0],[4977.0,2572.5],[4978.0,2572.5],[4978.5,2572.0],[4979.0,2571.5],[4980.0,2571.5],[4981.0,2571.5],[4981.5,2571.0],[4982.0,2570.5],[4983.0,2570.5],[4984.0,2570.5],[4984.5,2570.0],[4985.0,2569.5],[4986.0,2569.5],[4987.0,2569.5],[4987.5,2569.0],[4988.0,2568.5],[4989.0,2568.5],[4989.5,2568.0],[4990.0,2567.5],[4991.0,2567.5],[4991.5,2567.0],[4992.0,2566.5],[4992.5,2566.0],[4993.0,2565.5],[4994.0,2565.5],[4994.5,2565.0],[4995.0,2564.5],[4995.5,2564.0],[4996.0,2563.5],[4997.0,2563.5],[4997.5,2563.0],[4998.0,2562.5],[4998.5,2562.0],[4999.0,2561.5],[4999.5,2561.0],[5000.0,2560.5],[5000.5,2560.0],[5001.0,2559.5],[5002.0,2559.5],[5002.5,2559.0],[5003.0,2558.5],[5003.5,2558.0],[5004.0,2557.5],[5004.5,2557.0],[5005.0,2556.5],[5006.0,2556.5],[5006.5,2556.0],[5007.0,2555.5],[5008.0,2555.5],[5008.5,2555.0],[5009.0,2554.5],[5010.0,2554.5],[5010.5,2554.0],[5011.0,2553.5],[5012.0,2553.5],[5012.5,2553.0],[5013.0,2552.5],[5014.0,2552.5],[5015.0,2552.5],[5015.5,2552.0],[5016.0,2551.5],[5017.0,2551.5],[5018.0,2551.5],[5018.5,2551.0],[5019.0,2550.5],[5020.0,2550.5],[5020.5,2550.0],[5021.0,2549.5],[5021.5,2549.0],[5022.0,2548.5],[5023.0,2548.5],[5023.5,2548.0],[5024.0,2547.5],[5025.0,2547.5],[5025.5,2547.0],[5026.0,2546.5],[5027.0,2546.5],[5028.0,2546.5],[5028.5,2546.0],[5029.0,2545.5],[5030.0,2545.5],[5030.5,2545.0],[5031.0,2544.5],[5032.0,2544.5],[5033.0,2544.5],[5034.0,2544.5],[5035.0,2544.5],[5035.5,2545.0],[5036.0,2545.5],[5037.0,2545.5],[5037.5,2546.0],[5038.0,2546.5],[5038.5,2547.0],[5038.5,2548.0],[5039.0,2548.5],[5039.5,2549.0],[5040.0,2549.5],[5040.5,2550.0],[5040.5,2551.0],[5040.5,2552.0],[5040.5,2553.0],[5041.0,2553.5],[5041.5,2554.0],[5041.5,2555.0],[5041.0,2555.5],[5040.5,2556.0],[5040.5,2557.0],[5040.5,2558.0],[5040.5,2559.0],[5040.5,2560.0],[5040.0,2560.5],[5039.5,2561.0],[5039.5,2562.0],[5039.0,2562.5],[5038.5,2563.0],[5038.5,2564.0],[5038.5,2565.0],[5038.0,2565.5],[5037.5,2566.0],[5037.5,2567.0],[5037.0,2567.5],[5036.5,2568.0],[5036.5,2569.0],[5036.5,2570.0],[5036.0,2570.5],[5035.5,2571.0],[5035.5,2572.0],[5035.0,2572.5],[5034.5,2573.0],[5034.5,2574.0],[5034.0,2574.5],[5033.5,2575.0],[5033.5,2576.0],[5033.0,2576.5],[5032.5,2577.0],[5032.5,2578.0],[5032.0,2578.5],[5031.5,2579.0],[5031.5,2580.0],[5031.5,2581.0],[5031.0,2581.5],[5030.5,2582.0],[5030.5,2583.0],[5030.5,2584.0],[5030.0,2584.5],[5029.5,2585.0],[5029.5,2586.0],[5029.5,2587.0],[5029.5,2588.0],[5029.0,2588.5],[5028.5,2589.0],[5028.5,2590.0],[5028.5,2591.0],[5028.5,2592.0],[5028.0,2592.5],[5027.5,2593.0],[5027.5,2594.0],[5027.0,2594.5],[5026.5,2595.0],[5026.5,2596.0],[5026.0,2596.5],[5025.5,2597.0],[5025.0,2597.5],[5024.0,2597.5],[5023.5,2598.0],[5023.0,2598.5],[5022.5,2599.0],[5022.0,2599.5],[5021.0,2599.5],[5020.0,2599.5],[5019.5,2600.0],[5019.0,2600.5],[5018.0,2600.5],[5017.5,2601.0],[5017.0,2601.5],[5016.0,2601.5],[5015.0,2601.5],[5014.5,2602.0],[5014.0,2602.5],[5013.0,2602.5],[5012.0,2602.5],[5011.0,2602.5],[5010.5,2603.0],[5010.0,2603.5],[5009.0,2603.5],[5008.0,2603.5],[5007.0,2603.5],[5006.0,2603.5],[5005.5,2604.0],[5005.0,2604.5],[5004.0,2604.5],[5003.0,2604.5],[5002.0,2604.5],[5001.0,2604.5],[5000.0,2604.5],[4999.0,2604.5],[4998.5,2605.0],[4998.0,2605.5]]",243112.45792770386,431089.94470977783,106.19810485839844,,,,,0.0007122207,2440,좌안_사력댐_제체,NOF_좌안(대전측)_콘크리트부,,,0.9754996196168368,../../Data/DJI_20260826093331_0020_V.JPG,../Overlay/SPL/P000393.png,mapped,local_surface_estimate
DJI_20260826093331_0020_V.JPG,P000394,SPL,박락,"[[1945.0,2705.5],[1944.0,2705.5],[1943.0,2705.5],[1942.0,2705.5],[1941.0,2705.5],[1940.0,2705.5],[1939.0,2705.5],[1938.0,2705.5],[1937.0,2705.5],[1936.0,2705.5],[1935.0,2705.5],[1934.0,2705.5],[1933.0,2705.5],[1932.0,2705.5],[1931.0,2705.5],[1930.0,2705.5],[1929.0,2705.5],[1928.0,2705.5],[1927.0,2705.5],[1926.0,2705.5],[1925.0,2705.5],[1924.0,2705.5],[1923.5,2705.0],[1923.0,2704.5],[1922.0,2704.5],[1921.0,2704.5],[1920.0,2704.5],[1919.5,2704.0],[1919.5,2703.0],[1919.5,2702.0],[1919.5,2701.0],[1919.0,2700.5],[1918.5,2700.0],[1918.5,2699.0],[1918.0,2698.5],[1917.5,2698.0],[1917.5,2697.0],[1917.5,2696.0],[1917.5,2695.0],[1917.5,2694.0],[1917.5,2693.0],[1917.5,2692.0],[1917.5,2691.0],[1917.5,2690.0],[1917.5,2689.0],[1917.5,2688.0],[1917.0,2687.5],[1916.5,2687.0],[1916.5,2686.0],[1917.0,2685.5],[1917.5,2685.0],[1917.5,2684.0],[1917.5,2683.0],[1917.5,2682.0],[1918.0,2681.5],[1918.5,2681.0],[1918.5,2680.0],[1918.5,2679.0],[1919.0,2678.5],[1919.5,2678.0],[1919.5,2677.0],[1919.5,2676.0],[1919.5,2675.0],[1920.0,2674.5],[1920.5,2674.0],[1921.0,2673.5],[1921.5,2673.0],[1922.0,2672.5],[1922.5,2672.0],[1922.5,2671.0],[1923.0,2670.5],[1923.5,2670.0],[1924.0,2669.5],[1924.5,2669.0],[1925.0,2668.5],[1925.5,2668.0],[1926.0,2667.5],[1927.0,2667.5],[1928.0,2667.5],[1928.5,2667.0],[1929.0,2666.5],[1930.0,2666.5],[1930.5,2666.0],[1931.0,2665.5],[1932.0,2665.5],[1933.0,2665.5],[1934.0,2665.5],[1935.0,2665.5],[1936.0,2665.5],[1936.5,2665.0],[1937.0,2664.5],[1938.0,2664.5],[1939.0,2664.5],[1940.0,2664.5],[1941.0,2664.5],[1942.0,2664.5],[1943.0,2664.5],[1944.0,2664.5],[1944.5,2664.0],[1945.0,2663.5],[1946.0,2663.5],[1947.0,2663.5],[1948.0,2663.5],[1948.5,2663.0],[1949.0,2662.5],[1950.0,2662.5],[1950.5,2662.0],[1951.0,2661.5],[1952.0,2661.5],[1952.5,2661.0],[1953.0,2660.5],[1954.0,2660.5],[1955.0,2660.5],[1955.5,2660.0],[1956.0,2659.5],[1957.0,2659.5],[1958.0,2659.5],[1959.0,2659.5],[1960.0,2659.5],[1960.5,2659.0],[1961.0,2658.5],[1962.0,2658.5],[1962.5,2659.0],[1962.5,2660.0],[1963.0,2660.5],[1963.5,2661.0],[1963.5,2662.0],[1963.0,2662.5],[1962.5,2663.0],[1962.5,2664.0],[1962.5,2665.0],[1962.5,2666.0],[1962.0,2666.5],[1961.5,2667.0],[1961.5,2668.0],[1961.0,2668.5],[1960.5,2669.0],[1960.5,2670.0],[1960.5,2671.0],[1960.0,2671.5],[1959.5,2672.0],[1959.5,2673.0],[1959.5,2674.0],[1959.0,2674.5],[1958.5,2675.0],[1958.5,2676.0],[1958.5,2677.0],[1958.5,2678.0],[1958.0,2678.5],[1957.5,2679.0],[1957.5,2680.0],[1957.5,2681.0],[1957.5,2682.0],[1957.5,2683.0],[1957.0,2683.5],[1956.5,2684.0],[1956.5,2685.0],[1956.5,2686.0],[1956.5,2687.0],[1956.0,2687.5],[1955.5,2688.0],[1955.5,2689.0],[1955.5,2690.0],[1955.5,2691.0],[1955.0,2691.5],[1954.5,2692.0],[1954.5,2693.0],[1954.5,2694.0],[1954.5,2695.0],[1954.5,2696.0],[1954.0,2696.5],[1953.5,2697.0],[1953.5,2698.0],[1953.0,2698.5],[1952.5,2699.0],[1952.5,2700.0],[1952.0,2700.5],[1951.5,2701.0],[1951.0,2701.5],[1950.5,2702.0],[1950.0,2702.5],[1949.5,2703.0],[1949.0,2703.5],[1948.0,2703.5],[1947.5,2704.0],[1947.0,2704.5],[1946.0,2704.5],[1945.5,2705.0],[1945.0,2705.5]]",243111.9340209961,431091.48039627075,106.15529251098633,,,,,0.0004032072,1548,좌안_사력댐_제체,NOF_좌안(대전측)_콘크리트부,,,0.9419325227423232,../../Data/DJI_20260826093331_0020_V.JPG,../Overlay/SPL/P000394.png,mapped,local_surface_estimate
DJI_20260826093331_0020_V.JPG,P000395,SPL,박락,"[[1676.0,2983.5],[1673.0,2983.5],[1670.0,2983.5],[1667.0,2983.5],[1665.0,2983.5],[1663.5,2982.0],[1662.0,2980.5],[1659.0,2980.5],[1656.0,2980.5],[1653.5,2980.0],[1652.0,2979.5],[1649.5,2979.0],[1647.0,2978.5],[1645.0,2977.5],[1643.0,2976.5],[1641.0,2975.5],[1639.0,2974.5],[1637.0,2974.5],[1634.5,2974.0],[1632.0,2973.5],[1630.5,2972.0],[1629.5,2970.0],[1630.5,2968.0],[1631.5,2967.0],[1632.5,2965.0],[1634.0,2963.5],[1635.5,2962.0],[1636.5,2960.0],[1638.0,2958.5],[1639.5,2957.0],[1640.5,2956.0],[1641.5,2954.0],[1642.5,2952.0],[1644.0,2950.5],[1644.5,2948.0],[1645.0,2945.5],[1645.5,2944.0],[1645.5,2941.0],[1646.5,2939.0],[1646.5,2936.0],[1647.0,2933.5],[1647.5,2931.0],[1648.5,2929.0],[1648.5,2927.0],[1650.0,2925.5],[1652.0,2924.5],[1654.0,2923.5],[1657.0,2923.5],[1660.0,2923.5],[1662.0,2922.5],[1663.5,2922.0],[1665.5,2921.0],[1668.0,2920.5],[1671.0,2920.5],[1673.5,2920.0],[1676.0,2919.5],[1678.0,2919.5],[1680.0,2918.5],[1683.0,2918.5],[1685.0,2917.5],[1688.0,2917.5],[1691.0,2917.5],[1693.0,2916.5],[1695.0,2916.5],[1697.0,2917.5],[1700.0,2917.5],[1703.0,2917.5],[1705.0,2918.5],[1708.0,2918.5],[1710.0,2918.5],[1713.0,2918.5],[1715.0,2917.5],[1718.0,2917.5],[1720.0,2916.5],[1722.0,2915.5],[1724.0,2914.5],[1725.0,2913.5],[1726.5,2912.0],[1728.0,2910.5],[1729.5,2909.0],[1731.0,2907.5],[1732.5,2906.0],[1733.0,2904.5],[1734.0,2902.5],[1735.0,2900.5],[1736.0,2898.5],[1737.0,2896.5],[1738.0,2894.5],[1738.5,2892.0],[1739.0,2890.5],[1739.5,2888.0],[1739.5,2885.0],[1739.5,2882.0],[1739.0,2879.5],[1738.5,2877.0],[1738.5,2875.0],[1737.5,2873.0],[1737.5,2870.0],[1736.5,2868.0],[1736.5,2865.0],[1736.0,2862.5],[1735.5,2860.0],[1735.5,2858.0],[1735.5,2855.0],[1735.5,2852.0],[1735.5,2849.0],[1735.5,2846.0],[1735.5,2843.0],[1735.5,2841.0],[1736.0,2838.5],[1736.5,2836.0],[1737.5,2834.0],[1738.5,2832.0],[1739.5,2830.0],[1740.5,2828.0],[1741.5,2827.0],[1743.0,2825.5],[1744.5,2824.0],[1745.5,2822.0],[1747.0,2820.5],[1748.5,2819.0],[1749.5,2818.0],[1751.5,2817.0],[1753.5,2816.0],[1755.0,2816.5],[1756.5,2818.0],[1756.5,2821.0],[1756.5,2824.0],[1756.5,2826.0],[1756.5,2829.0],[1756.5,2832.0],[1756.5,2835.0],[1757.5,2837.0],[1757.5,2840.0],[1758.5,2842.0],[1759.0,2843.5],[1759.5,2846.0],[1760.5,2848.0],[1760.5,2851.0],[1761.5,2853.0],[1761.5,2856.0],[1761.5,2858.0],[1762.5,2860.0],[1762.5,2863.0],[1763.5,2865.0],[1764.5,2867.0],[1765.5,2869.0],[1766.5,2871.0],[1768.0,2871.5],[1769.5,2873.0],[1772.0,2873.5],[1775.0,2873.5],[1778.0,2873.5],[1780.0,2872.5],[1782.0,2872.5],[1784.0,2871.5],[1787.0,2871.5],[1789.0,2870.5],[1792.0,2870.5],[1795.0,2870.5],[1797.0,2871.5],[1799.0,2871.5],[1801.5,2872.0],[1804.0,2872.5],[1806.5,2873.0],[1809.0,2873.5],[1811.0,2874.5],[1812.0,2875.5],[1813.5,2877.0],[1814.5,2879.0],[1815.5,2881.0],[1814.5,2883.0],[1814.5,2886.0],[1813.0,2887.5],[1812.5,2889.0],[1811.5,2891.0],[1810.5,2893.0],[1809.0,2894.5],[1808.0,2896.5],[1807.0,2898.5],[1806.5,2900.0],[1805.5,2902.0],[1804.0,2903.5],[1803.0,2905.5],[1801.5,2907.0],[1800.5,2909.0],[1799.0,2910.5],[1798.0,2911.5],[1796.0,2912.5],[1794.5,2914.0],[1792.5,2915.0],[1791.0,2916.5],[1789.0,2917.5],[1788.0,2918.5],[1786.0,2919.5],[1784.5,2921.0],[1783.0,2922.5],[1781.0,2923.5],[1779.0,2924.5],[1777.5,2926.0],[1776.0,2926.5],[1774.5,2928.0],[1773.0,2929.5],[1771.0,2930.5],[1769.0,2931.5],[1767.0,2932.5],[1766.0,2933.5],[1764.0,2934.5],[1762.0,2935.5],[1760.5,2937.0],[1758.5,2938.0],[1756.5,2939.0],[1754.5,2940.0],[1753.0,2940.5],[1751.0,2941.5],[1749.0,2942.5],[1746.5,2943.0],[1744.0,2943.5],[1742.0,2944.5],[1740.0,2945.5],[1739.0,2946.5],[1736.5,2947.0],[1734.0,2947.5],[1732.0,2948.5],[1730.0,2949.5],[1728.0,2950.5],[1726.5,2951.0],[1724.5,2952.0],[1723.0,2953.5],[1721.0,2954.5],[1719.5,2956.0],[1718.0,2957.5],[1716.5,2959.0],[1715.5,2960.0],[1714.0,2961.5],[1712.0,2962.5],[1710.5,2964.0],[1709.0,2965.5],[1707.5,2967.0],[1706.5,2968.0],[1705.0,2969.5],[1703.0,2970.5],[1701.5,2972.0],[1699.5,2973.0],[1698.0,2974.5],[1696.0,2975.5],[1694.5,2976.0],[1693.0,2977.5],[1691.0,2978.5],[1689.0,2979.5],[1687.0,2980.5],[1685.0,2981.5],[1683.0,2981.5],[1681.0,2982.5],[1678.0,2982.5],[1676.0,2983.5]]",243111.899143219,431091.5826320648,106.03665924072266,,,,,0.0026437561,10226,좌안_사력댐_제체,NOF_좌안(대전측)_콘크리트부,,,0.9297624893928026,../../Data/DJI_20260826093331_0020_V.JPG,../Overlay/SPL/P000395.png,mapped,local_surface_estimate
DJI_20260826094118_0100_V.JPG,P000410,SPL,박락,"[[2094.0,2417.5],[2085.0,2414.5],[2079.5,2409.0],[2074.5,2402.0],[2068.0,2396.5],[2060.0,2393.5],[2051.0,2390.5],[2047.0,2383.5],[2042.0,2376.5],[2037.5,2369.0],[2032.5,2363.0],[2027.5,2356.0],[2027.5,2346.0],[2029.0,2337.5],[2023.0,2331.5],[2015.0,2327.5],[2008.0,2323.5],[1998.5,2321.0],[1988.5,2319.0],[1984.5,2312.0],[1981.5,2305.0],[1976.5,2299.0],[1980.0,2290.5],[1989.0,2287.5],[1998.0,2285.5],[2007.0,2282.5],[2013.5,2277.0],[2019.0,2271.5],[2027.0,2267.5],[2037.0,2269.5],[2047.0,2270.5],[2054.5,2266.0],[2060.0,2260.5],[2066.0,2254.5],[2071.5,2248.0],[2075.5,2241.0],[2079.0,2232.5],[2078.5,2222.0],[2073.5,2216.0],[2063.0,2214.5],[2055.0,2218.5],[2049.0,2223.5],[2044.0,2230.5],[2037.5,2235.0],[2031.0,2240.5],[2023.0,2244.5],[2016.0,2240.5],[2009.0,2235.5],[2003.5,2229.0],[2000.5,2221.0],[2001.5,2210.0],[2001.0,2198.5],[1994.0,2194.5],[1991.5,2185.0],[1998.0,2179.5],[1998.5,2171.0],[1997.0,2160.5],[1995.0,2151.5],[1990.0,2144.5],[1980.0,2142.5],[1971.5,2140.0],[1963.0,2136.5],[1955.0,2132.5],[1947.5,2129.0],[1940.5,2124.0],[1935.5,2117.0],[1932.5,2109.0],[1929.0,2100.5],[1923.0,2095.5],[1917.5,2089.0],[1913.5,2081.0],[1909.5,2074.0],[1911.0,2063.5],[1914.5,2055.0],[1918.5,2048.0],[1927.0,2044.5],[1939.0,2044.5],[1949.0,2043.5],[1960.0,2042.5],[1970.0,2043.5],[1978.0,2039.5],[1980.5,2030.0],[1981.5,2020.0],[1983.5,2010.0],[1988.5,2003.0],[1994.0,1997.5],[2000.0,1991.5],[2006.5,1986.0],[2014.0,1982.5],[2022.0,1978.5],[2029.5,1974.0],[2035.0,1968.5],[2042.5,1964.0],[2050.0,1966.5],[2057.5,1971.0],[2062.5,1978.0],[2066.5,1985.0],[2071.5,1992.0],[2076.0,1999.5],[2078.5,2008.0],[2081.5,2017.0],[2086.0,2024.5],[2090.5,2031.0],[2094.5,2039.0],[2094.5,2048.0],[2091.0,2056.5],[2086.0,2063.5],[2082.5,2071.0],[2082.5,2081.0],[2086.5,2089.0],[2091.0,2095.5],[2091.0,2104.5],[2084.5,2110.0],[2076.5,2113.0],[2068.0,2116.5],[2061.5,2122.0],[2058.5,2130.0],[2057.5,2141.0],[2059.5,2150.0],[2061.5,2160.0],[2066.5,2167.0],[2076.0,2166.5],[2085.0,2163.5],[2095.5,2165.0],[2103.0,2168.5],[2112.0,2171.5],[2122.0,2173.5],[2130.0,2176.5],[2140.0,2176.5],[2146.0,2171.5],[2146.5,2162.0],[2147.0,2151.5],[2147.0,2143.5],[2148.5,2133.0],[2151.5,2124.0],[2156.0,2117.5],[2160.5,2110.0],[2162.0,2100.5],[2160.5,2091.0],[2157.5,2082.0],[2153.5,2075.0],[2149.0,2067.5],[2144.5,2060.0],[2145.5,2050.0],[2155.0,2047.5],[2167.0,2047.5],[2165.0,2043.5],[2155.0,2045.5],[2153.0,2036.5],[2156.5,2029.0],[2160.5,2021.0],[2168.0,2016.5],[2175.5,2013.0],[2182.0,2007.5],[2183.5,1998.0],[2180.5,1989.0],[2177.0,1980.5],[2174.5,1972.0],[2172.5,1962.0],[2171.5,1951.0],[2172.5,1941.0],[2174.5,1931.0],[2177.5,1922.0],[2182.5,1916.0],[2189.0,1910.5],[2195.5,1906.0],[2205.0,1905.5],[2215.0,1907.5],[2224.0,1905.5],[2233.0,1902.5],[2240.5,1903.0],[2239.5,1913.0],[2244.0,1920.5],[2246.0,1928.5],[2250.5,1935.0],[2255.5,1942.0],[2259.0,1950.5],[2262.0,1958.5],[2266.0,1966.5],[2269.5,1974.0],[2272.5,1983.0],[2274.5,1993.0],[2277.5,2001.0],[2282.0,2008.5],[2286.5,2016.0],[2290.5,2023.0],[2291.5,2034.0],[2289.5,2044.0],[2286.5,2052.0],[2287.5,2063.0],[2290.5,2071.0],[2292.5,2081.0],[2290.5,2091.0],[2286.0,2097.5],[2280.0,2103.5],[2274.5,2110.0],[2271.5,2118.0],[2272.5,2129.0],[2272.5,2141.0],[2271.5,2151.0],[2269.5,2161.0],[2263.5,2166.0],[2254.0,2168.5],[2244.0,2170.5],[2235.5,2173.0],[2227.0,2176.5],[2220.5,2182.0],[2215.0,2187.5],[2209.0,2193.5],[2207.5,2202.0],[2212.0,2208.5],[2218.0,2214.5],[2230.0,2214.5],[2238.0,2217.5],[2243.5,2224.0],[2246.5,2232.0],[2252.5,2238.0],[2258.5,2244.0],[2257.5,2252.0],[2255.0,2261.5],[2249.0,2267.5],[2240.0,2269.5],[2230.0,2269.5],[2223.0,2264.5],[2217.5,2259.0],[2209.0,2255.5],[2202.0,2255.5],[2193.5,2259.0],[2187.5,2265.0],[2182.0,2270.5],[2176.0,2276.5],[2169.0,2281.5],[2160.0,2283.5],[2150.5,2286.0],[2143.5,2291.0],[2138.0,2296.5],[2133.0,2303.5],[2132.5,2310.0],[2140.5,2314.0],[2149.0,2317.5],[2157.5,2320.0],[2164.5,2325.0],[2160.5,2333.0],[2153.5,2337.0],[2147.0,2342.5],[2145.5,2353.0],[2143.5,2362.0],[2138.5,2369.0],[2132.5,2375.0],[2127.0,2380.5],[2122.0,2387.5],[2119.0,2395.5],[2117.0,2405.5],[2110.0,2410.5],[2102.5,2414.0],[2094.0,2417.5]]",243109.15529632568,431099.62543296814,106.8437728881836,,,,,0.0029390379,89543,좌안_사력댐_제체,NOF_좌안(대전측)_콘크리트부,,,0.9792803037720819,../../Data/DJI_20260826094118_0100_V.JPG,../Overlay/SPL/P000410.png,mapped,local_surface_estimate
DJI_20260826094118_0100_V.JPG,P000411,SPL,박락,"[[752.0,3565.5],[730.0,3562.5],[710.0,3556.5],[691.5,3550.0],[674.0,3541.5],[661.0,3529.5],[648.5,3517.0],[639.0,3500.5],[629.5,3485.0],[620.0,3469.5],[600.0,3463.5],[590.0,3455.5],[589.5,3445.0],[579.0,3432.5],[562.0,3424.5],[541.0,3419.5],[518.5,3417.0],[500.0,3410.5],[482.0,3402.5],[460.0,3399.5],[439.0,3394.5],[421.0,3387.5],[405.5,3378.0],[387.0,3370.5],[375.0,3357.5],[359.0,3347.5],[338.0,3343.5],[317.5,3348.0],[296.5,3344.0],[279.0,3336.5],[256.5,3334.0],[240.0,3324.5],[229.0,3310.5],[219.0,3294.5],[199.0,3293.5],[182.5,3302.0],[168.5,3314.0],[154.0,3324.5],[136.5,3332.0],[114.0,3335.5],[93.5,3340.0],[71.0,3341.5],[52.0,3335.5],[36.0,3326.5],[23.5,3313.0],[6.0,3305.5],[-0.5,3289.0],[-0.5,3263.0],[-0.5,3238.0],[-0.5,3212.0],[-0.5,3187.0],[-0.5,3162.0],[-0.5,3136.0],[-0.5,3111.0],[-0.5,3085.0],[-0.5,3060.0],[-0.5,3035.0],[-0.5,3009.0],[-0.5,2984.0],[11.0,2974.5],[31.0,2968.5],[53.5,2969.0],[70.0,2978.5],[87.5,2973.0],[102.5,2963.0],[113.5,2948.0],[125.0,2934.5],[138.5,2923.0],[159.0,2917.5],[178.0,2923.5],[184.5,2943.0],[180.0,2962.5],[200.0,2967.5],[223.0,2968.5],[237.0,2979.5],[255.0,2987.5],[271.0,2996.5],[285.0,3007.5],[308.0,3006.5],[332.0,3005.5],[357.0,3005.5],[377.0,2999.5],[383.5,2981.0],[396.0,2993.5],[419.5,2995.0],[431.5,3003.0],[439.5,3002.0],[443.5,3015.0],[461.0,3022.5],[477.5,3032.0],[493.0,3041.5],[513.0,3035.5],[527.0,3024.5],[547.0,3019.5],[570.0,3016.5],[582.5,3029.0],[591.0,3046.5],[608.5,3054.0],[630.0,3055.5],[647.5,3047.0],[668.0,3050.5],[686.0,3045.5],[702.5,3036.0],[708.0,3016.5],[730.0,3018.5],[753.0,3018.5],[773.0,3019.5],[786.0,3032.5],[803.0,3040.5],[824.0,3044.5],[846.5,3047.0],[869.0,3048.5],[894.0,3049.5],[914.0,3054.5],[932.5,3061.0],[948.0,3071.5],[967.0,3077.5],[992.0,3076.5],[1008.0,3067.5],[1029.0,3063.5],[1051.0,3059.5],[1069.0,3066.5],[1091.0,3067.5],[1111.0,3061.5],[1132.0,3059.5],[1153.0,3062.5],[1170.0,3070.5],[1192.0,3073.5],[1214.5,3077.0],[1232.0,3070.5],[1243.0,3056.5],[1266.0,3055.5],[1289.0,3057.5],[1310.0,3052.5],[1331.0,3050.5],[1347.0,3059.5],[1363.5,3069.0],[1384.0,3073.5],[1405.0,3071.5],[1429.0,3069.5],[1450.0,3065.5],[1473.0,3068.5],[1495.0,3071.5],[1516.0,3075.5],[1538.0,3079.5],[1561.0,3081.5],[1581.5,3081.0],[1599.0,3088.5],[1617.0,3085.5],[1620.0,3064.5],[1636.0,3055.5],[1660.0,3056.5],[1679.0,3063.5],[1701.0,3066.5],[1723.5,3065.0],[1743.0,3059.5],[1761.0,3066.5],[1776.5,3077.0],[1789.0,3089.5],[1809.0,3084.5],[1833.0,3084.5],[1851.0,3091.5],[1871.0,3097.5],[1895.0,3096.5],[1918.0,3094.5],[1936.0,3100.5],[1955.0,3106.5],[1978.5,3106.0],[2001.0,3103.5],[2022.0,3107.5],[2036.5,3119.0],[2052.0,3128.5],[2074.5,3131.0],[2094.0,3137.5],[2113.0,3143.5],[2128.5,3152.0],[2124.5,3173.0],[2118.5,3192.0],[2101.0,3200.5],[2078.0,3202.5],[2056.0,3199.5],[2032.0,3199.5],[2008.0,3200.5],[1982.0,3200.5],[1957.0,3200.5],[1933.0,3199.5],[1912.0,3198.5],[1888.0,3199.5],[1868.0,3193.5],[1845.0,3193.5],[1823.0,3190.5],[1801.5,3193.0],[1782.5,3199.0],[1760.0,3197.5],[1734.0,3197.5],[1713.0,3193.5],[1693.0,3199.5],[1671.0,3200.5],[1649.0,3197.5],[1625.0,3195.5],[1601.0,3196.5],[1577.0,3197.5],[1553.0,3197.5],[1529.0,3196.5],[1504.5,3195.0],[1482.0,3192.5],[1459.0,3194.5],[1435.0,3192.5],[1414.0,3188.5],[1392.0,3186.5],[1370.0,3187.5],[1348.0,3184.5],[1327.0,3189.5],[1304.0,3189.5],[1282.0,3190.5],[1263.0,3189.5],[1240.0,3187.5],[1217.0,3186.5],[1195.0,3183.5],[1174.0,3181.5],[1152.0,3181.5],[1136.0,3172.5],[1115.0,3168.5],[1093.5,3164.0],[1072.0,3160.5],[1052.0,3166.5],[1028.0,3167.5],[1008.0,3172.5],[987.0,3177.5],[966.0,3179.5],[941.0,3179.5],[917.0,3181.5],[909.5,3197.0],[919.5,3213.0],[926.5,3231.0],[918.5,3248.0],[902.0,3257.5],[883.0,3263.5],[871.5,3278.0],[862.5,3294.0],[857.5,3314.0],[863.5,3334.0],[866.0,3355.5],[863.5,3376.0],[859.0,3397.5],[854.5,3418.0],[852.0,3441.5],[847.5,3460.0],[840.5,3478.0],[835.5,3499.0],[830.5,3519.0],[825.5,3537.0],[818.5,3556.0],[798.0,3560.5],[775.0,3563.5],[752.0,3565.5]]",243109.07904434204,431099.848941803,106.66598510742188,,,,,0.0145915216,495517,좌안_사력댐_제체,NOF_좌안(대전측)_콘크리트부,,,0.992214980186993,../../Data/DJI_20260826094118_0100_V.JPG,../Overlay/SPL/P000411.png,mapped,local_surface_estimate
DJI_20260826094118_0100_V.JPG,P000412,SPL,박락,"[[4173.0,3395.5],[4164.0,3394.5],[4155.5,3393.0],[4148.5,3390.0],[4145.5,3383.0],[4142.5,3376.0],[4139.5,3369.0],[4136.5,3363.0],[4132.5,3357.0],[4129.0,3350.5],[4125.5,3344.0],[4124.5,3335.0],[4123.0,3326.5],[4120.5,3319.0],[4117.5,3312.0],[4115.5,3304.0],[4112.5,3297.0],[4109.5,3290.0],[4105.5,3284.0],[4101.0,3278.5],[4094.0,3276.5],[4087.0,3275.5],[4079.0,3277.5],[4070.0,3278.5],[4060.5,3278.0],[4052.0,3276.5],[4045.0,3273.5],[4038.0,3270.5],[4032.5,3266.0],[4027.0,3261.5],[4022.0,3256.5],[4017.5,3251.0],[4013.5,3246.0],[4009.5,3240.0],[4006.5,3233.0],[4004.5,3225.0],[4000.5,3219.0],[3995.5,3214.0],[3989.0,3210.5],[3981.0,3208.5],[3971.5,3209.0],[3964.0,3211.5],[3955.0,3212.5],[3947.0,3214.5],[3939.0,3216.5],[3932.5,3219.0],[3925.5,3222.0],[3920.0,3226.5],[3919.5,3236.0],[3921.5,3244.0],[3922.5,3253.0],[3918.0,3252.5],[3912.0,3248.5],[3903.0,3247.5],[3894.0,3248.5],[3884.0,3248.5],[3875.0,3247.5],[3865.0,3247.5],[3856.0,3247.5],[3846.0,3247.5],[3838.0,3249.5],[3828.0,3249.5],[3819.0,3248.5],[3809.0,3248.5],[3800.0,3247.5],[3790.0,3247.5],[3780.5,3248.0],[3771.0,3248.5],[3762.0,3247.5],[3753.0,3246.5],[3743.0,3246.5],[3735.0,3245.5],[3726.0,3244.5],[3716.0,3244.5],[3706.0,3244.5],[3697.0,3245.5],[3689.0,3247.5],[3679.0,3247.5],[3670.0,3246.5],[3662.0,3244.5],[3653.0,3243.5],[3643.0,3243.5],[3633.0,3243.5],[3624.5,3244.0],[3615.0,3244.5],[3606.0,3243.5],[3597.0,3242.5],[3588.0,3243.5],[3581.0,3246.5],[3571.5,3246.0],[3564.5,3243.0],[3556.0,3241.5],[3547.0,3240.5],[3540.0,3237.5],[3534.5,3233.0],[3531.0,3226.5],[3526.5,3222.0],[3519.5,3219.0],[3511.0,3217.5],[3503.0,3215.5],[3495.0,3213.5],[3488.0,3210.5],[3482.0,3206.5],[3475.0,3203.5],[3467.5,3201.0],[3459.0,3199.5],[3450.0,3200.5],[3440.0,3200.5],[3431.0,3201.5],[3422.0,3201.5],[3412.0,3201.5],[3403.0,3200.5],[3394.0,3199.5],[3388.0,3198.5],[3384.0,3195.5],[3383.5,3188.0],[3382.5,3179.0],[3379.0,3172.5],[3375.5,3166.0],[3371.0,3160.5],[3366.5,3155.0],[3361.0,3150.5],[3356.0,3146.5],[3361.0,3142.5],[3369.0,3142.5],[3378.0,3143.5],[3387.0,3144.5],[3397.0,3144.5],[3406.0,3143.5],[3414.0,3141.5],[3421.0,3138.5],[3429.0,3136.5],[3438.0,3135.5],[3447.0,3136.5],[3455.0,3137.5],[3464.0,3138.5],[3473.0,3139.5],[3483.0,3139.5],[3492.0,3138.5],[3499.0,3135.5],[3504.5,3131.0],[3510.0,3126.5],[3517.0,3123.5],[3524.0,3120.5],[3531.5,3118.0],[3537.0,3113.5],[3540.5,3107.0],[3543.5,3101.0],[3547.5,3095.0],[3551.5,3089.0],[3560.0,3087.5],[3568.5,3089.0],[3576.5,3091.0],[3584.5,3093.0],[3593.0,3092.5],[3602.0,3091.5],[3612.0,3091.5],[3621.5,3092.0],[3631.0,3092.5],[3640.0,3093.5],[3647.0,3095.5],[3655.0,3097.5],[3664.0,3098.5],[3673.0,3099.5],[3683.0,3099.5],[3693.0,3099.5],[3703.0,3099.5],[3712.0,3100.5],[3721.0,3101.5],[3730.5,3102.0],[3738.5,3104.0],[3744.0,3108.5],[3747.0,3115.5],[3748.5,3123.0],[3752.0,3129.5],[3759.0,3128.5],[3765.5,3125.0],[3774.0,3123.5],[3783.0,3124.5],[3792.0,3125.5],[3802.0,3125.5],[3811.0,3126.5],[3820.0,3127.5],[3830.0,3127.5],[3836.5,3124.0],[3839.5,3118.0],[3849.0,3117.5],[3859.0,3117.5],[3868.0,3118.5],[3876.0,3120.5],[3886.0,3120.5],[3894.0,3118.5],[3900.5,3115.0],[3906.0,3110.5],[3912.0,3106.5],[3919.0,3103.5],[3928.0,3102.5],[3937.0,3103.5],[3944.0,3105.5],[3952.0,3107.5],[3961.0,3108.5],[3970.0,3107.5],[3978.0,3105.5],[3984.0,3101.5],[3991.0,3098.5],[3998.0,3097.5],[4006.0,3099.5],[4012.5,3103.0],[4020.5,3105.0],[4030.0,3105.5],[4040.0,3105.5],[4048.0,3106.5],[4055.0,3109.5],[4060.5,3114.0],[4066.5,3118.0],[4073.5,3121.0],[4080.0,3124.5],[4084.5,3130.0],[4088.0,3136.5],[4089.5,3145.0],[4088.0,3153.5],[4087.5,3163.0],[4089.5,3171.0],[4093.5,3177.0],[4098.5,3181.0],[4108.0,3181.5],[4114.5,3185.0],[4115.5,3194.0],[4116.5,3203.0],[4117.5,3212.0],[4117.5,3220.0],[4115.5,3228.0],[4115.5,3238.0],[4118.5,3245.0],[4124.0,3249.5],[4130.0,3253.5],[4134.5,3258.0],[4136.5,3266.0],[4135.5,3275.0],[4134.5,3284.0],[4137.0,3291.5],[4141.5,3297.0],[4145.5,3303.0],[4150.0,3308.5],[4155.0,3313.5],[4159.0,3319.5],[4162.5,3326.0],[4165.0,3333.5],[4167.5,3341.0],[4170.5,3347.0],[4172.5,3355.0],[4170.5,3363.0],[4171.0,3372.5],[4173.5,3380.0],[4175.5,3388.0],[4173.0,3395.5]]",243109.2572517395,431099.32657814026,106.650146484375,,,,,0.003510034,94087,좌안_사력댐_제체,NOF_좌안(대전측)_콘크리트부,,,0.9905595309186717,../../Data/DJI_20260826094118_0100_V.JPG,../Overlay/SPL/P000412.png,mapped,local_surface_estimate
DJI_20260826094118_0100_V.JPG,P000413,SPL,박락,"[[2949.0,3356.5],[2943.0,3354.5],[2936.0,3352.5],[2930.0,3350.5],[2923.0,3349.5],[2916.5,3347.0],[2910.0,3345.5],[2903.5,3344.0],[2897.0,3342.5],[2891.5,3339.0],[2886.5,3336.0],[2881.0,3333.5],[2873.0,3332.5],[2868.0,3329.5],[2862.5,3327.0],[2858.0,3322.5],[2854.0,3318.5],[2851.5,3313.0],[2851.5,3306.0],[2853.0,3299.5],[2855.5,3294.0],[2858.0,3288.5],[2862.0,3283.5],[2865.5,3279.0],[2869.5,3275.0],[2874.0,3270.5],[2875.5,3264.0],[2876.5,3257.0],[2876.5,3248.0],[2875.5,3241.0],[2874.0,3234.5],[2871.5,3229.0],[2867.5,3224.0],[2861.0,3222.5],[2856.0,3221.5],[2858.5,3216.0],[2862.0,3211.5],[2865.5,3207.0],[2871.0,3203.5],[2876.0,3200.5],[2881.0,3197.5],[2886.5,3194.0],[2891.0,3190.5],[2895.0,3186.5],[2899.0,3182.5],[2904.5,3179.0],[2910.0,3176.5],[2916.0,3174.5],[2923.0,3172.5],[2928.0,3169.5],[2932.5,3166.0],[2937.5,3162.0],[2941.5,3158.0],[2945.5,3154.0],[2950.5,3150.0],[2955.0,3146.5],[2959.0,3142.5],[2963.0,3138.5],[2966.5,3133.0],[2968.5,3127.0],[2972.5,3123.0],[2980.0,3123.5],[2988.0,3123.5],[2995.0,3124.5],[3003.0,3123.5],[3008.5,3121.0],[3014.0,3118.5],[3019.0,3115.5],[3025.0,3112.5],[3029.5,3109.0],[3034.0,3105.5],[3039.0,3101.5],[3044.0,3098.5],[3051.0,3097.5],[3058.0,3099.5],[3062.0,3103.5],[3066.0,3107.5],[3070.0,3112.5],[3074.5,3116.0],[3080.0,3118.5],[3088.0,3118.5],[3096.0,3117.5],[3103.0,3116.5],[3110.0,3115.5],[3118.0,3114.5],[3124.0,3116.5],[3129.0,3119.5],[3135.5,3122.0],[3141.0,3124.5],[3147.0,3126.5],[3154.0,3128.5],[3161.0,3129.5],[3168.0,3130.5],[3175.0,3131.5],[3182.0,3133.5],[3188.0,3135.5],[3194.0,3137.5],[3201.0,3139.5],[3207.0,3141.5],[3213.0,3143.5],[3219.0,3146.5],[3223.5,3150.0],[3229.0,3152.5],[3235.0,3155.5],[3241.0,3157.5],[3248.0,3158.5],[3254.0,3158.5],[3261.0,3156.5],[3266.5,3154.0],[3271.0,3150.5],[3278.0,3148.5],[3285.0,3147.5],[3292.0,3148.5],[3299.0,3150.5],[3303.5,3154.0],[3303.5,3162.0],[3302.5,3169.0],[3303.5,3177.0],[3306.0,3182.5],[3310.5,3186.0],[3315.5,3190.0],[3317.5,3196.0],[3315.0,3201.5],[3312.5,3208.0],[3310.0,3213.5],[3307.5,3219.0],[3305.5,3226.0],[3304.5,3233.0],[3303.5,3240.0],[3301.0,3245.5],[3297.0,3250.5],[3293.5,3255.0],[3290.5,3260.0],[3288.5,3267.0],[3288.0,3273.5],[3291.5,3278.0],[3296.0,3282.5],[3299.5,3287.0],[3300.5,3294.0],[3299.5,3302.0],[3300.0,3309.5],[3301.5,3316.0],[3300.5,3323.0],[3295.0,3326.5],[3289.0,3328.5],[3281.0,3328.5],[3272.0,3328.5],[3265.0,3327.5],[3258.0,3326.5],[3250.0,3325.5],[3244.0,3323.5],[3236.0,3323.5],[3229.0,3322.5],[3220.5,3323.0],[3213.0,3323.5],[3207.0,3325.5],[3199.0,3326.5],[3191.0,3326.5],[3184.0,3327.5],[3177.0,3329.5],[3170.0,3330.5],[3162.0,3330.5],[3153.0,3330.5],[3145.0,3330.5],[3137.0,3330.5],[3130.0,3329.5],[3123.0,3327.5],[3117.0,3325.5],[3112.0,3322.5],[3105.0,3320.5],[3098.5,3319.0],[3091.5,3319.0],[3084.0,3320.5],[3077.0,3321.5],[3072.0,3324.5],[3065.0,3326.5],[3057.5,3326.0],[3052.0,3323.5],[3049.5,3318.0],[3045.5,3313.0],[3041.0,3309.5],[3041.0,3304.5],[3049.0,3305.5],[3057.0,3305.5],[3063.0,3305.5],[3071.0,3304.5],[3071.5,3297.0],[3071.5,3289.0],[3070.5,3281.0],[3068.5,3275.0],[3069.5,3268.0],[3067.5,3262.0],[3063.0,3257.5],[3058.0,3254.5],[3052.0,3252.5],[3045.0,3250.5],[3039.0,3250.5],[3032.5,3252.0],[3029.5,3258.0],[3031.5,3264.0],[3031.0,3271.5],[3026.0,3274.5],[3021.5,3270.0],[3022.0,3262.5],[3025.0,3257.5],[3028.0,3252.5],[3023.0,3249.5],[3019.0,3245.5],[3012.0,3243.5],[3005.0,3242.5],[2997.0,3242.5],[2989.0,3241.5],[2981.0,3241.5],[2973.0,3241.5],[2965.0,3241.5],[2956.0,3241.5],[2949.0,3240.5],[2941.5,3240.0],[2933.0,3239.5],[2926.5,3238.0],[2920.0,3236.5],[2912.0,3235.5],[2905.0,3234.5],[2897.5,3235.0],[2891.5,3238.0],[2887.5,3242.0],[2886.0,3248.5],[2885.5,3256.0],[2884.5,3264.0],[2885.5,3271.0],[2886.5,3278.0],[2889.5,3284.0],[2895.0,3286.5],[2902.0,3287.5],[2910.0,3288.5],[2917.0,3289.5],[2925.0,3289.5],[2931.0,3291.5],[2939.0,3292.5],[2946.0,3293.5],[2952.0,3295.5],[2959.0,3297.5],[2965.0,3299.5],[2971.0,3301.5],[2978.5,3303.0],[2982.0,3306.5],[2979.5,3312.0],[2976.5,3318.0],[2974.0,3323.5],[2971.5,3329.0],[2968.5,3334.0],[2965.5,3340.0],[2962.5,3345.0],[2959.0,3349.5],[2954.0,3353.5],[2949.0,3356.5]]",243109.21426010132,431099.4525947571,106.64648056030273,,,,,0.002555681,72061,좌안_사력댐_제체,NOF_좌안(대전측)_콘크리트부,,,0.9881134625850021,../../Data/DJI_20260826094118_0100_V.JPG,../Overlay/SPL/P000413.png,mapped,local_surface_estimate
DJI_20260826094118_0100_V.JPG,P000414,SPL,박락,"[[5277.0,3304.5],[5275.0,3303.5],[5272.0,3303.5],[5269.0,3303.5],[5267.0,3302.5],[5264.5,3302.0],[5262.0,3301.5],[5260.0,3300.5],[5257.0,3300.5],[5255.0,3299.5],[5253.5,3299.0],[5251.0,3298.5],[5249.0,3297.5],[5246.5,3297.0],[5244.0,3296.5],[5242.0,3295.5],[5240.0,3294.5],[5238.0,3293.5],[5236.0,3292.5],[5234.5,3291.0],[5233.0,3289.5],[5231.5,3288.0],[5230.5,3286.0],[5229.5,3284.0],[5228.0,3282.5],[5227.0,3280.5],[5225.5,3279.0],[5224.0,3277.5],[5222.5,3276.0],[5221.0,3274.5],[5219.0,3274.5],[5216.5,3274.0],[5217.0,3271.5],[5218.0,3269.5],[5219.5,3268.0],[5221.0,3266.5],[5221.5,3264.0],[5220.5,3262.0],[5219.5,3260.0],[5219.0,3257.5],[5218.0,3255.5],[5217.5,3253.0],[5216.5,3251.0],[5216.5,3248.0],[5215.5,3246.0],[5214.5,3244.0],[5214.0,3241.5],[5212.5,3240.0],[5211.5,3238.0],[5209.5,3237.0],[5208.5,3236.0],[5207.0,3234.5],[5205.0,3233.5],[5203.0,3232.5],[5201.0,3231.5],[5199.0,3230.5],[5197.0,3229.5],[5195.5,3228.0],[5193.5,3227.0],[5191.0,3226.5],[5189.0,3225.5],[5187.0,3224.5],[5185.0,3223.5],[5182.5,3223.0],[5180.0,3222.5],[5178.0,3221.5],[5176.0,3220.5],[5173.5,3220.0],[5171.5,3219.0],[5170.0,3218.5],[5168.5,3217.0],[5166.5,3216.0],[5165.0,3214.5],[5163.0,3213.5],[5161.5,3212.0],[5160.0,3210.5],[5158.5,3209.0],[5156.5,3208.0],[5155.0,3206.5],[5153.5,3205.0],[5152.0,3203.5],[5150.5,3202.0],[5149.0,3200.5],[5147.0,3199.5],[5144.0,3199.5],[5141.0,3199.5],[5140.0,3197.5],[5138.5,3196.0],[5137.5,3194.0],[5137.0,3192.5],[5136.5,3190.0],[5136.5,3187.0],[5136.5,3184.0],[5135.5,3182.0],[5135.5,3179.0],[5135.5,3176.0],[5134.5,3174.0],[5134.5,3171.0],[5134.5,3168.0],[5133.5,3166.0],[5133.5,3163.0],[5133.0,3160.5],[5132.5,3158.0],[5131.5,3156.0],[5131.5,3153.0],[5130.5,3151.0],[5130.5,3148.0],[5129.5,3146.0],[5129.5,3144.0],[5128.5,3142.0],[5128.5,3139.0],[5127.5,3137.0],[5127.0,3134.5],[5126.5,3132.0],[5125.5,3130.0],[5125.5,3127.0],[5125.5,3124.0],[5127.0,3122.5],[5129.0,3121.5],[5131.0,3122.5],[5134.0,3122.5],[5137.0,3122.5],[5139.0,3123.5],[5142.0,3123.5],[5145.0,3123.5],[5147.0,3124.5],[5150.0,3124.5],[5152.0,3125.5],[5154.0,3125.5],[5156.0,3126.5],[5158.5,3127.0],[5161.0,3127.5],[5163.5,3128.0],[5166.0,3128.5],[5168.5,3129.0],[5171.0,3129.5],[5173.0,3130.5],[5176.0,3130.5],[5178.0,3131.5],[5180.0,3132.5],[5182.0,3133.5],[5184.0,3134.5],[5186.0,3135.5],[5188.0,3136.5],[5190.0,3137.5],[5192.0,3138.5],[5194.0,3139.5],[5196.0,3140.5],[5197.0,3141.5],[5199.0,3142.5],[5201.0,3143.5],[5202.5,3145.0],[5204.0,3146.5],[5206.0,3147.5],[5208.0,3148.5],[5209.5,3150.0],[5211.5,3151.0],[5213.5,3152.0],[5215.5,3153.0],[5217.5,3154.0],[5220.0,3154.5],[5223.0,3154.5],[5226.0,3154.5],[5227.5,3153.0],[5229.0,3151.5],[5230.5,3150.0],[5231.5,3148.0],[5232.0,3146.5],[5233.0,3144.5],[5234.0,3142.5],[5235.0,3140.5],[5235.5,3138.0],[5236.5,3136.0],[5237.5,3134.0],[5238.5,3132.0],[5239.0,3129.5],[5240.0,3127.5],[5240.5,3125.0],[5241.5,3123.0],[5243.0,3121.5],[5246.0,3121.5],[5249.0,3121.5],[5251.5,3122.0],[5254.0,3122.5],[5256.0,3123.5],[5259.0,3123.5],[5262.0,3123.5],[5264.0,3123.5],[5266.0,3124.5],[5269.0,3124.5],[5272.0,3124.5],[5275.0,3124.5],[5277.0,3123.5],[5279.0,3124.5],[5279.5,3127.0],[5279.5,3130.0],[5279.5,3133.0],[5279.5,3136.0],[5279.5,3139.0],[5279.5,3142.0],[5279.5,3145.0],[5279.5,3148.0],[5279.5,3151.0],[5279.5,3154.0],[5279.5,3157.0],[5279.5,3160.0],[5279.5,3162.0],[5279.5,3165.0],[5279.5,3168.0],[5279.5,3171.0],[5279.5,3174.0],[5279.5,3177.0],[5279.5,3180.0],[5279.5,3183.0],[5279.5,3186.0],[5279.5,3189.0],[5279.5,3192.0],[5279.5,3195.0],[5279.5,3198.0],[5279.5,3201.0],[5279.5,3204.0],[5279.5,3207.0],[5279.5,3210.0],[5279.5,3213.0],[5279.5,3216.0],[5279.5,3219.0],[5279.5,3221.0],[5279.5,3224.0],[5279.5,3227.0],[5279.5,3230.0],[5279.5,3233.0],[5279.5,3236.0],[5279.5,3239.0],[5279.5,3242.0],[5279.5,3245.0],[5279.5,3248.0],[5279.5,3251.0],[5279.5,3254.0],[5279.5,3257.0],[5279.5,3260.0],[5279.5,3263.0],[5279.5,3266.0],[5279.5,3269.0],[5279.5,3272.0],[5279.5,3275.0],[5279.5,3278.0],[5279.5,3280.0],[5279.5,3283.0],[5279.5,3286.0],[5279.5,3289.0],[5279.5,3292.0],[5279.5,3295.0],[5279.5,3298.0],[5279.5,3301.0],[5278.0,3302.5],[5277.0,3304.5]]",243109.35148239136,431099.0503692627,106.63846588134766,,,,,0.0007230849,17264,좌안_사력댐_제체,NOF_좌안(대전측)_콘크리트부,,,0.9813612304261926,../../Data/DJI_20260826094118_0100_V.JPG,../Overlay/SPL/P000414.png,mapped,local_surface_estimate
DJI_20260826094118_0100_V.JPG,P000415,SPL,박락,"[[3617.0,3275.5],[3616.0,3275.5],[3615.0,3275.5],[3614.0,3275.5],[3613.0,3275.5],[3612.0,3275.5],[3611.0,3275.5],[3610.5,3275.0],[3610.0,3274.5],[3609.0,3274.5],[3608.5,3274.0],[3608.0,3273.5],[3607.0,3273.5],[3606.5,3273.0],[3606.0,3272.5],[3605.5,3272.0],[3605.0,3271.5],[3604.0,3271.5],[3603.5,3271.0],[3603.5,3270.0],[3603.5,3269.0],[3603.5,3268.0],[3603.5,3267.0],[3603.5,3266.0],[3603.5,3265.0],[3604.0,3264.5],[3605.0,3264.5],[3605.5,3264.0],[3606.0,3263.5],[3606.5,3263.0],[3607.0,3262.5],[3608.0,3262.5],[3608.5,3262.0],[3609.0,3261.5],[3610.0,3261.5],[3611.0,3261.5],[3612.0,3261.5],[3612.5,3262.0],[3613.0,3262.5],[3614.0,3262.5],[3614.5,3263.0],[3615.0,3263.5],[3615.5,3264.0],[3616.0,3264.5],[3616.5,3265.0],[3617.0,3265.5],[3617.5,3266.0],[3617.5,3267.0],[3618.0,3267.5],[3618.5,3268.0],[3618.5,3269.0],[3618.5,3270.0],[3618.5,3271.0],[3618.5,3272.0],[3618.5,3273.0],[3618.5,3274.0],[3618.0,3274.5],[3617.5,3275.0],[3617.0,3275.5]]",243109.24588394165,431099.3598995209,106.63519287109375,,,,,6.0607e-06,165,좌안_사력댐_제체,NOF_좌안(대전측)_콘크리트부,,,0.8091494616233941,../../Data/DJI_20260826094118_0100_V.JPG,../Overlay/SPL/P000415.png,mapped,local_surface_estimate
DJI_20260826094118_0100_V.JPG,P000416,SPL,박락,"[[3790.0,3371.5],[3786.0,3371.5],[3782.0,3371.5],[3778.0,3371.5],[3775.0,3370.5],[3772.0,3370.5],[3768.0,3370.5],[3765.0,3369.5],[3761.0,3369.5],[3758.0,3368.5],[3755.0,3367.5],[3751.0,3367.5],[3748.0,3366.5],[3746.0,3365.5],[3743.5,3364.0],[3740.5,3363.0],[3738.0,3361.5],[3735.5,3360.0],[3733.0,3358.5],[3730.0,3357.5],[3728.0,3355.5],[3725.5,3354.0],[3724.0,3352.5],[3721.0,3351.5],[3719.0,3349.5],[3716.5,3348.0],[3714.0,3346.5],[3711.5,3345.0],[3709.0,3343.5],[3706.5,3342.0],[3704.5,3341.0],[3702.0,3339.5],[3699.0,3338.5],[3696.0,3337.5],[3693.0,3336.5],[3689.0,3336.5],[3686.0,3335.5],[3682.0,3335.5],[3679.0,3336.5],[3676.0,3336.5],[3672.5,3336.0],[3669.0,3335.5],[3665.0,3335.5],[3661.0,3335.5],[3657.5,3335.0],[3654.0,3334.5],[3651.0,3333.5],[3648.0,3333.5],[3645.0,3332.5],[3642.0,3331.5],[3639.5,3330.0],[3636.5,3329.0],[3634.0,3327.5],[3631.0,3326.5],[3628.0,3325.5],[3625.0,3324.5],[3623.0,3323.5],[3620.0,3322.5],[3617.0,3321.5],[3614.0,3320.5],[3611.0,3319.5],[3608.0,3318.5],[3605.0,3317.5],[3602.5,3316.0],[3601.0,3314.5],[3598.5,3313.0],[3596.5,3311.0],[3594.5,3309.0],[3592.5,3307.0],[3589.0,3306.5],[3585.0,3306.5],[3582.0,3307.5],[3578.5,3307.0],[3576.0,3306.5],[3573.0,3305.5],[3570.0,3304.5],[3568.0,3302.5],[3566.5,3300.0],[3565.5,3297.0],[3566.0,3293.5],[3567.5,3291.0],[3568.5,3289.0],[3570.5,3287.0],[3571.5,3284.0],[3572.5,3281.0],[3573.5,3278.0],[3575.5,3276.0],[3576.5,3273.0],[3577.5,3270.0],[3579.5,3269.0],[3580.0,3270.5],[3580.5,3273.0],[3581.5,3276.0],[3582.0,3279.5],[3582.5,3283.0],[3583.5,3286.0],[3583.5,3290.0],[3584.5,3293.0],[3585.5,3295.0],[3586.5,3298.0],[3588.0,3300.5],[3590.5,3302.0],[3593.0,3303.5],[3595.0,3303.5],[3599.0,3303.5],[3603.0,3303.5],[3607.0,3303.5],[3610.0,3303.5],[3614.0,3303.5],[3618.0,3303.5],[3622.0,3303.5],[3625.0,3304.5],[3629.0,3304.5],[3633.0,3304.5],[3637.0,3304.5],[3639.0,3305.5],[3642.5,3306.0],[3646.0,3306.5],[3649.0,3307.5],[3653.0,3307.5],[3657.0,3307.5],[3661.0,3307.5],[3665.0,3307.5],[3668.0,3308.5],[3671.0,3308.5],[3675.0,3308.5],[3678.0,3309.5],[3682.0,3309.5],[3685.0,3310.5],[3689.0,3310.5],[3692.0,3311.5],[3696.0,3311.5],[3698.0,3312.5],[3702.0,3312.5],[3706.0,3312.5],[3709.0,3311.5],[3713.0,3311.5],[3717.0,3311.5],[3721.0,3311.5],[3724.5,3312.0],[3727.5,3313.0],[3730.0,3313.5],[3734.0,3313.5],[3738.0,3313.5],[3742.0,3313.5],[3745.0,3312.5],[3749.0,3312.5],[3753.0,3312.5],[3757.0,3312.5],[3759.0,3313.5],[3762.0,3314.5],[3766.0,3314.5],[3769.0,3315.5],[3773.0,3315.5],[3776.0,3316.5],[3780.0,3316.5],[3784.0,3316.5],[3788.0,3316.5],[3791.0,3316.5],[3794.0,3315.5],[3798.0,3315.5],[3802.0,3315.5],[3806.0,3315.5],[3809.0,3316.5],[3813.0,3316.5],[3817.0,3316.5],[3820.0,3316.5],[3823.0,3317.5],[3827.0,3317.5],[3831.0,3317.5],[3835.0,3317.5],[3838.0,3318.5],[3840.0,3316.5],[3844.0,3316.5],[3848.0,3316.5],[3851.0,3316.5],[3854.0,3317.5],[3858.0,3317.5],[3861.5,3318.0],[3865.0,3318.5],[3869.0,3318.5],[3872.0,3319.5],[3876.0,3319.5],[3879.0,3319.5],[3883.0,3319.5],[3887.0,3319.5],[3890.0,3320.5],[3894.0,3320.5],[3898.0,3320.5],[3902.0,3320.5],[3906.0,3320.5],[3910.0,3320.5],[3913.0,3320.5],[3916.0,3321.5],[3920.0,3321.5],[3923.5,3322.0],[3927.0,3322.5],[3930.0,3321.5],[3933.0,3320.5],[3936.0,3319.5],[3938.0,3318.5],[3939.5,3321.0],[3941.5,3323.0],[3942.5,3326.0],[3942.5,3330.0],[3942.5,3334.0],[3942.5,3338.0],[3941.5,3341.0],[3940.0,3343.5],[3939.0,3345.5],[3937.0,3347.5],[3935.0,3349.5],[3932.5,3351.0],[3930.0,3352.5],[3927.0,3353.5],[3924.0,3354.5],[3921.0,3355.5],[3919.0,3356.5],[3916.0,3357.5],[3913.5,3359.0],[3911.0,3360.5],[3908.5,3362.0],[3906.5,3364.0],[3904.0,3365.5],[3902.0,3367.5],[3899.0,3368.5],[3897.0,3369.5],[3894.0,3370.5],[3890.0,3370.5],[3886.0,3370.5],[3882.0,3370.5],[3879.0,3369.5],[3875.0,3369.5],[3871.0,3369.5],[3868.0,3369.5],[3864.0,3369.5],[3860.0,3369.5],[3856.0,3369.5],[3852.0,3369.5],[3848.0,3369.5],[3844.0,3369.5],[3840.0,3369.5],[3837.0,3368.5],[3834.0,3368.5],[3830.0,3368.5],[3826.0,3368.5],[3822.0,3368.5],[3818.0,3368.5],[3815.0,3369.5],[3811.0,3369.5],[3807.0,3369.5],[3804.5,3370.0],[3801.0,3370.5],[3797.0,3370.5],[3793.0,3370.5],[3790.0,3371.5]]",243109.2566795349,431099.32825279236,106.62136459350586,,,,,0.0005336192,14329,좌안_사력댐_제체,NOF_좌안(대전측)_콘크리트부,,,0.9767191645962485,../../Data/DJI_20260826094118_0100_V.JPG,../Overlay/SPL/P000416.png,mapped,local_surface_estimate
DJI_20260826094118_0100_V.JPG,P000417,SPL,박락,"[[3786.0,3287.5],[3785.0,3287.5],[3784.5,3287.0],[3784.0,3286.5],[3783.0,3286.5],[3782.0,3286.5],[3781.0,3286.5],[3780.0,3286.5],[3779.5,3286.0],[3779.5,3285.0],[3780.0,3284.5],[3780.5,3284.0],[3780.5,3283.0],[3781.0,3282.5],[3782.0,3282.5],[3782.5,3282.0],[3783.0,3281.5],[3784.0,3281.5],[3785.0,3281.5],[3786.0,3281.5],[3786.5,3282.0],[3787.0,3282.5],[3787.5,3283.0],[3787.5,3284.0],[3788.0,3284.5],[3789.0,3284.5],[3790.0,3284.5],[3790.5,3285.0],[3790.5,3286.0],[3790.0,3286.5],[3789.0,3286.5],[3788.0,3286.5],[3787.0,3286.5],[3786.5,3287.0],[3786.0,3287.5]]",243109.25687026978,431099.3276939392,106.63101959228516,,,,,1.5674e-06,42,좌안_사력댐_제체,NOF_좌안(대전측)_콘크리트부,,,0.6013446776639848,../../Data/DJI_20260826094118_0100_V.JPG,../Overlay/SPL/P000417.png,mapped,local_surface_estimate
DJI_20260826094118_0100_V.JPG,P000418,SPL,박락,"[[3930.0,3292.5],[3929.5,3292.0],[3929.5,3291.0],[3929.0,3290.5],[3928.5,3290.0],[3928.5,3289.0],[3928.5,3288.0],[3928.5,3287.0],[3928.5,3286.0],[3928.5,3285.0],[3929.0,3284.5],[3930.0,3284.5],[3930.5,3285.0],[3930.5,3286.0],[3930.5,3287.0],[3930.5,3288.0],[3931.0,3288.5],[3931.5,3289.0],[3931.5,3290.0],[3931.5,3291.0],[3931.0,3291.5],[3930.5,3292.0],[3930.0,3292.5]]",243109.26610565186,431099.3006248474,106.62948226928711,,,,,6.388e-07,17,좌안_사력댐_제체,NOF_좌안(대전측)_콘크리트부,,,0.6074558671782998,../../Data/DJI_20260826094118_0100_V.JPG,../Overlay/SPL/P000418.png,mapped,local_surface_estimate
DJI_20260826094118_0100_V.JPG,P000419,SPL,박락,"[[3934.0,3298.5],[3933.0,3298.5],[3932.5,3298.0],[3932.5,3297.0],[3932.5,3296.0],[3932.5,3295.0],[3933.0,3294.5],[3933.5,3295.0],[3933.5,3296.0],[3934.0,3296.5],[3934.5,3297.0],[3934.5,3298.0],[3934.0,3298.5]]",243109.26629638672,431099.3000640869,106.62774658203125,,,,,2.266e-07,6,좌안_사력댐_제체,NOF_좌안(대전측)_콘크리트부,,,0.5218658248583475,../../Data/DJI_20260826094118_0100_V.JPG,../Overlay/SPL/P000419.png,mapped,local_surface_estimate
DJI_20260826094118_0100_V.JPG,P000420,SPL,박락,"[[575.0,3444.5],[574.0,3444.5],[573.0,3444.5],[572.0,3444.5],[571.0,3444.5],[570.0,3444.5],[569.5,3444.0],[570.0,3443.5],[571.0,3443.5],[572.0,3443.5],[573.0,3443.5],[574.0,3443.5],[575.0,3443.5],[575.5,3444.0],[575.0,3444.5]]",243109.0692138672,431099.8777561188,106.6229248046875,,,,,1.74e-07,6,좌안_사력댐_제체,NOF_좌안(대전측)_콘크리트부,,,0.514711543917656,../../Data/DJI_20260826094118_0100_V.JPG,../Overlay/SPL/P000420.png,mapped,local_surface_estimate
DJI_20260826094118_0100_V.JPG,P000421,SPL,박락,"[[4410.0,3549.5],[4408.0,3549.5],[4407.5,3549.0],[4406.0,3548.5],[4404.0,3548.5],[4403.0,3548.5],[4401.0,3548.5],[4400.5,3548.0],[4399.0,3547.5],[4397.5,3547.0],[4397.0,3546.5],[4395.0,3546.5],[4393.0,3546.5],[4392.5,3546.0],[4391.0,3545.5],[4390.0,3545.5],[4389.0,3544.5],[4387.5,3544.0],[4387.0,3543.5],[4386.0,3542.5],[4385.0,3541.5],[4384.0,3541.5],[4383.0,3540.5],[4382.0,3539.5],[4381.5,3539.0],[4380.5,3538.0],[4380.0,3537.5],[4379.0,3536.5],[4377.5,3536.0],[4377.0,3535.5],[4376.0,3534.5],[4374.5,3534.0],[4374.0,3533.5],[4372.5,3533.0],[4372.0,3532.5],[4370.5,3532.0],[4369.0,3531.5],[4368.5,3531.0],[4367.0,3530.5],[4366.0,3529.5],[4365.0,3529.5],[4364.0,3528.5],[4362.0,3528.5],[4361.5,3528.0],[4360.0,3527.5],[4359.0,3527.5],[4358.0,3526.5],[4356.0,3526.5],[4355.0,3526.5],[4353.0,3526.5],[4351.5,3527.0],[4351.0,3527.5],[4349.0,3527.5],[4348.0,3527.5],[4346.0,3527.5],[4344.0,3527.5],[4343.0,3527.5],[4342.0,3528.5],[4340.0,3528.5],[4339.0,3528.5],[4337.0,3528.5],[4335.5,3528.0],[4335.0,3527.5],[4333.0,3527.5],[4332.0,3527.5],[4330.0,3527.5],[4328.5,3527.0],[4328.0,3526.5],[4326.5,3526.0],[4325.5,3525.0],[4325.0,3524.5],[4324.0,3523.5],[4323.5,3523.0],[4323.5,3521.0],[4322.5,3520.0],[4322.5,3519.0],[4322.0,3517.5],[4321.5,3516.0],[4321.5,3515.0],[4321.5,3513.0],[4320.5,3512.0],[4320.5,3511.0],[4320.5,3509.0],[4320.5,3508.0],[4320.5,3506.0],[4319.5,3505.0],[4319.5,3504.0],[4319.5,3502.0],[4319.0,3500.5],[4318.5,3500.0],[4318.5,3498.0],[4318.5,3497.0],[4318.5,3495.0],[4317.5,3494.0],[4317.5,3493.0],[4317.5,3491.0],[4317.5,3489.0],[4317.5,3488.0],[4317.5,3486.0],[4316.5,3485.0],[4316.5,3484.0],[4316.5,3482.0],[4316.5,3481.0],[4315.5,3480.0],[4315.5,3478.0],[4315.5,3477.0],[4314.5,3476.0],[4314.5,3474.0],[4314.0,3473.5],[4313.5,3472.0],[4313.5,3471.0],[4314.0,3469.5],[4315.0,3468.5],[4316.0,3468.5],[4317.0,3467.5],[4319.0,3467.5],[4320.0,3467.5],[4322.0,3467.5],[4323.0,3466.5],[4324.0,3466.5],[4326.0,3466.5],[4327.0,3466.5],[4328.0,3467.5],[4330.0,3467.5],[4331.0,3467.5],[4333.0,3467.5],[4334.0,3468.5],[4335.0,3468.5],[4337.0,3468.5],[4338.0,3468.5],[4339.0,3469.5],[4341.0,3469.5],[4342.0,3469.5],[4344.0,3469.5],[4346.0,3469.5],[4347.0,3469.5],[4349.0,3469.5],[4350.0,3469.5],[4352.0,3469.5],[4354.0,3469.5],[4354.5,3469.0],[4356.0,3468.5],[4357.0,3467.5],[4358.0,3467.5],[4359.0,3466.5],[4360.0,3465.5],[4361.0,3465.5],[4362.0,3464.5],[4362.5,3464.0],[4363.5,3463.0],[4364.5,3462.0],[4365.0,3461.5],[4366.0,3460.5],[4367.5,3460.0],[4368.0,3459.5],[4369.0,3458.5],[4369.5,3458.0],[4371.0,3457.5],[4372.0,3456.5],[4372.5,3456.0],[4374.0,3455.5],[4375.0,3456.5],[4376.0,3456.5],[4377.0,3457.5],[4378.0,3458.5],[4378.5,3459.0],[4378.5,3461.0],[4379.0,3461.5],[4379.5,3463.0],[4380.0,3464.5],[4380.5,3465.0],[4380.5,3467.0],[4381.5,3468.0],[4381.5,3469.0],[4382.0,3470.5],[4382.5,3471.0],[4382.5,3473.0],[4383.5,3474.0],[4383.5,3475.0],[4383.5,3477.0],[4384.5,3478.0],[4384.5,3479.0],[4385.5,3480.0],[4386.0,3481.5],[4386.5,3482.0],[4387.5,3483.0],[4388.0,3483.5],[4389.0,3484.5],[4390.0,3485.5],[4391.0,3485.5],[4392.0,3486.5],[4394.0,3486.5],[4395.0,3486.5],[4397.0,3486.5],[4398.0,3486.5],[4399.0,3485.5],[4401.0,3485.5],[4401.5,3485.0],[4403.0,3484.5],[4404.5,3484.0],[4405.0,3483.5],[4407.0,3483.5],[4408.5,3483.0],[4409.0,3482.5],[4411.0,3482.5],[4411.5,3483.0],[4413.0,3483.5],[4414.5,3484.0],[4415.0,3484.5],[4415.5,3486.0],[4415.0,3487.5],[4414.5,3488.0],[4414.0,3489.5],[4413.5,3490.0],[4413.0,3491.5],[4412.5,3493.0],[4412.5,3494.0],[4411.5,3495.0],[4411.5,3497.0],[4411.0,3497.5],[4410.5,3499.0],[4410.5,3501.0],[4410.5,3502.0],[4410.5,3504.0],[4410.5,3505.0],[4410.5,3507.0],[4410.5,3509.0],[4410.5,3510.0],[4410.5,3512.0],[4411.5,3513.0],[4411.5,3514.0],[4411.5,3516.0],[4411.5,3517.0],[4412.0,3518.5],[4412.5,3520.0],[4412.5,3521.0],[4412.5,3523.0],[4413.5,3524.0],[4413.5,3525.0],[4413.5,3527.0],[4413.5,3529.0],[4413.5,3530.0],[4413.5,3532.0],[4413.5,3533.0],[4413.5,3535.0],[4413.0,3536.5],[4412.5,3537.0],[4412.5,3539.0],[4412.5,3541.0],[4412.5,3542.0],[4412.5,3544.0],[4412.5,3545.0],[4412.0,3546.5],[4411.5,3548.0],[4411.0,3548.5],[4410.0,3549.5]]",243109.29431152344,431099.2179450989,106.58526992797852,,,,,0.0002321042,5925,좌안_사력댐_제체,NOF_좌안(대전측)_콘크리트부,,,0.9722512000170438,../../Data/DJI_20260826094118_0100_V.JPG,../Overlay/SPL/P000421.png,mapped,local_surface_estimate
DJI_20260826094549_0300_V.JPG,P000452,SPL,박락,"[[4181.0,333.5],[4176.0,332.5],[4171.0,330.5],[4166.0,329.5],[4160.0,328.5],[4155.0,327.5],[4149.0,326.5],[4144.5,325.0],[4139.5,323.0],[4134.5,322.0],[4128.0,321.5],[4122.0,321.5],[4115.5,321.0],[4111.5,319.0],[4108.5,315.0],[4106.5,311.0],[4104.0,306.5],[4101.5,303.0],[4097.5,300.0],[4093.0,298.5],[4088.0,296.5],[4083.0,295.5],[4077.0,294.5],[4072.0,293.5],[4066.0,294.5],[4062.0,296.5],[4057.0,298.5],[4054.0,301.5],[4051.0,305.5],[4048.0,308.5],[4044.0,305.5],[4042.0,301.5],[4039.5,297.0],[4037.5,293.0],[4035.5,288.0],[4033.5,284.0],[4030.5,280.0],[4028.0,276.5],[4025.0,273.5],[4021.0,270.5],[4017.5,268.0],[4014.0,264.5],[4011.5,261.0],[4009.5,256.0],[4009.5,250.0],[4008.5,244.0],[4006.5,240.0],[4005.5,234.0],[4003.5,230.0],[4001.5,225.0],[4000.5,220.0],[3999.5,214.0],[4001.5,210.0],[4002.5,204.0],[4003.5,199.0],[4004.5,193.0],[4003.5,188.0],[4002.0,182.5],[4000.5,178.0],[3999.5,172.0],[3997.5,168.0],[3997.5,163.0],[3996.5,158.0],[3995.5,152.0],[3994.5,147.0],[3995.5,141.0],[3995.5,135.0],[3994.5,129.0],[3992.5,125.0],[3991.5,119.0],[3991.5,113.0],[3991.5,106.0],[3990.5,101.0],[3989.5,96.0],[3987.5,91.0],[3985.5,87.0],[3982.5,83.0],[3980.0,79.5],[3976.5,76.0],[3973.0,73.5],[3968.5,71.0],[3967.5,66.0],[3967.5,59.0],[3967.5,53.0],[3967.5,46.0],[3967.5,40.0],[3967.5,33.0],[3967.5,27.0],[3970.0,22.5],[3972.0,18.5],[3974.5,14.0],[3977.0,10.5],[3981.5,8.0],[3985.5,6.0],[3981.0,3.5],[3978.0,0.5],[3983.0,-0.5],[3989.0,-0.5],[3996.0,-0.5],[4002.0,-0.5],[4009.0,-0.5],[4015.0,-0.5],[4022.0,-0.5],[4028.0,-0.5],[4035.0,-0.5],[4041.0,-0.5],[4048.0,-0.5],[4054.0,-0.5],[4061.0,-0.5],[4067.0,-0.5],[4073.0,-0.5],[4080.0,-0.5],[4086.0,-0.5],[4093.0,-0.5],[4099.0,-0.5],[4106.0,-0.5],[4112.0,-0.5],[4107.0,0.5],[4102.0,1.5],[4100.0,5.5],[4104.5,7.0],[4109.0,9.5],[4109.5,15.0],[4108.5,21.0],[4109.5,26.0],[4111.5,31.0],[4112.5,36.0],[4111.5,42.0],[4110.5,47.0],[4109.5,53.0],[4109.5,57.0],[4107.5,62.0],[4106.5,67.0],[4104.5,72.0],[4102.0,75.5],[4098.0,78.5],[4094.0,80.5],[4089.5,83.0],[4089.5,87.0],[4092.5,91.0],[4097.0,92.5],[4103.0,91.5],[4106.5,89.0],[4110.5,86.0],[4114.5,84.0],[4120.0,82.5],[4124.0,80.5],[4127.5,78.0],[4129.0,73.5],[4127.0,69.5],[4127.0,63.5],[4128.5,59.0],[4130.5,54.0],[4134.0,51.5],[4139.0,49.5],[4143.0,47.5],[4150.0,47.5],[4155.0,48.5],[4162.0,48.5],[4165.0,45.5],[4167.5,41.0],[4168.0,36.5],[4167.0,30.5],[4166.5,25.0],[4167.0,18.5],[4170.0,15.5],[4175.0,13.5],[4178.5,16.0],[4180.5,21.0],[4180.5,27.0],[4179.5,33.0],[4178.5,38.0],[4179.5,44.0],[4181.0,48.5],[4184.0,52.5],[4188.0,54.5],[4194.0,55.5],[4199.0,56.5],[4204.5,58.0],[4209.0,59.5],[4215.0,60.5],[4220.0,59.5],[4223.5,57.0],[4223.5,63.0],[4224.0,68.5],[4228.0,65.5],[4232.0,63.5],[4236.5,61.0],[4242.0,60.5],[4249.0,60.5],[4253.0,58.5],[4259.0,57.5],[4263.5,59.0],[4265.5,64.0],[4265.5,68.0],[4264.5,74.0],[4262.5,78.0],[4259.5,82.0],[4258.0,86.5],[4255.5,91.0],[4254.0,95.5],[4252.0,100.5],[4250.5,105.0],[4247.5,109.0],[4245.0,112.5],[4241.0,115.5],[4237.0,117.5],[4232.5,120.0],[4229.0,122.5],[4225.0,125.5],[4223.0,129.5],[4220.0,133.5],[4217.5,137.0],[4215.5,142.0],[4214.5,147.0],[4215.5,153.0],[4218.0,156.5],[4221.5,160.0],[4223.5,164.0],[4225.0,168.5],[4225.5,173.0],[4224.0,177.5],[4223.5,184.0],[4223.5,190.0],[4223.5,197.0],[4223.5,203.0],[4223.5,210.0],[4223.5,216.0],[4223.5,223.0],[4223.5,229.0],[4223.5,234.0],[4223.5,240.0],[4226.5,244.0],[4229.5,247.0],[4231.5,252.0],[4232.5,257.0],[4233.0,263.5],[4232.5,268.0],[4231.5,274.0],[4230.0,278.5],[4227.0,282.5],[4224.5,286.0],[4223.5,292.0],[4221.5,296.0],[4218.5,300.0],[4216.5,304.0],[4213.5,308.0],[4210.0,310.5],[4206.0,313.5],[4202.0,315.5],[4198.0,318.5],[4195.0,321.5],[4192.0,325.5],[4189.0,328.5],[4185.0,331.5],[4181.0,333.5]]",243118.98918914795,431070.80016326904,105.57638168334961,,,,,0.0073823323,66724,좌안_사력댐_제체,NOF_좌안(대전측)_콘크리트부,,,0.9688648936605541,../../Data/DJI_20260826094549_0300_V.JPG,../Overlay/SPL/P000452.png,mapped,local_surface_estimate
DJI_20260826094549_0300_V.JPG,P000453,SPL,박락,"[[3978.0,164.5],[3977.0,164.5],[3976.0,164.5],[3975.0,164.5],[3974.0,164.5],[3973.5,164.0],[3973.0,163.5],[3972.0,163.5],[3971.5,163.0],[3971.0,162.5],[3970.5,162.0],[3970.0,161.5],[3969.5,161.0],[3969.0,160.5],[3968.5,160.0],[3968.5,159.0],[3968.0,158.5],[3967.5,158.0],[3967.5,157.0],[3967.5,156.0],[3967.5,155.0],[3967.5,154.0],[3967.5,153.0],[3967.5,152.0],[3968.0,151.5],[3968.5,151.0],[3968.5,150.0],[3969.0,149.5],[3969.5,149.0],[3970.0,148.5],[3970.5,148.0],[3971.0,147.5],[3971.5,147.0],[3972.0,146.5],[3972.5,146.0],[3973.0,145.5],[3974.0,145.5],[3975.0,145.5],[3975.5,145.0],[3976.0,144.5],[3977.0,144.5],[3978.0,144.5],[3979.0,144.5],[3980.0,144.5],[3981.0,144.5],[3982.0,144.5],[3983.0,144.5],[3984.0,144.5],[3984.5,145.0],[3985.0,145.5],[3986.0,145.5],[3986.5,146.0],[3987.0,146.5],[3987.5,147.0],[3988.0,147.5],[3988.5,148.0],[3989.0,148.5],[3990.0,148.5],[3990.5,149.0],[3990.5,150.0],[3990.5,151.0],[3991.0,151.5],[3991.5,152.0],[3991.5,153.0],[3991.0,153.5],[3990.5,154.0],[3990.0,154.5],[3989.5,155.0],[3989.5,156.0],[3989.0,156.5],[3988.5,157.0],[3988.5,158.0],[3988.0,158.5],[3987.5,159.0],[3987.0,159.5],[3986.5,160.0],[3986.0,160.5],[3985.0,160.5],[3984.5,161.0],[3984.0,161.5],[3983.5,162.0],[3983.0,162.5],[3982.0,162.5],[3981.5,163.0],[3981.0,163.5],[3980.0,163.5],[3979.0,163.5],[3978.5,164.0],[3978.0,164.5]]",243118.9752960205,431070.84088897705,105.57858657836914,,,,,3.98439e-05,359,좌안_사력댐_제체,NOF_좌안(대전측)_콘크리트부,,,0.8507760410355326,../../Data/DJI_20260826094549_0300_V.JPG,../Overlay/SPL/P000453.png,mapped,local_surface_estimate
DJI_20260826094549_0300_V.JPG,P000454,SPL,박락,"[[422.0,418.5],[421.0,417.5],[419.0,416.5],[418.0,415.5],[416.5,414.0],[415.5,413.0],[415.0,411.5],[413.5,410.0],[412.5,409.0],[411.5,407.0],[410.5,406.0],[410.0,404.5],[408.5,403.0],[408.0,401.5],[407.0,400.5],[405.5,399.0],[404.5,398.0],[403.0,396.5],[402.0,395.5],[401.0,394.5],[399.5,393.0],[398.5,392.0],[397.5,390.0],[396.5,389.0],[396.5,387.0],[397.5,385.0],[398.5,384.0],[396.0,383.5],[394.0,383.5],[392.0,383.5],[389.0,383.5],[387.0,383.5],[384.0,383.5],[383.5,385.0],[383.5,387.0],[383.5,390.0],[383.5,392.0],[383.5,395.0],[383.5,397.0],[383.0,398.5],[380.0,398.5],[379.0,399.5],[377.0,399.5],[375.0,400.5],[373.0,400.5],[371.0,401.5],[369.0,401.5],[367.0,401.5],[364.5,401.0],[363.0,400.5],[360.5,400.0],[359.0,399.5],[357.5,399.0],[355.0,398.5],[354.0,397.5],[352.5,396.0],[351.5,395.0],[350.0,394.5],[348.5,393.0],[348.0,391.5],[347.0,389.5],[346.5,388.0],[346.0,386.5],[345.5,384.0],[344.0,383.5],[342.0,383.5],[340.5,382.0],[341.5,381.0],[341.5,378.0],[341.5,376.0],[341.5,374.0],[341.0,371.5],[340.5,370.0],[339.5,368.0],[339.5,366.0],[338.5,365.0],[338.0,362.5],[337.5,361.0],[336.5,359.0],[336.5,357.0],[336.5,355.0],[336.5,352.0],[336.5,350.0],[337.5,348.0],[337.5,346.0],[337.5,344.0],[338.0,341.5],[338.5,340.0],[338.5,337.0],[339.5,336.0],[339.5,334.0],[340.5,332.0],[341.5,331.0],[342.0,329.5],[344.0,328.5],[345.5,328.0],[347.5,327.0],[349.0,326.5],[350.5,326.0],[353.0,325.5],[354.0,324.5],[357.0,324.5],[359.0,324.5],[360.5,324.0],[363.0,323.5],[365.0,323.5],[367.5,323.0],[369.0,322.5],[371.0,322.5],[373.5,322.0],[375.0,321.5],[377.0,320.5],[379.0,320.5],[380.0,319.5],[382.5,319.0],[384.0,318.5],[386.0,318.5],[389.0,318.5],[391.0,318.5],[394.0,318.5],[395.0,317.5],[397.0,317.5],[399.0,316.5],[401.0,316.5],[403.0,315.5],[404.0,314.5],[406.0,314.5],[408.0,313.5],[409.0,312.5],[411.0,311.5],[412.5,311.0],[414.0,310.5],[416.0,309.5],[417.0,308.5],[419.5,308.0],[421.0,307.5],[423.0,307.5],[425.5,307.0],[427.0,306.5],[430.0,306.5],[431.0,305.5],[433.0,305.5],[435.5,305.0],[437.0,304.5],[439.0,304.5],[442.0,304.5],[444.0,304.5],[447.0,304.5],[448.0,305.5],[450.0,305.5],[452.0,306.5],[454.0,306.5],[455.5,308.0],[457.0,308.5],[458.0,309.5],[460.0,310.5],[461.5,311.0],[463.5,312.0],[465.0,312.5],[466.0,313.5],[468.0,314.5],[470.0,314.5],[472.0,315.5],[474.0,315.5],[476.0,315.5],[479.0,315.5],[481.0,315.5],[482.5,316.0],[485.0,316.5],[487.0,316.5],[489.0,317.5],[490.0,318.5],[491.0,319.5],[492.0,321.5],[492.5,323.0],[493.5,325.0],[493.5,327.0],[493.5,329.0],[494.5,331.0],[494.5,333.0],[494.5,336.0],[494.5,338.0],[494.5,340.0],[494.5,343.0],[494.5,345.0],[493.5,347.0],[493.5,349.0],[492.5,350.0],[492.0,352.5],[491.5,354.0],[490.5,356.0],[490.0,357.5],[489.5,359.0],[489.5,362.0],[489.5,364.0],[489.5,366.0],[489.5,369.0],[489.5,371.0],[489.5,374.0],[489.5,376.0],[489.5,378.0],[489.5,381.0],[489.0,382.5],[487.0,383.5],[485.0,383.5],[483.0,383.5],[481.5,385.0],[480.0,385.5],[478.5,387.0],[477.5,388.0],[476.5,389.0],[475.0,390.5],[474.0,391.5],[471.5,392.0],[471.0,393.5],[470.0,394.5],[469.0,396.5],[468.0,397.5],[466.5,398.0],[465.0,399.5],[464.0,400.5],[462.5,402.0],[461.5,403.0],[460.0,403.5],[457.5,404.0],[456.5,404.0],[454.0,403.5],[452.5,403.0],[451.5,402.0],[450.5,400.0],[451.0,398.5],[450.5,397.0],[449.0,396.5],[448.0,395.5],[445.5,395.0],[444.0,394.5],[441.5,395.0],[440.0,395.5],[438.0,395.5],[436.0,396.5],[434.5,397.0],[433.5,399.0],[433.5,401.0],[434.5,402.0],[434.5,405.0],[434.0,406.5],[433.5,408.0],[432.5,410.0],[432.0,411.5],[430.5,413.0],[429.5,414.0],[428.0,414.5],[426.5,416.0],[425.5,417.0],[423.0,417.5],[422.0,418.5]]",243118.5849647522,431071.98503112793,105.5245132446289,,,,,0.0014877322,12498,좌안_사력댐_제체,NOF_좌안(대전측)_콘크리트부,,,0.8967392065392854,../../Data/DJI_20260826094549_0300_V.JPG,../Overlay/SPL/P000454.png,mapped,local_surface_estimate
DJI_20260826094549_0300_V.JPG,P000455,SPL,박락,"[[4114.0,971.5],[4111.0,971.5],[4109.0,970.5],[4106.0,970.5],[4103.0,970.5],[4100.0,970.5],[4097.0,970.5],[4095.0,971.5],[4091.0,971.5],[4089.0,970.5],[4086.0,970.5],[4083.5,970.0],[4081.0,969.5],[4079.0,968.5],[4076.5,968.0],[4074.0,967.5],[4071.0,967.5],[4068.0,967.5],[4065.0,967.5],[4063.5,969.0],[4061.0,969.5],[4058.0,969.5],[4056.0,970.5],[4052.5,970.0],[4051.5,968.0],[4050.5,966.0],[4051.0,963.5],[4051.5,961.0],[4052.5,959.0],[4053.5,957.0],[4054.0,954.5],[4055.0,952.5],[4056.0,950.5],[4057.0,948.5],[4058.5,947.0],[4059.5,945.0],[4060.5,943.0],[4061.5,941.0],[4062.0,937.5],[4062.5,935.0],[4062.5,932.0],[4061.5,930.0],[4060.5,928.0],[4059.5,926.0],[4058.0,924.5],[4057.0,922.5],[4056.0,920.5],[4055.0,918.5],[4053.5,917.0],[4052.5,915.0],[4050.5,914.0],[4049.0,912.5],[4047.5,911.0],[4045.5,909.0],[4044.0,907.5],[4042.5,906.0],[4041.0,904.5],[4040.0,902.5],[4038.5,901.0],[4037.5,899.0],[4036.5,897.0],[4035.0,895.5],[4032.5,895.0],[4033.0,893.5],[4031.5,892.0],[4029.5,891.0],[4028.5,889.0],[4027.5,887.0],[4027.0,883.5],[4026.5,881.0],[4025.5,879.0],[4024.5,877.0],[4023.5,875.0],[4022.5,873.0],[4021.0,871.5],[4020.0,869.5],[4018.5,868.0],[4017.5,866.0],[4016.5,864.0],[4016.0,861.5],[4015.5,859.0],[4015.5,856.0],[4014.5,854.0],[4014.5,850.0],[4015.0,847.5],[4015.5,845.0],[4015.0,842.5],[4014.5,840.0],[4014.5,837.0],[4014.5,834.0],[4013.5,832.0],[4012.5,830.0],[4011.5,828.0],[4011.0,825.5],[4010.5,823.0],[4009.5,821.0],[4009.5,818.0],[4010.0,815.5],[4011.0,812.5],[4012.0,810.5],[4013.0,808.5],[4015.0,807.5],[4017.5,808.0],[4018.5,810.0],[4019.5,812.0],[4020.5,814.0],[4022.0,815.5],[4023.0,817.5],[4024.5,819.0],[4026.0,820.5],[4028.0,821.5],[4030.0,822.5],[4033.0,822.5],[4036.5,822.0],[4039.0,821.5],[4041.0,820.5],[4043.0,819.5],[4045.5,819.0],[4047.5,818.0],[4050.0,817.5],[4052.0,816.5],[4055.0,816.5],[4057.0,815.5],[4059.5,815.0],[4062.0,814.5],[4064.0,813.5],[4066.0,812.5],[4067.5,811.0],[4070.0,809.5],[4071.5,808.0],[4072.5,806.0],[4073.0,803.5],[4073.5,801.0],[4072.5,799.0],[4071.0,797.5],[4069.0,796.5],[4067.0,795.5],[4065.5,794.0],[4064.0,792.5],[4062.5,791.0],[4061.5,789.0],[4062.5,787.0],[4063.5,785.0],[4065.0,782.5],[4067.0,781.5],[4070.0,781.5],[4072.0,782.5],[4074.0,783.5],[4076.0,784.5],[4078.5,785.0],[4081.0,785.5],[4083.0,786.5],[4085.0,787.5],[4087.5,788.0],[4089.5,789.0],[4091.5,790.0],[4094.0,790.5],[4096.0,791.5],[4099.0,792.5],[4102.0,792.5],[4104.0,793.5],[4106.0,794.5],[4108.0,795.5],[4110.0,796.5],[4112.0,797.5],[4115.0,797.5],[4117.0,798.5],[4120.0,798.5],[4122.0,799.5],[4125.0,799.5],[4128.0,799.5],[4131.0,799.5],[4134.0,799.5],[4138.0,799.5],[4140.0,800.5],[4142.5,801.0],[4144.0,802.5],[4145.0,804.5],[4145.5,807.0],[4145.5,810.0],[4145.0,812.5],[4144.5,815.0],[4143.5,817.0],[4143.0,819.5],[4142.0,821.5],[4141.0,823.5],[4140.0,825.5],[4139.0,827.5],[4137.5,830.0],[4136.0,831.5],[4134.5,833.0],[4133.0,834.5],[4131.5,836.0],[4130.0,837.5],[4128.5,839.0],[4127.0,840.5],[4125.0,841.5],[4123.5,843.0],[4122.0,844.5],[4120.5,846.0],[4119.5,848.0],[4118.5,850.0],[4117.0,851.5],[4115.5,854.0],[4114.0,855.5],[4112.5,857.0],[4111.0,858.5],[4110.0,860.5],[4108.5,862.0],[4108.5,865.0],[4107.5,867.0],[4108.0,869.5],[4108.5,872.0],[4109.5,874.0],[4110.0,876.5],[4111.0,878.5],[4112.5,880.0],[4113.5,882.0],[4115.0,884.5],[4116.0,886.5],[4117.0,888.5],[4118.0,890.5],[4118.5,893.0],[4119.0,895.5],[4121.5,896.0],[4122.5,898.0],[4122.5,901.0],[4122.5,904.0],[4123.5,906.0],[4123.5,909.0],[4124.5,911.0],[4124.5,914.0],[4125.0,916.5],[4125.5,920.0],[4125.5,923.0],[4125.5,926.0],[4125.5,929.0],[4125.5,932.0],[4125.5,935.0],[4126.0,937.5],[4126.5,940.0],[4126.5,943.0],[4126.5,946.0],[4126.5,949.0],[4126.5,952.0],[4126.5,955.0],[4127.5,957.0],[4126.5,959.0],[4125.0,961.5],[4123.5,963.0],[4122.0,964.5],[4120.5,966.0],[4119.0,967.5],[4118.0,969.5],[4116.0,970.5],[4114.0,971.5]]",243118.98609161377,431070.80924224854,105.33770751953125,,,,,0.001682374,15231,좌안_사력댐_제체,NOF_좌안(대전측)_콘크리트부,,,0.9800129944755653,../../Data/DJI_20260826094549_0300_V.JPG,../Overlay/SPL/P000455.png,mapped,local_surface_estimate
DJI_20260826094549_0300_V.JPG,P000456,SPL,박락,"[[2138.0,1685.5],[2133.5,1682.0],[2134.5,1675.0],[2130.0,1669.5],[2124.5,1665.0],[2117.5,1662.0],[2110.5,1659.0],[2103.0,1656.5],[2098.0,1661.5],[2090.0,1663.5],[2086.0,1669.5],[2080.0,1673.5],[2071.0,1674.5],[2063.0,1672.5],[2058.0,1667.5],[2053.0,1662.5],[2048.5,1657.0],[2048.5,1647.0],[2050.5,1639.0],[2050.0,1629.5],[2048.5,1621.0],[2047.5,1612.0],[2048.5,1603.0],[2050.5,1595.0],[2052.5,1587.0],[2055.5,1580.0],[2059.5,1574.0],[2061.5,1566.0],[2065.0,1559.5],[2070.0,1554.5],[2074.5,1549.0],[2076.5,1541.0],[2072.0,1535.5],[2062.0,1535.5],[2055.0,1532.5],[2051.0,1526.5],[2049.5,1518.0],[2050.5,1509.0],[2053.0,1501.5],[2056.0,1494.5],[2061.0,1489.5],[2063.5,1482.0],[2060.0,1475.5],[2054.0,1471.5],[2049.0,1466.5],[2047.5,1458.0],[2048.5,1449.0],[2047.5,1440.0],[2046.5,1431.0],[2043.5,1424.0],[2041.5,1418.0],[2041.5,1412.0],[2042.5,1407.0],[2043.0,1401.5],[2041.5,1394.0],[2039.0,1386.5],[2039.0,1381.5],[2042.5,1375.0],[2044.5,1367.0],[2047.0,1359.5],[2047.0,1350.5],[2047.5,1342.0],[2047.5,1334.0],[2047.5,1328.0],[2047.5,1318.0],[2044.0,1311.5],[2042.5,1305.0],[2045.5,1298.0],[2046.5,1289.0],[2045.5,1282.0],[2044.0,1277.5],[2043.5,1270.0],[2047.5,1264.0],[2047.5,1254.0],[2047.5,1244.0],[2045.0,1240.5],[2047.5,1234.0],[2047.5,1224.0],[2046.5,1215.0],[2045.5,1217.0],[2044.0,1213.5],[2041.5,1206.0],[2041.0,1198.5],[2038.5,1191.0],[2036.5,1183.0],[2034.0,1175.5],[2035.0,1169.5],[2041.0,1165.5],[2045.0,1159.5],[2047.5,1154.0],[2043.5,1148.0],[2047.0,1141.5],[2047.5,1132.0],[2047.5,1122.0],[2047.5,1112.0],[2047.5,1102.0],[2047.5,1092.0],[2047.5,1082.0],[2047.5,1072.0],[2047.5,1062.0],[2047.5,1052.0],[2047.5,1042.0],[2048.0,1032.5],[2054.0,1028.5],[2058.5,1023.0],[2063.0,1017.5],[2069.5,1019.0],[2071.5,1025.0],[2075.0,1029.5],[2084.0,1030.5],[2093.0,1029.5],[2099.5,1026.0],[2105.0,1021.5],[2112.5,1020.0],[2119.5,1022.0],[2124.5,1017.0],[2129.0,1011.5],[2137.0,1009.5],[2143.5,1006.0],[2147.5,1000.0],[2152.0,994.5],[2154.5,1000.0],[2155.5,1009.0],[2157.5,1017.0],[2163.0,1021.5],[2170.0,1024.5],[2176.5,1028.0],[2180.5,1034.0],[2180.5,1042.0],[2181.5,1051.0],[2185.0,1057.5],[2189.5,1063.0],[2196.0,1066.5],[2204.0,1068.5],[2211.0,1071.5],[2216.0,1076.5],[2221.5,1081.0],[2228.0,1084.5],[2235.0,1087.5],[2244.0,1088.5],[2253.0,1089.5],[2261.5,1088.0],[2264.5,1081.0],[2267.5,1074.0],[2276.0,1072.5],[2284.0,1074.5],[2291.0,1077.5],[2298.0,1080.5],[2304.0,1084.5],[2312.0,1086.5],[2318.0,1090.5],[2322.0,1096.5],[2326.5,1102.0],[2333.5,1104.0],[2340.5,1101.0],[2348.0,1098.5],[2356.0,1098.5],[2362.5,1102.0],[2361.5,1109.0],[2357.5,1115.0],[2354.5,1122.0],[2355.0,1131.5],[2356.5,1140.0],[2353.5,1147.0],[2348.0,1151.5],[2339.0,1152.5],[2334.5,1158.0],[2333.5,1165.0],[2329.5,1171.0],[2324.0,1175.5],[2319.5,1181.0],[2314.5,1186.0],[2310.0,1191.5],[2306.0,1197.5],[2303.5,1205.0],[2301.0,1212.5],[2294.5,1216.0],[2289.0,1220.5],[2285.0,1226.5],[2282.5,1234.0],[2279.5,1241.0],[2276.0,1247.5],[2271.5,1253.0],[2266.0,1257.5],[2259.0,1260.5],[2249.0,1260.5],[2241.5,1263.0],[2236.5,1268.0],[2232.5,1274.0],[2227.0,1278.5],[2220.0,1281.5],[2218.5,1288.0],[2222.0,1294.5],[2229.5,1297.0],[2236.0,1300.5],[2240.0,1306.5],[2242.5,1314.0],[2246.0,1320.5],[2252.0,1324.5],[2255.5,1331.0],[2254.5,1340.0],[2252.0,1347.5],[2247.5,1353.0],[2243.5,1359.0],[2240.0,1365.5],[2234.0,1369.5],[2226.0,1371.5],[2216.0,1371.5],[2209.0,1372.5],[2201.0,1374.5],[2194.5,1378.0],[2188.5,1382.0],[2183.0,1386.5],[2176.0,1389.5],[2169.5,1393.0],[2163.5,1397.0],[2158.5,1402.0],[2154.5,1408.0],[2152.5,1416.0],[2154.0,1424.5],[2156.0,1432.5],[2159.0,1439.5],[2162.5,1446.0],[2165.5,1453.0],[2168.5,1460.0],[2165.5,1467.0],[2161.5,1473.0],[2158.5,1480.0],[2157.5,1489.0],[2156.5,1498.0],[2153.5,1505.0],[2152.5,1514.0],[2151.5,1523.0],[2148.5,1530.0],[2144.5,1536.0],[2140.5,1542.0],[2141.5,1551.0],[2143.5,1559.0],[2147.0,1565.5],[2150.5,1572.0],[2154.5,1578.0],[2158.0,1584.5],[2158.5,1594.0],[2157.0,1602.5],[2153.0,1608.5],[2152.0,1614.5],[2156.0,1620.5],[2158.5,1628.0],[2156.5,1636.0],[2154.5,1644.0],[2153.5,1653.0],[2152.0,1661.5],[2149.0,1666.5],[2145.5,1673.0],[2141.5,1679.0],[2138.0,1685.5]]",243118.77709197998,431071.4218635559,105.20351791381836,,,,,0.0127085217,110659,좌안_사력댐_제체,NOF_좌안(대전측)_콘크리트부,,,0.9616995070804171,../../Data/DJI_20260826094549_0300_V.JPG,../Overlay/SPL/P000456.png,mapped,local_surface_estimate
DJI_20260826094549_0300_V.JPG,P000457,SPL,박락,"[[2184.0,1494.5],[2183.5,1494.0],[2184.0,1493.5],[2184.5,1493.0],[2185.0,1492.5],[2185.5,1493.0],[2185.0,1493.5],[2184.5,1494.0],[2184.0,1494.5]]",243118.78104019165,431071.4102935791,105.13309097290039,,,,,2.291e-07,2,좌안_사력댐_제체,NOF_좌안(대전측)_콘크리트부,,,0.5018614679574966,../../Data/DJI_20260826094549_0300_V.JPG,../Overlay/SPL/P000457.png,mapped,local_surface_estimate
DJI_20260826094549_0300_V.JPG,P000458,SPL,박락,"[[2185.0,1503.5],[2184.5,1503.0],[2184.0,1502.5],[2183.5,1502.0],[2183.5,1501.0],[2183.5,1500.0],[2183.5,1499.0],[2183.5,1498.0],[2183.5,1497.0],[2183.5,1496.0],[2184.0,1495.5],[2185.0,1495.5],[2186.0,1495.5],[2186.5,1496.0],[2186.5,1497.0],[2186.5,1498.0],[2186.5,1499.0],[2186.5,1500.0],[2186.5,1501.0],[2186.5,1502.0],[2186.0,1502.5],[2185.5,1503.0],[2185.0,1503.5]]",243118.78104019165,431071.4102935791,105.13105773925781,,,,,2.5293e-06,22,좌안_사력댐_제체,NOF_좌안(대전측)_콘크리트부,,,0.54966247623617,../../Data/DJI_20260826094549_0300_V.JPG,../Overlay/SPL/P000458.png,mapped,local_surface_estimate
DJI_20260826094549_0300_V.JPG,P000459,SPL,박락,"[[4418.0,1832.5],[4411.0,1832.5],[4404.0,1832.5],[4399.0,1831.5],[4393.0,1830.5],[4388.0,1830.5],[4382.0,1831.5],[4375.0,1831.5],[4369.5,1830.0],[4365.5,1828.0],[4361.5,1825.0],[4359.0,1820.5],[4357.0,1815.5],[4355.5,1810.0],[4353.5,1806.0],[4351.5,1801.0],[4351.5,1794.0],[4352.0,1787.5],[4351.5,1782.0],[4351.5,1776.0],[4349.0,1771.5],[4346.0,1767.5],[4341.0,1765.5],[4336.0,1763.5],[4331.5,1761.0],[4328.5,1758.0],[4325.5,1754.0],[4323.5,1749.0],[4321.5,1744.0],[4320.5,1738.0],[4321.5,1733.0],[4323.5,1728.0],[4325.5,1723.0],[4326.5,1717.0],[4324.0,1712.5],[4318.0,1711.5],[4313.0,1712.5],[4306.0,1712.5],[4300.0,1713.5],[4294.0,1714.5],[4287.0,1714.5],[4282.0,1715.5],[4275.0,1715.5],[4268.5,1715.0],[4262.5,1714.0],[4257.5,1712.0],[4253.0,1709.5],[4249.5,1707.0],[4246.5,1703.0],[4244.5,1698.0],[4243.5,1692.0],[4242.5,1686.0],[4240.5,1682.0],[4239.5,1676.0],[4237.5,1671.0],[4236.0,1665.5],[4233.5,1661.0],[4231.0,1657.5],[4228.0,1653.5],[4223.5,1651.0],[4223.5,1644.0],[4223.5,1637.0],[4224.5,1631.0],[4227.0,1629.5],[4231.0,1628.5],[4236.0,1628.5],[4239.5,1627.0],[4242.5,1623.0],[4243.5,1618.0],[4246.5,1614.0],[4247.0,1610.5],[4243.5,1611.0],[4245.5,1606.0],[4250.0,1607.5],[4253.5,1605.0],[4255.5,1600.0],[4258.5,1596.0],[4260.5,1591.0],[4263.0,1586.5],[4263.0,1583.5],[4261.5,1582.0],[4260.5,1576.0],[4264.0,1572.5],[4268.0,1569.5],[4275.0,1569.5],[4279.0,1571.5],[4283.5,1574.0],[4287.0,1577.5],[4289.5,1582.0],[4291.5,1587.0],[4292.0,1592.5],[4293.5,1598.0],[4294.5,1604.0],[4297.5,1608.0],[4300.5,1612.0],[4303.5,1615.0],[4307.5,1618.0],[4310.5,1622.0],[4313.0,1626.5],[4316.0,1630.5],[4319.5,1634.0],[4324.0,1635.5],[4330.0,1634.5],[4335.0,1632.5],[4338.5,1629.0],[4341.5,1625.0],[4344.0,1621.5],[4346.0,1616.5],[4348.5,1612.0],[4351.5,1608.0],[4353.5,1603.0],[4356.5,1599.0],[4359.5,1596.0],[4361.5,1591.0],[4361.5,1584.0],[4360.5,1578.0],[4359.0,1572.5],[4357.0,1568.5],[4354.5,1564.0],[4352.0,1559.5],[4351.5,1553.0],[4351.5,1546.0],[4352.5,1540.0],[4353.5,1535.0],[4356.5,1531.0],[4360.0,1527.5],[4364.0,1524.5],[4369.0,1522.5],[4373.0,1524.5],[4376.5,1528.0],[4380.0,1531.5],[4384.0,1534.5],[4390.0,1535.5],[4393.0,1532.5],[4395.0,1527.5],[4397.5,1523.0],[4400.0,1518.5],[4402.0,1513.5],[4404.5,1509.0],[4408.0,1506.5],[4412.5,1504.0],[4417.0,1503.5],[4421.5,1506.0],[4420.5,1512.0],[4424.0,1512.5],[4424.0,1516.5],[4427.0,1517.5],[4433.0,1516.5],[4437.0,1513.5],[4443.0,1512.5],[4447.0,1512.5],[4453.0,1513.5],[4458.5,1515.0],[4463.0,1517.5],[4467.0,1520.5],[4471.0,1522.5],[4474.0,1526.5],[4478.5,1529.0],[4483.0,1531.5],[4489.5,1531.0],[4494.0,1528.5],[4498.0,1526.5],[4501.5,1523.0],[4504.5,1519.0],[4505.5,1513.0],[4505.5,1508.0],[4502.5,1505.0],[4503.0,1500.5],[4506.5,1497.0],[4512.0,1495.5],[4518.0,1496.5],[4523.0,1497.5],[4528.0,1499.5],[4530.5,1504.0],[4531.5,1510.0],[4529.5,1515.0],[4527.5,1520.0],[4526.0,1524.5],[4524.5,1530.0],[4523.5,1536.0],[4520.0,1539.5],[4517.5,1544.0],[4514.5,1547.0],[4511.0,1550.5],[4507.0,1553.5],[4504.0,1557.5],[4501.5,1562.0],[4501.5,1569.0],[4503.0,1573.5],[4505.5,1578.0],[4508.5,1582.0],[4513.0,1584.5],[4519.0,1585.5],[4524.0,1584.5],[4531.0,1584.5],[4538.0,1584.5],[4543.0,1586.5],[4548.0,1588.5],[4550.5,1593.0],[4550.5,1599.0],[4550.5,1606.0],[4551.5,1612.0],[4553.5,1617.0],[4554.5,1623.0],[4554.5,1629.0],[4552.5,1634.0],[4550.0,1638.5],[4547.0,1642.5],[4544.5,1647.0],[4543.0,1651.5],[4542.5,1658.0],[4542.5,1665.0],[4543.5,1671.0],[4545.5,1676.0],[4546.5,1682.0],[4546.5,1688.0],[4546.5,1695.0],[4544.5,1700.0],[4543.5,1706.0],[4542.5,1712.0],[4541.0,1716.5],[4539.5,1722.0],[4538.5,1728.0],[4536.5,1733.0],[4535.5,1739.0],[4534.5,1745.0],[4534.5,1751.0],[4533.5,1757.0],[4533.5,1764.0],[4532.5,1770.0],[4530.5,1775.0],[4528.5,1779.0],[4525.5,1783.0],[4521.0,1785.5],[4515.0,1786.5],[4509.0,1787.5],[4504.0,1789.5],[4500.5,1792.0],[4497.0,1795.5],[4494.0,1799.5],[4490.5,1803.0],[4486.0,1805.5],[4481.5,1807.0],[4476.5,1809.0],[4471.5,1811.0],[4466.0,1812.5],[4460.5,1814.0],[4455.0,1814.5],[4450.0,1816.5],[4444.0,1817.5],[4439.5,1820.0],[4434.5,1822.0],[4430.5,1825.0],[4427.5,1828.0],[4423.0,1830.5],[4418.0,1832.5]]",243119.02157974243,431070.7052154541,105.07229995727539,,,,,0.0074457404,67847,좌안_사력댐_제체,NOF_좌안(대전측)_콘크리트부,,,0.9665511896582605,../../Data/DJI_20260826094549_0300_V.JPG,../Overlay/SPL/P000459.png,mapped,local_surface_estimate
DJI_20260826094549_0300_V.JPG,P000460,SPL,박락,"[[390.0,1674.5],[389.5,1674.0],[389.5,1673.0],[389.5,1672.0],[390.0,1671.5],[390.5,1672.0],[390.5,1673.0],[390.5,1674.0],[390.0,1674.5]]",243118.58181762695,431071.9942550659,105.07347869873047,,,,,3.578e-07,3,좌안_사력댐_제체,NOF_좌안(대전측)_콘크리트부,,,0.496184100707372,../../Data/DJI_20260826094549_0300_V.JPG,../Overlay/SPL/P000460.png,mapped,local_surface_estimate
DJI_20260826094549_0300_V.JPG,P000461,SPL,박락,"[[3948.0,1713.5],[3947.0,1713.5],[3946.5,1713.0],[3946.0,1712.5],[3945.5,1712.0],[3945.0,1711.5],[3944.0,1711.5],[3943.5,1711.0],[3943.0,1710.5],[3942.5,1710.0],[3942.0,1709.5],[3941.5,1709.0],[3941.0,1708.5],[3940.5,1708.0],[3940.5,1707.0],[3940.0,1706.5],[3939.5,1706.0],[3939.0,1705.5],[3938.5,1705.0],[3938.5,1704.0],[3938.5,1703.0],[3938.0,1702.5],[3937.5,1702.0],[3938.0,1701.5],[3938.5,1701.0],[3938.5,1700.0],[3938.5,1699.0],[3938.5,1698.0],[3938.5,1697.0],[3939.0,1696.5],[3939.5,1696.0],[3939.5,1695.0],[3939.5,1694.0],[3940.0,1693.5],[3940.5,1693.0],[3940.5,1692.0],[3941.0,1691.5],[3941.5,1691.0],[3941.5,1690.0],[3942.0,1689.5],[3942.5,1689.0],[3943.0,1688.5],[3943.5,1688.0],[3943.5,1687.0],[3944.0,1686.5],[3944.5,1686.0],[3945.0,1685.5],[3945.5,1685.0],[3946.0,1684.5],[3946.5,1684.0],[3947.0,1683.5],[3948.0,1683.5],[3948.5,1683.0],[3949.0,1682.5],[3950.0,1682.5],[3951.0,1682.5],[3952.0,1682.5],[3953.0,1682.5],[3954.0,1682.5],[3954.5,1683.0],[3954.5,1684.0],[3955.0,1684.5],[3955.5,1685.0],[3956.0,1685.5],[3957.0,1685.5],[3958.0,1685.5],[3958.5,1686.0],[3959.0,1686.5],[3959.5,1687.0],[3959.5,1688.0],[3959.5,1689.0],[3959.5,1690.0],[3960.0,1690.5],[3960.5,1691.0],[3960.5,1692.0],[3960.5,1693.0],[3960.0,1693.5],[3959.5,1694.0],[3959.5,1695.0],[3959.5,1696.0],[3959.5,1697.0],[3959.5,1698.0],[3959.5,1699.0],[3959.5,1700.0],[3959.5,1701.0],[3959.0,1701.5],[3958.5,1702.0],[3958.5,1703.0],[3958.0,1703.5],[3957.0,1703.5],[3956.5,1703.0],[3956.0,1702.5],[3955.5,1703.0],[3955.0,1703.5],[3954.5,1704.0],[3954.5,1705.0],[3954.0,1705.5],[3953.5,1706.0],[3953.0,1706.5],[3952.5,1707.0],[3952.5,1708.0],[3952.0,1708.5],[3951.5,1709.0],[3951.0,1709.5],[3950.5,1710.0],[3950.0,1710.5],[3949.5,1711.0],[3949.5,1712.0],[3949.0,1712.5],[3948.5,1713.0],[3948.0,1713.5]]",243118.9720840454,431070.8502960205,105.06293106079102,,,,,5.19474e-05,469,좌안_사력댐_제체,NOF_좌안(대전측)_콘크리트부,,,0.5015081826176471,../../Data/DJI_20260826094549_0300_V.JPG,../Overlay/SPL/P000461.png,mapped,local_surface_estimate
DJI_20260826094549_0300_V.JPG,P000462,SPL,박락,"[[1997.0,1913.5],[1995.5,1913.0],[1994.0,1911.5],[1993.5,1910.0],[1992.5,1909.0],[1992.0,1907.5],[1990.5,1906.0],[1989.5,1905.0],[1988.5,1904.0],[1987.5,1903.0],[1986.0,1901.5],[1985.0,1900.5],[1984.0,1899.5],[1983.0,1898.5],[1981.0,1897.5],[1980.0,1896.5],[1978.5,1896.0],[1977.0,1895.5],[1975.0,1894.5],[1973.5,1894.0],[1972.0,1893.5],[1970.5,1893.0],[1968.0,1892.5],[1967.0,1891.5],[1965.0,1891.5],[1963.0,1891.5],[1960.5,1891.0],[1959.0,1890.5],[1958.0,1889.5],[1957.0,1888.5],[1955.0,1887.5],[1954.0,1886.5],[1953.0,1885.5],[1952.5,1884.0],[1951.5,1882.0],[1952.0,1880.5],[1952.5,1879.0],[1953.0,1877.5],[1954.0,1875.5],[1955.0,1874.5],[1956.0,1873.5],[1957.0,1872.5],[1959.0,1871.5],[1960.0,1870.5],[1961.0,1869.5],[1962.5,1869.0],[1964.5,1868.0],[1965.5,1867.0],[1967.0,1866.5],[1968.0,1865.5],[1970.0,1864.5],[1971.0,1863.5],[1972.0,1862.5],[1972.5,1861.0],[1973.5,1859.0],[1974.5,1858.0],[1974.5,1856.0],[1975.5,1855.0],[1975.5,1852.0],[1976.5,1851.0],[1976.5,1849.0],[1977.5,1848.0],[1978.5,1846.0],[1979.0,1844.5],[1980.0,1843.5],[1980.5,1842.0],[1982.0,1840.5],[1982.5,1839.0],[1983.5,1838.0],[1984.5,1837.0],[1985.5,1835.0],[1986.0,1833.5],[1986.5,1832.0],[1986.5,1830.0],[1986.5,1827.0],[1986.5,1825.0],[1985.5,1824.0],[1985.5,1822.0],[1984.5,1820.0],[1984.0,1818.5],[1983.5,1817.0],[1982.5,1816.0],[1982.0,1813.5],[1981.5,1812.0],[1980.5,1811.0],[1980.5,1809.0],[1979.5,1807.0],[1979.0,1805.5],[1978.5,1804.0],[1978.5,1802.0],[1978.5,1799.0],[1978.5,1797.0],[1978.5,1795.0],[1978.5,1793.0],[1979.5,1791.0],[1979.5,1789.0],[1980.5,1788.0],[1980.5,1786.0],[1981.5,1784.0],[1981.5,1782.0],[1982.5,1781.0],[1982.5,1779.0],[1983.5,1777.0],[1984.0,1775.5],[1984.5,1774.0],[1985.0,1772.5],[1985.5,1770.0],[1986.5,1769.0],[1987.5,1768.0],[1988.0,1766.5],[1989.5,1765.0],[1990.5,1764.0],[1991.5,1763.0],[1993.0,1762.5],[1994.5,1761.0],[1996.0,1760.5],[1997.0,1759.5],[1998.0,1758.5],[2000.0,1757.5],[2001.5,1757.0],[2003.0,1756.5],[2004.5,1756.0],[2006.5,1755.0],[2008.0,1754.5],[2009.5,1754.0],[2011.0,1753.5],[2013.0,1752.5],[2014.5,1752.0],[2016.0,1751.5],[2017.0,1750.5],[2019.0,1749.5],[2020.5,1749.0],[2022.0,1748.5],[2023.0,1747.5],[2025.0,1746.5],[2026.5,1746.0],[2028.0,1745.5],[2029.0,1744.5],[2032.0,1744.5],[2033.5,1744.0],[2035.0,1743.5],[2037.0,1743.5],[2040.0,1743.5],[2042.0,1743.5],[2044.0,1743.5],[2046.0,1743.5],[2047.5,1743.0],[2047.5,1745.0],[2048.5,1746.0],[2049.5,1747.0],[2050.5,1749.0],[2050.5,1751.0],[2050.0,1752.5],[2049.5,1754.0],[2048.5,1756.0],[2047.5,1757.0],[2047.5,1759.0],[2047.5,1761.0],[2047.5,1764.0],[2047.0,1765.5],[2045.5,1766.0],[2045.0,1767.5],[2043.0,1768.5],[2042.0,1769.5],[2040.5,1770.0],[2039.5,1771.0],[2038.5,1773.0],[2037.5,1774.0],[2036.5,1775.0],[2035.5,1776.0],[2034.5,1778.0],[2033.5,1779.0],[2032.5,1780.0],[2032.0,1781.5],[2030.5,1783.0],[2030.0,1784.5],[2029.0,1785.5],[2028.5,1787.0],[2027.5,1789.0],[2026.5,1790.0],[2026.0,1791.5],[2025.5,1793.0],[2024.5,1795.0],[2024.0,1796.5],[2023.5,1798.0],[2023.5,1800.0],[2023.5,1803.0],[2023.5,1805.0],[2023.5,1807.0],[2023.5,1809.0],[2023.5,1812.0],[2023.0,1813.5],[2022.5,1815.0],[2022.0,1816.5],[2021.5,1819.0],[2021.5,1821.0],[2020.5,1822.0],[2020.0,1823.5],[2019.0,1825.5],[2018.5,1827.0],[2017.5,1828.0],[2017.0,1829.5],[2016.0,1831.5],[2015.5,1833.0],[2014.5,1834.0],[2014.5,1836.0],[2013.5,1838.0],[2013.0,1839.5],[2012.5,1841.0],[2012.0,1842.5],[2011.5,1845.0],[2011.0,1846.5],[2010.5,1848.0],[2010.5,1850.0],[2009.5,1852.0],[2009.0,1853.5],[2008.5,1855.0],[2008.5,1857.0],[2007.5,1859.0],[2007.5,1861.0],[2007.5,1863.0],[2008.5,1864.0],[2009.0,1866.5],[2010.0,1867.5],[2011.0,1868.5],[2011.5,1870.0],[2013.0,1871.5],[2014.0,1872.5],[2014.5,1874.0],[2015.5,1875.0],[2015.5,1878.0],[2016.5,1879.0],[2016.5,1881.0],[2016.5,1883.0],[2015.5,1885.0],[2014.5,1886.0],[2013.0,1886.5],[2012.5,1888.0],[2011.0,1889.5],[2009.5,1890.0],[2008.0,1890.5],[2007.0,1891.5],[2005.5,1893.0],[2004.5,1894.0],[2003.5,1895.0],[2002.5,1896.0],[2001.5,1898.0],[2000.5,1899.0],[2000.0,1900.5],[1999.5,1902.0],[1999.5,1905.0],[1999.5,1907.0],[1999.5,1909.0],[1998.5,1910.0],[1997.5,1912.0],[1997.0,1913.5]]",243118.76084518433,431071.46949005127,105.0215072631836,,,,,0.0007802749,6756,좌안_사력댐_제체,NOF_좌안(대전측)_콘크리트부,,,0.9624376577816467,../../Data/DJI_20260826094549_0300_V.JPG,../Overlay/SPL/P000462.png,mapped,local_surface_estimate
DJI_20260826094549_0300_V.JPG,P000463,SPL,박락,"[[3162.0,1898.5],[3160.0,1897.5],[3158.0,1896.5],[3155.0,1895.5],[3153.0,1894.5],[3151.5,1893.0],[3153.5,1892.0],[3156.0,1890.5],[3158.0,1889.5],[3160.0,1888.5],[3162.0,1887.5],[3164.0,1886.5],[3165.5,1884.0],[3166.0,1881.5],[3165.5,1880.0],[3165.5,1877.0],[3164.5,1874.0],[3164.5,1871.0],[3164.5,1868.0],[3164.5,1865.0],[3164.5,1862.0],[3164.5,1858.0],[3164.5,1855.0],[3165.5,1853.0],[3165.5,1850.0],[3166.5,1847.0],[3167.0,1844.5],[3167.5,1842.0],[3168.5,1840.0],[3168.5,1837.0],[3169.5,1834.0],[3170.0,1831.5],[3170.5,1829.0],[3171.5,1827.0],[3171.5,1823.0],[3171.5,1820.0],[3171.5,1817.0],[3171.5,1814.0],[3170.5,1812.0],[3170.0,1808.5],[3169.0,1806.5],[3168.5,1804.0],[3167.5,1802.0],[3166.5,1799.0],[3165.5,1797.0],[3164.5,1795.0],[3165.0,1792.5],[3168.0,1791.5],[3171.0,1791.5],[3173.0,1790.5],[3176.0,1790.5],[3178.5,1790.0],[3181.5,1789.0],[3184.0,1788.5],[3186.0,1787.5],[3188.5,1787.0],[3192.0,1786.5],[3194.0,1785.5],[3196.5,1785.0],[3199.0,1784.5],[3201.5,1784.0],[3205.0,1783.5],[3208.0,1783.5],[3210.0,1782.5],[3213.0,1782.5],[3216.0,1781.5],[3219.0,1781.5],[3221.0,1780.5],[3223.5,1780.0],[3226.0,1779.5],[3230.0,1779.5],[3233.0,1779.5],[3236.0,1779.5],[3239.0,1779.5],[3242.0,1780.5],[3245.0,1780.5],[3248.0,1780.5],[3250.0,1781.5],[3253.0,1781.5],[3257.0,1781.5],[3260.0,1781.5],[3263.0,1781.5],[3266.0,1781.5],[3270.0,1781.5],[3272.0,1780.5],[3275.0,1780.5],[3277.0,1779.5],[3280.0,1779.5],[3283.0,1778.5],[3286.0,1778.5],[3289.0,1778.5],[3291.0,1779.5],[3295.0,1779.5],[3297.5,1780.0],[3299.0,1781.5],[3301.0,1782.5],[3304.0,1782.5],[3307.0,1783.5],[3310.0,1783.5],[3313.0,1783.5],[3315.0,1784.5],[3319.0,1784.5],[3321.0,1785.5],[3324.0,1785.5],[3326.0,1786.5],[3328.5,1787.0],[3331.0,1788.5],[3333.5,1789.0],[3335.0,1790.5],[3337.0,1791.5],[3340.0,1792.5],[3342.5,1793.0],[3344.5,1794.0],[3347.0,1794.5],[3349.0,1795.5],[3353.0,1795.5],[3355.0,1796.5],[3357.5,1797.0],[3360.0,1797.5],[3362.5,1797.0],[3364.5,1798.0],[3367.0,1798.5],[3369.5,1799.0],[3372.0,1799.5],[3374.0,1801.5],[3376.0,1802.5],[3377.5,1804.0],[3379.0,1805.5],[3380.5,1808.0],[3382.0,1809.5],[3383.0,1811.5],[3384.5,1813.0],[3383.5,1816.0],[3383.0,1818.5],[3382.5,1821.0],[3381.0,1822.5],[3379.0,1823.5],[3376.0,1824.5],[3374.0,1825.5],[3371.0,1825.5],[3368.5,1825.0],[3366.0,1823.5],[3364.5,1822.0],[3363.5,1820.0],[3362.5,1818.0],[3361.5,1816.0],[3360.5,1813.0],[3359.5,1811.0],[3358.5,1809.0],[3357.5,1807.0],[3355.5,1805.0],[3354.0,1803.5],[3351.5,1804.0],[3349.5,1805.0],[3347.5,1806.0],[3345.0,1807.5],[3343.5,1809.0],[3342.0,1810.5],[3340.5,1812.0],[3338.5,1814.0],[3337.0,1815.5],[3335.5,1817.0],[3334.0,1818.5],[3332.5,1820.0],[3330.5,1822.0],[3329.0,1823.5],[3327.5,1825.0],[3326.0,1826.5],[3324.0,1828.5],[3323.0,1830.5],[3321.5,1832.0],[3320.5,1834.0],[3319.5,1836.0],[3318.0,1838.5],[3317.0,1840.5],[3316.0,1842.5],[3315.0,1844.5],[3313.5,1847.0],[3312.5,1849.0],[3311.5,1851.0],[3310.5,1853.0],[3309.5,1855.0],[3307.5,1857.0],[3306.5,1859.0],[3305.5,1861.0],[3304.5,1863.0],[3303.5,1866.0],[3302.5,1868.0],[3301.5,1870.0],[3301.0,1872.5],[3300.5,1875.0],[3298.5,1877.0],[3297.0,1878.5],[3294.0,1878.5],[3291.0,1878.5],[3288.0,1877.5],[3285.0,1877.5],[3283.0,1876.5],[3280.5,1876.0],[3278.5,1875.0],[3275.5,1874.0],[3273.5,1873.0],[3271.5,1872.0],[3269.0,1871.5],[3266.0,1870.5],[3264.0,1869.5],[3262.0,1868.5],[3260.0,1867.5],[3258.0,1866.5],[3255.0,1865.5],[3253.0,1864.5],[3251.0,1863.5],[3249.0,1862.5],[3246.5,1861.0],[3244.5,1860.0],[3242.5,1859.0],[3240.5,1858.0],[3237.5,1857.0],[3235.0,1856.5],[3233.0,1855.5],[3230.0,1855.5],[3228.0,1854.5],[3224.0,1854.5],[3221.0,1854.5],[3218.5,1855.0],[3216.0,1855.5],[3213.0,1856.5],[3210.5,1857.0],[3208.0,1857.5],[3206.0,1858.5],[3203.0,1858.5],[3200.0,1859.5],[3199.0,1861.5],[3197.0,1862.5],[3194.5,1863.0],[3192.0,1864.5],[3190.0,1865.5],[3188.5,1867.0],[3187.5,1869.0],[3186.0,1870.5],[3184.5,1873.0],[3183.5,1875.0],[3183.0,1877.5],[3182.5,1880.0],[3181.5,1883.0],[3180.5,1885.0],[3179.5,1887.0],[3178.5,1889.0],[3177.5,1891.0],[3175.5,1893.0],[3174.0,1894.5],[3172.0,1895.5],[3170.0,1896.5],[3167.0,1897.5],[3164.0,1897.5],[3162.0,1898.5]]",243118.89725494385,431071.0696372986,105.02072525024414,,,,,0.0016072,14302,좌안_사력댐_제체,NOF_좌안(대전측)_콘크리트부,,,0.9738934320943237,../../Data/DJI_20260826094549_0300_V.JPG,../Overlay/SPL/P000463.png,mapped,local_surface_estimate
DJI_20260826094549_0300_V.JPG,P000464,SPL,박락,"[[2360.0,1979.5],[2356.0,1979.5],[2354.0,1978.5],[2350.0,1978.5],[2347.0,1977.5],[2343.5,1977.0],[2341.0,1976.5],[2338.5,1975.0],[2335.5,1974.0],[2333.5,1973.0],[2331.0,1971.5],[2328.5,1970.0],[2326.0,1968.5],[2324.5,1967.0],[2322.0,1965.5],[2320.0,1963.5],[2318.5,1962.0],[2317.0,1959.5],[2315.0,1957.5],[2313.5,1956.0],[2311.5,1954.0],[2308.5,1953.0],[2305.0,1952.5],[2302.0,1952.5],[2298.0,1952.5],[2295.0,1953.5],[2292.0,1953.5],[2288.0,1953.5],[2285.0,1952.5],[2281.0,1952.5],[2279.0,1951.5],[2276.0,1950.5],[2273.0,1949.5],[2271.0,1948.5],[2268.5,1947.0],[2265.5,1946.0],[2262.0,1945.5],[2259.0,1945.5],[2256.0,1946.5],[2253.0,1947.5],[2251.0,1948.5],[2248.5,1950.0],[2246.0,1951.5],[2244.0,1953.5],[2242.5,1955.0],[2240.5,1957.0],[2238.5,1959.0],[2237.0,1960.5],[2234.5,1962.0],[2232.0,1963.5],[2230.0,1964.5],[2227.5,1966.0],[2224.5,1967.0],[2221.0,1967.5],[2219.0,1968.5],[2215.0,1968.5],[2211.0,1968.5],[2209.0,1969.5],[2205.0,1969.5],[2201.5,1970.0],[2198.0,1970.5],[2196.0,1971.5],[2193.0,1970.5],[2190.5,1969.0],[2189.0,1967.5],[2187.5,1965.0],[2186.5,1962.0],[2184.5,1960.0],[2183.0,1958.5],[2181.0,1956.5],[2179.0,1954.5],[2177.0,1953.5],[2174.0,1952.5],[2171.5,1951.0],[2168.5,1950.0],[2167.0,1948.5],[2164.5,1947.0],[2162.5,1945.0],[2161.0,1943.5],[2159.0,1941.5],[2156.5,1940.0],[2154.5,1939.0],[2152.0,1937.5],[2149.0,1936.5],[2146.0,1935.5],[2143.5,1935.0],[2140.0,1934.5],[2137.0,1933.5],[2134.0,1933.5],[2130.0,1933.5],[2126.0,1933.5],[2122.0,1933.5],[2119.5,1934.0],[2116.0,1934.5],[2113.5,1936.0],[2111.0,1936.5],[2108.0,1937.5],[2105.0,1938.5],[2101.0,1938.5],[2099.0,1937.5],[2097.5,1935.0],[2095.5,1933.0],[2095.5,1930.0],[2094.5,1927.0],[2094.5,1923.0],[2093.5,1920.0],[2092.5,1918.0],[2092.5,1914.0],[2092.5,1910.0],[2092.5,1907.0],[2092.5,1903.0],[2093.5,1900.0],[2094.5,1898.0],[2095.5,1895.0],[2097.0,1892.5],[2099.0,1890.5],[2100.5,1889.0],[2103.5,1888.0],[2107.0,1887.5],[2109.0,1888.5],[2112.0,1889.5],[2115.5,1890.0],[2119.0,1890.5],[2121.0,1891.5],[2125.0,1891.5],[2128.0,1890.5],[2129.5,1889.0],[2131.0,1886.5],[2132.5,1884.0],[2133.5,1881.0],[2134.0,1878.5],[2134.5,1875.0],[2135.5,1872.0],[2135.5,1869.0],[2135.5,1865.0],[2135.5,1861.0],[2136.5,1858.0],[2136.5,1855.0],[2137.5,1852.0],[2138.5,1849.0],[2140.0,1847.5],[2142.5,1846.0],[2145.0,1844.5],[2148.0,1843.5],[2151.0,1843.5],[2154.0,1842.5],[2157.0,1841.5],[2159.5,1841.0],[2163.0,1840.5],[2167.0,1840.5],[2170.0,1840.5],[2174.0,1840.5],[2178.0,1840.5],[2182.0,1840.5],[2185.0,1840.5],[2188.0,1839.5],[2191.0,1838.5],[2193.0,1837.5],[2196.0,1836.5],[2199.0,1835.5],[2202.0,1834.5],[2204.0,1833.5],[2207.0,1832.5],[2210.0,1831.5],[2212.5,1831.0],[2215.5,1830.0],[2219.0,1829.5],[2222.0,1828.5],[2224.0,1827.5],[2227.0,1826.5],[2230.0,1825.5],[2232.5,1825.0],[2236.0,1824.5],[2239.0,1823.5],[2242.5,1823.0],[2245.0,1822.5],[2249.0,1822.5],[2253.0,1822.5],[2255.0,1823.5],[2258.0,1824.5],[2262.0,1824.5],[2264.0,1825.5],[2267.5,1826.0],[2271.0,1826.5],[2274.5,1827.0],[2277.0,1827.5],[2280.0,1828.5],[2283.0,1829.5],[2285.0,1830.5],[2287.0,1832.5],[2289.0,1834.5],[2291.5,1836.0],[2293.0,1837.5],[2295.5,1839.0],[2298.0,1840.5],[2300.5,1841.0],[2303.0,1842.5],[2306.0,1843.5],[2309.0,1844.5],[2312.0,1844.5],[2315.0,1845.5],[2318.5,1846.0],[2321.0,1846.5],[2324.0,1847.5],[2327.0,1848.5],[2330.0,1849.5],[2332.5,1850.0],[2335.0,1851.5],[2337.5,1853.0],[2339.0,1854.5],[2341.5,1856.0],[2343.5,1858.0],[2344.5,1860.0],[2345.5,1863.0],[2345.5,1867.0],[2345.5,1871.0],[2345.5,1874.0],[2345.5,1878.0],[2346.5,1881.0],[2347.5,1883.0],[2348.5,1886.0],[2349.5,1889.0],[2351.0,1891.5],[2351.5,1894.0],[2352.5,1897.0],[2352.5,1901.0],[2352.5,1904.0],[2353.5,1907.0],[2354.0,1910.5],[2355.0,1913.5],[2356.0,1915.5],[2358.0,1917.5],[2360.0,1919.5],[2361.5,1921.0],[2362.5,1924.0],[2363.5,1927.0],[2363.5,1931.0],[2363.0,1933.5],[2362.5,1937.0],[2361.5,1940.0],[2361.5,1943.0],[2361.5,1947.0],[2361.5,1951.0],[2361.5,1954.0],[2362.5,1957.0],[2362.5,1961.0],[2363.5,1964.0],[2364.5,1966.0],[2366.5,1968.0],[2368.5,1970.0],[2370.0,1971.5],[2370.0,1974.5],[2367.5,1976.0],[2365.0,1977.5],[2363.0,1978.5],[2360.0,1979.5]]",243118.7869567871,431071.39295196533,104.99538040161133,,,,,0.003258355,28374,좌안_사력댐_제체,NOF_좌안(대전측)_콘크리트부,,,0.9887634333517987,../../Data/DJI_20260826094549_0300_V.JPG,../Overlay/SPL/P000464.png,mapped,local_surface_estimate
DJI_20260826094549_0300_V.JPG,P000465,SPL,박락,"[[216.0,1919.5],[213.0,1919.5],[211.0,1918.5],[209.0,1918.5],[206.5,1918.0],[204.0,1917.5],[202.0,1916.5],[200.0,1915.5],[198.0,1914.5],[196.0,1914.5],[194.0,1913.5],[191.0,1913.5],[189.0,1912.5],[187.0,1911.5],[185.0,1911.5],[183.0,1910.5],[180.0,1910.5],[178.0,1909.5],[176.0,1908.5],[174.0,1908.5],[172.0,1907.5],[169.5,1907.0],[167.0,1906.5],[165.0,1905.5],[162.5,1905.0],[161.0,1904.5],[159.0,1903.5],[157.0,1902.5],[154.5,1902.0],[152.0,1901.5],[151.0,1900.5],[148.0,1900.5],[146.0,1899.5],[143.0,1899.5],[140.0,1899.5],[137.0,1899.5],[135.0,1899.5],[133.0,1900.5],[130.0,1900.5],[127.0,1900.5],[125.0,1901.5],[123.0,1901.5],[122.0,1900.5],[124.0,1899.5],[124.5,1897.0],[127.0,1896.5],[128.0,1894.5],[129.0,1893.5],[131.5,1893.0],[134.0,1892.5],[135.5,1891.0],[137.0,1889.5],[138.0,1888.5],[140.0,1887.5],[141.0,1885.5],[142.0,1883.5],[142.5,1881.0],[143.5,1880.0],[144.0,1877.5],[144.5,1875.0],[146.0,1873.5],[147.0,1871.5],[148.5,1870.0],[149.5,1869.0],[151.0,1867.5],[153.0,1866.5],[155.0,1865.5],[157.0,1864.5],[158.5,1864.0],[161.0,1863.5],[163.0,1862.5],[165.0,1861.5],[167.0,1860.5],[168.5,1859.0],[170.0,1858.5],[171.5,1857.0],[173.0,1855.5],[175.0,1854.5],[177.0,1853.5],[178.0,1852.5],[179.5,1851.0],[181.0,1849.5],[182.5,1848.0],[184.0,1846.5],[185.5,1845.0],[186.5,1844.0],[188.0,1842.5],[189.5,1841.0],[191.0,1839.5],[193.0,1838.5],[194.0,1837.5],[196.0,1836.5],[198.5,1836.0],[201.0,1835.5],[203.5,1835.0],[205.0,1834.5],[208.0,1834.5],[211.0,1834.5],[214.0,1834.5],[217.0,1834.5],[219.0,1833.5],[221.0,1833.5],[224.0,1833.5],[227.0,1833.5],[230.0,1833.5],[232.0,1834.5],[234.0,1834.5],[236.5,1835.0],[239.0,1835.5],[241.0,1836.5],[243.5,1837.0],[245.5,1838.0],[247.0,1838.5],[249.0,1839.5],[251.0,1840.5],[253.0,1841.5],[255.0,1842.5],[256.0,1843.5],[258.5,1844.0],[260.5,1845.0],[262.5,1846.0],[265.0,1846.5],[267.0,1847.5],[269.0,1847.5],[272.0,1847.5],[275.0,1847.5],[278.0,1847.5],[280.0,1846.5],[281.5,1846.0],[283.5,1845.0],[285.0,1843.5],[287.0,1842.5],[288.5,1841.0],[289.5,1840.0],[291.0,1838.5],[292.5,1837.0],[294.5,1836.0],[296.0,1834.5],[298.0,1833.5],[300.0,1833.5],[302.0,1832.5],[305.0,1832.5],[307.0,1831.5],[310.0,1831.5],[311.5,1831.0],[314.0,1830.5],[316.0,1829.5],[319.0,1829.5],[322.0,1829.5],[324.0,1828.5],[326.0,1828.5],[329.0,1828.5],[332.0,1828.5],[334.0,1829.5],[336.0,1830.5],[337.5,1831.0],[339.5,1832.0],[341.0,1833.5],[343.0,1834.5],[344.5,1836.0],[346.0,1837.5],[347.0,1838.5],[349.0,1839.5],[350.5,1841.0],[352.0,1842.5],[353.5,1844.0],[354.5,1845.0],[356.0,1846.5],[357.5,1848.0],[358.5,1850.0],[360.0,1851.5],[361.0,1852.5],[362.5,1854.0],[363.5,1856.0],[364.5,1858.0],[366.0,1859.5],[367.0,1861.5],[367.5,1863.0],[368.5,1865.0],[369.5,1867.0],[370.5,1869.0],[371.5,1871.0],[371.5,1873.0],[372.5,1875.0],[372.5,1878.0],[371.5,1880.0],[370.0,1881.5],[368.5,1883.0],[367.5,1884.0],[366.0,1885.5],[364.5,1887.0],[362.5,1888.0],[361.0,1889.5],[359.5,1890.0],[357.5,1891.0],[355.5,1892.0],[353.5,1893.0],[351.0,1893.5],[349.0,1894.5],[347.5,1895.0],[345.0,1895.5],[343.0,1896.5],[340.0,1896.5],[338.0,1897.5],[336.5,1898.0],[334.0,1898.5],[332.0,1899.5],[329.5,1900.0],[327.0,1900.5],[325.5,1901.0],[323.0,1901.5],[320.0,1901.5],[317.0,1901.5],[314.0,1901.5],[312.0,1900.5],[310.0,1900.5],[307.0,1900.5],[304.0,1900.5],[302.0,1901.5],[299.0,1901.5],[297.0,1901.5],[294.0,1901.5],[291.0,1901.5],[289.0,1902.5],[286.0,1902.5],[284.0,1903.5],[282.0,1903.5],[280.0,1904.5],[278.0,1905.5],[275.0,1905.5],[273.0,1906.5],[271.5,1907.0],[269.0,1907.5],[267.0,1908.5],[265.0,1909.5],[263.0,1910.5],[260.5,1911.0],[259.0,1911.5],[257.0,1912.5],[254.5,1913.0],[252.0,1913.5],[249.5,1914.0],[248.0,1914.5],[245.0,1914.5],[242.5,1915.0],[240.0,1915.5],[237.0,1915.5],[235.0,1915.5],[233.0,1916.5],[230.0,1916.5],[228.0,1917.5],[225.0,1917.5],[223.0,1918.5],[221.0,1918.5],[218.0,1918.5],[216.0,1919.5]]",243118.56663513184,431072.0387649536,105.0046615600586,,,,,0.0017377532,14547,좌안_사력댐_제체,NOF_좌안(대전측)_콘크리트부,,,0.9845482116016955,../../Data/DJI_20260826094549_0300_V.JPG,../Overlay/SPL/P000465.png,mapped,local_surface_estimate
DJI_20260826094549_0300_V.JPG,P000466,SPL,박락,"[[3785.0,2134.5],[3774.0,2130.5],[3763.5,2126.0],[3752.5,2122.0],[3739.0,2119.5],[3727.0,2116.5],[3714.0,2114.5],[3701.0,2112.5],[3689.5,2109.0],[3677.0,2106.5],[3663.5,2104.0],[3651.0,2101.5],[3640.0,2097.5],[3627.0,2095.5],[3613.0,2094.5],[3600.0,2092.5],[3587.0,2090.5],[3573.0,2088.5],[3559.0,2087.5],[3545.0,2086.5],[3531.0,2085.5],[3516.0,2085.5],[3505.0,2081.5],[3495.0,2075.5],[3485.0,2070.5],[3476.5,2064.0],[3469.0,2056.5],[3460.5,2050.0],[3452.5,2043.0],[3443.0,2037.5],[3432.0,2032.5],[3421.0,2028.5],[3411.5,2023.0],[3402.5,2017.0],[3392.0,2012.5],[3381.5,2008.0],[3371.0,2002.5],[3362.0,1996.5],[3353.5,1990.0],[3345.5,1983.0],[3339.5,1974.0],[3338.5,1960.0],[3342.0,1948.5],[3351.0,1941.5],[3356.5,1932.0],[3360.5,1921.0],[3369.0,1916.5],[3383.0,1917.5],[3398.0,1917.5],[3412.0,1916.5],[3425.0,1919.5],[3436.0,1923.5],[3448.0,1926.5],[3456.5,1920.0],[3460.0,1910.5],[3472.0,1907.5],[3487.0,1906.5],[3500.0,1908.5],[3513.0,1910.5],[3525.0,1913.5],[3536.0,1917.5],[3549.0,1919.5],[3560.5,1921.0],[3573.5,1924.0],[3585.0,1925.5],[3599.0,1926.5],[3614.0,1926.5],[3628.0,1927.5],[3640.0,1930.5],[3653.0,1933.5],[3664.0,1937.5],[3676.0,1940.5],[3688.5,1943.0],[3699.5,1947.0],[3709.0,1952.5],[3719.5,1957.0],[3730.0,1962.5],[3740.0,1967.5],[3750.5,1972.0],[3758.5,1979.0],[3766.0,1986.5],[3773.5,1994.0],[3780.0,2003.5],[3786.5,2012.0],[3792.5,2021.0],[3799.5,2029.0],[3809.5,2034.0],[3821.0,2037.5],[3832.5,2034.0],[3837.5,2023.0],[3840.5,2011.0],[3850.0,2005.5],[3860.0,2000.5],[3871.0,1996.5],[3881.0,1991.5],[3888.5,1983.0],[3893.5,1973.0],[3898.0,1962.5],[3904.0,1953.5],[3906.5,1941.0],[3912.0,1931.5],[3916.5,1921.0],[3923.5,1912.0],[3931.0,1904.5],[3939.0,1897.5],[3948.5,1892.0],[3957.0,1885.5],[3966.0,1879.5],[3975.0,1872.5],[3983.5,1866.0],[3995.0,1864.5],[4006.0,1868.5],[4017.0,1872.5],[4030.0,1874.5],[4045.0,1874.5],[4061.0,1874.5],[4076.0,1874.5],[4089.0,1872.5],[4099.5,1868.0],[4108.0,1861.5],[4117.5,1856.0],[4130.0,1852.5],[4143.5,1851.0],[4156.5,1849.0],[4168.5,1851.0],[4178.0,1856.5],[4188.0,1861.5],[4201.0,1863.5],[4214.0,1866.5],[4226.0,1867.5],[4241.0,1867.5],[4254.0,1865.5],[4268.0,1864.5],[4283.0,1864.5],[4298.0,1864.5],[4312.0,1866.5],[4324.0,1869.5],[4335.5,1873.0],[4348.0,1875.5],[4361.0,1877.5],[4373.0,1880.5],[4386.0,1883.5],[4398.0,1886.5],[4411.0,1888.5],[4425.0,1889.5],[4438.0,1891.5],[4452.0,1892.5],[4465.0,1894.5],[4480.0,1895.5],[4494.0,1896.5],[4509.0,1896.5],[4524.0,1896.5],[4539.0,1896.5],[4552.0,1898.5],[4566.5,1897.0],[4579.0,1894.5],[4592.0,1892.5],[4605.0,1890.5],[4618.0,1888.5],[4631.0,1886.5],[4643.0,1883.5],[4656.0,1880.5],[4669.5,1882.0],[4683.0,1883.5],[4696.0,1881.5],[4707.5,1885.0],[4708.5,1899.0],[4708.5,1913.0],[4705.5,1925.0],[4705.5,1940.0],[4706.5,1954.0],[4700.0,1962.5],[4687.0,1964.5],[4674.0,1966.5],[4661.0,1969.5],[4650.0,1973.5],[4640.5,1979.0],[4631.5,1985.0],[4622.0,1990.5],[4611.0,1994.5],[4601.5,2001.0],[4594.0,2008.5],[4587.0,2016.5],[4579.0,2023.5],[4570.0,2029.5],[4562.0,2036.5],[4556.0,2045.5],[4545.0,2050.5],[4534.0,2054.5],[4523.5,2059.0],[4514.5,2065.0],[4506.0,2071.5],[4493.0,2073.5],[4477.0,2073.5],[4464.5,2071.0],[4454.0,2066.5],[4444.5,2061.0],[4436.0,2054.5],[4427.0,2048.5],[4415.5,2045.0],[4405.0,2039.5],[4395.0,2034.5],[4385.0,2029.5],[4375.0,2024.5],[4362.0,2022.5],[4349.0,2022.5],[4334.5,2021.0],[4322.0,2018.5],[4310.0,2015.5],[4297.0,2013.5],[4284.0,2015.5],[4273.0,2019.5],[4261.0,2022.5],[4245.0,2022.5],[4231.0,2023.5],[4221.5,2029.0],[4209.0,2031.5],[4196.0,2033.5],[4185.0,2037.5],[4172.5,2035.0],[4161.0,2030.5],[4149.0,2027.5],[4138.0,2023.5],[4129.5,2017.0],[4120.0,2011.5],[4108.5,2008.0],[4094.0,2006.5],[4079.0,2006.5],[4064.0,2006.5],[4050.0,2005.5],[4036.0,2006.5],[4023.5,2009.0],[4013.0,2013.5],[4002.5,2019.0],[3994.0,2025.5],[3986.0,2032.5],[3978.0,2039.5],[3969.0,2045.5],[3956.0,2047.5],[3943.5,2051.0],[3932.0,2054.5],[3921.0,2058.5],[3911.0,2063.5],[3902.0,2069.5],[3893.0,2075.5],[3884.0,2081.5],[3872.5,2086.0],[3859.0,2087.5],[3847.0,2090.5],[3835.0,2093.5],[3824.5,2098.0],[3816.0,2104.5],[3808.5,2113.0],[3802.5,2122.0],[3795.0,2129.5],[3785.0,2134.5]]",243118.98053359985,431070.82553100586,104.9693374633789,,,,,0.0211297141,191281,좌안_사력댐_제체,NOF_좌안(대전측)_콘크리트부,,,0.9934514580411509,../../Data/DJI_20260826094549_0300_V.JPG,../Overlay/SPL/P000466.png,mapped,local_surface_estimate
DJI_20260826094549_0300_V.JPG,P000467,SPL,박락,"[[2675.0,2047.5],[2669.0,2047.5],[2662.0,2047.5],[2656.0,2047.5],[2649.0,2047.5],[2645.0,2045.5],[2641.0,2042.5],[2637.5,2040.0],[2634.5,2036.0],[2631.5,2033.0],[2627.5,2030.0],[2624.0,2027.5],[2619.0,2025.5],[2615.0,2023.5],[2609.5,2022.0],[2605.5,2020.0],[2600.5,2018.0],[2597.0,2015.5],[2592.0,2013.5],[2588.0,2011.5],[2582.5,2010.0],[2578.0,2008.5],[2573.0,2006.5],[2569.0,2004.5],[2564.0,2003.5],[2559.0,2001.5],[2554.0,2000.5],[2548.0,1999.5],[2543.0,1998.5],[2539.0,1995.5],[2536.5,1992.0],[2533.0,1988.5],[2530.0,1985.5],[2525.0,1983.5],[2520.0,1982.5],[2514.0,1981.5],[2509.0,1980.5],[2502.0,1980.5],[2497.0,1979.5],[2493.0,1976.5],[2489.5,1974.0],[2486.0,1970.5],[2483.0,1967.5],[2481.0,1963.5],[2485.5,1963.0],[2491.5,1964.0],[2495.0,1964.5],[2500.5,1965.0],[2506.0,1966.5],[2511.0,1967.5],[2517.0,1968.5],[2523.0,1968.5],[2530.0,1968.5],[2534.5,1967.0],[2539.5,1965.0],[2543.0,1962.5],[2547.0,1959.5],[2551.5,1958.0],[2558.0,1957.5],[2564.0,1957.5],[2570.0,1958.5],[2576.0,1958.5],[2582.0,1959.5],[2587.0,1960.5],[2592.0,1962.5],[2597.0,1963.5],[2601.5,1966.0],[2606.0,1967.5],[2611.0,1969.5],[2615.0,1971.5],[2619.0,1973.5],[2624.0,1975.5],[2627.5,1978.0],[2631.5,1981.0],[2634.5,1984.0],[2638.0,1987.5],[2641.0,1990.5],[2644.5,1994.0],[2648.0,1996.5],[2651.5,2000.0],[2654.5,2003.0],[2658.5,2006.0],[2662.0,2008.5],[2667.0,2010.5],[2672.0,2011.5],[2678.0,2010.5],[2682.0,2008.5],[2684.5,2004.0],[2686.5,2000.0],[2687.5,1994.0],[2688.0,1988.5],[2692.5,1986.0],[2696.5,1984.0],[2700.5,1982.0],[2704.0,1978.5],[2707.0,1975.5],[2710.5,1972.0],[2714.0,1969.5],[2717.5,1966.0],[2720.5,1963.0],[2724.5,1960.0],[2728.0,1957.5],[2733.0,1955.5],[2737.0,1953.5],[2742.0,1951.5],[2746.0,1949.5],[2752.0,1948.5],[2757.0,1947.5],[2762.0,1945.5],[2767.0,1944.5],[2772.0,1942.5],[2776.0,1940.5],[2780.5,1938.0],[2784.0,1935.5],[2788.5,1933.0],[2792.0,1930.5],[2795.5,1928.0],[2799.0,1924.5],[2802.0,1921.5],[2807.0,1919.5],[2811.5,1918.0],[2816.0,1915.5],[2819.5,1913.0],[2823.5,1910.0],[2827.5,1908.0],[2832.0,1905.5],[2835.5,1903.0],[2840.0,1900.5],[2843.5,1898.0],[2848.0,1895.5],[2852.0,1893.5],[2856.5,1891.0],[2860.5,1889.0],[2865.0,1886.5],[2869.0,1884.5],[2874.5,1883.0],[2879.0,1881.5],[2884.0,1879.5],[2888.0,1877.5],[2893.5,1876.0],[2898.0,1874.5],[2904.0,1874.5],[2911.0,1874.5],[2916.0,1875.5],[2921.0,1877.5],[2925.5,1879.0],[2930.0,1881.5],[2934.0,1883.5],[2938.0,1886.5],[2942.0,1888.5],[2946.0,1891.5],[2949.5,1894.0],[2953.5,1897.0],[2956.5,1900.0],[2960.0,1903.5],[2963.5,1906.0],[2967.0,1909.5],[2970.0,1912.5],[2973.0,1916.5],[2975.5,1920.0],[2976.0,1926.5],[2976.5,1932.0],[2977.0,1938.5],[2978.0,1943.5],[2979.5,1948.0],[2982.0,1952.5],[2984.0,1956.5],[2986.0,1961.5],[2987.5,1966.0],[2987.5,1973.0],[2988.5,1978.0],[2989.5,1984.0],[2991.5,1988.0],[2994.5,1992.0],[2997.0,1995.5],[3000.0,1999.5],[3002.5,2003.0],[3005.0,2007.5],[3006.5,2012.0],[3003.5,2016.0],[3000.0,2018.5],[2995.5,2021.0],[2991.0,2022.5],[2985.0,2023.5],[2979.5,2023.0],[2974.0,2021.5],[2970.0,2019.5],[2965.5,2018.0],[2961.0,2015.5],[2957.0,2013.5],[2953.5,2010.0],[2951.0,2006.5],[2951.0,2000.5],[2952.5,1996.0],[2953.5,1990.0],[2952.5,1985.0],[2949.5,1981.0],[2945.5,1979.0],[2939.0,1978.5],[2934.0,1979.5],[2928.0,1980.5],[2924.0,1982.5],[2918.0,1983.5],[2913.0,1984.5],[2907.0,1983.5],[2903.0,1981.5],[2898.0,1979.5],[2894.0,1977.5],[2890.0,1974.5],[2885.0,1973.5],[2880.0,1972.5],[2873.0,1972.5],[2868.0,1973.5],[2863.0,1975.5],[2858.5,1977.0],[2854.0,1979.5],[2850.0,1981.5],[2846.5,1985.0],[2843.5,1988.0],[2840.5,1992.0],[2838.5,1996.0],[2835.0,1999.5],[2832.5,2003.0],[2829.0,2006.5],[2826.0,2009.5],[2822.0,2012.5],[2818.0,2014.5],[2813.0,2016.5],[2807.0,2016.5],[2801.0,2017.5],[2795.0,2017.5],[2788.0,2017.5],[2782.0,2017.5],[2776.0,2017.5],[2770.0,2018.5],[2764.0,2018.5],[2758.0,2019.5],[2752.0,2019.5],[2746.0,2018.5],[2741.0,2017.5],[2736.0,2015.5],[2731.0,2014.5],[2725.0,2013.5],[2720.0,2014.5],[2715.0,2016.5],[2711.0,2018.5],[2706.5,2021.0],[2703.0,2023.5],[2699.0,2026.5],[2695.5,2029.0],[2692.0,2032.5],[2689.0,2035.5],[2686.0,2039.5],[2682.5,2042.0],[2678.5,2045.0],[2675.0,2047.5]]",243118.84784317017,431071.21447753906,104.9730453491211,,,,,0.0037974779,33507,좌안_사력댐_제체,NOF_좌안(대전측)_콘크리트부,,,0.9868860130049347,../../Data/DJI_20260826094549_0300_V.JPG,../Overlay/SPL/P000467.png,mapped,local_surface_estimate
DJI_20260826094549_0300_V.JPG,P000468,SPL,박락,"[[1065.0,2193.5],[1059.0,2191.5],[1054.0,2189.5],[1049.0,2186.5],[1042.0,2185.5],[1036.5,2186.0],[1029.0,2185.5],[1023.0,2184.5],[1016.5,2183.0],[1010.5,2181.0],[1006.0,2178.5],[1001.0,2175.5],[996.0,2172.5],[990.5,2171.0],[984.0,2169.5],[977.0,2169.5],[969.0,2169.5],[961.0,2169.5],[954.0,2169.5],[946.0,2169.5],[938.0,2169.5],[932.0,2168.5],[929.5,2163.0],[929.5,2155.0],[929.5,2148.0],[930.5,2141.0],[931.5,2135.0],[933.0,2128.5],[934.5,2122.0],[935.5,2116.0],[935.5,2108.0],[937.0,2101.5],[942.0,2099.5],[948.0,2099.5],[954.0,2100.5],[960.5,2102.0],[966.0,2104.5],[970.5,2107.0],[976.5,2109.0],[983.0,2110.5],[989.0,2109.5],[996.5,2109.0],[1004.0,2108.5],[1010.0,2109.5],[1016.5,2111.0],[1023.0,2111.5],[1030.0,2112.5],[1037.0,2113.5],[1043.0,2114.5],[1050.0,2115.5],[1057.0,2116.5],[1063.0,2117.5],[1068.0,2120.5],[1071.0,2124.5],[1074.0,2129.5],[1077.5,2134.0],[1081.5,2137.0],[1086.5,2140.0],[1092.5,2142.0],[1099.0,2142.5],[1106.0,2141.5],[1111.5,2139.0],[1116.0,2136.5],[1121.5,2134.0],[1124.5,2130.0],[1127.5,2125.0],[1127.5,2117.0],[1126.5,2111.0],[1126.5,2103.0],[1125.5,2096.0],[1128.0,2091.5],[1133.5,2089.0],[1139.0,2087.5],[1145.0,2085.5],[1151.0,2083.5],[1156.0,2081.5],[1163.0,2080.5],[1169.0,2078.5],[1174.0,2076.5],[1179.5,2074.0],[1185.0,2071.5],[1190.0,2069.5],[1195.5,2067.0],[1200.0,2064.5],[1205.0,2061.5],[1210.0,2058.5],[1214.0,2055.5],[1219.0,2052.5],[1224.5,2050.0],[1229.5,2048.0],[1237.0,2047.5],[1243.0,2046.5],[1249.0,2044.5],[1256.0,2043.5],[1261.0,2041.5],[1266.0,2038.5],[1271.0,2035.5],[1276.0,2033.5],[1281.5,2031.0],[1286.0,2027.5],[1289.5,2024.0],[1293.0,2019.5],[1296.0,2015.5],[1299.5,2011.0],[1302.5,2006.0],[1304.5,2001.0],[1307.5,1996.0],[1310.5,1991.0],[1313.0,1986.5],[1317.0,1982.5],[1321.0,1979.5],[1326.0,1976.5],[1331.0,1973.5],[1336.0,1971.5],[1342.0,1969.5],[1348.0,1967.5],[1353.0,1965.5],[1358.5,1963.0],[1364.0,1960.5],[1369.5,1959.0],[1375.0,1956.5],[1380.5,1955.0],[1386.0,1952.5],[1391.5,1950.0],[1396.0,1947.5],[1401.5,1945.0],[1407.0,1942.5],[1412.0,1940.5],[1418.0,1938.5],[1423.0,1936.5],[1431.0,1936.5],[1438.0,1935.5],[1444.0,1936.5],[1452.0,1936.5],[1459.0,1937.5],[1466.0,1937.5],[1473.0,1938.5],[1479.0,1939.5],[1486.0,1940.5],[1493.0,1941.5],[1499.0,1942.5],[1506.0,1943.5],[1512.0,1945.5],[1517.5,1947.0],[1523.0,1949.5],[1529.0,1951.5],[1535.0,1952.5],[1542.0,1953.5],[1547.5,1955.0],[1554.0,1956.5],[1560.0,1958.5],[1566.5,1959.0],[1574.0,1959.5],[1580.0,1961.5],[1584.0,1964.5],[1589.0,1967.5],[1592.0,1970.5],[1586.0,1972.5],[1580.0,1974.5],[1574.5,1976.0],[1568.0,1977.5],[1561.5,1979.0],[1556.0,1980.5],[1551.0,1983.5],[1546.5,1987.0],[1543.0,1990.5],[1539.5,1995.0],[1537.5,2000.0],[1536.0,2006.5],[1535.5,2014.0],[1533.0,2018.5],[1530.5,2024.0],[1527.5,2029.0],[1524.5,2033.0],[1521.0,2037.5],[1518.5,2042.0],[1515.5,2047.0],[1509.0,2048.5],[1504.5,2051.0],[1499.5,2054.0],[1495.0,2057.5],[1491.0,2060.5],[1486.0,2063.5],[1481.0,2066.5],[1475.5,2068.0],[1470.0,2070.5],[1464.5,2072.0],[1459.0,2074.5],[1454.0,2077.5],[1449.0,2079.5],[1443.0,2081.5],[1436.0,2082.5],[1430.0,2083.5],[1422.5,2083.0],[1416.0,2082.5],[1408.0,2082.5],[1401.5,2084.0],[1396.0,2085.5],[1390.0,2087.5],[1384.0,2089.5],[1379.0,2091.5],[1374.0,2094.5],[1369.0,2097.5],[1364.5,2100.0],[1359.0,2102.5],[1353.0,2103.5],[1347.0,2105.5],[1341.0,2107.5],[1336.0,2109.5],[1329.5,2111.0],[1323.5,2113.0],[1318.0,2114.5],[1312.5,2117.0],[1307.0,2118.5],[1300.5,2120.0],[1293.0,2120.5],[1286.0,2120.5],[1279.5,2122.0],[1273.0,2123.5],[1267.0,2124.5],[1260.0,2125.5],[1253.0,2126.5],[1248.0,2128.5],[1241.5,2130.0],[1235.5,2131.0],[1228.0,2131.5],[1221.0,2132.5],[1215.0,2131.5],[1208.0,2130.5],[1201.0,2131.5],[1195.5,2133.0],[1190.0,2135.5],[1185.0,2137.5],[1179.5,2140.0],[1174.0,2142.5],[1169.5,2145.0],[1164.0,2147.5],[1158.5,2150.0],[1153.0,2151.5],[1147.0,2153.5],[1141.0,2155.5],[1136.0,2157.5],[1131.0,2160.5],[1126.5,2163.0],[1121.0,2165.5],[1114.0,2166.5],[1108.0,2167.5],[1100.0,2167.5],[1093.5,2169.0],[1089.0,2171.5],[1084.5,2175.0],[1081.0,2178.5],[1077.5,2183.0],[1074.0,2187.5],[1070.0,2190.5],[1065.0,2193.5]]",243118.6823234558,431071.6996498108,104.94074630737305,,,,,0.0066066362,56502,좌안_사력댐_제체,NOF_좌안(대전측)_콘크리트부,,,0.9893841453104676,../../Data/DJI_20260826094549_0300_V.JPG,../Overlay/SPL/P000468.png,mapped,local_surface_estimate
DJI_20260826094549_0300_V.JPG,P000469,SPL,박락,"[[635.0,2187.5],[633.0,2187.5],[631.5,2187.0],[630.0,2186.5],[628.0,2186.5],[626.0,2186.5],[624.5,2186.0],[623.0,2185.5],[621.0,2184.5],[619.0,2184.5],[618.0,2183.5],[616.0,2183.5],[615.0,2182.5],[613.0,2182.5],[612.0,2181.5],[610.5,2181.0],[609.0,2180.5],[608.0,2179.5],[606.0,2179.5],[605.0,2178.5],[603.5,2178.0],[602.5,2177.0],[601.0,2176.5],[600.0,2175.5],[598.0,2174.5],[596.5,2174.0],[595.0,2173.5],[594.0,2172.5],[593.0,2171.5],[591.5,2171.0],[590.0,2170.5],[589.0,2169.5],[588.0,2168.5],[586.5,2168.0],[585.0,2167.5],[584.0,2166.5],[582.5,2166.0],[581.0,2165.5],[580.0,2164.5],[578.5,2164.0],[576.5,2163.0],[575.0,2162.5],[574.0,2161.5],[572.5,2161.0],[571.0,2160.5],[570.0,2159.5],[568.5,2159.0],[567.0,2158.5],[566.0,2157.5],[565.0,2156.5],[564.0,2155.5],[562.5,2155.0],[561.5,2154.0],[560.5,2153.0],[559.5,2152.0],[558.5,2151.0],[557.0,2149.5],[556.0,2148.5],[555.0,2147.5],[554.0,2146.5],[553.0,2145.5],[552.0,2144.5],[551.0,2143.5],[550.0,2142.5],[549.5,2141.0],[548.5,2140.0],[547.5,2139.0],[546.5,2138.0],[545.5,2137.0],[545.0,2135.5],[544.0,2134.5],[543.5,2133.0],[542.5,2131.0],[541.5,2130.0],[540.5,2129.0],[540.0,2127.5],[539.5,2126.0],[538.5,2125.0],[537.5,2124.0],[537.0,2122.5],[536.0,2121.5],[535.0,2120.5],[534.5,2119.0],[533.5,2118.0],[532.5,2117.0],[531.5,2116.0],[530.5,2115.0],[529.5,2114.0],[528.0,2112.5],[527.0,2111.5],[526.0,2110.5],[525.0,2109.5],[524.0,2108.5],[523.5,2107.0],[522.5,2106.0],[523.5,2105.0],[525.0,2104.5],[526.0,2103.5],[527.0,2102.5],[528.0,2101.5],[529.5,2101.0],[530.5,2100.0],[532.0,2099.5],[533.0,2098.5],[535.0,2097.5],[536.0,2096.5],[537.0,2095.5],[538.5,2095.0],[539.5,2094.0],[540.5,2093.0],[542.0,2092.5],[543.0,2091.5],[544.0,2090.5],[545.0,2089.5],[546.0,2088.5],[547.0,2087.5],[548.5,2087.0],[549.5,2086.0],[550.5,2085.0],[551.5,2084.0],[553.0,2082.5],[554.5,2082.0],[555.5,2081.0],[557.0,2080.5],[558.0,2079.5],[559.5,2079.0],[561.0,2078.5],[562.0,2077.5],[563.5,2077.0],[565.0,2076.5],[566.5,2076.0],[568.0,2075.5],[570.0,2075.5],[571.0,2074.5],[573.0,2074.5],[574.0,2073.5],[576.5,2073.0],[578.0,2072.5],[580.0,2072.5],[581.5,2073.0],[583.0,2073.5],[584.0,2074.5],[585.0,2075.5],[586.5,2076.0],[587.5,2077.0],[588.5,2078.0],[589.5,2079.0],[591.0,2079.5],[592.0,2080.5],[593.0,2081.5],[594.5,2082.0],[595.5,2083.0],[597.5,2084.0],[598.5,2085.0],[600.0,2085.5],[601.0,2086.5],[602.0,2087.5],[603.0,2088.5],[604.5,2089.0],[605.5,2090.0],[606.5,2091.0],[607.5,2092.0],[608.5,2093.0],[609.5,2094.0],[611.0,2094.5],[612.0,2095.5],[613.0,2096.5],[614.5,2097.0],[616.0,2098.5],[617.5,2099.0],[619.0,2099.5],[620.0,2100.5],[621.5,2101.0],[623.0,2101.5],[624.0,2102.5],[625.5,2103.0],[627.0,2103.5],[628.0,2104.5],[629.5,2105.0],[630.5,2106.0],[632.0,2106.5],[633.0,2107.5],[634.0,2108.5],[635.5,2109.0],[637.0,2110.5],[638.0,2111.5],[639.0,2112.5],[640.0,2113.5],[641.0,2114.5],[642.0,2115.5],[643.0,2116.5],[644.0,2117.5],[645.0,2118.5],[646.0,2119.5],[647.0,2120.5],[647.5,2122.0],[648.5,2123.0],[649.5,2124.0],[650.5,2125.0],[651.5,2126.0],[653.0,2127.5],[654.0,2128.5],[654.5,2130.0],[655.5,2131.0],[656.5,2132.0],[657.0,2133.5],[658.0,2134.5],[658.5,2136.0],[659.5,2137.0],[660.0,2138.5],[661.0,2139.5],[662.0,2140.5],[662.5,2142.0],[663.5,2143.0],[664.5,2144.0],[665.5,2145.0],[667.5,2146.0],[668.0,2147.5],[669.0,2148.5],[670.0,2149.5],[670.0,2150.5],[669.5,2152.0],[669.0,2153.5],[668.5,2155.0],[667.5,2156.0],[666.5,2157.0],[666.0,2158.5],[665.5,2160.0],[664.5,2161.0],[663.5,2162.0],[663.0,2163.5],[662.5,2165.0],[661.0,2166.5],[660.5,2168.0],[659.5,2169.0],[659.0,2170.5],[658.0,2171.5],[657.5,2173.0],[656.5,2174.0],[656.0,2175.5],[655.0,2176.5],[654.5,2178.0],[653.5,2179.0],[652.5,2180.0],[651.5,2181.0],[650.5,2182.0],[649.5,2183.0],[648.0,2183.5],[646.0,2184.5],[645.0,2185.5],[643.0,2185.5],[641.5,2186.0],[640.0,2186.5],[638.0,2186.5],[636.0,2186.5],[635.0,2187.5]]",243118.60527038574,431071.9255104065,104.91666793823242,,,,,0.001132855,9542,좌안_사력댐_제체,NOF_좌안(대전측)_콘크리트부,,,0.9889512536842302,../../Data/DJI_20260826094549_0300_V.JPG,../Overlay/SPL/P000469.png,mapped,local_surface_estimate
DJI_20260826094549_0300_V.JPG,P000470,SPL,박락,"[[738.0,2170.5],[737.0,2170.5],[736.0,2170.5],[735.0,2170.5],[734.0,2170.5],[733.0,2170.5],[732.0,2170.5],[731.0,2170.5],[730.0,2170.5],[729.0,2170.5],[728.0,2170.5],[727.0,2170.5],[726.5,2170.0],[726.0,2169.5],[725.0,2169.5],[724.0,2169.5],[723.0,2169.5],[722.0,2169.5],[721.5,2169.0],[721.0,2168.5],[720.0,2168.5],[719.0,2168.5],[718.5,2168.0],[718.0,2167.5],[717.0,2167.5],[716.5,2167.0],[716.0,2166.5],[715.0,2166.5],[714.0,2166.5],[713.5,2166.0],[713.0,2165.5],[712.0,2165.5],[711.5,2165.0],[711.0,2164.5],[710.0,2164.5],[709.5,2164.0],[709.0,2163.5],[708.5,2163.0],[708.0,2162.5],[707.0,2162.5],[706.5,2162.0],[706.0,2161.5],[705.5,2161.0],[705.0,2160.5],[704.0,2160.5],[703.5,2160.0],[703.0,2159.5],[702.5,2159.0],[702.0,2158.5],[701.0,2158.5],[700.5,2158.0],[700.0,2157.5],[699.5,2157.0],[699.0,2156.5],[698.0,2156.5],[697.5,2156.0],[697.0,2155.5],[696.5,2155.0],[696.0,2154.5],[695.0,2154.5],[694.5,2154.0],[694.0,2153.5],[693.5,2153.0],[693.0,2152.5],[692.5,2152.0],[692.5,2151.0],[692.5,2150.0],[693.0,2149.5],[694.0,2149.5],[694.5,2149.0],[695.0,2148.5],[696.0,2148.5],[696.5,2148.0],[697.0,2147.5],[698.0,2147.5],[698.5,2147.0],[699.0,2146.5],[699.5,2146.0],[700.0,2145.5],[701.0,2145.5],[701.5,2145.0],[702.0,2144.5],[703.0,2144.5],[703.5,2144.0],[704.0,2143.5],[705.0,2143.5],[706.0,2143.5],[706.5,2143.0],[707.0,2142.5],[708.0,2142.5],[708.5,2142.0],[709.0,2141.5],[710.0,2141.5],[711.0,2141.5],[711.5,2141.0],[712.0,2140.5],[713.0,2140.5],[714.0,2140.5],[714.5,2140.0],[715.0,2139.5],[716.0,2139.5],[717.0,2139.5],[718.0,2139.5],[719.0,2139.5],[719.5,2139.0],[720.0,2138.5],[721.0,2138.5],[722.0,2138.5],[723.0,2138.5],[724.0,2138.5],[725.0,2138.5],[726.0,2138.5],[727.0,2138.5],[728.0,2138.5],[728.5,2139.0],[729.0,2139.5],[730.0,2139.5],[731.0,2139.5],[732.0,2139.5],[732.5,2140.0],[733.0,2140.5],[734.0,2140.5],[734.5,2141.0],[735.0,2141.5],[735.5,2142.0],[736.0,2142.5],[737.0,2142.5],[737.5,2143.0],[738.0,2143.5],[739.0,2143.5],[739.5,2144.0],[740.0,2144.5],[740.5,2145.0],[741.0,2145.5],[741.5,2146.0],[742.0,2146.5],[743.0,2146.5],[743.5,2147.0],[744.0,2147.5],[744.5,2148.0],[745.0,2148.5],[745.5,2149.0],[746.0,2149.5],[746.5,2150.0],[747.0,2150.5],[747.5,2151.0],[748.0,2151.5],[748.5,2152.0],[749.0,2152.5],[749.5,2153.0],[749.5,2154.0],[750.0,2154.5],[750.5,2155.0],[750.5,2156.0],[751.0,2156.5],[751.5,2157.0],[752.0,2157.5],[752.5,2158.0],[752.5,2159.0],[753.0,2159.5],[753.5,2160.0],[753.5,2161.0],[753.5,2162.0],[753.0,2162.5],[752.0,2162.5],[751.5,2163.0],[751.0,2163.5],[750.5,2164.0],[750.0,2164.5],[749.5,2165.0],[749.0,2165.5],[748.0,2165.5],[747.5,2166.0],[747.0,2166.5],[746.5,2167.0],[746.0,2167.5],[745.0,2167.5],[744.5,2168.0],[744.0,2168.5],[743.0,2168.5],[742.5,2169.0],[742.0,2169.5],[741.0,2169.5],[740.0,2169.5],[739.0,2169.5],[738.5,2170.0],[738.0,2170.5]]",243118.61937713623,431071.88416671753,104.90851211547852,,,,,0.0001534365,1296,좌안_사력댐_제체,NOF_좌안(대전측)_콘크리트부,,,0.9703712886498298,../../Data/DJI_20260826094549_0300_V.JPG,../Overlay/SPL/P000470.png,mapped,local_surface_estimate
DJI_20260826094549_0300_V.JPG,P000471,SPL,박락,"[[4090.0,2313.5],[4089.0,2313.5],[4088.0,2313.5],[4087.0,2313.5],[4085.0,2313.5],[4084.0,2313.5],[4083.0,2313.5],[4082.5,2313.0],[4082.0,2312.5],[4081.0,2312.5],[4079.0,2312.5],[4078.5,2312.0],[4078.0,2311.5],[4077.0,2311.5],[4076.0,2311.5],[4075.0,2311.5],[4074.0,2311.5],[4073.0,2310.5],[4072.0,2310.5],[4071.0,2310.5],[4070.5,2310.0],[4070.0,2309.5],[4069.0,2309.5],[4067.5,2309.0],[4067.0,2308.5],[4066.0,2308.5],[4065.0,2308.5],[4064.5,2308.0],[4064.0,2307.5],[4063.0,2307.5],[4062.0,2306.5],[4061.0,2306.5],[4060.5,2306.0],[4060.0,2305.5],[4059.5,2305.0],[4059.0,2304.5],[4057.0,2304.5],[4056.5,2304.0],[4056.0,2303.5],[4055.0,2303.5],[4054.0,2303.5],[4053.0,2303.5],[4052.0,2303.5],[4050.0,2303.5],[4049.0,2303.5],[4048.5,2303.0],[4048.5,2302.0],[4048.0,2301.5],[4047.5,2301.0],[4047.5,2300.0],[4047.5,2298.0],[4047.5,2297.0],[4047.5,2296.0],[4047.5,2295.0],[4048.0,2294.5],[4048.5,2294.0],[4049.0,2292.5],[4049.5,2292.0],[4050.0,2291.5],[4050.5,2291.0],[4051.0,2290.5],[4051.5,2290.0],[4052.0,2289.5],[4053.0,2288.5],[4053.5,2288.0],[4054.0,2287.5],[4054.5,2287.0],[4055.0,2286.5],[4055.5,2286.0],[4056.0,2284.5],[4056.5,2284.0],[4057.0,2283.5],[4057.5,2283.0],[4057.5,2282.0],[4058.0,2281.5],[4058.5,2281.0],[4059.0,2279.5],[4059.5,2279.0],[4059.5,2278.0],[4059.5,2277.0],[4059.5,2276.0],[4059.5,2275.0],[4059.5,2273.0],[4059.5,2272.0],[4059.0,2271.5],[4058.5,2271.0],[4058.5,2270.0],[4058.5,2269.0],[4058.5,2268.0],[4058.5,2266.0],[4058.5,2265.0],[4058.5,2264.0],[4058.5,2263.0],[4058.5,2262.0],[4058.5,2261.0],[4059.5,2260.0],[4060.0,2259.5],[4060.5,2259.0],[4060.5,2258.0],[4061.0,2257.5],[4061.5,2257.0],[4062.0,2256.5],[4063.0,2255.5],[4063.5,2255.0],[4064.0,2254.5],[4064.5,2254.0],[4065.0,2253.5],[4065.5,2253.0],[4066.5,2252.0],[4067.0,2251.5],[4067.5,2251.0],[4068.0,2250.5],[4068.5,2250.0],[4069.0,2249.5],[4070.0,2249.5],[4071.0,2248.5],[4071.5,2248.0],[4072.0,2247.5],[4073.0,2247.5],[4073.5,2247.0],[4074.0,2246.5],[4075.0,2245.5],[4076.0,2245.5],[4076.5,2245.0],[4077.0,2244.5],[4078.0,2244.5],[4079.0,2244.5],[4079.5,2244.0],[4081.0,2243.5],[4082.0,2243.5],[4083.0,2243.5],[4084.0,2243.5],[4085.0,2243.5],[4086.0,2243.5],[4087.0,2243.5],[4089.0,2243.5],[4090.0,2243.5],[4090.5,2244.0],[4091.0,2244.5],[4092.0,2244.5],[4093.0,2244.5],[4094.0,2245.5],[4095.0,2245.5],[4096.0,2245.5],[4096.5,2246.0],[4097.0,2246.5],[4097.5,2247.0],[4098.0,2247.5],[4099.5,2248.0],[4100.0,2248.5],[4101.0,2248.5],[4101.5,2249.0],[4102.0,2249.5],[4102.5,2250.0],[4103.0,2251.5],[4103.5,2252.0],[4103.5,2253.0],[4103.5,2254.0],[4103.0,2254.5],[4102.5,2255.0],[4102.0,2255.5],[4101.5,2257.0],[4101.0,2257.5],[4100.5,2258.0],[4100.0,2258.5],[4099.5,2259.0],[4099.0,2259.5],[4098.5,2261.0],[4098.0,2261.5],[4097.5,2262.0],[4097.5,2263.0],[4097.5,2264.0],[4097.5,2265.0],[4097.5,2266.0],[4097.5,2268.0],[4097.5,2269.0],[4097.5,2270.0],[4097.5,2271.0],[4097.5,2272.0],[4097.5,2273.0],[4097.5,2275.0],[4097.5,2276.0],[4097.5,2277.0],[4097.0,2277.5],[4096.5,2278.0],[4096.5,2279.0],[4096.5,2280.0],[4097.5,2281.0],[4097.5,2282.0],[4098.0,2282.5],[4098.5,2283.0],[4098.5,2284.0],[4099.0,2284.5],[4100.0,2285.5],[4100.5,2286.0],[4101.0,2286.5],[4101.5,2287.0],[4102.0,2287.5],[4102.5,2288.0],[4103.0,2288.5],[4104.0,2289.5],[4104.5,2290.0],[4104.5,2291.0],[4105.0,2291.5],[4105.5,2292.0],[4106.0,2292.5],[4107.0,2293.5],[4108.0,2293.5],[4108.5,2294.0],[4108.5,2295.0],[4109.0,2295.5],[4109.5,2296.0],[4110.0,2296.5],[4111.0,2297.5],[4111.5,2298.0],[4112.0,2298.5],[4113.0,2298.5],[4113.5,2299.0],[4114.0,2299.5],[4114.5,2300.0],[4115.5,2301.0],[4116.0,2301.5],[4116.5,2302.0],[4116.5,2303.0],[4116.0,2303.5],[4115.0,2303.5],[4113.0,2303.5],[4112.0,2303.5],[4111.0,2303.5],[4110.0,2303.5],[4109.0,2303.5],[4108.0,2303.5],[4107.0,2303.5],[4105.0,2303.5],[4104.0,2303.5],[4103.0,2303.5],[4102.0,2303.5],[4101.0,2303.5],[4100.0,2303.5],[4098.5,2304.0],[4098.5,2305.0],[4098.5,2306.0],[4098.5,2307.0],[4098.0,2307.5],[4097.5,2308.0],[4097.5,2309.0],[4096.5,2310.0],[4096.0,2310.5],[4095.5,2311.0],[4095.0,2311.5],[4094.0,2311.5],[4093.5,2312.0],[4092.0,2312.5],[4091.0,2312.5],[4090.5,2313.0],[4090.0,2313.5]]",243118.98609161377,431070.80924224854,104.8678092956543,,,,,0.0003180791,2877,좌안_사력댐_제체,NOF_좌안(대전측)_콘크리트부,,,0.9128704514609554,../../Data/DJI_20260826094549_0300_V.JPG,../Overlay/SPL/P000471.png,mapped,local_surface_estimate
DJI_20260826094549_0300_V.JPG,P000472,SPL,박락,"[[4625.0,3537.5],[4624.5,3537.0],[4624.0,3536.5],[4623.0,3536.5],[4622.5,3536.0],[4622.0,3535.5],[4621.5,3535.0],[4621.5,3534.0],[4621.0,3533.5],[4620.5,3533.0],[4620.5,3532.0],[4620.0,3531.5],[4619.5,3531.0],[4619.0,3530.5],[4618.5,3530.0],[4619.0,3529.5],[4619.5,3529.0],[4620.0,3528.5],[4621.0,3528.5],[4622.0,3528.5],[4623.0,3528.5],[4624.0,3528.5],[4625.0,3528.5],[4625.5,3529.0],[4625.5,3530.0],[4626.0,3530.5],[4626.5,3531.0],[4627.0,3531.5],[4627.5,3532.0],[4628.0,3532.5],[4629.0,3532.5],[4629.5,3533.0],[4629.5,3534.0],[4629.0,3534.5],[4628.5,3535.0],[4628.0,3535.5],[4627.5,3536.0],[4627.0,3536.5],[4626.0,3536.5],[4625.5,3537.0],[4625.0,3537.5]]",243119.04398345947,431070.6395454407,104.45158386230469,,,,,6.2395e-06,57,좌안_사력댐_제체,NOF_좌안(대전측)_콘크리트부,,,0.4967995406242839,../../Data/DJI_20260826094549_0300_V.JPG,../Overlay/SPL/P000472.png,mapped,local_surface_estimate
DJI_20260826094700_0360_V.JPG,P000508,SPL,박락,"[[2013.0,673.5],[2004.5,673.0],[1999.5,670.0],[1995.0,665.5],[1991.0,660.5],[1986.5,656.0],[1980.0,654.5],[1974.5,658.0],[1969.5,661.0],[1966.0,656.5],[1965.5,648.0],[1965.5,639.0],[1965.5,633.0],[1966.5,625.0],[1969.0,618.5],[1967.5,612.0],[1965.0,606.5],[1962.5,600.0],[1959.5,594.0],[1957.5,588.0],[1956.5,580.0],[1955.0,572.5],[1953.0,565.5],[1951.5,559.0],[1949.5,552.0],[1948.5,544.0],[1947.5,537.0],[1946.5,529.0],[1945.5,521.0],[1944.5,514.0],[1941.5,508.0],[1938.5,502.0],[1935.5,496.0],[1932.5,491.0],[1931.0,483.5],[1930.0,475.5],[1929.5,468.0],[1928.5,460.0],[1927.5,452.0],[1926.5,444.0],[1925.5,437.0],[1923.5,430.0],[1920.0,424.5],[1919.0,417.5],[1916.5,411.0],[1915.5,403.0],[1915.5,395.0],[1915.5,386.0],[1915.0,379.5],[1913.5,372.0],[1912.0,365.5],[1910.0,358.5],[1908.5,351.0],[1907.0,344.5],[1905.5,337.0],[1904.0,329.5],[1902.0,322.5],[1899.5,317.0],[1898.0,309.5],[1896.5,302.0],[1896.5,294.0],[1896.0,285.5],[1895.5,277.0],[1896.5,270.0],[1895.5,264.0],[1894.5,256.0],[1892.5,249.0],[1891.5,242.0],[1889.5,235.0],[1887.5,228.0],[1884.5,223.0],[1881.0,217.5],[1876.0,213.5],[1870.0,210.5],[1865.0,207.5],[1860.0,203.5],[1856.0,198.5],[1851.5,195.0],[1845.5,192.0],[1839.5,189.0],[1834.0,186.5],[1830.0,181.5],[1826.0,176.5],[1822.5,171.0],[1819.5,166.0],[1817.5,159.0],[1815.0,152.5],[1813.0,146.5],[1810.5,140.0],[1808.5,133.0],[1806.0,126.5],[1803.0,121.5],[1798.5,117.0],[1794.0,112.5],[1790.5,108.0],[1786.5,103.0],[1782.5,98.0],[1779.5,93.0],[1781.0,89.5],[1788.0,91.5],[1795.0,93.5],[1802.0,92.5],[1808.5,90.0],[1813.5,86.0],[1815.5,80.0],[1817.5,73.0],[1818.5,65.0],[1817.0,57.5],[1814.0,52.5],[1809.5,48.0],[1805.0,43.5],[1802.5,38.0],[1803.5,30.0],[1805.0,22.5],[1808.0,17.5],[1812.0,12.5],[1815.5,7.0],[1813.5,2.0],[1815.0,-0.5],[1824.0,-0.5],[1833.0,-0.5],[1841.0,-0.5],[1850.0,-0.5],[1859.0,-0.5],[1868.0,-0.5],[1876.0,-0.5],[1885.0,-0.5],[1894.0,-0.5],[1902.0,-0.5],[1911.0,-0.5],[1920.0,-0.5],[1928.0,-0.5],[1937.0,-0.5],[1946.0,-0.5],[1955.0,-0.5],[1963.0,-0.5],[1972.0,-0.5],[1981.0,-0.5],[1989.0,-0.5],[1998.0,-0.5],[2007.0,-0.5],[2016.0,-0.5],[2024.0,-0.5],[2033.0,-0.5],[2042.0,-0.5],[2050.0,-0.5],[2059.0,-0.5],[2068.0,-0.5],[2072.0,0.5],[2068.5,6.0],[2072.5,11.0],[2072.5,20.0],[2071.0,26.5],[2071.0,34.5],[2072.5,42.0],[2076.0,46.5],[2078.5,53.0],[2078.5,60.0],[2077.5,68.0],[2075.5,74.0],[2073.0,80.5],[2069.5,86.0],[2066.5,91.0],[2065.5,99.0],[2067.0,106.5],[2068.5,113.0],[2070.0,120.5],[2071.5,128.0],[2072.5,136.0],[2074.0,142.5],[2075.5,150.0],[2078.5,156.0],[2081.5,161.0],[2084.0,167.5],[2086.5,174.0],[2087.5,182.0],[2086.5,189.0],[2083.5,195.0],[2080.0,200.5],[2076.0,204.5],[2071.0,208.5],[2064.5,211.0],[2059.0,213.5],[2054.5,218.0],[2051.0,223.5],[2048.5,230.0],[2045.5,231.0],[2043.0,233.5],[2037.5,237.0],[2033.5,241.0],[2032.5,249.0],[2033.5,257.0],[2036.0,263.5],[2038.5,269.0],[2040.5,276.0],[2042.5,283.0],[2043.5,290.0],[2044.5,298.0],[2045.5,306.0],[2047.5,312.0],[2048.5,320.0],[2050.5,327.0],[2052.5,334.0],[2055.5,339.0],[2057.5,346.0],[2057.5,355.0],[2058.5,362.0],[2060.5,369.0],[2063.5,375.0],[2066.5,381.0],[2070.5,385.0],[2070.5,392.0],[2072.5,399.0],[2073.5,406.0],[2074.5,414.0],[2074.5,423.0],[2075.5,430.0],[2075.5,439.0],[2076.5,447.0],[2078.5,454.0],[2078.5,462.0],[2077.5,470.0],[2076.5,478.0],[2077.5,485.0],[2078.5,493.0],[2078.5,502.0],[2079.0,509.5],[2079.5,516.0],[2079.5,525.0],[2079.5,534.0],[2077.5,540.0],[2075.5,547.0],[2074.5,555.0],[2075.0,562.5],[2076.5,570.0],[2078.5,577.0],[2078.5,586.0],[2076.5,592.0],[2074.5,599.0],[2073.5,607.0],[2072.5,614.0],[2072.5,623.0],[2071.5,631.0],[2068.0,636.5],[2064.0,640.5],[2060.0,645.5],[2056.5,651.0],[2053.0,655.5],[2049.0,660.5],[2045.5,658.0],[2040.0,656.5],[2033.0,658.5],[2027.0,661.5],[2022.5,666.0],[2018.0,669.5],[2013.0,673.5]]",243110.7367362976,431094.98989486694,105.69656372070312,,,,,0.0292049896,117391,좌안_사력댐_제체,NOF_좌안(대전측)_콘크리트부,,,0.9887012660801942,../../Data/DJI_20260826094700_0360_V.JPG,../Overlay/SPL/P000508.png,mapped,local_surface_estimate
DJI_20260826094700_0360_V.JPG,P000509,SPL,박락,"[[1902.0,3955.5],[1861.5,3950.0],[1854.5,3912.0],[1846.5,3876.0],[1852.0,3834.5],[1862.5,3801.0],[1850.5,3766.0],[1835.5,3735.0],[1828.0,3695.5],[1815.0,3663.5],[1833.5,3635.0],[1822.5,3604.0],[1842.0,3576.5],[1864.5,3553.0],[1856.0,3520.5],[1817.5,3524.0],[1791.5,3545.0],[1757.5,3557.0],[1724.0,3563.5],[1685.0,3557.5],[1644.0,3556.5],[1606.0,3547.5],[1575.0,3532.5],[1544.0,3516.5],[1535.5,3479.0],[1535.5,3440.0],[1565.5,3424.0],[1567.5,3383.0],[1596.0,3371.5],[1633.0,3371.5],[1660.0,3352.5],[1694.5,3364.0],[1716.0,3339.5],[1718.5,3299.0],[1719.5,3256.0],[1715.5,3220.0],[1708.5,3186.0],[1698.0,3150.5],[1691.5,3110.0],[1687.5,3070.0],[1694.5,3030.0],[1704.5,2994.0],[1713.5,2956.0],[1727.5,2924.0],[1760.0,2917.5],[1791.5,2903.0],[1824.0,2894.5],[1860.5,2904.0],[1886.5,2888.0],[1890.5,2860.0],[1898.0,2827.5],[1891.5,2794.0],[1879.5,2762.0],[1878.0,2729.5],[1875.5,2703.0],[1853.0,2678.5],[1851.5,2638.0],[1860.5,2600.0],[1860.5,2558.0],[1868.0,2520.5],[1883.5,2492.0],[1902.5,2464.0],[1914.5,2436.0],[1920.5,2397.0],[1919.5,2358.0],[1908.5,2324.0],[1899.5,2287.0],[1898.5,2245.0],[1899.5,2206.0],[1916.5,2177.0],[1931.5,2159.0],[1924.5,2120.0],[1913.0,2090.5],[1919.5,2052.0],[1921.5,2009.0],[1929.5,1971.0],[1926.5,1929.0],[1917.5,1892.0],[1922.0,1853.5],[1932.5,1818.0],[1943.5,1786.0],[1938.0,1747.5],[1928.5,1714.0],[1925.5,1671.0],[1923.5,1632.0],[1919.5,1617.0],[1905.5,1642.0],[1886.5,1614.0],[1868.0,1586.5],[1850.5,1557.0],[1848.5,1517.0],[1853.0,1476.5],[1858.0,1438.5],[1847.0,1402.5],[1830.0,1373.5],[1802.0,1354.5],[1783.5,1327.0],[1771.5,1292.0],[1756.0,1261.5],[1758.5,1222.0],[1763.5,1183.0],[1746.5,1155.0],[1750.0,1127.5],[1730.0,1101.5],[1689.5,1098.0],[1661.0,1115.5],[1629.0,1130.5],[1593.0,1140.5],[1551.0,1139.5],[1543.0,1122.5],[1542.5,1093.0],[1535.5,1058.0],[1535.5,1011.0],[1534.5,966.0],[1533.0,927.5],[1535.0,892.5],[1525.5,861.0],[1506.5,834.0],[1540.5,821.0],[1564.5,799.0],[1586.5,777.0],[1553.0,767.5],[1562.0,744.5],[1528.5,733.0],[1496.0,727.5],[1487.0,724.5],[1503.5,703.0],[1520.0,676.5],[1554.0,664.5],[1595.0,658.5],[1621.5,639.0],[1640.0,610.5],[1666.0,596.5],[1688.0,571.5],[1726.0,563.5],[1761.0,569.5],[1772.0,534.5],[1797.5,514.0],[1813.5,485.0],[1826.0,451.5],[1852.5,466.0],[1836.5,490.0],[1832.5,531.0],[1836.5,573.0],[1837.5,617.0],[1836.5,658.0],[1838.5,703.0],[1846.5,741.0],[1844.5,784.0],[1850.5,822.0],[1857.0,862.5],[1860.5,901.0],[1867.5,941.0],[1871.5,983.0],[1879.5,1021.0],[1890.0,1057.5],[1895.5,1098.0],[1912.5,1128.0],[1904.5,1162.0],[1902.5,1205.0],[1897.5,1244.0],[1904.5,1282.0],[1915.5,1317.0],[1911.0,1358.5],[1913.5,1398.0],[1909.5,1439.0],[1939.0,1455.5],[1975.0,1466.5],[2007.5,1480.0],[2038.5,1496.0],[2075.0,1505.5],[2117.0,1505.5],[2149.5,1520.0],[2178.5,1533.0],[2154.0,1555.5],[2131.5,1579.0],[2108.5,1603.0],[2078.0,1616.5],[2050.0,1633.5],[2020.5,1650.0],[2005.5,1674.0],[2011.5,1710.0],[2006.0,1747.5],[2005.0,1777.5],[1990.0,1805.5],[1990.5,1849.0],[1985.5,1891.0],[1990.5,1930.0],[1993.5,1973.0],[2003.5,2010.0],[2008.5,2051.0],[2005.0,2094.5],[2000.5,2136.0],[2002.5,2179.0],[2000.5,2217.0],[1979.5,2243.0],[1960.5,2270.0],[1956.0,2308.5],[1948.5,2347.0],[1962.0,2368.5],[1998.0,2378.5],[2036.0,2387.5],[2050.5,2419.0],[2031.5,2447.0],[1995.0,2446.5],[1970.5,2460.0],[1976.5,2501.0],[1979.5,2540.0],[1994.5,2572.0],[2008.0,2604.5],[2016.0,2643.5],[2007.5,2680.0],[2005.5,2723.0],[2012.0,2760.5],[2052.0,2767.5],[2086.0,2779.5],[2122.5,2790.0],[2121.5,2833.0],[2140.0,2856.5],[2098.0,2858.5],[2053.0,2856.5],[2013.0,2856.5],[1976.0,2849.5],[1950.0,2828.5],[1916.5,2837.0],[1914.5,2878.0],[1920.5,2918.0],[1925.5,2960.0],[1921.5,3000.0],[1922.5,3044.0],[1920.5,3084.0],[1923.5,3124.0],[1930.5,3163.0],[1928.5,3206.0],[1928.5,3248.0],[1919.5,3286.0],[1919.5,3332.0],[1919.5,3377.0],[1922.0,3414.5],[1937.5,3445.0],[1936.5,3483.0],[1927.5,3512.0],[1919.5,3551.0],[1910.5,3584.0],[1915.0,3618.5],[1918.5,3657.0],[1927.0,3695.5],[1945.5,3719.0],[1961.0,3748.5],[1957.0,3783.5],[1944.0,3809.5],[1919.5,3817.0],[1916.5,3841.0],[1918.0,3882.5],[1907.5,3919.0],[1902.0,3955.5]]",243110.72763061523,431095.01658821106,104.7838249206543,,,,,0.1434747954,579088,좌안_사력댐_제체,NOF_좌안(대전측)_콘크리트부,,,0.9823366388756467,../../Data/DJI_20260826094700_0360_V.JPG,../Overlay/SPL/P000509.png,mapped,local_surface_estimate
DJI_20260826094700_0360_V.JPG,P000510,SPL,박락,"[[213.0,713.5],[209.0,713.5],[205.0,713.5],[201.0,713.5],[199.0,712.5],[195.0,712.5],[192.0,711.5],[188.0,711.5],[184.0,711.5],[181.0,710.5],[178.0,709.5],[175.0,708.5],[173.0,707.5],[170.0,706.5],[167.0,705.5],[164.0,704.5],[161.5,703.0],[160.5,700.0],[160.5,696.0],[161.5,694.0],[161.5,690.0],[161.5,686.0],[161.5,682.0],[161.5,678.0],[160.0,675.5],[158.5,673.0],[156.5,671.0],[155.0,669.5],[152.5,668.0],[150.0,666.5],[147.0,665.5],[144.0,664.5],[141.0,663.5],[137.0,663.5],[135.0,662.5],[131.0,662.5],[128.0,661.5],[125.5,660.0],[122.0,659.5],[119.0,658.5],[116.0,657.5],[113.0,656.5],[110.0,656.5],[107.0,655.5],[104.0,654.5],[101.0,653.5],[97.5,653.0],[94.0,652.5],[90.0,652.5],[87.0,652.5],[84.5,654.0],[82.5,656.0],[80.5,658.0],[79.5,661.0],[78.5,664.0],[77.5,667.0],[76.5,670.0],[75.5,672.0],[74.5,675.0],[73.5,678.0],[72.0,680.5],[70.5,683.0],[69.5,686.0],[69.5,690.0],[69.5,693.0],[67.0,694.5],[64.5,696.0],[62.0,697.5],[59.0,698.5],[56.0,699.5],[52.0,699.5],[48.0,699.5],[45.0,699.5],[41.0,699.5],[38.0,698.5],[34.0,698.5],[30.0,698.5],[26.0,698.5],[23.0,699.5],[20.0,699.5],[16.0,699.5],[12.0,699.5],[9.0,700.5],[5.0,700.5],[1.0,700.5],[-0.5,698.0],[-0.5,694.0],[-0.5,691.0],[-0.5,687.0],[-0.5,683.0],[-0.5,679.0],[-0.5,675.0],[-0.5,671.0],[-0.5,667.0],[-0.5,664.0],[-0.5,660.0],[-0.5,656.0],[-0.5,652.0],[-0.5,648.0],[-0.5,644.0],[-0.5,640.0],[-0.5,636.0],[-0.5,633.0],[-0.5,629.0],[-0.5,625.0],[-0.5,621.0],[-0.5,617.0],[-0.5,613.0],[-0.5,609.0],[-0.5,606.0],[1.0,603.5],[4.5,604.0],[8.0,604.5],[12.0,604.5],[16.0,604.5],[20.0,604.5],[24.0,604.5],[26.5,605.0],[30.0,605.5],[33.0,606.5],[36.5,607.0],[40.0,607.5],[44.0,607.5],[47.0,608.5],[50.0,608.5],[53.0,607.5],[57.0,607.5],[60.0,606.5],[64.0,606.5],[67.0,605.5],[71.0,605.5],[75.0,605.5],[78.0,605.5],[82.0,605.5],[85.5,606.0],[89.0,606.5],[93.0,606.5],[97.0,606.5],[100.0,605.5],[103.0,605.5],[107.0,605.5],[110.0,604.5],[113.0,603.5],[116.5,603.0],[120.0,602.5],[123.0,601.5],[127.0,601.5],[130.0,601.5],[134.0,601.5],[138.0,601.5],[142.0,601.5],[146.0,601.5],[150.0,601.5],[154.0,601.5],[157.0,601.5],[160.0,602.5],[164.0,602.5],[168.0,602.5],[172.0,602.5],[175.0,603.5],[179.0,603.5],[183.0,603.5],[186.0,603.5],[189.0,604.5],[193.0,604.5],[196.0,605.5],[200.0,605.5],[203.0,606.5],[207.0,606.5],[209.5,607.0],[213.0,607.5],[216.5,608.0],[220.0,608.5],[224.0,608.5],[227.0,609.5],[231.0,609.5],[235.0,609.5],[238.0,609.5],[241.0,610.5],[245.0,610.5],[249.0,610.5],[253.0,610.5],[257.0,610.5],[261.0,610.5],[264.0,610.5],[268.0,610.5],[272.0,610.5],[276.0,610.5],[279.5,610.0],[283.0,609.5],[285.5,608.0],[288.0,606.5],[290.0,605.5],[292.5,604.0],[295.0,602.5],[297.0,600.5],[300.5,600.0],[304.0,599.5],[308.0,599.5],[311.0,599.5],[313.5,601.0],[312.0,603.5],[309.5,605.0],[307.0,606.5],[304.5,608.0],[302.0,609.5],[300.0,611.5],[298.5,613.0],[296.0,614.5],[294.0,616.5],[291.0,617.5],[288.5,619.0],[285.5,620.0],[283.0,621.5],[280.5,622.0],[278.0,623.5],[275.0,624.5],[272.5,626.0],[270.0,627.5],[267.5,629.0],[265.5,631.0],[263.0,632.5],[261.5,634.0],[260.0,636.5],[258.5,639.0],[256.5,641.0],[255.5,644.0],[254.5,647.0],[253.5,650.0],[252.5,652.0],[251.5,655.0],[250.5,658.0],[249.5,661.0],[248.5,664.0],[247.5,667.0],[247.0,670.5],[246.5,674.0],[245.5,676.0],[244.5,679.0],[244.0,682.5],[242.5,685.0],[241.5,688.0],[240.0,690.5],[238.5,693.0],[237.5,695.0],[236.0,697.5],[234.5,700.0],[232.5,702.0],[230.5,704.0],[228.0,705.5],[225.5,707.0],[223.0,708.5],[221.0,709.5],[218.5,711.0],[216.0,712.5],[213.0,713.5]]",243110.45780944824,431095.80749702454,105.47465896606445,,,,,0.0046100027,21628,좌안_사력댐_제체,NOF_좌안(대전측)_콘크리트부,,,0.9880825705359157,../../Data/DJI_20260826094700_0360_V.JPG,../Overlay/SPL/P000510.png,mapped,local_surface_estimate
DJI_20260826094700_0360_V.JPG,P000511,SPL,박락,"[[385.0,698.5],[384.5,698.0],[384.5,697.0],[384.0,696.5],[383.5,696.0],[383.5,695.0],[383.5,694.0],[383.5,693.0],[383.5,692.0],[383.5,691.0],[383.5,690.0],[383.5,689.0],[383.5,688.0],[383.5,687.0],[383.5,686.0],[383.5,685.0],[383.5,684.0],[383.5,683.0],[384.0,682.5],[384.5,682.0],[385.0,681.5],[385.5,682.0],[386.0,682.5],[387.0,682.5],[388.0,682.5],[389.0,682.5],[390.0,682.5],[391.0,682.5],[392.0,682.5],[393.0,682.5],[394.0,682.5],[395.0,682.5],[396.0,682.5],[397.0,682.5],[398.0,682.5],[399.0,682.5],[400.0,682.5],[401.0,682.5],[402.0,682.5],[403.0,682.5],[404.0,682.5],[405.0,682.5],[406.0,682.5],[407.0,682.5],[408.0,682.5],[409.0,682.5],[410.0,682.5],[411.0,682.5],[412.0,682.5],[412.5,682.0],[413.0,681.5],[414.0,681.5],[415.0,681.5],[416.0,681.5],[416.5,682.0],[417.0,682.5],[417.5,683.0],[418.0,683.5],[419.0,683.5],[419.5,684.0],[420.0,684.5],[421.0,684.5],[421.5,685.0],[422.0,685.5],[422.5,686.0],[422.0,686.5],[421.5,687.0],[421.0,687.5],[420.0,687.5],[419.0,687.5],[418.5,688.0],[418.0,688.5],[417.5,689.0],[417.0,689.5],[416.0,689.5],[415.0,689.5],[414.5,690.0],[414.0,690.5],[413.0,690.5],[412.0,690.5],[411.0,690.5],[410.0,690.5],[409.0,690.5],[408.0,690.5],[407.0,690.5],[406.0,690.5],[405.0,690.5],[404.5,691.0],[404.0,691.5],[403.0,691.5],[402.0,691.5],[401.0,691.5],[400.0,691.5],[399.5,692.0],[399.0,692.5],[398.0,692.5],[397.0,692.5],[396.5,693.0],[396.0,693.5],[395.0,693.5],[394.0,693.5],[393.0,693.5],[392.0,693.5],[391.5,694.0],[391.0,694.5],[390.0,694.5],[389.5,695.0],[389.0,695.5],[388.0,695.5],[387.0,695.5],[386.0,695.5],[385.5,696.0],[385.5,697.0],[385.5,698.0],[385.0,698.5]]",243110.49620056152,431095.6949558258,105.46004486083984,,,,,7.80504e-05,358,좌안_사력댐_제체,NOF_좌안(대전측)_콘크리트부,,,0.5082127013186503,../../Data/DJI_20260826094700_0360_V.JPG,../Overlay/SPL/P000511.png,mapped,local_surface_estimate
DJI_20260826094700_0360_V.JPG,P000512,SPL,박락,"[[2246.0,1383.5],[2242.0,1383.5],[2239.0,1381.5],[2237.0,1379.5],[2235.0,1377.5],[2232.0,1375.5],[2230.5,1373.0],[2228.5,1371.0],[2226.0,1368.5],[2224.5,1366.0],[2223.5,1363.0],[2222.0,1359.5],[2221.5,1356.0],[2220.5,1353.0],[2219.5,1349.0],[2219.0,1345.5],[2217.5,1343.0],[2216.5,1339.0],[2215.0,1336.5],[2214.0,1333.5],[2212.5,1330.0],[2211.0,1327.5],[2209.5,1325.0],[2211.5,1322.0],[2215.0,1321.5],[2218.0,1320.5],[2222.5,1320.0],[2225.5,1319.0],[2228.5,1318.0],[2232.0,1316.5],[2235.0,1315.5],[2238.0,1314.5],[2241.0,1312.5],[2244.0,1311.5],[2246.5,1310.0],[2250.0,1308.5],[2252.5,1307.0],[2254.5,1305.0],[2257.0,1302.5],[2259.0,1300.5],[2260.5,1298.0],[2261.5,1294.0],[2262.5,1291.0],[2263.5,1288.0],[2263.5,1284.0],[2263.0,1279.5],[2263.0,1277.5],[2263.5,1275.0],[2263.5,1270.0],[2263.5,1266.0],[2264.5,1263.0],[2264.0,1258.5],[2263.5,1255.0],[2262.0,1252.5],[2259.5,1250.0],[2257.0,1248.5],[2253.5,1249.0],[2250.0,1250.5],[2248.5,1253.0],[2247.5,1256.0],[2247.5,1261.0],[2246.5,1264.0],[2246.5,1268.0],[2245.5,1272.0],[2244.0,1274.5],[2242.5,1277.0],[2239.5,1279.0],[2236.5,1280.0],[2234.5,1282.0],[2231.0,1283.5],[2229.0,1283.5],[2226.5,1282.0],[2224.0,1279.5],[2222.0,1277.5],[2220.5,1275.0],[2218.0,1272.5],[2216.5,1270.0],[2214.5,1268.0],[2212.5,1265.0],[2211.5,1262.0],[2211.5,1258.0],[2212.5,1254.0],[2212.5,1250.0],[2213.5,1247.0],[2214.0,1242.5],[2214.5,1239.0],[2215.5,1236.0],[2216.5,1232.0],[2216.5,1228.0],[2216.5,1224.0],[2214.5,1221.0],[2212.0,1219.5],[2211.0,1217.5],[2211.5,1213.0],[2212.5,1210.0],[2214.5,1208.0],[2216.5,1205.0],[2218.0,1202.5],[2220.0,1200.5],[2222.0,1197.5],[2223.5,1195.0],[2225.5,1193.0],[2227.5,1190.0],[2229.0,1187.5],[2230.5,1185.0],[2231.5,1181.0],[2231.5,1177.0],[2230.5,1174.0],[2229.5,1170.0],[2228.0,1167.5],[2227.0,1164.5],[2225.5,1161.0],[2224.5,1158.0],[2223.0,1155.5],[2221.0,1152.5],[2218.5,1151.0],[2217.5,1148.0],[2215.5,1145.0],[2214.5,1142.0],[2214.5,1138.0],[2214.5,1133.0],[2215.5,1130.0],[2216.5,1127.0],[2217.5,1123.0],[2218.5,1120.0],[2219.5,1117.0],[2219.5,1112.0],[2219.5,1108.0],[2219.5,1104.0],[2218.5,1101.0],[2219.5,1097.0],[2220.5,1094.0],[2222.5,1092.0],[2225.0,1089.5],[2228.0,1088.5],[2232.0,1088.5],[2234.5,1091.0],[2235.5,1094.0],[2235.5,1098.0],[2236.5,1102.0],[2236.5,1106.0],[2236.5,1110.0],[2237.5,1114.0],[2238.5,1117.0],[2240.0,1119.5],[2242.0,1122.5],[2243.5,1125.0],[2245.5,1127.0],[2249.0,1128.5],[2252.0,1129.5],[2255.0,1130.5],[2259.5,1131.0],[2262.5,1132.0],[2265.5,1133.0],[2268.5,1135.0],[2271.0,1136.5],[2273.0,1138.5],[2275.5,1141.0],[2277.5,1143.0],[2279.5,1145.0],[2281.5,1148.0],[2283.5,1150.0],[2286.0,1151.5],[2287.5,1155.0],[2287.5,1159.0],[2289.0,1161.5],[2290.5,1165.0],[2291.5,1168.0],[2292.5,1171.0],[2293.5,1175.0],[2294.5,1178.0],[2296.0,1180.5],[2298.0,1183.5],[2299.5,1186.0],[2301.5,1188.0],[2303.0,1191.5],[2303.5,1195.0],[2305.5,1197.0],[2306.5,1201.0],[2307.5,1204.0],[2309.0,1206.5],[2310.5,1210.0],[2310.5,1214.0],[2311.5,1217.0],[2312.5,1221.0],[2314.0,1223.5],[2315.5,1226.0],[2317.5,1229.0],[2319.5,1231.0],[2321.5,1233.0],[2324.5,1235.0],[2326.5,1237.0],[2328.5,1239.0],[2329.5,1243.0],[2330.5,1246.0],[2330.5,1250.0],[2332.0,1253.5],[2333.0,1256.5],[2334.5,1259.0],[2336.5,1262.0],[2338.0,1264.5],[2339.5,1267.0],[2340.5,1271.0],[2341.5,1274.0],[2343.0,1276.5],[2344.5,1280.0],[2345.5,1283.0],[2346.5,1286.0],[2347.5,1290.0],[2349.0,1292.5],[2349.5,1296.0],[2350.5,1300.0],[2350.0,1303.5],[2348.5,1306.0],[2346.5,1308.0],[2344.5,1311.0],[2342.5,1313.0],[2341.0,1315.5],[2339.0,1318.5],[2337.5,1321.0],[2335.5,1323.0],[2334.5,1327.0],[2332.5,1329.0],[2331.0,1331.5],[2329.0,1334.5],[2326.5,1336.0],[2324.5,1338.0],[2322.0,1340.5],[2319.5,1342.0],[2317.5,1344.0],[2315.0,1346.5],[2312.5,1348.0],[2309.5,1349.0],[2306.5,1351.0],[2303.5,1352.0],[2301.5,1354.0],[2298.5,1356.0],[2296.0,1357.5],[2294.0,1359.5],[2291.5,1362.0],[2289.5,1364.0],[2287.5,1366.0],[2285.5,1369.0],[2283.5,1371.0],[2281.0,1372.5],[2278.0,1374.5],[2274.0,1374.5],[2271.0,1373.5],[2266.0,1373.5],[2262.0,1373.5],[2259.5,1375.0],[2256.5,1377.0],[2254.0,1378.5],[2252.0,1380.5],[2249.0,1382.5],[2246.0,1383.5]]",243110.7851638794,431094.8479423523,105.20638656616211,,,,,0.0057643455,22561,좌안_사력댐_제체,NOF_좌안(대전측)_콘크리트부,,,0.9759508728344313,../../Data/DJI_20260826094700_0360_V.JPG,../Overlay/SPL/P000512.png,mapped,local_surface_estimate
DJI_20260826094700_0360_V.JPG,P000513,SPL,박락,"[[4683.0,1437.5],[4681.0,1437.5],[4678.0,1437.5],[4676.0,1437.5],[4675.0,1436.5],[4672.0,1436.5],[4671.0,1435.5],[4669.0,1435.5],[4666.5,1435.0],[4665.0,1434.5],[4663.0,1434.5],[4661.0,1433.5],[4659.0,1433.5],[4657.0,1433.5],[4654.0,1433.5],[4653.0,1432.5],[4651.0,1432.5],[4649.0,1432.5],[4646.5,1432.0],[4645.0,1431.5],[4643.0,1431.5],[4641.0,1430.5],[4639.0,1430.5],[4637.5,1430.0],[4635.0,1429.5],[4634.0,1428.5],[4632.5,1428.0],[4630.0,1427.5],[4629.0,1426.5],[4627.5,1426.0],[4626.0,1424.5],[4624.5,1424.0],[4623.5,1423.0],[4621.5,1422.0],[4620.5,1421.0],[4620.0,1419.5],[4618.5,1418.0],[4617.5,1417.0],[4617.0,1415.5],[4615.5,1414.0],[4615.5,1412.0],[4614.5,1411.0],[4614.0,1408.5],[4613.5,1407.0],[4613.0,1405.5],[4612.5,1404.0],[4612.5,1401.0],[4612.5,1399.0],[4612.5,1397.0],[4612.5,1394.0],[4612.5,1392.0],[4612.5,1390.0],[4613.0,1387.5],[4613.5,1386.0],[4613.5,1384.0],[4613.5,1381.0],[4613.5,1379.0],[4613.5,1377.0],[4614.5,1375.0],[4614.5,1373.0],[4614.5,1371.0],[4614.5,1368.0],[4615.0,1366.5],[4615.5,1365.0],[4615.5,1362.0],[4615.5,1360.0],[4616.0,1358.5],[4616.5,1356.0],[4616.5,1354.0],[4617.0,1352.5],[4617.5,1350.0],[4617.5,1348.0],[4617.5,1346.0],[4617.5,1344.0],[4616.5,1342.0],[4616.0,1340.5],[4615.0,1339.5],[4613.5,1338.0],[4612.5,1337.0],[4611.5,1336.0],[4610.0,1334.5],[4609.0,1333.5],[4607.0,1333.5],[4604.5,1333.0],[4605.0,1331.5],[4606.0,1330.5],[4607.5,1329.0],[4609.0,1328.5],[4611.0,1328.5],[4612.5,1327.0],[4614.0,1326.5],[4615.0,1325.5],[4617.0,1324.5],[4619.0,1324.5],[4620.0,1323.5],[4622.5,1323.0],[4624.0,1322.5],[4625.5,1322.0],[4628.0,1321.5],[4629.5,1321.0],[4631.0,1320.5],[4633.0,1320.5],[4636.0,1320.5],[4638.0,1320.5],[4639.0,1319.5],[4642.0,1319.5],[4644.0,1319.5],[4646.0,1319.5],[4649.0,1319.5],[4650.5,1319.0],[4652.0,1318.5],[4655.0,1318.5],[4657.0,1318.5],[4659.0,1318.5],[4662.0,1318.5],[4664.0,1318.5],[4666.0,1318.5],[4669.0,1318.5],[4671.0,1318.5],[4673.0,1318.5],[4676.0,1318.5],[4677.5,1319.0],[4679.0,1319.5],[4682.0,1319.5],[4683.5,1320.0],[4685.0,1320.5],[4687.0,1321.5],[4689.0,1321.5],[4690.0,1322.5],[4692.0,1322.5],[4694.0,1323.5],[4695.0,1324.5],[4697.0,1324.5],[4699.0,1325.5],[4700.0,1326.5],[4701.5,1327.0],[4703.5,1328.0],[4705.0,1328.5],[4706.5,1329.0],[4708.0,1330.5],[4709.5,1331.0],[4711.0,1331.5],[4712.5,1333.0],[4714.0,1333.5],[4715.0,1334.5],[4717.0,1335.5],[4718.0,1336.5],[4719.0,1337.5],[4721.0,1338.5],[4722.0,1339.5],[4723.5,1340.0],[4725.0,1341.5],[4726.0,1342.5],[4727.5,1343.0],[4729.0,1344.5],[4730.5,1345.0],[4732.0,1345.5],[4733.0,1346.5],[4735.0,1347.5],[4735.5,1349.0],[4736.5,1350.0],[4738.0,1351.5],[4739.0,1352.5],[4740.0,1353.5],[4741.5,1355.0],[4742.5,1356.0],[4743.5,1357.0],[4744.5,1359.0],[4745.5,1360.0],[4746.5,1361.0],[4747.5,1363.0],[4748.5,1364.0],[4749.5,1365.0],[4750.5,1367.0],[4751.5,1368.0],[4752.5,1369.0],[4754.0,1370.5],[4755.5,1371.0],[4756.5,1372.0],[4758.5,1373.0],[4759.5,1374.0],[4761.0,1374.5],[4763.0,1375.5],[4764.5,1376.0],[4766.0,1376.5],[4767.0,1377.5],[4768.0,1379.5],[4769.5,1380.0],[4771.0,1380.5],[4773.0,1381.5],[4774.0,1382.5],[4775.0,1383.5],[4776.5,1385.0],[4776.0,1386.5],[4775.5,1388.0],[4774.0,1389.5],[4773.0,1390.5],[4772.0,1391.5],[4770.0,1392.5],[4769.0,1393.5],[4768.0,1394.5],[4767.5,1397.0],[4767.5,1399.0],[4766.5,1400.0],[4765.5,1402.0],[4764.5,1403.0],[4763.5,1404.0],[4762.5,1406.0],[4761.5,1407.0],[4761.0,1408.5],[4760.0,1410.5],[4759.5,1412.0],[4758.5,1413.0],[4758.0,1414.5],[4757.0,1416.5],[4756.0,1417.5],[4755.0,1418.5],[4753.0,1419.5],[4751.0,1419.5],[4749.5,1420.0],[4747.0,1420.5],[4745.0,1420.5],[4744.0,1421.5],[4741.0,1421.5],[4740.0,1422.5],[4738.0,1422.5],[4736.0,1423.5],[4735.5,1425.0],[4734.0,1425.5],[4732.0,1426.5],[4730.0,1426.5],[4728.5,1427.0],[4726.5,1428.0],[4725.0,1428.5],[4724.0,1429.5],[4721.5,1430.0],[4720.0,1430.5],[4718.5,1431.0],[4716.0,1431.5],[4715.0,1432.5],[4713.0,1432.5],[4711.5,1433.0],[4709.0,1433.5],[4707.0,1433.5],[4705.0,1433.5],[4702.5,1434.0],[4701.0,1434.5],[4699.0,1434.5],[4696.0,1434.5],[4694.5,1435.0],[4693.0,1435.5],[4690.0,1435.5],[4688.5,1436.0],[4687.0,1436.5],[4684.0,1436.5],[4683.0,1437.5]]",243111.20747375488,431093.61005973816,105.16639709472656,,,,,0.004639224,14587,좌안_사력댐_제체,NOF_좌안(대전측)_콘크리트부,,,0.9848717765994597,../../Data/DJI_20260826094700_0360_V.JPG,../Overlay/SPL/P000513.png,mapped,local_surface_estimate
DJI_20260826094700_0360_V.JPG,P000514,SPL,박락,"[[4362.0,1389.5],[4360.0,1389.5],[4358.0,1388.5],[4356.0,1388.5],[4354.0,1387.5],[4352.5,1387.0],[4351.0,1385.5],[4350.0,1384.5],[4347.5,1384.0],[4346.0,1383.5],[4344.0,1383.5],[4342.0,1382.5],[4340.0,1382.5],[4338.0,1381.5],[4336.0,1381.5],[4334.0,1380.5],[4333.0,1379.5],[4331.0,1378.5],[4329.0,1378.5],[4328.0,1377.5],[4326.0,1376.5],[4324.0,1376.5],[4322.0,1375.5],[4320.5,1375.0],[4318.0,1374.5],[4316.0,1374.5],[4314.0,1373.5],[4312.0,1373.5],[4310.0,1372.5],[4309.0,1371.5],[4307.5,1371.0],[4305.5,1370.0],[4304.5,1369.0],[4303.0,1367.5],[4302.0,1366.5],[4300.0,1365.5],[4299.0,1364.5],[4297.0,1363.5],[4296.0,1362.5],[4294.0,1362.5],[4294.5,1361.0],[4296.0,1360.5],[4297.5,1359.0],[4299.0,1358.5],[4300.5,1357.0],[4301.5,1356.0],[4303.5,1355.0],[4304.5,1354.0],[4306.0,1353.5],[4309.0,1353.5],[4310.5,1354.0],[4312.5,1355.0],[4314.0,1355.5],[4316.0,1356.5],[4317.5,1357.0],[4319.5,1358.0],[4321.0,1358.5],[4323.0,1358.5],[4326.0,1358.5],[4328.0,1358.5],[4330.0,1357.5],[4332.0,1357.5],[4334.0,1356.5],[4336.0,1356.5],[4338.0,1355.5],[4340.0,1355.5],[4343.0,1355.5],[4345.0,1355.5],[4346.5,1355.0],[4349.0,1354.5],[4350.0,1355.5],[4351.5,1355.0],[4353.0,1355.5],[4355.0,1354.5],[4357.0,1354.5],[4360.0,1354.5],[4362.0,1354.5],[4363.5,1354.0],[4366.0,1353.5],[4368.0,1353.5],[4370.0,1352.5],[4372.0,1352.5],[4374.0,1351.5],[4376.0,1351.5],[4379.0,1351.5],[4381.0,1351.5],[4383.0,1351.5],[4386.0,1351.5],[4388.0,1351.5],[4391.0,1351.5],[4393.0,1351.5],[4396.0,1351.5],[4398.0,1351.5],[4400.0,1350.5],[4402.0,1350.5],[4404.0,1350.5],[4406.0,1349.5],[4407.5,1349.0],[4409.5,1348.0],[4411.0,1347.5],[4413.0,1346.5],[4414.5,1346.0],[4417.0,1345.5],[4418.0,1344.5],[4419.5,1344.0],[4422.0,1343.5],[4423.0,1342.5],[4425.0,1341.5],[4427.0,1341.5],[4429.0,1340.5],[4430.0,1339.5],[4432.5,1339.0],[4434.0,1338.5],[4437.0,1338.5],[4438.0,1339.5],[4440.0,1339.5],[4442.5,1340.0],[4444.0,1340.5],[4446.5,1341.0],[4448.0,1341.5],[4451.0,1341.5],[4452.0,1342.5],[4455.0,1342.5],[4457.0,1342.5],[4459.0,1342.5],[4461.0,1343.5],[4463.0,1343.5],[4466.0,1343.5],[4468.0,1343.5],[4471.0,1343.5],[4473.0,1343.5],[4476.0,1343.5],[4478.0,1343.5],[4480.0,1343.5],[4483.0,1343.5],[4485.0,1343.5],[4488.0,1343.5],[4490.0,1343.5],[4493.0,1343.5],[4494.5,1344.0],[4497.0,1344.5],[4499.0,1344.5],[4501.0,1344.5],[4504.0,1344.5],[4506.0,1344.5],[4509.0,1344.5],[4510.5,1344.0],[4513.0,1343.5],[4515.0,1343.5],[4517.5,1343.0],[4519.0,1342.5],[4521.5,1342.0],[4523.0,1341.5],[4525.0,1341.5],[4527.0,1340.5],[4528.5,1340.0],[4531.0,1339.5],[4532.0,1338.5],[4534.0,1337.5],[4536.0,1337.5],[4538.0,1336.5],[4538.5,1338.0],[4538.0,1339.5],[4537.0,1341.5],[4536.0,1342.5],[4534.5,1344.0],[4533.5,1345.0],[4531.5,1346.0],[4530.0,1346.5],[4528.0,1347.5],[4526.0,1347.5],[4525.0,1348.5],[4522.0,1348.5],[4520.5,1349.0],[4518.0,1349.5],[4516.5,1350.0],[4514.0,1350.5],[4512.5,1351.0],[4510.0,1351.5],[4508.5,1352.0],[4507.0,1352.5],[4505.0,1353.5],[4503.0,1353.5],[4501.0,1354.5],[4500.0,1355.5],[4497.5,1356.0],[4496.0,1356.5],[4494.0,1357.5],[4492.5,1358.0],[4491.0,1358.5],[4489.0,1359.5],[4487.5,1360.0],[4485.0,1360.5],[4484.0,1361.5],[4482.0,1362.5],[4480.5,1363.0],[4478.0,1363.5],[4477.0,1364.5],[4474.5,1365.0],[4473.0,1365.5],[4472.0,1366.5],[4469.5,1367.0],[4468.0,1367.5],[4465.5,1368.0],[4464.0,1368.5],[4462.0,1369.5],[4460.0,1369.5],[4458.0,1370.5],[4456.0,1370.5],[4454.5,1371.0],[4452.0,1371.5],[4450.5,1372.0],[4448.0,1372.5],[4446.0,1372.5],[4443.5,1373.0],[4442.0,1373.5],[4439.0,1373.5],[4437.0,1373.5],[4435.0,1373.5],[4433.0,1374.5],[4431.0,1374.5],[4428.0,1374.5],[4426.0,1374.5],[4424.0,1375.5],[4422.0,1375.5],[4420.0,1376.5],[4418.0,1376.5],[4417.0,1377.5],[4414.5,1378.0],[4413.0,1378.5],[4410.0,1378.5],[4409.0,1379.5],[4406.0,1379.5],[4404.0,1379.5],[4401.0,1379.5],[4399.0,1379.5],[4397.0,1378.5],[4395.0,1378.5],[4393.5,1379.0],[4391.0,1379.5],[4389.0,1379.5],[4387.0,1380.5],[4385.0,1380.5],[4383.0,1381.5],[4382.0,1382.5],[4380.0,1383.5],[4378.5,1384.0],[4377.0,1384.5],[4375.0,1385.5],[4373.5,1386.0],[4371.0,1386.5],[4370.0,1387.5],[4367.5,1388.0],[4366.0,1388.5],[4363.0,1388.5],[4362.0,1389.5]]",243111.1559562683,431093.76107025146,105.17279434204102,,,,,0.0017310271,5588,좌안_사력댐_제체,NOF_좌안(대전측)_콘크리트부,,,0.9597134890518789,../../Data/DJI_20260826094700_0360_V.JPG,../Overlay/SPL/P000514.png,mapped,local_surface_estimate
DJI_20260826094700_0360_V.JPG,P000515,SPL,박락,"[[3817.0,1473.5],[3814.0,1473.5],[3810.5,1473.0],[3808.0,1472.5],[3805.5,1472.0],[3802.0,1471.5],[3800.0,1470.5],[3797.5,1470.0],[3795.0,1468.5],[3792.5,1468.0],[3790.0,1467.5],[3788.0,1466.5],[3785.0,1465.5],[3782.5,1465.0],[3780.0,1464.5],[3777.0,1463.5],[3774.0,1463.5],[3772.0,1462.5],[3768.0,1462.5],[3765.0,1462.5],[3763.0,1461.5],[3759.0,1461.5],[3756.0,1461.5],[3754.0,1460.5],[3750.5,1460.0],[3748.0,1459.5],[3746.0,1458.5],[3743.0,1457.5],[3741.0,1456.5],[3739.0,1455.5],[3736.5,1454.0],[3734.5,1453.0],[3733.0,1451.5],[3731.5,1450.0],[3729.5,1448.0],[3728.0,1446.5],[3726.5,1445.0],[3725.0,1442.5],[3723.5,1441.0],[3722.0,1439.5],[3719.5,1438.0],[3718.0,1436.5],[3716.0,1435.5],[3713.0,1434.5],[3711.0,1433.5],[3709.0,1432.5],[3706.0,1431.5],[3703.5,1431.0],[3701.0,1430.5],[3698.0,1429.5],[3696.0,1428.5],[3694.0,1427.5],[3691.0,1426.5],[3688.5,1426.0],[3686.0,1425.5],[3684.0,1424.5],[3680.5,1424.0],[3678.0,1423.5],[3676.0,1422.5],[3673.0,1421.5],[3670.5,1421.0],[3668.5,1420.0],[3666.5,1418.0],[3665.0,1416.5],[3663.5,1415.0],[3662.0,1412.5],[3661.0,1410.5],[3660.0,1408.5],[3658.5,1406.0],[3657.5,1404.0],[3656.0,1402.5],[3654.5,1400.0],[3653.0,1398.5],[3651.5,1397.0],[3649.5,1395.0],[3648.5,1393.0],[3647.0,1391.5],[3645.5,1390.0],[3644.0,1387.5],[3642.5,1386.0],[3641.0,1384.5],[3639.0,1382.5],[3637.5,1381.0],[3635.5,1380.0],[3633.0,1378.5],[3631.5,1377.0],[3630.5,1375.0],[3630.5,1373.0],[3631.5,1371.0],[3632.0,1368.5],[3633.5,1366.0],[3634.5,1364.0],[3636.0,1362.5],[3638.0,1360.5],[3640.0,1359.5],[3641.5,1358.0],[3643.0,1356.5],[3645.5,1355.0],[3647.5,1354.0],[3649.5,1353.0],[3652.5,1352.0],[3654.5,1351.0],[3657.0,1350.5],[3659.5,1349.0],[3662.0,1348.5],[3664.0,1347.5],[3667.0,1346.5],[3669.0,1345.5],[3671.5,1345.0],[3675.0,1344.5],[3677.0,1343.5],[3679.5,1343.0],[3683.0,1342.5],[3685.0,1341.5],[3688.0,1341.5],[3691.0,1340.5],[3694.0,1340.5],[3697.0,1340.5],[3700.0,1340.5],[3703.0,1341.5],[3705.5,1342.0],[3708.0,1342.5],[3711.0,1343.5],[3713.0,1344.5],[3715.0,1345.5],[3718.0,1346.5],[3720.0,1347.5],[3722.0,1348.5],[3725.0,1349.5],[3727.0,1350.5],[3729.0,1351.5],[3732.0,1352.5],[3734.0,1353.5],[3736.0,1354.5],[3738.0,1356.5],[3740.0,1357.5],[3742.0,1358.5],[3745.0,1359.5],[3747.0,1360.5],[3749.0,1361.5],[3751.0,1362.5],[3754.0,1363.5],[3756.0,1364.5],[3758.0,1365.5],[3761.0,1366.5],[3763.0,1367.5],[3765.0,1368.5],[3768.0,1369.5],[3770.0,1370.5],[3772.0,1371.5],[3775.0,1372.5],[3777.0,1373.5],[3779.0,1374.5],[3782.0,1375.5],[3784.0,1376.5],[3786.5,1377.0],[3789.0,1378.5],[3791.5,1379.0],[3794.0,1379.5],[3797.0,1380.5],[3799.0,1381.5],[3801.5,1382.0],[3804.0,1382.5],[3807.0,1383.5],[3809.0,1384.5],[3811.0,1385.5],[3814.0,1386.5],[3816.0,1387.5],[3818.0,1388.5],[3822.0,1388.5],[3824.5,1389.0],[3827.0,1389.5],[3831.0,1389.5],[3834.0,1389.5],[3836.0,1390.5],[3839.0,1391.5],[3840.5,1391.0],[3843.0,1391.5],[3846.0,1392.5],[3849.0,1392.5],[3851.0,1393.5],[3853.5,1394.0],[3856.5,1395.0],[3859.0,1395.5],[3861.0,1396.5],[3864.0,1397.5],[3866.0,1398.5],[3868.0,1399.5],[3871.0,1400.5],[3873.0,1401.5],[3875.0,1402.5],[3878.0,1403.5],[3880.0,1404.5],[3882.0,1405.5],[3884.5,1407.0],[3886.5,1408.0],[3888.5,1409.0],[3891.0,1410.5],[3892.5,1412.0],[3894.0,1413.5],[3896.0,1415.5],[3898.0,1416.5],[3899.5,1418.0],[3901.0,1419.5],[3903.0,1421.5],[3904.5,1423.0],[3906.5,1424.0],[3909.0,1425.5],[3910.5,1427.0],[3912.0,1428.5],[3913.5,1431.0],[3912.5,1433.0],[3911.0,1434.5],[3908.0,1435.5],[3906.0,1436.5],[3904.0,1437.5],[3901.5,1439.0],[3900.0,1440.5],[3898.0,1441.5],[3896.5,1444.0],[3895.5,1446.0],[3895.0,1448.5],[3894.5,1452.0],[3895.5,1454.0],[3896.0,1456.5],[3895.5,1458.0],[3893.0,1459.5],[3891.0,1460.5],[3889.0,1461.5],[3885.0,1461.5],[3883.0,1462.5],[3880.0,1462.5],[3876.0,1462.5],[3873.0,1462.5],[3870.0,1462.5],[3866.0,1462.5],[3864.0,1461.5],[3861.0,1461.5],[3857.5,1461.0],[3855.0,1460.5],[3852.0,1460.5],[3849.0,1459.5],[3846.0,1459.5],[3844.0,1460.5],[3841.0,1461.5],[3839.5,1463.0],[3839.0,1465.5],[3837.0,1466.5],[3834.0,1467.5],[3832.0,1468.5],[3830.0,1469.5],[3827.0,1470.5],[3825.0,1471.5],[3822.5,1472.0],[3819.0,1472.5],[3817.0,1473.5]]",243111.03999328613,431094.10098457336,105.14091491699219,,,,,0.005969763,20461,좌안_사력댐_제체,NOF_좌안(대전측)_콘크리트부,,,0.9884519351087447,../../Data/DJI_20260826094700_0360_V.JPG,../Overlay/SPL/P000515.png,mapped,local_surface_estimate
DJI_20260826094700_0360_V.JPG,P000516,SPL,박락,"[[2985.0,1574.5],[2977.0,1574.5],[2969.0,1574.5],[2963.0,1573.5],[2956.0,1572.5],[2948.5,1572.0],[2941.0,1571.5],[2933.0,1571.5],[2927.0,1570.5],[2920.0,1569.5],[2913.5,1568.0],[2907.0,1566.5],[2900.5,1565.0],[2894.0,1563.5],[2888.5,1562.0],[2882.0,1560.5],[2876.0,1558.5],[2871.0,1555.5],[2866.0,1552.5],[2862.5,1549.0],[2859.0,1544.5],[2856.0,1539.5],[2852.0,1535.5],[2847.5,1532.0],[2845.5,1527.0],[2843.0,1521.5],[2838.5,1518.0],[2833.0,1515.5],[2827.0,1513.5],[2819.0,1513.5],[2813.0,1512.5],[2807.0,1514.5],[2800.0,1515.5],[2792.0,1515.5],[2785.0,1516.5],[2779.0,1515.5],[2772.5,1514.0],[2775.0,1508.5],[2779.5,1505.0],[2785.0,1502.5],[2790.0,1500.5],[2796.0,1498.5],[2802.5,1497.0],[2809.5,1496.0],[2816.0,1494.5],[2822.0,1492.5],[2828.0,1491.5],[2834.5,1490.0],[2841.0,1488.5],[2849.0,1488.5],[2856.0,1487.5],[2862.0,1486.5],[2869.0,1485.5],[2876.5,1485.0],[2884.0,1484.5],[2891.0,1485.5],[2897.0,1486.5],[2904.0,1485.5],[2908.0,1481.5],[2911.0,1476.5],[2913.5,1471.0],[2915.5,1465.0],[2917.5,1460.0],[2921.0,1455.5],[2926.0,1452.5],[2933.0,1451.5],[2939.5,1450.0],[2944.5,1448.0],[2949.0,1444.5],[2954.0,1441.5],[2959.0,1438.5],[2965.0,1436.5],[2970.5,1435.0],[2975.0,1431.5],[2979.5,1428.0],[2983.0,1423.5],[2986.5,1419.0],[2989.5,1414.0],[2992.5,1410.0],[2996.0,1405.5],[3000.5,1402.0],[3004.5,1398.0],[3009.5,1395.0],[3014.0,1392.5],[3019.0,1389.5],[3025.0,1387.5],[3031.0,1385.5],[3037.0,1383.5],[3043.0,1382.5],[3051.0,1382.5],[3057.0,1384.5],[3063.5,1386.0],[3069.5,1388.0],[3075.5,1389.0],[3082.0,1390.5],[3089.0,1391.5],[3096.0,1392.5],[3103.0,1393.5],[3110.5,1394.0],[3116.0,1395.5],[3122.5,1397.0],[3128.0,1399.5],[3133.5,1402.0],[3139.0,1404.5],[3144.0,1406.5],[3149.5,1409.0],[3155.0,1411.5],[3160.0,1414.5],[3166.5,1416.0],[3172.0,1417.5],[3179.0,1418.5],[3185.0,1420.5],[3191.0,1422.5],[3197.0,1424.5],[3201.0,1428.5],[3204.0,1432.5],[3208.0,1436.5],[3213.5,1439.0],[3221.0,1439.5],[3228.0,1440.5],[3234.0,1441.5],[3239.5,1444.0],[3244.5,1447.0],[3249.0,1450.5],[3254.5,1453.0],[3260.0,1454.5],[3268.0,1454.5],[3275.0,1453.5],[3281.0,1455.5],[3286.0,1458.5],[3290.5,1462.0],[3295.0,1464.5],[3300.5,1467.0],[3308.0,1467.5],[3313.0,1464.5],[3317.5,1461.0],[3322.0,1458.5],[3327.0,1455.5],[3331.5,1452.0],[3336.5,1449.0],[3341.0,1445.5],[3344.5,1442.0],[3349.0,1438.5],[3352.5,1434.0],[3356.0,1429.5],[3360.0,1425.5],[3364.5,1422.0],[3368.5,1419.0],[3372.5,1415.0],[3376.5,1411.0],[3380.5,1407.0],[3384.0,1402.5],[3387.0,1398.5],[3392.0,1395.5],[3398.0,1393.5],[3405.0,1392.5],[3411.5,1391.0],[3416.5,1389.0],[3421.5,1386.0],[3426.0,1382.5],[3429.5,1378.0],[3434.0,1374.5],[3439.0,1371.5],[3443.0,1368.5],[3449.0,1366.5],[3449.0,1371.5],[3444.0,1374.5],[3440.0,1378.5],[3437.0,1382.5],[3434.5,1388.0],[3432.5,1394.0],[3431.0,1400.5],[3428.5,1406.0],[3426.0,1410.5],[3421.5,1414.0],[3416.0,1416.5],[3410.5,1419.0],[3404.0,1420.5],[3398.5,1422.0],[3392.5,1424.0],[3388.0,1427.5],[3385.0,1432.5],[3383.5,1439.0],[3382.5,1446.0],[3381.5,1452.0],[3378.0,1456.5],[3371.0,1457.5],[3363.0,1457.5],[3356.0,1456.5],[3350.0,1457.5],[3343.5,1459.0],[3338.5,1462.0],[3333.5,1465.0],[3329.5,1469.0],[3326.0,1472.5],[3322.0,1476.5],[3317.0,1479.5],[3310.0,1480.5],[3302.0,1480.5],[3295.5,1479.0],[3291.0,1476.5],[3286.0,1473.5],[3281.5,1470.0],[3276.0,1467.5],[3268.0,1467.5],[3261.0,1467.5],[3253.5,1468.0],[3247.0,1469.5],[3240.5,1471.0],[3234.5,1473.0],[3230.0,1475.5],[3224.0,1477.5],[3218.0,1479.5],[3211.0,1480.5],[3203.0,1480.5],[3195.0,1480.5],[3188.0,1480.5],[3181.0,1481.5],[3174.0,1482.5],[3166.0,1482.5],[3159.0,1481.5],[3153.0,1480.5],[3146.0,1479.5],[3140.0,1479.5],[3134.0,1481.5],[3129.5,1485.0],[3125.5,1488.0],[3120.5,1491.0],[3115.0,1493.5],[3109.0,1495.5],[3103.0,1497.5],[3097.0,1499.5],[3092.0,1501.5],[3086.0,1503.5],[3080.0,1505.5],[3074.0,1507.5],[3067.0,1508.5],[3062.5,1511.0],[3058.5,1515.0],[3055.0,1519.5],[3052.0,1524.5],[3049.5,1530.0],[3048.0,1535.5],[3045.5,1541.0],[3044.5,1548.0],[3043.0,1554.5],[3039.5,1559.0],[3035.0,1562.5],[3030.5,1565.0],[3024.5,1567.0],[3018.0,1568.5],[3012.0,1570.5],[3005.0,1571.5],[2998.5,1572.0],[2992.0,1573.5],[2985.0,1574.5]]",243110.9154548645,431094.46603393555,105.10029983520508,,,,,0.0126058094,46037,좌안_사력댐_제체,NOF_좌안(대전측)_콘크리트부,,,0.9866069593444221,../../Data/DJI_20260826094700_0360_V.JPG,../Overlay/SPL/P000516.png,mapped,local_surface_estimate
DJI_20260826094700_0360_V.JPG,P000517,SPL,박락,"[[3948.0,1453.5],[3946.0,1453.5],[3943.0,1453.5],[3941.0,1453.5],[3938.0,1453.5],[3936.0,1453.5],[3933.0,1453.5],[3931.0,1453.5],[3929.5,1452.0],[3929.0,1450.5],[3929.0,1448.5],[3930.0,1447.5],[3931.0,1445.5],[3932.0,1444.5],[3933.5,1443.0],[3934.5,1442.0],[3935.5,1440.0],[3936.5,1439.0],[3938.0,1437.5],[3939.0,1436.5],[3940.0,1434.5],[3941.0,1433.5],[3941.5,1431.0],[3942.5,1430.0],[3943.0,1427.5],[3943.5,1426.0],[3945.0,1424.5],[3945.5,1423.0],[3947.0,1421.5],[3948.0,1420.5],[3950.0,1419.5],[3951.0,1418.5],[3953.0,1417.5],[3954.0,1416.5],[3956.5,1416.0],[3958.0,1415.5],[3960.0,1414.5],[3961.5,1414.0],[3963.0,1413.5],[3965.0,1412.5],[3966.5,1412.0],[3968.5,1411.0],[3970.0,1410.5],[3972.0,1409.5],[3973.5,1409.0],[3976.0,1408.5],[3977.0,1407.5],[3979.0,1406.5],[3981.0,1406.5],[3983.0,1405.5],[3984.0,1404.5],[3986.5,1404.0],[3988.0,1403.5],[3991.0,1403.5],[3992.0,1402.5],[3995.0,1402.5],[3996.0,1401.5],[3999.0,1401.5],[4000.0,1400.5],[4002.5,1400.0],[4004.0,1399.5],[4006.0,1398.5],[4007.5,1398.0],[4009.0,1396.5],[4010.5,1396.0],[4012.5,1395.0],[4013.5,1394.0],[4015.0,1392.5],[4016.5,1392.0],[4018.0,1390.5],[4019.0,1389.5],[4021.0,1388.5],[4022.0,1387.5],[4023.0,1386.5],[4025.0,1385.5],[4026.5,1385.0],[4029.0,1384.5],[4030.0,1383.5],[4033.0,1383.5],[4034.0,1382.5],[4037.0,1382.5],[4039.0,1382.5],[4041.0,1381.5],[4043.0,1381.5],[4045.0,1380.5],[4047.0,1380.5],[4050.0,1380.5],[4051.5,1380.0],[4054.0,1379.5],[4056.0,1379.5],[4059.0,1379.5],[4061.0,1379.5],[4064.0,1379.5],[4066.0,1379.5],[4069.0,1379.5],[4071.0,1379.5],[4073.5,1380.0],[4075.0,1380.5],[4078.0,1380.5],[4079.0,1381.5],[4082.0,1381.5],[4083.0,1382.5],[4085.5,1383.0],[4087.0,1383.5],[4090.0,1383.5],[4091.0,1384.5],[4094.0,1384.5],[4096.0,1384.5],[4098.0,1385.5],[4100.0,1385.5],[4102.0,1385.5],[4104.0,1386.5],[4106.0,1386.5],[4108.0,1387.5],[4110.0,1387.5],[4112.0,1388.5],[4114.0,1388.5],[4117.0,1388.5],[4118.5,1389.0],[4121.0,1389.5],[4122.5,1390.0],[4125.0,1390.5],[4126.0,1391.5],[4128.5,1392.0],[4130.0,1392.5],[4132.0,1393.5],[4133.0,1394.5],[4134.5,1396.0],[4135.5,1397.0],[4137.0,1398.5],[4138.0,1399.5],[4139.5,1401.0],[4140.5,1402.0],[4142.0,1403.5],[4143.0,1404.5],[4144.5,1406.0],[4146.0,1406.5],[4148.0,1407.5],[4149.0,1408.5],[4151.0,1409.5],[4152.5,1410.0],[4155.0,1410.5],[4156.5,1411.0],[4159.0,1411.5],[4160.0,1412.5],[4161.5,1414.0],[4160.5,1415.0],[4159.5,1416.0],[4158.0,1417.5],[4157.0,1418.5],[4155.0,1419.5],[4153.5,1420.0],[4151.5,1421.0],[4150.0,1421.5],[4148.0,1422.5],[4146.5,1423.0],[4144.5,1424.0],[4143.0,1424.5],[4141.5,1426.0],[4140.0,1426.5],[4138.0,1427.5],[4137.0,1428.5],[4135.0,1429.5],[4134.0,1430.5],[4132.0,1431.5],[4131.0,1432.5],[4129.0,1433.5],[4127.5,1434.0],[4125.5,1435.0],[4124.0,1435.5],[4122.0,1436.5],[4120.5,1437.0],[4118.5,1438.0],[4117.0,1438.5],[4115.0,1439.5],[4113.5,1440.0],[4112.0,1441.5],[4110.5,1442.0],[4108.5,1443.0],[4107.0,1443.5],[4105.5,1445.0],[4104.0,1445.5],[4102.5,1447.0],[4101.0,1447.5],[4100.0,1448.5],[4098.0,1449.5],[4096.5,1450.0],[4094.0,1450.5],[4093.0,1451.5],[4090.0,1451.5],[4088.0,1451.5],[4085.0,1451.5],[4084.0,1450.5],[4081.0,1450.5],[4080.0,1449.5],[4077.5,1449.0],[4076.0,1448.5],[4074.0,1447.5],[4072.0,1447.5],[4069.0,1447.5],[4068.0,1446.5],[4065.0,1446.5],[4063.0,1446.5],[4060.0,1446.5],[4058.0,1446.5],[4055.0,1446.5],[4053.0,1446.5],[4050.0,1446.5],[4048.0,1446.5],[4045.0,1446.5],[4043.0,1446.5],[4041.0,1447.5],[4039.0,1447.5],[4036.0,1447.5],[4034.0,1447.5],[4031.0,1447.5],[4029.5,1448.0],[4027.0,1448.5],[4025.0,1448.5],[4023.0,1448.5],[4020.0,1448.5],[4018.0,1448.5],[4016.0,1447.5],[4014.0,1447.5],[4012.0,1446.5],[4010.5,1446.0],[4008.0,1445.5],[4007.0,1444.5],[4004.0,1444.5],[4002.5,1444.0],[4000.0,1443.5],[3998.0,1443.5],[3995.0,1443.5],[3993.0,1443.5],[3991.0,1444.5],[3989.0,1444.5],[3986.5,1445.0],[3985.0,1445.5],[3983.0,1446.5],[3981.0,1446.5],[3979.0,1447.5],[3977.5,1448.0],[3975.0,1448.5],[3974.0,1449.5],[3971.0,1449.5],[3970.0,1450.5],[3967.5,1451.0],[3966.0,1451.5],[3963.0,1451.5],[3961.0,1451.5],[3958.0,1451.5],[3956.0,1451.5],[3954.0,1452.5],[3952.0,1452.5],[3949.0,1452.5],[3948.0,1453.5]]",243111.09043121338,431093.9531440735,105.13869094848633,,,,,0.003239536,10812,좌안_사력댐_제체,NOF_좌안(대전측)_콘크리트부,,,0.9870993935627449,../../Data/DJI_20260826094700_0360_V.JPG,../Overlay/SPL/P000517.png,mapped,local_surface_estimate
DJI_20260826094700_0360_V.JPG,P000518,SPL,박락,"[[2519.0,1535.5],[2517.0,1535.5],[2514.0,1535.5],[2512.0,1535.5],[2510.0,1535.5],[2507.0,1535.5],[2505.0,1535.5],[2503.0,1535.5],[2500.0,1535.5],[2498.0,1535.5],[2496.0,1535.5],[2493.0,1535.5],[2491.0,1535.5],[2489.0,1535.5],[2486.0,1535.5],[2484.0,1535.5],[2481.0,1535.5],[2479.0,1535.5],[2477.0,1535.5],[2474.0,1535.5],[2473.0,1534.5],[2471.5,1534.0],[2470.0,1532.5],[2468.5,1532.0],[2467.0,1531.5],[2465.0,1530.5],[2464.0,1529.5],[2463.0,1528.5],[2461.0,1527.5],[2459.5,1527.0],[2458.0,1526.5],[2456.0,1525.5],[2455.0,1524.5],[2453.0,1524.5],[2451.0,1523.5],[2450.0,1522.5],[2448.5,1522.0],[2446.5,1521.0],[2445.0,1520.5],[2444.0,1519.5],[2441.0,1519.5],[2439.5,1519.0],[2438.0,1518.5],[2435.0,1518.5],[2433.0,1518.5],[2431.0,1519.5],[2429.0,1519.5],[2427.0,1519.5],[2424.0,1519.5],[2422.0,1519.5],[2420.0,1519.5],[2417.0,1519.5],[2416.0,1518.5],[2414.0,1518.5],[2411.0,1518.5],[2409.5,1518.0],[2408.0,1517.5],[2405.0,1517.5],[2404.0,1516.5],[2402.0,1516.5],[2399.0,1516.5],[2397.0,1516.5],[2395.0,1516.5],[2392.0,1516.5],[2390.0,1516.5],[2389.0,1517.5],[2386.5,1518.0],[2385.0,1518.5],[2384.0,1519.5],[2382.0,1520.5],[2380.0,1520.5],[2378.0,1521.5],[2377.0,1522.5],[2375.0,1522.5],[2372.0,1522.5],[2370.0,1522.5],[2368.0,1522.5],[2365.5,1522.0],[2364.0,1521.5],[2362.0,1521.5],[2360.0,1520.5],[2358.0,1520.5],[2356.0,1520.5],[2353.0,1520.5],[2351.0,1520.5],[2349.0,1520.5],[2346.0,1520.5],[2345.0,1521.5],[2343.0,1521.5],[2341.0,1520.5],[2339.5,1520.0],[2338.0,1519.5],[2336.0,1518.5],[2335.5,1517.0],[2334.5,1516.0],[2334.5,1513.0],[2334.5,1511.0],[2334.5,1509.0],[2334.5,1506.0],[2333.5,1505.0],[2333.5,1502.0],[2333.5,1500.0],[2333.5,1498.0],[2333.5,1495.0],[2333.5,1493.0],[2333.5,1491.0],[2333.5,1488.0],[2333.5,1486.0],[2333.5,1484.0],[2333.5,1481.0],[2334.5,1480.0],[2334.5,1478.0],[2335.0,1475.5],[2336.0,1474.5],[2337.0,1473.5],[2338.5,1472.0],[2340.0,1471.5],[2341.0,1470.5],[2343.0,1469.5],[2344.0,1468.5],[2345.0,1467.5],[2346.5,1466.0],[2347.5,1465.0],[2348.5,1464.0],[2350.0,1462.5],[2351.0,1461.5],[2352.0,1460.5],[2353.5,1459.0],[2354.5,1458.0],[2356.5,1457.0],[2358.0,1456.5],[2359.0,1455.5],[2361.5,1455.0],[2363.0,1454.5],[2365.0,1454.5],[2368.0,1454.5],[2370.0,1454.5],[2372.0,1454.5],[2374.0,1453.5],[2375.5,1454.0],[2377.0,1454.5],[2380.0,1454.5],[2382.0,1454.5],[2384.0,1454.5],[2387.0,1454.5],[2388.0,1455.5],[2390.0,1455.5],[2393.0,1455.5],[2395.0,1455.5],[2397.0,1455.5],[2400.0,1455.5],[2401.5,1455.0],[2403.0,1454.5],[2406.0,1454.5],[2407.0,1453.5],[2409.0,1453.5],[2411.0,1452.5],[2413.0,1452.5],[2415.0,1451.5],[2417.0,1451.5],[2418.0,1450.5],[2421.0,1450.5],[2422.5,1450.0],[2424.0,1449.5],[2427.0,1449.5],[2428.0,1448.5],[2430.0,1448.5],[2433.0,1448.5],[2435.0,1448.5],[2437.0,1448.5],[2439.0,1449.5],[2440.0,1450.5],[2440.5,1452.0],[2441.5,1454.0],[2442.5,1455.0],[2442.5,1457.0],[2443.5,1459.0],[2444.0,1460.5],[2444.5,1462.0],[2445.0,1464.5],[2446.0,1465.5],[2447.0,1466.5],[2448.5,1468.0],[2449.5,1469.0],[2450.5,1470.0],[2452.5,1471.0],[2454.0,1471.5],[2456.0,1472.5],[2458.0,1472.5],[2460.0,1472.5],[2463.0,1472.5],[2465.0,1472.5],[2466.0,1473.5],[2469.0,1473.5],[2470.0,1474.5],[2471.5,1475.0],[2473.5,1476.0],[2475.0,1476.5],[2476.0,1477.5],[2477.5,1479.0],[2478.5,1480.0],[2479.5,1481.0],[2481.0,1482.5],[2482.0,1483.5],[2483.5,1484.0],[2485.0,1485.5],[2486.5,1486.0],[2487.5,1487.0],[2489.5,1488.0],[2491.0,1488.5],[2492.0,1489.5],[2493.5,1491.0],[2494.5,1492.0],[2495.5,1494.0],[2496.5,1495.0],[2497.5,1496.0],[2498.5,1498.0],[2499.5,1499.0],[2500.5,1500.0],[2502.5,1501.0],[2504.0,1501.5],[2505.0,1502.5],[2507.0,1503.5],[2509.0,1503.5],[2510.0,1504.5],[2513.0,1504.5],[2515.0,1504.5],[2516.0,1505.5],[2519.0,1505.5],[2520.0,1506.5],[2522.0,1506.5],[2524.0,1507.5],[2525.5,1508.0],[2527.0,1508.5],[2529.0,1509.5],[2530.0,1510.5],[2531.5,1511.0],[2533.0,1512.5],[2535.0,1512.5],[2535.5,1514.0],[2534.0,1515.5],[2533.0,1516.5],[2531.0,1517.5],[2530.0,1518.5],[2529.5,1520.0],[2528.0,1521.5],[2527.5,1523.0],[2526.5,1524.0],[2525.5,1526.0],[2525.0,1527.5],[2524.0,1528.5],[2523.0,1530.5],[2522.0,1531.5],[2521.5,1533.0],[2520.0,1534.5],[2519.0,1535.5]]",243110.81018829346,431094.7745914459,105.08636474609375,,,,,0.0027957493,10781,좌안_사력댐_제체,NOF_좌안(대전측)_콘크리트부,,,0.9868835416107515,../../Data/DJI_20260826094700_0360_V.JPG,../Overlay/SPL/P000518.png,mapped,local_surface_estimate
DJI_20260826094700_0360_V.JPG,P000519,SPL,박락,"[[2291.0,1514.5],[2290.0,1514.5],[2289.0,1514.5],[2288.5,1514.0],[2288.5,1513.0],[2289.0,1512.5],[2290.0,1512.5],[2291.0,1512.5],[2291.5,1513.0],[2291.5,1514.0],[2291.0,1514.5]]",243110.78842163086,431094.8383922577,105.07577896118164,,,,,1.5368e-06,6,좌안_사력댐_제체,NOF_좌안(대전측)_콘크리트부,,,0.5299802819887797,../../Data/DJI_20260826094700_0360_V.JPG,../Overlay/SPL/P000519.png,mapped,local_surface_estimate
DJI_20260826094700_0360_V.JPG,P000520,SPL,박락,"[[1537.0,3560.5],[1536.0,3560.5],[1535.5,3560.0],[1535.5,3559.0],[1535.5,3558.0],[1535.5,3557.0],[1535.5,3556.0],[1535.5,3555.0],[1535.5,3554.0],[1535.5,3553.0],[1535.5,3552.0],[1535.5,3551.0],[1535.5,3550.0],[1536.0,3549.5],[1537.0,3549.5],[1537.5,3550.0],[1538.0,3550.5],[1538.5,3551.0],[1538.5,3552.0],[1539.0,3552.5],[1539.5,3553.0],[1539.5,3554.0],[1539.5,3555.0],[1539.5,3556.0],[1539.5,3557.0],[1539.5,3558.0],[1539.0,3558.5],[1538.5,3559.0],[1538.0,3559.5],[1537.5,3560.0],[1537.0,3560.5]]",243110.66829299927,431095.1905078888,104.05749130249023,,,,,8.8704e-06,37,좌안_사력댐_제체,NOF_좌안(대전측)_콘크리트부,,,0.6029506003534472,../../Data/DJI_20260826094700_0360_V.JPG,../Overlay/SPL/P000520.png,mapped,local_surface_estimate
DJI_20260826112900_0100_V.JPG,P000567,SPL,박락,"[[1918.0,1059.5],[1917.0,1059.5],[1916.0,1059.5],[1915.0,1059.5],[1914.0,1059.5],[1913.0,1059.5],[1912.0,1059.5],[1911.0,1059.5],[1910.0,1059.5],[1909.0,1059.5],[1908.0,1059.5],[1907.0,1059.5],[1906.5,1059.0],[1906.0,1058.5],[1905.0,1058.5],[1904.0,1058.5],[1903.0,1058.5],[1902.0,1058.5],[1901.0,1058.5],[1900.0,1058.5],[1899.0,1058.5],[1898.0,1058.5],[1897.0,1058.5],[1896.0,1058.5],[1895.0,1058.5],[1894.0,1058.5],[1893.5,1058.0],[1893.0,1057.5],[1892.0,1057.5],[1891.0,1057.5],[1890.5,1057.0],[1890.0,1056.5],[1889.0,1056.5],[1888.5,1056.0],[1888.0,1055.5],[1887.5,1055.0],[1887.0,1054.5],[1886.5,1054.0],[1886.0,1053.5],[1885.5,1053.0],[1885.0,1052.5],[1884.5,1052.0],[1884.5,1051.0],[1884.5,1050.0],[1884.0,1049.5],[1883.5,1049.0],[1883.5,1048.0],[1883.5,1047.0],[1883.5,1046.0],[1883.5,1045.0],[1883.5,1044.0],[1883.0,1043.5],[1882.5,1043.0],[1882.5,1042.0],[1882.5,1041.0],[1882.5,1040.0],[1882.5,1039.0],[1882.5,1038.0],[1882.5,1037.0],[1882.0,1036.5],[1881.5,1036.0],[1881.5,1035.0],[1881.5,1034.0],[1881.5,1033.0],[1881.5,1032.0],[1881.5,1031.0],[1881.5,1030.0],[1881.5,1029.0],[1882.0,1028.5],[1882.5,1028.0],[1882.5,1027.0],[1883.0,1026.5],[1884.0,1026.5],[1884.5,1026.0],[1885.0,1025.5],[1886.0,1025.5],[1887.0,1025.5],[1887.5,1025.0],[1888.0,1024.5],[1889.0,1024.5],[1890.0,1024.5],[1891.0,1024.5],[1892.0,1024.5],[1893.0,1024.5],[1894.0,1024.5],[1895.0,1024.5],[1896.0,1024.5],[1897.0,1024.5],[1898.0,1024.5],[1899.0,1024.5],[1900.0,1024.5],[1900.5,1024.0],[1901.0,1023.5],[1902.0,1023.5],[1903.0,1023.5],[1903.5,1023.0],[1904.0,1022.5],[1905.0,1022.5],[1906.0,1022.5],[1906.5,1022.0],[1907.0,1021.5],[1908.0,1021.5],[1908.5,1021.0],[1909.0,1020.5],[1910.0,1020.5],[1911.0,1020.5],[1912.0,1020.5],[1913.0,1020.5],[1913.5,1021.0],[1914.0,1021.5],[1914.5,1022.0],[1915.0,1022.5],[1915.5,1023.0],[1916.0,1023.5],[1916.5,1024.0],[1916.5,1025.0],[1917.0,1025.5],[1917.5,1026.0],[1917.5,1027.0],[1917.5,1028.0],[1918.0,1028.5],[1918.5,1029.0],[1918.5,1030.0],[1918.5,1031.0],[1918.5,1032.0],[1919.0,1032.5],[1919.5,1033.0],[1919.5,1034.0],[1919.5,1035.0],[1919.5,1036.0],[1919.5,1037.0],[1919.5,1038.0],[1919.5,1039.0],[1919.5,1040.0],[1919.5,1041.0],[1919.5,1042.0],[1919.5,1043.0],[1919.5,1044.0],[1919.5,1045.0],[1919.5,1046.0],[1919.5,1047.0],[1919.5,1048.0],[1919.5,1049.0],[1919.5,1050.0],[1919.5,1051.0],[1919.5,1052.0],[1919.5,1053.0],[1919.5,1054.0],[1919.5,1055.0],[1919.5,1056.0],[1919.5,1057.0],[1919.5,1058.0],[1919.0,1058.5],[1918.5,1059.0],[1918.0,1059.5]]",243076.24081420898,431174.82202911377,92.10877227783203,,,,,,1250,여수로_피어_06,SPW_여수로_교각_도수면,,,0.960653298330307,../../Data/DJI_20260826112900_0100_V.JPG,../Overlay/SPL/P000567.png,mapped,local_gsd_exceeds_10x_frontal_reference_manual_review
DJI_20260826112900_0100_V.JPG,P000568,SPL,박락,"[[2474.0,2794.5],[2469.0,2794.5],[2465.0,2793.5],[2462.0,2792.5],[2458.0,2791.5],[2454.5,2790.0],[2451.5,2788.0],[2448.5,2786.0],[2446.0,2783.5],[2445.0,2780.5],[2442.5,2778.0],[2440.5,2775.0],[2438.0,2772.5],[2435.5,2770.0],[2432.5,2768.0],[2431.5,2765.0],[2431.5,2760.0],[2431.5,2755.0],[2431.5,2750.0],[2431.5,2745.0],[2430.5,2741.0],[2430.0,2738.5],[2430.0,2734.5],[2428.5,2731.0],[2427.0,2727.5],[2425.0,2724.5],[2423.0,2721.5],[2421.5,2719.0],[2420.0,2715.5],[2418.0,2712.5],[2416.5,2709.0],[2414.5,2706.0],[2412.5,2703.0],[2411.0,2700.5],[2409.0,2697.5],[2408.5,2693.0],[2406.5,2690.0],[2406.5,2687.0],[2405.5,2683.0],[2406.0,2679.5],[2407.5,2676.0],[2410.0,2673.5],[2414.0,2672.5],[2418.0,2673.5],[2421.0,2675.5],[2423.0,2675.5],[2426.0,2677.5],[2428.5,2680.0],[2429.5,2684.0],[2431.5,2684.0],[2431.5,2679.0],[2431.5,2675.0],[2431.5,2670.0],[2431.5,2665.0],[2433.5,2662.0],[2437.0,2660.5],[2441.0,2659.5],[2444.0,2658.5],[2448.0,2657.5],[2451.0,2655.5],[2454.5,2654.0],[2456.0,2650.5],[2456.5,2646.0],[2457.0,2643.5],[2456.5,2639.0],[2455.5,2635.0],[2456.5,2631.0],[2459.0,2628.5],[2463.0,2627.5],[2467.0,2627.5],[2472.0,2627.5],[2476.0,2626.5],[2480.0,2625.5],[2484.0,2624.5],[2489.0,2624.5],[2492.0,2623.5],[2497.0,2623.5],[2502.0,2623.5],[2506.0,2622.5],[2511.0,2622.5],[2516.0,2622.5],[2520.0,2622.5],[2524.0,2621.5],[2528.0,2620.5],[2532.0,2619.5],[2536.0,2618.5],[2538.5,2617.0],[2541.5,2615.0],[2545.0,2613.5],[2549.0,2612.5],[2554.0,2612.5],[2556.5,2615.0],[2559.0,2616.5],[2563.0,2617.5],[2566.5,2618.0],[2570.0,2616.5],[2572.5,2614.0],[2575.0,2611.5],[2576.5,2609.0],[2579.5,2607.0],[2583.5,2607.0],[2586.0,2609.5],[2588.5,2612.0],[2591.5,2614.0],[2594.0,2615.5],[2597.0,2617.5],[2600.0,2619.5],[2602.5,2622.0],[2604.5,2625.0],[2606.0,2628.5],[2606.5,2632.0],[2607.5,2636.0],[2609.0,2639.5],[2611.0,2642.5],[2613.5,2645.0],[2617.0,2646.5],[2620.0,2647.5],[2624.0,2648.5],[2628.0,2649.5],[2631.5,2650.0],[2635.5,2650.0],[2640.0,2650.5],[2643.0,2649.5],[2647.0,2648.5],[2650.0,2646.5],[2652.5,2644.0],[2655.0,2641.5],[2658.0,2639.5],[2660.5,2638.0],[2664.0,2636.5],[2667.0,2634.5],[2670.5,2633.0],[2675.0,2632.5],[2677.5,2630.0],[2680.5,2629.0],[2685.0,2628.5],[2688.0,2626.5],[2692.0,2627.5],[2695.5,2629.0],[2699.0,2630.5],[2702.0,2631.5],[2705.0,2633.5],[2708.0,2635.5],[2711.5,2637.0],[2715.0,2638.5],[2719.0,2639.5],[2722.0,2640.5],[2725.0,2642.5],[2729.0,2643.5],[2733.0,2644.5],[2736.0,2646.5],[2739.0,2648.5],[2741.0,2650.5],[2743.5,2653.0],[2746.0,2655.5],[2748.5,2658.0],[2750.5,2661.0],[2752.5,2664.0],[2753.5,2667.0],[2755.5,2670.0],[2757.0,2673.5],[2758.5,2677.0],[2760.5,2680.0],[2762.5,2683.0],[2764.5,2685.0],[2767.0,2687.5],[2769.5,2690.0],[2769.5,2695.0],[2770.5,2699.0],[2770.0,2703.5],[2769.0,2706.5],[2767.0,2709.5],[2763.5,2711.0],[2760.5,2713.0],[2757.0,2714.5],[2754.0,2715.5],[2749.0,2715.5],[2745.0,2716.5],[2740.0,2716.5],[2736.0,2715.5],[2732.5,2714.0],[2729.5,2713.0],[2725.0,2712.5],[2721.0,2711.5],[2717.0,2712.5],[2712.0,2712.5],[2707.0,2712.5],[2704.0,2713.5],[2699.0,2713.5],[2694.0,2713.5],[2690.0,2714.5],[2687.5,2717.0],[2684.0,2718.5],[2682.0,2716.5],[2678.0,2717.5],[2674.0,2718.5],[2671.0,2720.5],[2667.0,2721.5],[2663.0,2722.5],[2660.0,2723.5],[2656.5,2724.0],[2653.0,2724.5],[2649.5,2724.0],[2646.0,2725.5],[2643.5,2728.0],[2642.0,2730.5],[2640.5,2734.0],[2639.5,2738.0],[2638.0,2741.5],[2636.0,2744.5],[2634.5,2748.0],[2633.5,2751.0],[2633.5,2756.0],[2632.5,2760.0],[2633.5,2764.0],[2634.0,2768.5],[2633.5,2772.0],[2633.0,2775.5],[2631.5,2779.0],[2629.0,2781.5],[2626.5,2784.0],[2623.0,2785.5],[2620.0,2787.5],[2616.0,2787.5],[2612.0,2788.5],[2608.0,2787.5],[2603.0,2787.5],[2599.0,2786.5],[2594.5,2786.0],[2591.0,2785.5],[2586.0,2785.5],[2581.0,2785.5],[2576.0,2785.5],[2571.0,2785.5],[2566.0,2785.5],[2562.0,2785.5],[2557.0,2785.5],[2552.0,2785.5],[2547.0,2785.5],[2543.0,2786.5],[2538.5,2787.0],[2535.0,2787.5],[2530.0,2787.5],[2525.0,2787.5],[2521.0,2788.5],[2516.0,2788.5],[2511.0,2788.5],[2507.0,2788.5],[2502.0,2788.5],[2497.0,2788.5],[2492.5,2789.0],[2488.5,2790.0],[2484.5,2791.0],[2481.5,2792.0],[2478.0,2793.5],[2474.0,2794.5]]",243075.27947235107,431171.44524765015,84.58792686462402,,,,,1.059556642,42960,SPW_0064,SPW_여수로_교각_도수면,SPW_0064,8154e38e-2020-5cd6-b269-5454aefc65cc,0.966859064410047,../../Data/DJI_20260826112900_0100_V.JPG,../Overlay/SPL/P000568.png,mapped,local_surface_estimate
DJI_20260826114456_1000_V.JPG,P000588,SPL,박락,"[[656.0,1537.5],[655.5,1537.0],[656.0,1536.5],[656.5,1537.0],[656.0,1537.5]]",243083.23125076294,431142.33888816833,83.21084594726562,,,,,2.79312e-05,1,SPW_0070,SPW_여수로_교각_도수면,SPW_0070,108f3954-0bd4-5cf4-ae26-7fb596376a08,0.4973244369029999,../../Data/DJI_20260826114456_1000_V.JPG,../Overlay/SPL/P000588.png,mapped,local_surface_estimate
DJI_20260826114456_1000_V.JPG,P000589,SPL,박락,"[[670.0,1607.5],[669.5,1607.0],[669.0,1606.5],[667.0,1606.5],[666.0,1606.5],[665.0,1606.5],[664.0,1606.5],[662.5,1606.0],[662.0,1605.5],[661.0,1605.5],[660.0,1605.5],[658.5,1605.0],[658.0,1604.5],[657.0,1604.5],[656.5,1604.0],[655.0,1603.5],[654.0,1603.5],[653.5,1603.0],[653.0,1602.5],[651.0,1602.5],[650.5,1602.0],[650.0,1601.5],[649.0,1601.5],[647.5,1601.0],[647.0,1600.5],[646.0,1600.5],[645.0,1600.5],[644.0,1599.5],[643.0,1599.5],[642.5,1599.0],[642.0,1598.5],[640.5,1598.0],[640.0,1597.5],[639.5,1597.0],[639.0,1596.5],[638.5,1595.0],[638.0,1594.5],[637.5,1594.0],[637.0,1593.5],[636.5,1592.0],[636.5,1591.0],[636.0,1590.5],[635.5,1590.0],[635.5,1588.0],[635.5,1587.0],[635.5,1586.0],[635.5,1585.0],[635.5,1583.0],[636.0,1582.5],[636.5,1582.0],[636.5,1581.0],[636.5,1579.0],[636.5,1578.0],[636.5,1577.0],[637.0,1576.5],[637.5,1575.0],[637.5,1574.0],[637.5,1573.0],[638.0,1572.5],[638.5,1571.0],[638.5,1570.0],[639.0,1569.5],[639.5,1569.0],[639.5,1567.0],[639.5,1566.0],[640.0,1565.5],[640.5,1565.0],[640.5,1563.0],[640.5,1562.0],[640.5,1561.0],[641.0,1560.5],[641.5,1559.0],[641.5,1558.0],[641.5,1557.0],[642.0,1556.5],[642.5,1555.0],[642.5,1554.0],[643.0,1553.5],[643.5,1553.0],[643.5,1551.0],[643.5,1550.0],[644.0,1549.5],[644.5,1549.0],[645.0,1547.5],[645.5,1547.0],[645.5,1546.0],[646.0,1545.5],[646.5,1545.0],[647.5,1544.0],[648.0,1543.5],[648.5,1543.0],[649.0,1542.5],[650.5,1542.0],[651.0,1541.5],[651.5,1541.0],[651.5,1540.0],[652.5,1539.0],[653.0,1538.5],[654.0,1538.5],[655.0,1538.5],[656.0,1539.5],[657.0,1539.5],[657.5,1540.0],[658.0,1540.5],[660.0,1540.5],[661.0,1540.5],[661.5,1541.0],[662.0,1541.5],[664.0,1541.5],[664.5,1541.0],[665.0,1540.5],[665.5,1541.0],[666.5,1542.0],[667.0,1542.5],[667.5,1543.0],[668.0,1543.5],[669.0,1542.5],[669.5,1543.0],[670.0,1543.5],[671.0,1543.5],[672.0,1544.5],[673.0,1544.5],[673.5,1545.0],[674.0,1545.5],[675.0,1546.5],[675.5,1547.0],[676.0,1547.5],[677.0,1547.5],[678.0,1548.5],[679.0,1548.5],[680.0,1548.5],[680.5,1549.0],[681.5,1550.0],[682.0,1550.5],[682.5,1551.0],[683.0,1551.5],[685.0,1551.5],[685.5,1552.0],[686.0,1552.5],[687.0,1552.5],[689.0,1552.5],[690.0,1552.5],[691.0,1552.5],[692.0,1552.5],[694.0,1552.5],[695.0,1552.5],[696.0,1552.5],[696.5,1553.0],[698.0,1553.5],[698.5,1553.0],[699.0,1552.5],[700.0,1552.5],[701.5,1552.0],[702.0,1551.5],[703.0,1551.5],[704.0,1551.5],[706.0,1551.5],[707.0,1551.5],[707.5,1551.0],[708.0,1550.5],[710.0,1550.5],[711.0,1550.5],[712.0,1550.5],[712.5,1551.0],[713.5,1551.0],[714.0,1550.5],[714.5,1551.0],[715.0,1551.5],[716.0,1552.5],[716.5,1553.0],[717.0,1553.5],[718.0,1553.5],[718.5,1554.0],[718.5,1556.0],[718.5,1557.0],[718.5,1558.0],[718.0,1558.5],[718.0,1559.5],[718.5,1560.0],[718.5,1561.0],[718.0,1561.5],[717.0,1562.5],[716.5,1563.0],[716.0,1563.5],[715.5,1564.0],[714.5,1565.0],[714.0,1565.5],[713.5,1566.0],[713.0,1566.5],[712.0,1567.5],[711.5,1568.0],[711.5,1569.0],[711.0,1569.5],[710.0,1570.5],[709.0,1570.5],[708.5,1571.0],[708.5,1572.0],[707.5,1573.0],[707.5,1574.0],[707.0,1574.5],[706.5,1575.0],[706.0,1576.5],[705.5,1577.0],[705.5,1578.0],[705.0,1578.5],[704.5,1580.0],[704.5,1581.0],[704.5,1582.0],[704.0,1582.5],[703.5,1584.0],[703.0,1584.5],[702.5,1585.0],[702.5,1586.0],[702.5,1588.0],[702.5,1589.0],[702.0,1589.5],[701.5,1590.0],[701.5,1592.0],[701.5,1593.0],[701.0,1593.5],[700.5,1594.0],[700.0,1595.5],[699.5,1596.0],[699.5,1597.0],[699.0,1597.5],[698.0,1598.5],[697.0,1598.5],[696.5,1599.0],[696.0,1599.5],[695.0,1600.5],[694.0,1600.5],[693.5,1601.0],[693.0,1601.5],[692.0,1602.5],[691.0,1602.5],[690.5,1603.0],[690.0,1603.5],[688.5,1604.0],[688.0,1604.5],[687.0,1604.5],[686.0,1604.5],[685.0,1605.5],[684.0,1605.5],[683.0,1605.5],[682.5,1606.0],[681.0,1606.5],[680.0,1606.5],[679.0,1606.5],[678.0,1606.5],[676.0,1606.5],[675.0,1606.5],[674.0,1606.5],[673.0,1606.5],[671.0,1606.5],[670.5,1607.0],[670.0,1607.5]]",243083.09272384644,431142.1518211365,83.03710556030273,,,,,0.1053735353,3897,SPW_0090,SPW_여수로_교각_도수면,SPW_0090,4c8ce14a-1ced-5e05-8004-7d78a3360ba3,0.9595207183031293,../../Data/DJI_20260826114456_1000_V.JPG,../Overlay/SPL/P000589.png,mapped,local_surface_estimate
DJI_20260826114456_1000_V.JPG,P000590,SPL,박락,"[[4105.0,1646.5],[4103.0,1646.5],[4102.0,1646.5],[4100.5,1646.0],[4099.0,1645.5],[4098.0,1645.5],[4097.0,1644.5],[4095.5,1644.0],[4095.0,1643.5],[4094.0,1642.5],[4092.5,1642.0],[4092.0,1641.5],[4090.5,1641.0],[4089.5,1640.0],[4089.5,1639.0],[4088.5,1638.0],[4087.0,1637.5],[4086.5,1637.0],[4085.5,1636.0],[4084.5,1635.0],[4084.0,1634.5],[4083.0,1633.5],[4081.5,1633.0],[4081.0,1632.5],[4080.0,1631.5],[4078.5,1631.0],[4078.0,1630.5],[4076.5,1630.0],[4075.0,1629.5],[4074.5,1629.0],[4073.5,1628.0],[4072.0,1627.5],[4071.0,1627.5],[4070.0,1626.5],[4068.5,1626.0],[4068.0,1625.5],[4067.0,1624.5],[4065.5,1624.0],[4065.0,1623.5],[4064.0,1622.5],[4062.5,1622.0],[4062.0,1621.5],[4060.5,1621.0],[4060.0,1620.5],[4058.5,1620.0],[4057.5,1619.0],[4057.0,1618.5],[4055.0,1618.5],[4054.0,1617.5],[4053.0,1617.5],[4052.0,1616.5],[4050.5,1616.0],[4050.0,1615.5],[4048.0,1615.5],[4047.0,1614.5],[4046.0,1614.5],[4045.0,1613.5],[4043.5,1613.0],[4043.0,1612.5],[4041.0,1612.5],[4039.5,1612.0],[4039.0,1611.5],[4037.0,1611.5],[4035.0,1611.5],[4034.5,1611.0],[4033.0,1610.5],[4031.0,1610.5],[4030.0,1610.5],[4028.0,1610.5],[4026.0,1610.5],[4025.5,1610.0],[4024.0,1609.5],[4022.5,1609.0],[4022.0,1608.5],[4020.5,1608.0],[4020.0,1606.5],[4019.5,1606.0],[4018.5,1605.0],[4018.5,1603.0],[4018.5,1602.0],[4018.5,1600.0],[4019.0,1598.5],[4019.5,1598.0],[4020.0,1596.5],[4021.0,1595.5],[4021.5,1595.0],[4022.5,1594.0],[4023.5,1593.0],[4024.0,1592.5],[4025.0,1591.5],[4026.0,1590.5],[4026.5,1590.0],[4027.5,1589.0],[4028.5,1588.0],[4029.0,1587.5],[4030.5,1587.0],[4031.5,1586.0],[4032.0,1585.5],[4033.0,1584.5],[4034.5,1584.0],[4035.0,1583.5],[4036.5,1583.0],[4038.0,1582.5],[4039.0,1582.5],[4040.0,1581.5],[4042.0,1581.5],[4043.0,1581.5],[4045.0,1581.5],[4047.0,1581.5],[4047.5,1581.0],[4049.0,1580.5],[4051.0,1580.5],[4052.0,1580.5],[4054.0,1580.5],[4056.0,1580.5],[4057.0,1580.5],[4058.5,1580.0],[4060.0,1579.5],[4061.0,1579.5],[4063.0,1579.5],[4065.0,1579.5],[4066.0,1579.5],[4067.5,1579.0],[4069.0,1578.5],[4070.0,1578.5],[4072.0,1578.5],[4074.0,1578.5],[4074.5,1578.0],[4076.0,1577.5],[4077.0,1577.5],[4079.0,1577.5],[4081.0,1577.5],[4082.0,1577.5],[4083.0,1576.5],[4085.0,1576.5],[4086.0,1576.5],[4087.5,1576.0],[4089.0,1575.5],[4090.0,1575.5],[4092.0,1575.5],[4094.0,1575.5],[4095.0,1575.5],[4097.0,1575.5],[4099.0,1575.5],[4100.0,1575.5],[4102.0,1575.5],[4104.0,1575.5],[4104.5,1576.0],[4106.0,1576.5],[4108.0,1576.5],[4109.0,1576.5],[4110.0,1577.5],[4111.5,1578.0],[4112.0,1578.5],[4114.0,1578.5],[4115.0,1579.5],[4115.5,1580.0],[4116.5,1581.0],[4118.0,1581.5],[4119.0,1581.5],[4121.0,1581.5],[4122.0,1582.5],[4122.5,1583.0],[4124.0,1583.5],[4125.5,1584.0],[4126.0,1584.5],[4127.5,1585.0],[4129.0,1585.5],[4130.0,1585.5],[4131.0,1586.5],[4132.5,1587.0],[4133.0,1587.5],[4134.0,1588.5],[4135.0,1589.5],[4136.0,1589.5],[4137.0,1590.5],[4138.0,1591.5],[4138.5,1592.0],[4139.5,1593.0],[4140.5,1594.0],[4141.0,1594.5],[4142.0,1595.5],[4142.5,1597.0],[4143.0,1597.5],[4143.5,1599.0],[4144.5,1600.0],[4145.0,1600.5],[4146.0,1601.5],[4146.5,1603.0],[4146.5,1604.0],[4147.5,1605.0],[4148.0,1606.5],[4148.5,1607.0],[4148.5,1609.0],[4149.5,1610.0],[4149.5,1611.0],[4150.0,1612.5],[4150.5,1614.0],[4150.5,1615.0],[4151.0,1616.5],[4151.5,1618.0],[4151.5,1619.0],[4152.5,1620.0],[4152.5,1622.0],[4153.0,1622.5],[4153.5,1624.0],[4154.0,1625.5],[4154.5,1626.0],[4154.5,1628.0],[4154.5,1630.0],[4154.5,1631.0],[4155.5,1632.0],[4156.5,1633.0],[4156.5,1634.0],[4156.5,1636.0],[4156.5,1637.0],[4156.0,1638.5],[4155.0,1639.5],[4154.0,1639.5],[4153.0,1640.5],[4151.5,1641.0],[4151.0,1641.5],[4149.5,1642.0],[4148.0,1642.5],[4147.0,1642.5],[4145.0,1642.5],[4144.0,1643.5],[4143.0,1643.5],[4141.5,1644.0],[4140.0,1644.5],[4139.0,1644.5],[4138.0,1645.5],[4136.0,1645.5],[4135.5,1645.0],[4134.5,1645.0],[4133.0,1645.5],[4132.0,1645.5],[4130.0,1645.5],[4129.0,1644.5],[4128.0,1644.5],[4126.0,1644.5],[4124.0,1644.5],[4123.5,1644.0],[4122.0,1643.5],[4120.0,1643.5],[4119.0,1643.5],[4117.0,1643.5],[4115.0,1643.5],[4114.0,1643.5],[4113.0,1644.5],[4111.0,1644.5],[4110.5,1645.0],[4109.0,1645.5],[4107.0,1645.5],[4106.0,1645.5],[4105.0,1646.5]]",243081.65842056274,431128.92581272125,82.52642822265625,,,,,0.1201370066,6423,여수로_피어_03,SPW_여수로_교각_도수면,,,0.9745729993097919,../../Data/DJI_20260826114456_1000_V.JPG,../Overlay/SPL/P000590.png,mapped,local_surface_estimate
DJI_20260826114456_1000_V.JPG,P000591,SPL,박락,"[[491.0,1742.5],[490.0,1742.5],[489.0,1742.5],[487.5,1742.0],[487.0,1741.5],[486.0,1741.5],[485.0,1741.5],[484.0,1741.5],[483.0,1740.5],[482.0,1740.5],[481.5,1740.0],[481.0,1739.5],[480.5,1739.0],[480.0,1738.5],[478.5,1738.0],[478.0,1737.5],[477.5,1737.0],[477.0,1736.5],[476.0,1736.5],[475.0,1735.5],[474.5,1735.0],[474.0,1734.5],[473.5,1734.0],[473.0,1733.5],[472.5,1732.0],[472.0,1731.5],[471.5,1731.0],[471.5,1730.0],[471.0,1729.5],[470.5,1728.0],[470.0,1727.5],[469.5,1727.0],[469.0,1726.5],[468.5,1726.0],[467.5,1725.0],[467.0,1724.5],[466.5,1724.0],[466.5,1723.0],[466.0,1722.5],[465.5,1722.0],[464.5,1721.0],[464.0,1720.5],[463.5,1720.0],[463.5,1719.0],[463.0,1718.5],[462.0,1717.5],[461.5,1717.0],[461.5,1716.0],[461.5,1715.0],[461.0,1714.5],[460.5,1713.0],[460.5,1712.0],[460.5,1711.0],[460.5,1710.0],[461.0,1709.5],[461.5,1708.0],[461.5,1707.0],[461.5,1706.0],[462.0,1705.5],[462.5,1705.0],[463.0,1703.5],[463.5,1703.0],[464.0,1702.5],[464.5,1702.0],[464.5,1701.0],[464.5,1700.0],[465.5,1699.0],[466.0,1698.5],[466.5,1698.0],[467.0,1697.5],[467.5,1697.0],[468.5,1696.0],[469.0,1695.5],[469.5,1695.0],[470.0,1694.5],[471.0,1694.5],[472.0,1693.5],[472.5,1693.0],[473.0,1692.5],[473.5,1692.0],[473.5,1691.0],[474.5,1690.0],[474.5,1689.0],[475.0,1688.5],[475.5,1688.0],[475.5,1687.0],[476.5,1686.0],[476.5,1685.0],[477.0,1684.5],[477.5,1684.0],[477.5,1683.0],[477.5,1682.0],[478.0,1680.5],[478.5,1680.0],[478.5,1679.0],[479.0,1678.5],[479.5,1678.0],[480.0,1676.5],[480.5,1676.0],[480.5,1675.0],[481.0,1674.5],[481.5,1674.0],[482.5,1673.0],[482.5,1672.0],[483.0,1671.5],[483.5,1671.0],[484.0,1670.5],[486.0,1670.5],[487.0,1670.5],[487.5,1670.0],[488.0,1669.5],[489.0,1669.5],[490.5,1670.0],[491.0,1670.5],[491.5,1671.0],[491.5,1672.0],[491.5,1673.0],[491.5,1674.0],[491.5,1676.0],[492.0,1676.5],[492.5,1677.0],[492.5,1678.0],[492.0,1678.5],[491.5,1680.0],[491.5,1681.0],[491.0,1681.5],[490.5,1682.0],[490.5,1683.0],[490.5,1685.0],[490.0,1685.5],[489.5,1686.0],[489.5,1687.0],[490.0,1687.5],[490.5,1689.0],[490.5,1690.0],[490.5,1691.0],[490.5,1692.0],[490.5,1693.0],[490.5,1695.0],[490.5,1696.0],[490.5,1697.0],[491.0,1697.5],[491.5,1698.0],[491.5,1699.0],[492.5,1700.0],[492.5,1701.0],[493.0,1701.5],[493.5,1702.0],[494.0,1702.5],[495.5,1703.0],[496.0,1703.5],[496.5,1704.0],[497.0,1704.5],[498.0,1704.5],[499.0,1705.5],[500.0,1705.5],[500.5,1706.0],[501.0,1706.5],[502.0,1706.5],[503.5,1707.0],[504.0,1707.5],[505.0,1707.5],[506.0,1707.5],[507.0,1707.5],[509.0,1707.5],[510.0,1707.5],[511.0,1707.5],[511.5,1707.0],[511.5,1706.0],[512.0,1705.5],[514.0,1705.5],[515.0,1705.5],[515.5,1706.0],[516.0,1706.5],[516.5,1707.0],[516.0,1708.5],[515.5,1709.0],[516.0,1709.5],[516.5,1710.0],[516.5,1711.0],[516.5,1713.0],[517.0,1713.5],[517.5,1714.0],[517.5,1715.0],[518.0,1715.5],[518.5,1717.0],[518.5,1718.0],[519.0,1718.5],[519.5,1719.0],[520.0,1719.5],[521.0,1720.5],[521.5,1721.0],[522.0,1721.5],[522.5,1722.0],[523.0,1722.5],[524.0,1722.5],[525.0,1723.5],[525.5,1724.0],[526.0,1724.5],[526.5,1725.0],[527.0,1725.5],[528.5,1726.0],[529.0,1726.5],[529.5,1727.0],[530.0,1727.5],[530.5,1728.0],[531.5,1729.0],[531.5,1730.0],[532.0,1730.5],[532.5,1731.0],[532.5,1732.0],[532.5,1734.0],[532.5,1735.0],[532.5,1736.0],[532.0,1736.5],[531.5,1737.0],[530.5,1738.0],[530.0,1738.5],[529.0,1738.5],[528.0,1738.5],[527.0,1738.5],[526.5,1739.0],[525.0,1739.5],[524.0,1739.5],[523.0,1739.5],[522.0,1739.5],[521.0,1739.5],[519.0,1739.5],[518.0,1739.5],[517.0,1739.5],[516.0,1739.5],[515.0,1739.5],[513.0,1739.5],[512.0,1739.5],[511.5,1739.0],[511.0,1738.5],[510.0,1738.5],[508.0,1738.5],[507.0,1738.5],[506.0,1738.5],[505.0,1738.5],[504.0,1738.5],[503.0,1739.5],[502.0,1739.5],[501.0,1739.5],[500.0,1739.5],[499.5,1740.0],[499.0,1740.5],[497.0,1740.5],[496.5,1741.0],[496.0,1741.5],[495.0,1741.5],[494.0,1741.5],[492.0,1741.5],[491.5,1742.0],[491.0,1742.5]]",243082.29209136963,431142.33222579956,82.39758682250977,,,,,0.0598538458,2573,SPW_0090,SPW_여수로_교각_도수면,SPW_0090,4c8ce14a-1ced-5e05-8004-7d78a3360ba3,0.934455906955639,../../Data/DJI_20260826114456_1000_V.JPG,../Overlay/SPL/P000591.png,mapped,local_surface_estimate
DJI_20260826114456_1000_V.JPG,P000592,SPL,박락,"[[3849.0,2146.5],[3844.0,2146.5],[3839.5,2146.0],[3836.5,2144.0],[3832.5,2143.0],[3828.5,2142.0],[3824.5,2141.0],[3820.5,2140.0],[3817.0,2138.5],[3813.0,2137.5],[3809.0,2136.5],[3804.0,2136.5],[3800.0,2137.5],[3795.0,2137.5],[3791.0,2138.5],[3787.0,2139.5],[3783.0,2138.5],[3780.0,2138.5],[3776.0,2137.5],[3772.5,2136.0],[3769.5,2134.0],[3766.0,2132.5],[3763.5,2130.0],[3760.5,2128.0],[3757.0,2126.5],[3754.0,2124.5],[3751.0,2122.5],[3747.0,2121.5],[3745.0,2118.5],[3747.0,2116.5],[3750.0,2114.5],[3753.5,2113.0],[3757.0,2111.5],[3761.0,2110.5],[3765.0,2109.5],[3769.0,2110.5],[3774.0,2110.5],[3779.0,2110.5],[3784.0,2110.5],[3788.0,2109.5],[3793.0,2109.5],[3797.0,2108.5],[3802.0,2108.5],[3806.0,2107.5],[3811.0,2107.5],[3815.0,2108.5],[3819.5,2109.0],[3824.0,2109.5],[3828.0,2110.5],[3832.0,2111.5],[3837.0,2111.5],[3841.0,2112.5],[3845.0,2111.5],[3850.0,2111.5],[3853.5,2110.0],[3857.0,2108.5],[3861.0,2107.5],[3866.0,2107.5],[3870.0,2106.5],[3875.0,2106.5],[3880.0,2106.5],[3885.0,2106.5],[3889.0,2105.5],[3894.0,2105.5],[3899.0,2105.5],[3903.0,2104.5],[3908.0,2104.5],[3913.0,2104.5],[3918.0,2104.5],[3922.0,2103.5],[3927.0,2103.5],[3931.0,2102.5],[3936.0,2102.5],[3940.0,2101.5],[3943.0,2099.5],[3946.5,2098.0],[3949.5,2096.0],[3953.0,2094.5],[3957.0,2093.5],[3961.0,2092.5],[3966.0,2092.5],[3971.0,2092.5],[3976.0,2092.5],[3981.0,2092.5],[3986.0,2092.5],[3990.0,2091.5],[3995.0,2091.5],[3999.0,2090.5],[4004.0,2090.5],[4009.0,2090.5],[4013.0,2091.5],[4018.0,2091.5],[4022.0,2092.5],[4026.0,2093.5],[4031.0,2093.5],[4036.0,2093.5],[4041.0,2093.5],[4046.0,2093.5],[4050.0,2092.5],[4053.5,2091.0],[4056.0,2088.5],[4057.5,2085.0],[4058.5,2081.0],[4058.5,2076.0],[4059.5,2072.0],[4061.0,2068.5],[4062.5,2065.0],[4064.5,2062.0],[4066.5,2059.0],[4068.5,2056.0],[4071.0,2053.5],[4074.0,2051.5],[4077.0,2049.5],[4080.5,2048.0],[4085.0,2047.5],[4090.0,2047.5],[4095.0,2047.5],[4100.0,2047.5],[4105.0,2047.5],[4110.0,2047.5],[4115.0,2047.5],[4120.0,2047.5],[4125.0,2047.5],[4130.0,2047.5],[4135.0,2047.5],[4140.0,2047.5],[4145.0,2047.5],[4150.0,2047.5],[4156.0,2047.5],[4161.0,2047.5],[4166.0,2047.5],[4171.0,2047.5],[4176.0,2047.5],[4181.0,2047.5],[4186.0,2047.5],[4191.0,2047.5],[4196.0,2047.5],[4201.0,2047.5],[4206.0,2047.5],[4211.0,2047.5],[4216.0,2047.5],[4221.0,2047.5],[4224.0,2049.5],[4229.0,2049.5],[4233.0,2050.5],[4236.0,2052.5],[4238.5,2055.0],[4240.0,2058.5],[4241.5,2062.0],[4241.5,2067.0],[4240.5,2071.0],[4238.5,2074.0],[4236.5,2077.0],[4234.5,2080.0],[4232.5,2083.0],[4230.0,2085.5],[4227.0,2087.5],[4224.0,2089.5],[4223.0,2093.5],[4219.5,2095.0],[4216.5,2097.0],[4213.5,2099.0],[4211.0,2101.5],[4208.5,2104.0],[4206.0,2106.5],[4203.0,2108.5],[4200.0,2110.5],[4196.0,2111.5],[4192.5,2113.0],[4188.5,2114.0],[4184.5,2115.0],[4180.5,2116.0],[4176.5,2117.0],[4172.0,2117.5],[4168.0,2118.5],[4164.0,2119.5],[4160.5,2121.0],[4157.5,2123.0],[4154.0,2124.5],[4150.0,2125.5],[4146.0,2126.5],[4141.0,2126.5],[4136.0,2126.5],[4133.0,2126.5],[4128.0,2126.5],[4123.0,2126.5],[4119.0,2125.5],[4115.0,2124.5],[4111.0,2123.5],[4108.0,2121.5],[4105.0,2119.5],[4102.0,2117.5],[4099.0,2115.5],[4096.0,2113.5],[4093.0,2111.5],[4090.0,2109.5],[4087.0,2107.5],[4083.0,2106.5],[4078.0,2106.5],[4073.0,2106.5],[4069.0,2107.5],[4065.0,2108.5],[4061.5,2110.0],[4058.0,2111.5],[4054.0,2112.5],[4050.0,2113.5],[4047.0,2115.5],[4044.0,2117.5],[4040.0,2118.5],[4036.0,2119.5],[4031.0,2119.5],[4026.0,2119.5],[4022.0,2120.5],[4018.5,2122.0],[4015.0,2123.5],[4012.0,2125.5],[4008.0,2126.5],[4004.0,2127.5],[3999.0,2127.5],[3995.0,2126.5],[3990.0,2126.5],[3985.5,2127.0],[3981.0,2127.5],[3977.0,2128.5],[3972.0,2128.5],[3968.0,2129.5],[3964.0,2130.5],[3960.0,2131.5],[3955.0,2131.5],[3951.0,2132.5],[3947.0,2133.5],[3942.0,2133.5],[3938.0,2134.5],[3933.0,2134.5],[3929.0,2133.5],[3925.0,2132.5],[3921.0,2131.5],[3917.0,2130.5],[3913.5,2129.0],[3909.0,2128.5],[3905.0,2127.5],[3900.0,2127.5],[3895.0,2127.5],[3890.0,2127.5],[3885.0,2127.5],[3880.0,2127.5],[3876.0,2128.5],[3872.0,2129.5],[3868.5,2131.0],[3865.5,2133.0],[3863.0,2135.5],[3860.0,2137.5],[3858.0,2140.5],[3855.0,2142.5],[3852.0,2144.5],[3849.0,2146.5]]",243081.95692825317,431129.0260415077,80.97124481201172,,,,,0.4131940596,20432,여수로_피어_03,SPW_여수로_교각_도수면,,,0.9719526204444648,../../Data/DJI_20260826114456_1000_V.JPG,../Overlay/SPL/P000592.png,mapped,local_surface_estimate
DJI_20260826120100_0500_V.JPG,P000613,SPL,박락,"[[3334.0,2060.5],[3326.5,2060.0],[3318.5,2057.0],[3318.5,2048.0],[3321.5,2045.0],[3321.5,2036.0],[3320.0,2025.5],[3316.5,2018.0],[3314.0,2008.5],[3312.0,2000.5],[3311.5,1992.0],[3309.5,1983.0],[3306.5,1974.0],[3304.0,1965.5],[3300.5,1957.0],[3296.5,1950.0],[3292.5,1943.0],[3288.0,1935.5],[3289.0,1926.5],[3289.5,1919.0],[3291.5,1910.0],[3286.0,1903.5],[3279.5,1899.0],[3279.0,1892.5],[3283.5,1886.0],[3282.5,1875.0],[3280.5,1866.0],[3279.0,1855.5],[3278.0,1845.5],[3276.5,1835.0],[3276.5,1824.0],[3275.5,1814.0],[3272.5,1805.0],[3271.0,1795.5],[3268.5,1786.0],[3265.5,1778.0],[3262.5,1769.0],[3259.5,1761.0],[3255.5,1753.0],[3254.5,1743.0],[3252.5,1733.0],[3250.5,1724.0],[3249.5,1713.0],[3248.5,1703.0],[3247.5,1692.0],[3245.5,1683.0],[3242.5,1675.0],[3240.0,1665.5],[3237.5,1657.0],[3236.5,1646.0],[3234.0,1637.5],[3232.5,1627.0],[3229.5,1619.0],[3224.5,1612.0],[3219.0,1606.5],[3214.5,1599.0],[3210.5,1592.0],[3208.5,1582.0],[3205.5,1574.0],[3211.0,1569.5],[3215.5,1563.0],[3210.5,1557.0],[3203.0,1558.5],[3199.5,1555.0],[3199.5,1543.0],[3198.5,1533.0],[3199.5,1524.0],[3197.5,1520.0],[3194.5,1518.0],[3187.5,1514.0],[3183.5,1506.0],[3182.5,1496.0],[3183.0,1484.5],[3186.5,1477.0],[3190.0,1468.5],[3191.0,1463.5],[3190.5,1457.0],[3189.5,1448.0],[3193.0,1442.5],[3197.0,1434.5],[3198.5,1427.0],[3196.0,1421.5],[3189.0,1417.5],[3183.0,1411.5],[3178.5,1405.0],[3175.0,1396.5],[3171.5,1389.0],[3170.5,1378.0],[3170.5,1367.0],[3175.0,1359.5],[3182.5,1356.0],[3188.5,1351.0],[3192.5,1343.0],[3192.5,1332.0],[3200.0,1331.5],[3211.0,1331.5],[3222.0,1330.5],[3232.0,1329.5],[3239.5,1332.0],[3243.0,1339.5],[3250.0,1344.5],[3258.0,1347.5],[3268.0,1349.5],[3278.0,1350.5],[3289.0,1351.5],[3299.5,1352.0],[3309.0,1353.5],[3320.0,1354.5],[3330.0,1353.5],[3338.0,1354.5],[3331.0,1358.5],[3321.0,1360.5],[3310.0,1360.5],[3299.0,1359.5],[3289.0,1360.5],[3283.5,1367.0],[3280.5,1375.0],[3280.5,1385.0],[3279.5,1393.0],[3277.0,1402.5],[3276.5,1413.0],[3277.5,1423.0],[3277.5,1435.0],[3278.5,1445.0],[3280.5,1455.0],[3280.5,1466.0],[3276.5,1474.0],[3274.5,1483.0],[3274.5,1493.0],[3275.5,1503.0],[3277.5,1513.0],[3280.5,1521.0],[3285.5,1528.0],[3289.0,1535.5],[3301.0,1535.5],[3312.0,1535.5],[3320.5,1533.0],[3329.0,1533.5],[3338.0,1535.5],[3350.0,1535.5],[3361.0,1535.5],[3373.0,1535.5],[3384.0,1535.5],[3396.0,1535.5],[3404.0,1532.5],[3412.0,1528.5],[3421.0,1526.5],[3428.0,1531.5],[3435.0,1535.5],[3447.0,1535.5],[3455.5,1538.0],[3458.0,1546.5],[3462.5,1554.0],[3465.5,1562.0],[3472.5,1567.0],[3479.5,1571.0],[3484.5,1578.0],[3479.0,1583.5],[3469.5,1586.0],[3459.0,1586.5],[3451.0,1590.5],[3443.5,1594.0],[3435.0,1597.5],[3427.0,1594.5],[3420.0,1589.5],[3412.0,1586.5],[3401.0,1586.5],[3391.0,1586.5],[3380.0,1586.5],[3368.0,1586.5],[3359.5,1584.0],[3351.0,1580.5],[3342.0,1580.5],[3330.0,1580.5],[3321.0,1582.5],[3314.0,1587.5],[3309.0,1593.5],[3303.5,1600.0],[3299.5,1607.0],[3298.0,1617.5],[3298.5,1627.0],[3300.5,1636.0],[3301.5,1647.0],[3302.5,1657.0],[3305.5,1664.0],[3309.5,1671.0],[3313.5,1679.0],[3316.5,1687.0],[3319.0,1696.5],[3321.5,1705.0],[3322.5,1712.0],[3323.5,1722.0],[3322.5,1733.0],[3319.5,1741.0],[3316.5,1750.0],[3319.5,1758.0],[3323.0,1765.5],[3326.5,1774.0],[3329.5,1782.0],[3331.0,1790.5],[3332.5,1800.0],[3333.5,1811.0],[3336.0,1819.5],[3339.5,1828.0],[3340.5,1838.0],[3341.0,1847.5],[3342.0,1856.5],[3342.5,1865.0],[3340.5,1872.0],[3336.5,1880.0],[3337.5,1890.0],[3342.0,1896.5],[3347.5,1903.0],[3351.0,1910.5],[3352.0,1919.5],[3363.0,1919.5],[3375.0,1919.5],[3386.0,1919.5],[3398.0,1919.5],[3409.0,1919.5],[3421.0,1919.5],[3432.0,1919.5],[3437.5,1922.0],[3432.5,1926.0],[3434.5,1934.0],[3426.0,1932.5],[3425.0,1924.5],[3417.0,1920.5],[3409.5,1924.0],[3413.5,1930.0],[3409.5,1937.0],[3401.5,1940.0],[3395.5,1935.0],[3388.0,1930.5],[3380.5,1934.0],[3374.0,1939.5],[3364.5,1941.0],[3355.5,1944.0],[3356.5,1950.0],[3363.5,1955.0],[3361.5,1962.0],[3355.0,1966.5],[3346.0,1969.5],[3340.5,1975.0],[3343.5,1982.0],[3350.0,1986.5],[3354.5,1994.0],[3356.5,2003.0],[3355.5,2014.0],[3353.5,2023.0],[3351.5,2033.0],[3347.5,2040.0],[3342.5,2047.0],[3347.5,2051.0],[3342.0,2057.5],[3334.0,2060.5]]",243077.11882781982,431149.7015399933,79.8726749420166,,,,,1.1693933703,61933,SPW_0088,SPW_여수로_교각_도수면,SPW_0088,4c870bca-58f3-5a4a-ada8-e00d8fb99b66,0.9427143671799285,../../Data/DJI_20260826120100_0500_V.JPG,../Overlay/SPL/P000613.png,mapped,local_surface_estimate
DJI_20260826120100_0500_V.JPG,P000614,SPL,박락,"[[1808.0,2840.5],[1807.0,2839.5],[1806.0,2838.5],[1804.0,2837.5],[1802.5,2837.0],[1801.5,2836.0],[1800.5,2835.0],[1800.5,2833.0],[1799.5,2831.0],[1799.0,2829.5],[1798.5,2828.0],[1797.5,2827.0],[1797.5,2825.0],[1796.5,2823.0],[1796.5,2821.0],[1796.5,2819.0],[1797.0,2817.5],[1797.5,2816.0],[1799.5,2815.0],[1798.5,2814.0],[1797.5,2813.0],[1796.5,2812.0],[1796.5,2810.0],[1796.5,2807.0],[1796.5,2805.0],[1796.5,2803.0],[1795.5,2802.0],[1795.5,2800.0],[1795.5,2798.0],[1795.0,2795.5],[1794.5,2794.0],[1794.5,2792.0],[1794.5,2790.0],[1794.5,2788.0],[1794.0,2785.5],[1793.5,2784.0],[1793.5,2782.0],[1793.0,2780.5],[1792.5,2779.0],[1792.5,2776.0],[1792.0,2774.5],[1791.5,2773.0],[1790.5,2772.0],[1790.5,2770.0],[1789.5,2768.0],[1788.5,2767.0],[1788.0,2765.5],[1787.5,2764.0],[1786.5,2763.0],[1785.5,2761.0],[1785.0,2759.5],[1784.5,2758.0],[1783.5,2757.0],[1783.5,2755.0],[1782.0,2753.5],[1781.5,2752.0],[1781.0,2750.5],[1780.5,2749.0],[1780.5,2747.0],[1779.0,2745.5],[1778.5,2744.0],[1777.5,2743.0],[1777.0,2741.5],[1776.0,2740.5],[1774.5,2739.0],[1774.0,2737.5],[1773.5,2736.0],[1773.0,2734.5],[1771.5,2734.0],[1771.5,2731.0],[1771.5,2729.0],[1771.5,2727.0],[1772.5,2726.0],[1773.5,2725.0],[1774.5,2723.0],[1775.5,2722.0],[1776.5,2721.0],[1777.0,2719.5],[1777.5,2718.0],[1778.0,2716.5],[1778.5,2714.0],[1779.5,2713.0],[1779.5,2711.0],[1780.5,2710.0],[1781.0,2708.5],[1782.5,2707.0],[1783.5,2706.0],[1785.0,2705.5],[1786.0,2704.5],[1787.0,2703.5],[1789.0,2702.5],[1790.0,2701.5],[1791.5,2701.0],[1792.5,2700.0],[1793.5,2699.0],[1795.0,2697.5],[1796.5,2697.0],[1797.5,2696.0],[1798.0,2694.5],[1799.0,2693.5],[1800.0,2691.5],[1800.5,2690.0],[1800.5,2688.0],[1802.0,2687.5],[1804.0,2687.5],[1807.0,2687.5],[1809.0,2687.5],[1811.0,2687.5],[1813.0,2687.5],[1815.0,2687.5],[1818.0,2687.5],[1820.0,2687.5],[1821.5,2687.0],[1823.0,2686.5],[1825.0,2686.5],[1828.0,2686.5],[1829.5,2687.0],[1831.0,2687.5],[1833.0,2687.5],[1835.0,2687.5],[1838.0,2687.5],[1840.0,2687.5],[1842.0,2687.5],[1844.0,2687.5],[1846.0,2687.5],[1849.0,2687.5],[1850.5,2688.0],[1850.0,2689.5],[1849.0,2690.5],[1848.5,2692.0],[1848.0,2693.5],[1848.5,2695.0],[1849.0,2696.5],[1849.5,2698.0],[1849.5,2700.0],[1849.5,2702.0],[1850.0,2704.5],[1850.5,2706.0],[1850.5,2708.0],[1850.5,2710.0],[1851.5,2711.0],[1851.5,2714.0],[1852.0,2715.5],[1852.5,2717.0],[1853.0,2718.5],[1853.5,2720.0],[1854.5,2722.0],[1855.0,2723.5],[1855.5,2725.0],[1856.5,2726.0],[1857.5,2727.0],[1859.5,2728.0],[1860.0,2729.5],[1861.5,2730.0],[1862.5,2731.0],[1864.0,2731.5],[1865.5,2733.0],[1866.5,2734.0],[1867.5,2735.0],[1868.0,2736.5],[1869.0,2737.5],[1869.5,2740.0],[1869.5,2742.0],[1869.5,2744.0],[1870.0,2745.5],[1870.0,2746.5],[1869.5,2749.0],[1869.5,2751.0],[1870.0,2752.5],[1870.5,2754.0],[1870.5,2756.0],[1869.5,2758.0],[1869.5,2760.0],[1869.5,2762.0],[1869.5,2764.0],[1870.5,2765.0],[1871.0,2767.5],[1872.0,2768.5],[1873.5,2769.0],[1874.5,2770.0],[1875.5,2771.0],[1876.5,2772.0],[1879.0,2772.5],[1880.5,2773.0],[1880.5,2775.0],[1879.5,2776.0],[1878.0,2776.5],[1876.0,2777.5],[1875.0,2778.5],[1874.0,2779.5],[1873.0,2780.5],[1872.0,2781.5],[1871.5,2784.0],[1871.5,2786.0],[1871.0,2787.5],[1870.5,2789.0],[1870.0,2790.5],[1869.5,2793.0],[1870.5,2794.0],[1870.5,2796.0],[1871.5,2797.0],[1871.5,2799.0],[1872.0,2801.5],[1873.5,2802.0],[1873.5,2804.0],[1873.5,2806.0],[1873.0,2807.5],[1872.5,2810.0],[1871.0,2810.5],[1870.0,2811.5],[1869.0,2812.5],[1868.0,2813.5],[1866.0,2814.5],[1866.0,2815.5],[1868.0,2815.5],[1870.0,2815.5],[1870.0,2816.5],[1868.5,2818.0],[1867.5,2819.0],[1866.5,2820.0],[1865.5,2821.0],[1864.5,2822.0],[1862.5,2823.0],[1861.0,2823.5],[1860.0,2824.5],[1858.0,2824.5],[1857.0,2825.5],[1854.0,2825.5],[1852.5,2826.0],[1851.0,2826.5],[1849.0,2826.5],[1847.5,2827.0],[1846.0,2827.5],[1844.0,2828.5],[1842.5,2829.0],[1841.0,2829.5],[1839.0,2829.5],[1838.0,2830.5],[1836.0,2831.5],[1835.0,2832.5],[1833.0,2832.5],[1832.0,2833.5],[1830.5,2834.0],[1828.0,2834.5],[1827.0,2835.5],[1825.0,2835.5],[1824.0,2836.5],[1822.0,2836.5],[1819.5,2837.0],[1818.0,2837.5],[1816.5,2838.0],[1815.0,2838.5],[1813.0,2838.5],[1810.5,2839.0],[1809.0,2839.5],[1808.0,2840.5]]",243072.8898448944,431153.2845878601,76.72879028320312,,,,,0.0772654623,11084,SPW_0107,SPW_여수로_교각_도수면,SPW_0107,6ce90436-ce63-51c3-abde-7a1db91c471f,0.9432533255276462,../../Data/DJI_20260826120100_0500_V.JPG,../Overlay/SPL/P000614.png,mapped,local_surface_estimate
DJI_20260826120100_0500_V.JPG,P000615,SPL,박락,"[[2758.0,3072.5],[2756.0,3072.5],[2754.0,3071.5],[2752.0,3071.5],[2750.0,3071.5],[2748.0,3071.5],[2746.0,3070.5],[2744.5,3070.0],[2743.0,3069.5],[2741.0,3068.5],[2740.0,3067.5],[2738.5,3067.0],[2737.0,3066.5],[2735.5,3065.0],[2734.0,3064.5],[2732.5,3064.0],[2730.5,3064.0],[2729.0,3064.5],[2727.5,3064.0],[2726.5,3062.0],[2725.5,3062.0],[2724.5,3063.0],[2724.0,3064.5],[2722.5,3065.0],[2722.0,3063.5],[2721.0,3062.5],[2718.5,3062.0],[2718.5,3060.0],[2717.5,3059.0],[2717.0,3057.5],[2715.5,3056.0],[2715.5,3054.0],[2715.0,3052.5],[2713.5,3052.0],[2713.0,3053.5],[2711.5,3053.0],[2710.5,3052.0],[2709.0,3050.5],[2707.0,3050.5],[2705.0,3050.5],[2703.5,3049.0],[2703.5,3047.0],[2704.5,3046.0],[2705.5,3045.0],[2707.0,3043.5],[2708.0,3042.5],[2709.0,3041.5],[2710.0,3043.5],[2711.0,3044.5],[2711.5,3043.0],[2712.5,3041.0],[2713.0,3039.5],[2714.0,3038.5],[2715.5,3038.0],[2717.5,3037.0],[2718.5,3036.0],[2720.0,3035.5],[2722.0,3034.5],[2723.0,3033.5],[2724.0,3032.5],[2725.5,3032.0],[2727.0,3030.5],[2728.0,3029.5],[2729.0,3028.5],[2731.0,3027.5],[2732.0,3028.5],[2734.0,3028.5],[2735.0,3027.5],[2736.5,3026.0],[2738.0,3025.5],[2739.5,3025.0],[2741.5,3024.0],[2742.5,3023.0],[2743.5,3022.0],[2744.5,3021.0],[2746.5,3020.0],[2747.5,3019.0],[2748.0,3017.5],[2749.0,3015.5],[2750.0,3014.5],[2751.5,3014.0],[2753.0,3012.5],[2754.0,3011.5],[2755.0,3010.5],[2756.0,3009.5],[2758.0,3008.5],[2759.0,3007.5],[2760.0,3006.5],[2762.0,3005.5],[2762.5,3004.0],[2764.0,3003.5],[2765.5,3003.0],[2767.0,3001.5],[2768.0,3000.5],[2769.0,2999.5],[2770.5,2998.0],[2771.0,2996.5],[2772.0,2995.5],[2773.0,2994.5],[2773.5,2992.0],[2774.5,2991.0],[2775.5,2990.0],[2775.5,2987.0],[2776.0,2985.5],[2776.5,2984.0],[2777.0,2982.5],[2777.5,2980.0],[2778.5,2979.0],[2779.5,2978.0],[2779.5,2975.0],[2779.5,2973.0],[2780.5,2972.0],[2781.5,2970.0],[2782.5,2969.0],[2782.5,2967.0],[2782.5,2965.0],[2783.5,2963.0],[2784.5,2962.0],[2784.5,2960.0],[2785.0,2957.5],[2786.0,2956.5],[2787.5,2957.0],[2788.5,2957.0],[2789.0,2954.5],[2790.0,2953.5],[2792.0,2953.5],[2793.0,2955.5],[2794.0,2956.5],[2795.0,2957.5],[2797.0,2957.5],[2798.5,2959.0],[2800.0,2959.5],[2802.0,2959.5],[2804.5,2960.0],[2806.0,2960.5],[2808.0,2960.5],[2810.0,2960.5],[2813.0,2960.5],[2815.0,2960.5],[2816.0,2961.5],[2818.0,2962.5],[2820.0,2962.5],[2821.0,2963.5],[2822.5,2964.0],[2824.5,2965.0],[2826.0,2965.5],[2827.0,2966.5],[2828.5,2968.0],[2830.0,2968.5],[2831.0,2969.5],[2833.0,2970.5],[2833.5,2972.0],[2834.5,2973.0],[2834.5,2975.0],[2835.5,2977.0],[2835.0,2978.5],[2834.0,2979.5],[2831.5,2980.0],[2830.0,2980.5],[2829.0,2981.5],[2827.5,2982.0],[2825.5,2983.0],[2824.5,2984.0],[2823.5,2985.0],[2822.5,2987.0],[2823.5,2988.0],[2825.0,2988.5],[2826.5,2989.0],[2827.5,2991.0],[2827.5,2993.0],[2828.0,2994.5],[2829.0,2996.5],[2829.5,2998.0],[2830.5,2999.0],[2830.5,3001.0],[2831.5,3003.0],[2832.5,3004.0],[2832.5,3006.0],[2833.0,3008.5],[2833.5,3010.0],[2833.5,3012.0],[2833.5,3015.0],[2833.5,3017.0],[2834.5,3018.0],[2834.5,3020.0],[2833.5,3022.0],[2833.0,3023.5],[2832.5,3025.0],[2831.5,3027.0],[2831.5,3029.0],[2832.5,3030.0],[2832.0,3031.5],[2831.5,3034.0],[2831.0,3035.5],[2830.5,3037.0],[2830.5,3040.0],[2829.5,3041.0],[2829.5,3043.0],[2830.5,3044.0],[2830.0,3046.5],[2829.5,3048.0],[2830.0,3049.5],[2830.5,3052.0],[2830.5,3054.0],[2829.5,3055.0],[2829.5,3057.0],[2827.0,3057.5],[2826.5,3059.0],[2826.0,3060.5],[2824.5,3061.0],[2823.0,3060.5],[2821.0,3060.5],[2819.0,3061.5],[2818.0,3062.5],[2817.0,3061.5],[2816.0,3062.5],[2815.0,3060.5],[2813.5,3061.0],[2813.0,3062.5],[2811.5,3061.0],[2810.0,3060.5],[2808.5,3061.0],[2807.0,3061.5],[2805.5,3063.0],[2804.0,3063.5],[2803.0,3064.5],[2800.0,3064.5],[2799.0,3065.5],[2798.0,3066.5],[2797.0,3067.5],[2794.5,3068.0],[2793.5,3069.0],[2792.0,3069.5],[2791.0,3067.5],[2790.0,3066.5],[2789.0,3067.5],[2787.0,3067.5],[2784.5,3067.0],[2783.5,3066.0],[2782.0,3065.5],[2780.5,3064.0],[2779.0,3063.5],[2778.0,3062.5],[2775.0,3062.5],[2773.0,3062.5],[2771.5,3063.0],[2770.5,3064.0],[2769.0,3065.5],[2768.0,3066.5],[2766.5,3067.0],[2765.5,3069.0],[2764.5,3070.0],[2763.5,3071.0],[2762.0,3071.5],[2759.0,3071.5],[2758.0,3072.5]]",243073.13108062744,431150.8945636749,76.12517738342285,,,,,0.0554777153,8639,SPW_0107,SPW_여수로_교각_도수면,SPW_0107,6ce90436-ce63-51c3-abde-7a1db91c471f,0.9077404750443565,../../Data/DJI_20260826120100_0500_V.JPG,../Overlay/SPL/P000615.png,mapped,local_surface_estimate
DJI_20260826120100_0500_V.JPG,P000616,SPL,박락,"[[3178.0,3222.5],[3172.5,3222.0],[3168.0,3219.5],[3164.0,3217.5],[3159.0,3215.5],[3154.5,3214.0],[3150.0,3211.5],[3146.5,3209.0],[3141.5,3207.0],[3138.0,3204.5],[3132.5,3205.0],[3128.5,3203.0],[3123.0,3201.5],[3118.0,3200.5],[3113.0,3199.5],[3107.0,3200.5],[3102.0,3199.5],[3097.0,3197.5],[3093.5,3195.0],[3091.5,3190.0],[3088.0,3187.5],[3082.5,3187.0],[3077.0,3187.5],[3071.5,3188.0],[3071.5,3182.0],[3071.5,3175.0],[3069.0,3171.5],[3065.0,3169.5],[3060.0,3167.5],[3055.0,3166.5],[3050.0,3164.5],[3045.0,3163.5],[3039.0,3162.5],[3036.5,3160.0],[3031.0,3159.5],[3027.0,3157.5],[3023.0,3156.5],[3018.5,3155.0],[3014.0,3152.5],[3009.5,3151.0],[3005.0,3148.5],[3000.0,3147.5],[2996.5,3145.0],[2991.5,3143.0],[2988.0,3140.5],[2983.5,3138.0],[2979.0,3136.5],[2973.0,3135.5],[2968.0,3134.5],[2961.0,3134.5],[2955.0,3134.5],[2948.0,3134.5],[2943.5,3136.0],[2938.5,3138.0],[2934.0,3139.5],[2930.0,3139.5],[2925.0,3141.5],[2921.0,3139.5],[2916.0,3137.5],[2913.0,3134.5],[2909.0,3131.5],[2906.0,3128.5],[2903.0,3124.5],[2899.0,3126.5],[2893.0,3125.5],[2889.0,3123.5],[2884.5,3121.0],[2881.5,3118.0],[2879.5,3114.0],[2876.5,3110.0],[2874.0,3106.5],[2870.0,3103.5],[2864.0,3103.5],[2857.0,3103.5],[2853.0,3105.5],[2847.0,3104.5],[2842.5,3103.0],[2839.5,3099.0],[2842.0,3095.5],[2847.0,3093.5],[2851.0,3091.5],[2856.5,3091.0],[2861.0,3088.5],[2866.0,3087.5],[2870.5,3085.0],[2874.5,3083.0],[2878.0,3079.5],[2883.0,3078.5],[2883.0,3076.5],[2880.5,3073.0],[2874.0,3072.5],[2870.5,3070.0],[2866.0,3067.5],[2862.5,3065.0],[2859.0,3062.5],[2854.5,3060.0],[2851.5,3057.0],[2853.0,3051.5],[2856.5,3049.0],[2862.0,3049.5],[2868.0,3049.5],[2873.0,3049.5],[2877.0,3047.5],[2882.5,3046.0],[2886.0,3043.5],[2890.5,3041.0],[2894.5,3039.0],[2898.0,3035.5],[2901.5,3033.0],[2903.5,3029.0],[2906.5,3025.0],[2908.0,3020.5],[2909.5,3015.0],[2910.5,3010.0],[2912.5,3005.0],[2915.5,3002.0],[2918.5,2998.0],[2922.0,2995.5],[2926.0,2992.5],[2930.0,2990.5],[2935.0,2988.5],[2939.5,2987.0],[2944.0,2985.5],[2950.0,2984.5],[2954.0,2982.5],[2959.0,2980.5],[2962.5,2978.0],[2967.0,2975.5],[2973.0,2975.5],[2980.0,2975.5],[2984.0,2975.5],[2989.5,2977.0],[2993.5,2979.0],[2998.5,2981.0],[3002.0,2983.5],[3005.5,2984.0],[3008.5,2988.0],[3009.5,2993.0],[3011.5,2998.0],[3013.5,3002.0],[3014.5,3008.0],[3015.0,3013.5],[3018.0,3017.5],[3022.0,3019.5],[3028.0,3020.5],[3033.0,3021.5],[3038.0,3023.5],[3043.0,3024.5],[3047.0,3026.5],[3053.0,3025.5],[3058.0,3024.5],[3065.0,3024.5],[3071.0,3024.5],[3074.5,3028.0],[3077.0,3031.5],[3078.5,3037.0],[3080.5,3041.0],[3081.5,3047.0],[3086.0,3048.5],[3091.0,3050.5],[3095.5,3051.0],[3100.0,3048.5],[3104.0,3046.5],[3107.5,3044.0],[3112.5,3042.0],[3116.5,3040.0],[3121.0,3037.5],[3125.0,3035.5],[3129.5,3033.0],[3132.5,3030.0],[3136.5,3027.0],[3138.5,3023.0],[3141.0,3018.5],[3143.5,3015.0],[3147.0,3011.5],[3149.5,3008.0],[3151.5,3004.0],[3153.5,2999.0],[3157.0,2996.5],[3164.0,2996.5],[3168.0,2998.5],[3173.0,3000.5],[3176.5,3003.0],[3180.0,3006.5],[3183.5,3009.0],[3187.0,3012.5],[3191.0,3014.5],[3196.0,3016.5],[3199.5,3017.0],[3203.0,3019.5],[3204.5,3025.0],[3204.0,3030.5],[3200.5,3034.0],[3197.5,3037.0],[3193.0,3035.5],[3189.5,3038.0],[3186.0,3041.5],[3183.5,3045.0],[3181.0,3049.5],[3179.5,3054.0],[3176.5,3058.0],[3179.5,3059.0],[3178.5,3064.0],[3183.0,3066.5],[3188.0,3065.5],[3192.5,3068.0],[3196.0,3066.5],[3199.5,3068.0],[3198.0,3070.5],[3197.5,3077.0],[3199.5,3081.0],[3197.5,3084.0],[3197.5,3090.0],[3197.5,3097.0],[3197.5,3103.0],[3197.5,3109.0],[3198.5,3108.0],[3199.5,3112.0],[3199.5,3119.0],[3204.0,3120.5],[3207.0,3124.5],[3209.5,3128.0],[3209.5,3135.0],[3211.0,3139.5],[3212.5,3145.0],[3216.5,3145.0],[3222.0,3146.5],[3227.5,3147.0],[3231.5,3150.0],[3234.5,3153.0],[3236.5,3157.0],[3239.0,3161.5],[3240.0,3165.5],[3239.5,3170.0],[3239.5,3176.0],[3239.5,3181.0],[3242.5,3182.0],[3245.0,3186.5],[3248.5,3189.0],[3247.5,3193.0],[3243.5,3195.0],[3238.0,3196.5],[3233.0,3197.5],[3229.0,3199.5],[3222.0,3199.5],[3217.5,3201.0],[3213.0,3203.5],[3209.5,3206.0],[3206.0,3209.5],[3202.5,3212.0],[3199.5,3213.0],[3196.0,3214.5],[3191.0,3216.5],[3187.0,3218.5],[3182.0,3220.5],[3178.0,3222.5]]",243073.20899772644,431150.2319316864,75.95841789245605,,,,,0.3344121924,52810,SPW_0128,SPW_여수로_교각_도수면,SPW_0128,082c576d-98f8-52d3-9c7a-eb4762d3d06b,0.9273662241158488,../../Data/DJI_20260826120100_0500_V.JPG,../Overlay/SPL/P000616.png,mapped,local_surface_estimate
DJI_20260826120100_0500_V.JPG,P000617,SPL,박락,"[[1952.0,3071.5],[1951.0,3071.5],[1950.0,3071.5],[1949.0,3071.5],[1948.0,3071.5],[1947.0,3071.5],[1946.0,3071.5],[1945.0,3071.5],[1944.0,3071.5],[1943.0,3071.5],[1942.0,3071.5],[1941.0,3071.5],[1940.0,3071.5],[1939.0,3071.5],[1938.0,3071.5],[1937.0,3071.5],[1936.0,3071.5],[1935.0,3071.5],[1934.0,3071.5],[1933.0,3071.5],[1932.0,3071.5],[1931.0,3071.5],[1930.0,3071.5],[1929.0,3071.5],[1928.0,3071.5],[1927.0,3071.5],[1926.0,3071.5],[1925.0,3071.5],[1924.0,3071.5],[1923.0,3071.5],[1922.0,3071.5],[1921.0,3071.5],[1920.0,3071.5],[1919.0,3071.5],[1918.0,3071.5],[1917.0,3071.5],[1916.5,3071.0],[1916.5,3070.0],[1916.0,3069.5],[1915.5,3069.0],[1915.0,3068.5],[1914.5,3068.0],[1914.0,3067.5],[1913.5,3067.0],[1913.5,3066.0],[1913.5,3065.0],[1913.5,3064.0],[1914.0,3063.5],[1914.5,3063.0],[1914.5,3062.0],[1914.5,3061.0],[1915.0,3060.5],[1915.5,3060.0],[1916.0,3059.5],[1916.5,3059.0],[1917.0,3058.5],[1917.5,3058.0],[1918.0,3057.5],[1918.5,3057.0],[1919.0,3056.5],[1920.0,3056.5],[1920.5,3056.0],[1921.0,3055.5],[1922.0,3055.5],[1923.0,3055.5],[1924.0,3055.5],[1925.0,3055.5],[1926.0,3055.5],[1926.5,3055.0],[1927.0,3054.5],[1928.0,3054.5],[1929.0,3054.5],[1930.0,3054.5],[1931.0,3054.5],[1931.5,3054.0],[1932.0,3053.5],[1933.0,3053.5],[1934.0,3053.5],[1935.0,3053.5],[1935.5,3053.0],[1936.0,3052.5],[1937.0,3052.5],[1938.0,3052.5],[1938.5,3052.0],[1939.0,3051.5],[1940.0,3051.5],[1941.0,3051.5],[1941.5,3051.0],[1942.0,3050.5],[1943.0,3050.5],[1943.5,3050.0],[1944.0,3049.5],[1945.0,3049.5],[1945.5,3049.0],[1946.0,3048.5],[1946.5,3048.0],[1947.0,3047.5],[1948.0,3047.5],[1948.5,3047.0],[1949.0,3046.5],[1950.0,3046.5],[1951.0,3046.5],[1951.5,3046.0],[1952.0,3045.5],[1953.0,3045.5],[1953.5,3045.0],[1954.0,3044.5],[1955.0,3044.5],[1956.0,3044.5],[1957.0,3044.5],[1957.5,3044.0],[1958.0,3043.5],[1959.0,3043.5],[1960.0,3043.5],[1961.0,3043.5],[1962.0,3043.5],[1963.0,3043.5],[1964.0,3043.5],[1965.0,3043.5],[1966.0,3043.5],[1967.0,3043.5],[1967.5,3044.0],[1968.0,3044.5],[1968.5,3045.0],[1969.0,3045.5],[1969.5,3046.0],[1970.0,3046.5],[1970.5,3047.0],[1970.5,3048.0],[1970.5,3049.0],[1970.5,3050.0],[1970.5,3051.0],[1970.5,3052.0],[1970.5,3053.0],[1970.5,3054.0],[1970.0,3054.5],[1969.5,3055.0],[1969.5,3056.0],[1969.5,3057.0],[1969.0,3057.5],[1968.5,3058.0],[1968.5,3059.0],[1968.5,3060.0],[1968.0,3060.5],[1967.5,3061.0],[1967.5,3062.0],[1967.0,3062.5],[1966.5,3063.0],[1966.0,3063.5],[1965.5,3064.0],[1965.0,3064.5],[1964.5,3065.0],[1964.0,3065.5],[1963.5,3066.0],[1963.0,3066.5],[1962.0,3066.5],[1961.5,3067.0],[1961.0,3067.5],[1960.0,3067.5],[1959.5,3068.0],[1959.0,3068.5],[1958.0,3068.5],[1957.5,3069.0],[1957.0,3069.5],[1956.0,3069.5],[1955.0,3069.5],[1954.5,3070.0],[1954.0,3070.5],[1953.0,3070.5],[1952.5,3071.0],[1952.0,3071.5]]",243072.48294258118,431152.818069458,76.11962127685547,,,,,0.0063760886,1095,SPW_0107,SPW_여수로_교각_도수면,SPW_0107,6ce90436-ce63-51c3-abde-7a1db91c471f,0.9455844104017841,../../Data/DJI_20260826120100_0500_V.JPG,../Overlay/SPL/P000617.png,mapped,local_surface_estimate
DJI_20260826120100_0500_V.JPG,P000618,SPL,박락,"[[2707.0,3075.5],[2706.5,3075.0],[2706.0,3074.5],[2705.0,3074.5],[2704.5,3074.0],[2704.0,3073.5],[2703.0,3073.5],[2702.0,3073.5],[2701.0,3073.5],[2700.5,3073.0],[2700.0,3072.5],[2699.0,3072.5],[2698.5,3072.0],[2699.0,3071.5],[2700.0,3071.5],[2701.0,3071.5],[2702.0,3071.5],[2703.0,3071.5],[2704.0,3071.5],[2705.0,3071.5],[2706.0,3071.5],[2707.0,3071.5],[2708.0,3071.5],[2709.0,3071.5],[2710.0,3071.5],[2711.0,3071.5],[2712.0,3071.5],[2713.0,3071.5],[2714.0,3071.5],[2715.0,3071.5],[2716.0,3071.5],[2716.5,3072.0],[2716.0,3072.5],[2715.0,3072.5],[2714.5,3073.0],[2714.0,3073.5],[2713.0,3073.5],[2712.0,3073.5],[2711.5,3074.0],[2711.0,3074.5],[2710.0,3074.5],[2709.0,3074.5],[2708.0,3074.5],[2707.5,3075.0],[2707.0,3075.5]]",243072.99558639526,431151.0615940094,76.03277015686035,,,,,0.0002482377,40,SPW_0107,SPW_여수로_교각_도수면,SPW_0107,6ce90436-ce63-51c3-abde-7a1db91c471f,0.5399235166609287,../../Data/DJI_20260826120100_0500_V.JPG,../Overlay/SPL/P000618.png,mapped,local_surface_estimate
DJI_20260826120100_0500_V.JPG,P000619,SPL,박락,"[[3270.0,3214.5],[3269.0,3214.5],[3268.5,3214.0],[3268.5,3213.0],[3268.5,3212.0],[3268.0,3211.5],[3267.0,3211.5],[3266.0,3211.5],[3265.5,3211.0],[3265.0,3210.5],[3264.0,3210.5],[3263.5,3210.0],[3263.0,3209.5],[3262.0,3209.5],[3261.5,3209.0],[3261.5,3208.0],[3261.0,3207.5],[3260.5,3207.0],[3260.0,3206.5],[3259.5,3206.0],[3259.0,3205.5],[3258.5,3205.0],[3258.5,3204.0],[3258.5,3203.0],[3258.0,3202.5],[3257.5,3202.0],[3257.0,3201.5],[3256.5,3201.0],[3256.0,3200.5],[3255.5,3200.0],[3256.0,3199.5],[3257.0,3199.5],[3258.0,3199.5],[3259.0,3199.5],[3260.0,3199.5],[3261.0,3199.5],[3262.0,3199.5],[3262.5,3200.0],[3263.0,3200.5],[3264.0,3200.5],[3265.0,3200.5],[3265.5,3201.0],[3265.5,3202.0],[3266.0,3202.5],[3267.0,3202.5],[3267.5,3203.0],[3267.5,3204.0],[3268.0,3204.5],[3268.5,3205.0],[3268.5,3206.0],[3268.5,3207.0],[3268.5,3208.0],[3268.5,3209.0],[3269.0,3209.5],[3269.5,3210.0],[3269.5,3211.0],[3270.0,3211.5],[3270.5,3212.0],[3270.5,3213.0],[3270.5,3214.0],[3270.0,3214.5]]",243073.1782913208,431149.73228645325,75.7288703918457,,,,,0.0006025601,99,SPW_0128,SPW_여수로_교각_도수면,SPW_0128,082c576d-98f8-52d3-9c7a-eb4762d3d06b,0.6410845659597956,../../Data/DJI_20260826120100_0500_V.JPG,../Overlay/SPL/P000619.png,mapped,local_surface_estimate
DJI_20260826120100_0500_V.JPG,P000620,SPL,박락,"[[3636.0,3825.5],[3632.5,3824.0],[3630.0,3821.5],[3627.5,3819.0],[3625.0,3816.5],[3622.0,3814.5],[3620.0,3811.5],[3617.5,3808.0],[3615.5,3805.0],[3612.0,3803.5],[3608.0,3802.5],[3605.0,3800.5],[3601.0,3799.5],[3598.0,3797.5],[3594.0,3796.5],[3590.5,3795.0],[3587.0,3793.5],[3583.5,3792.0],[3582.0,3788.5],[3580.0,3789.5],[3577.0,3787.5],[3574.0,3784.5],[3572.0,3781.5],[3570.5,3778.0],[3568.5,3775.0],[3566.5,3772.0],[3564.0,3769.5],[3561.5,3767.0],[3559.0,3764.5],[3556.5,3762.0],[3554.0,3759.5],[3552.0,3756.5],[3550.5,3753.0],[3548.0,3750.5],[3545.5,3747.0],[3543.5,3744.0],[3541.0,3741.5],[3538.5,3739.0],[3536.0,3736.5],[3533.5,3734.0],[3531.0,3731.5],[3529.0,3728.5],[3527.0,3725.5],[3525.0,3722.5],[3523.0,3719.5],[3520.5,3717.0],[3518.0,3714.5],[3515.0,3711.5],[3512.0,3709.5],[3509.0,3707.5],[3505.0,3706.5],[3501.0,3705.5],[3497.5,3704.0],[3494.0,3702.5],[3489.0,3702.5],[3485.0,3703.5],[3481.0,3704.5],[3477.0,3705.5],[3473.0,3706.5],[3468.0,3706.5],[3464.0,3705.5],[3458.5,3705.0],[3455.5,3703.0],[3454.5,3699.0],[3452.0,3696.5],[3450.0,3693.5],[3449.0,3689.5],[3447.5,3686.0],[3448.5,3682.0],[3449.5,3678.0],[3449.5,3675.0],[3448.5,3671.0],[3446.0,3668.5],[3443.0,3666.5],[3439.0,3664.5],[3436.0,3662.5],[3433.5,3660.0],[3435.5,3657.0],[3437.0,3653.5],[3439.5,3651.0],[3442.0,3648.5],[3445.0,3646.5],[3449.0,3645.5],[3452.5,3644.0],[3455.5,3642.0],[3454.5,3638.0],[3452.0,3635.5],[3449.5,3633.0],[3446.5,3630.0],[3444.0,3627.5],[3441.5,3625.0],[3439.5,3622.0],[3437.5,3619.0],[3435.0,3616.5],[3433.0,3613.5],[3431.5,3610.0],[3433.5,3607.0],[3436.0,3604.5],[3439.5,3603.0],[3443.0,3601.5],[3447.0,3600.5],[3451.0,3598.5],[3454.5,3597.0],[3456.0,3593.5],[3460.0,3592.5],[3463.5,3591.0],[3467.0,3589.5],[3470.0,3587.5],[3473.0,3585.5],[3476.0,3583.5],[3478.5,3581.0],[3481.0,3578.5],[3482.5,3575.0],[3483.5,3571.0],[3485.0,3567.5],[3486.0,3562.5],[3485.5,3559.0],[3484.5,3555.0],[3483.5,3551.0],[3482.0,3547.5],[3480.5,3544.0],[3479.5,3540.0],[3478.5,3536.0],[3477.5,3532.0],[3476.5,3528.0],[3475.0,3524.5],[3473.5,3521.0],[3472.0,3517.5],[3470.5,3513.0],[3469.5,3509.0],[3468.5,3505.0],[3468.5,3500.0],[3467.5,3496.0],[3466.5,3492.0],[3468.0,3488.5],[3471.0,3486.5],[3475.0,3485.5],[3480.0,3485.5],[3485.0,3485.5],[3489.0,3486.5],[3493.0,3487.5],[3499.0,3487.5],[3503.0,3486.5],[3507.0,3485.5],[3512.0,3485.5],[3516.0,3484.5],[3519.5,3486.0],[3523.0,3487.5],[3526.0,3489.5],[3528.5,3492.0],[3531.0,3494.5],[3533.0,3497.5],[3534.5,3501.0],[3535.5,3505.0],[3536.5,3509.0],[3538.5,3513.0],[3540.5,3516.0],[3542.5,3519.0],[3545.0,3521.5],[3548.0,3523.5],[3552.0,3524.5],[3556.0,3525.5],[3560.0,3524.5],[3562.0,3521.5],[3563.5,3518.0],[3567.0,3516.5],[3570.0,3516.5],[3573.0,3518.5],[3576.5,3521.0],[3579.5,3523.0],[3583.0,3524.5],[3586.0,3526.5],[3589.0,3528.5],[3591.5,3531.0],[3594.5,3533.0],[3597.0,3535.5],[3599.5,3538.0],[3602.5,3540.0],[3605.0,3542.5],[3607.5,3545.0],[3610.0,3547.5],[3612.5,3550.0],[3615.5,3553.0],[3618.0,3555.5],[3620.5,3558.0],[3623.0,3560.5],[3625.0,3563.5],[3628.0,3565.5],[3630.5,3568.0],[3632.5,3571.0],[3635.0,3573.5],[3637.0,3576.5],[3638.5,3580.0],[3639.5,3584.0],[3639.5,3589.0],[3640.5,3594.0],[3640.5,3599.0],[3641.5,3603.0],[3643.0,3606.5],[3644.5,3610.0],[3646.0,3613.5],[3648.0,3616.5],[3650.5,3619.0],[3652.5,3622.0],[3655.0,3624.5],[3657.0,3627.5],[3659.5,3630.0],[3660.5,3634.0],[3661.5,3638.0],[3661.5,3644.0],[3662.5,3648.0],[3662.5,3653.0],[3662.5,3658.0],[3662.5,3663.0],[3663.5,3667.0],[3663.5,3672.0],[3663.5,3677.0],[3663.5,3682.0],[3663.5,3687.0],[3663.5,3692.0],[3663.5,3697.0],[3662.5,3701.0],[3661.5,3706.0],[3661.5,3711.0],[3662.5,3715.0],[3661.5,3719.0],[3660.5,3723.0],[3658.5,3726.0],[3657.5,3730.0],[3657.5,3735.0],[3657.5,3740.0],[3658.5,3744.0],[3660.5,3747.0],[3662.0,3750.5],[3663.5,3754.0],[3665.5,3758.0],[3667.5,3761.0],[3667.5,3766.0],[3667.5,3771.0],[3666.5,3775.0],[3665.5,3779.0],[3664.5,3783.0],[3663.0,3786.5],[3661.5,3790.0],[3660.5,3794.0],[3659.0,3797.5],[3657.5,3801.0],[3655.5,3804.0],[3653.5,3807.0],[3650.5,3810.0],[3648.0,3812.5],[3644.5,3814.0],[3641.5,3816.0],[3639.5,3819.0],[3637.0,3821.5],[3636.0,3825.5]]",243072.70753860474,431149.0647277832,74.92348670959473,,,,,0.2352713122,47258,SPW_0128,SPW_여수로_교각_도수면,SPW_0128,082c576d-98f8-52d3-9c7a-eb4762d3d06b,0.9769753244536765,../../Data/DJI_20260826120100_0500_V.JPG,../Overlay/SPL/P000620.png,mapped,local_surface_estimate
DJI_20260826120100_0500_V.JPG,P000621,SPL,박락,"[[1743.0,3817.5],[1742.0,3817.5],[1741.0,3817.5],[1740.0,3817.5],[1739.0,3817.5],[1738.0,3817.5],[1737.0,3817.5],[1736.5,3817.0],[1737.0,3816.5],[1737.5,3816.0],[1737.5,3815.0],[1738.0,3814.5],[1739.0,3814.5],[1739.5,3814.0],[1740.0,3813.5],[1740.5,3813.0],[1741.0,3812.5],[1741.5,3812.0],[1742.0,3811.5],[1743.0,3811.5],[1744.0,3811.5],[1744.5,3812.0],[1745.0,3812.5],[1746.0,3812.5],[1746.5,3813.0],[1746.0,3813.5],[1745.5,3814.0],[1745.0,3814.5],[1744.5,3815.0],[1744.0,3815.5],[1743.5,3816.0],[1743.5,3817.0],[1743.0,3817.5]]",243071.384973526,431152.8430557251,74.85517883300781,,,,,0.0001381784,35,SPW_0127,SPW_여수로_교각_도수면,SPW_0127,6712dc7f-ced8-5715-880e-e28c2439367c,0.60998654961586,../../Data/DJI_20260826120100_0500_V.JPG,../Overlay/SPL/P000621.png,mapped,local_surface_estimate
DJI_20260826120100_0500_V.JPG,P000622,SPL,박락,"[[1735.0,3814.5],[1734.5,3814.0],[1735.0,3813.5],[1735.5,3814.0],[1735.0,3814.5]]",243071.38211250305,431152.85733032227,74.85739707946777,,,,,3.9468e-06,1,SPW_0127,SPW_여수로_교각_도수면,SPW_0127,6712dc7f-ced8-5715-880e-e28c2439367c,0.4976196885108948,../../Data/DJI_20260826120100_0500_V.JPG,../Overlay/SPL/P000622.png,mapped,local_surface_estimate
DJI_20260826120100_0500_V.JPG,P000623,SPL,박락,"[[1748.0,3814.5],[1747.5,3814.0],[1748.0,3813.5],[1748.5,3814.0],[1748.0,3814.5]]",243071.3895187378,431152.83173942566,74.85606002807617,,,,,3.952e-06,1,SPW_0127,SPW_여수로_교각_도수면,SPW_0127,6712dc7f-ced8-5715-880e-e28c2439367c,0.4967041611671448,../../Data/DJI_20260826120100_0500_V.JPG,../Overlay/SPL/P000623.png,mapped,local_surface_estimate
DJI_20260826120100_0500_V.JPG,P000624,SPL,박락,"[[3654.0,3870.5],[3653.0,3870.5],[3652.5,3870.0],[3653.0,3869.5],[3654.0,3869.5],[3654.5,3870.0],[3654.0,3870.5]]",243072.4575920105,431148.8851413727,74.5637321472168,,,,,9.0002e-06,2,SPW_0128,SPW_여수로_교각_도수면,SPW_0128,082c576d-98f8-52d3-9c7a-eb4762d3d06b,0.525940865278244,../../Data/DJI_20260826120100_0500_V.JPG,../Overlay/SPL/P000624.png,mapped,local_surface_estimate
DJI_20260826120100_0500_V.JPG,P000625,SPL,박락,"[[3661.0,3874.5],[3660.0,3874.5],[3659.0,3874.5],[3658.5,3874.0],[3658.0,3873.5],[3657.5,3873.0],[3658.0,3872.5],[3659.0,3872.5],[3659.5,3873.0],[3660.0,3873.5],[3661.0,3873.5],[3661.5,3874.0],[3661.0,3874.5]]",243072.45595359802,431148.8726081848,74.55696487426758,,,,,2.24748e-05,5,SPW_0128,SPW_여수로_교각_도수면,SPW_0128,082c576d-98f8-52d3-9c7a-eb4762d3d06b,0.5378209590911865,../../Data/DJI_20260826120100_0500_V.JPG,../Overlay/SPL/P000625.png,mapped,local_surface_estimate
DJI_20260826120256_0600_V.JPG,P000683,SPL,박락,"[[3450.0,1905.5],[3446.5,1903.0],[3445.5,1898.0],[3444.5,1894.0],[3443.5,1889.0],[3443.5,1883.0],[3442.5,1878.0],[3442.5,1872.0],[3443.5,1868.0],[3442.5,1863.0],[3439.5,1860.0],[3436.0,1857.5],[3431.0,1856.5],[3428.0,1854.5],[3424.0,1852.5],[3420.5,1850.0],[3417.5,1847.0],[3414.5,1844.0],[3412.0,1841.5],[3409.5,1838.0],[3406.5,1835.0],[3404.5,1831.0],[3402.5,1827.0],[3403.0,1822.5],[3403.5,1817.0],[3405.5,1813.0],[3407.5,1809.0],[3409.5,1806.0],[3411.5,1802.0],[3414.5,1799.0],[3417.0,1795.5],[3419.5,1792.0],[3422.0,1789.5],[3424.5,1786.0],[3427.0,1782.5],[3430.0,1779.5],[3433.0,1776.5],[3438.0,1776.5],[3441.0,1779.5],[3444.0,1782.5],[3447.5,1785.0],[3451.0,1787.5],[3454.0,1789.5],[3456.0,1793.5],[3460.0,1795.5],[3463.5,1798.0],[3467.0,1800.5],[3470.0,1802.5],[3474.0,1804.5],[3478.0,1806.5],[3482.5,1808.0],[3487.0,1809.5],[3492.0,1809.5],[3498.0,1809.5],[3502.5,1808.0],[3506.0,1805.5],[3509.0,1802.5],[3510.5,1799.0],[3512.5,1795.0],[3513.5,1790.0],[3514.5,1785.0],[3515.5,1780.0],[3516.5,1776.0],[3517.5,1771.0],[3518.5,1766.0],[3520.5,1762.0],[3521.5,1757.0],[3524.0,1754.5],[3522.0,1753.5],[3522.5,1749.0],[3520.5,1745.0],[3519.5,1740.0],[3519.5,1735.0],[3518.5,1730.0],[3518.5,1724.0],[3517.5,1719.0],[3516.5,1714.0],[3515.5,1710.0],[3515.5,1704.0],[3515.5,1698.0],[3516.5,1693.0],[3516.0,1688.5],[3515.5,1683.0],[3514.5,1678.0],[3515.5,1673.0],[3514.5,1668.0],[3515.0,1663.5],[3516.0,1661.5],[3515.5,1656.0],[3515.5,1650.0],[3514.5,1645.0],[3514.5,1640.0],[3515.5,1635.0],[3515.0,1630.5],[3515.5,1627.0],[3515.5,1623.0],[3516.5,1619.0],[3517.0,1615.5],[3518.5,1611.0],[3518.0,1605.5],[3515.5,1602.0],[3513.5,1599.0],[3509.5,1597.0],[3506.5,1594.0],[3504.5,1590.0],[3503.5,1585.0],[3502.5,1581.0],[3501.5,1576.0],[3501.5,1570.0],[3501.5,1564.0],[3501.5,1558.0],[3501.0,1553.5],[3500.5,1548.0],[3500.5,1544.0],[3499.5,1539.0],[3502.0,1535.5],[3507.0,1535.5],[3513.0,1535.5],[3519.0,1535.5],[3525.0,1535.5],[3531.0,1535.5],[3536.0,1535.5],[3542.0,1535.5],[3548.0,1535.5],[3554.0,1535.5],[3560.0,1535.5],[3565.0,1535.5],[3571.0,1535.5],[3577.0,1535.5],[3583.0,1535.5],[3583.5,1538.0],[3580.0,1540.5],[3581.0,1544.5],[3582.5,1549.0],[3583.5,1554.0],[3584.5,1558.0],[3584.5,1564.0],[3582.5,1568.0],[3579.5,1571.0],[3577.0,1574.5],[3575.0,1577.5],[3576.5,1581.0],[3574.5,1585.0],[3573.0,1588.5],[3571.5,1592.0],[3570.5,1596.0],[3572.5,1600.0],[3575.0,1603.5],[3577.5,1607.0],[3578.5,1612.0],[3577.5,1616.0],[3577.5,1620.0],[3579.5,1624.0],[3577.5,1628.0],[3576.0,1632.5],[3575.5,1637.0],[3573.5,1641.0],[3574.5,1646.0],[3574.5,1652.0],[3575.0,1656.5],[3573.0,1659.5],[3569.0,1661.5],[3563.5,1662.0],[3568.0,1663.5],[3574.0,1663.5],[3579.0,1663.5],[3583.0,1664.5],[3581.5,1669.0],[3583.5,1673.0],[3587.5,1675.0],[3589.5,1678.0],[3589.5,1682.0],[3587.0,1685.5],[3586.5,1691.0],[3587.5,1696.0],[3589.5,1699.0],[3591.5,1703.0],[3594.5,1706.0],[3597.0,1709.5],[3600.0,1711.5],[3604.0,1713.5],[3606.0,1716.5],[3602.0,1714.5],[3597.0,1713.5],[3594.0,1713.5],[3591.5,1710.0],[3586.5,1709.0],[3585.0,1711.5],[3583.5,1715.0],[3583.5,1720.0],[3583.5,1726.0],[3583.5,1732.0],[3583.0,1737.5],[3582.5,1741.0],[3582.5,1744.0],[3583.5,1749.0],[3583.5,1755.0],[3584.5,1760.0],[3584.0,1765.5],[3584.5,1769.0],[3586.0,1773.5],[3587.5,1778.0],[3588.5,1783.0],[3589.5,1788.0],[3588.5,1792.0],[3587.5,1797.0],[3586.5,1802.0],[3586.5,1806.0],[3586.0,1811.5],[3584.5,1815.0],[3583.5,1820.0],[3583.5,1826.0],[3583.5,1832.0],[3581.5,1832.0],[3578.0,1833.5],[3581.0,1835.5],[3583.0,1835.5],[3581.5,1839.0],[3577.0,1840.5],[3573.5,1842.0],[3568.0,1842.5],[3562.5,1842.0],[3557.0,1841.5],[3552.0,1840.5],[3547.0,1840.5],[3543.0,1838.5],[3537.5,1838.0],[3532.5,1837.0],[3527.0,1836.5],[3523.0,1837.5],[3518.0,1838.5],[3514.0,1840.5],[3510.0,1842.5],[3506.5,1844.0],[3502.0,1845.5],[3497.0,1846.5],[3492.0,1845.5],[3486.0,1845.5],[3483.0,1845.5],[3477.5,1846.0],[3473.0,1847.5],[3469.0,1849.5],[3465.5,1852.0],[3463.5,1855.0],[3461.5,1859.0],[3461.5,1865.0],[3463.0,1869.5],[3464.5,1874.0],[3464.5,1879.0],[3462.5,1883.0],[3460.0,1886.5],[3458.5,1891.0],[3455.5,1894.0],[3454.5,1898.0],[3453.0,1902.5],[3450.0,1905.5]]",243053.4127020836,431184.7976722717,78.1454029083252,,,,,0.1971711218,27482,여수로_도류벽_우,도류벽(우안측),,,0.852553989808985,../../Data/DJI_20260826120256_0600_V.JPG,../Overlay/SPL/P000683.png,mapped,local_surface_estimate
DJI_20260826120256_0600_V.JPG,P000684,SPL,박락,"[[3577.0,1587.5],[3576.0,1587.5],[3575.0,1587.5],[3574.5,1587.0],[3575.0,1586.5],[3575.5,1586.0],[3575.5,1585.0],[3576.0,1584.5],[3577.0,1584.5],[3577.5,1585.0],[3578.0,1585.5],[3578.5,1586.0],[3578.0,1586.5],[3577.5,1587.0],[3577.0,1587.5]]",243053.31526517868,431184.7081298828,78.37527847290039,,,,,5.44451e-05,8,여수로_도류벽_우,도류벽(우안측),,,0.49714696407318115,../../Data/DJI_20260826120256_0600_V.JPG,../Overlay/SPL/P000684.png,mapped,local_surface_estimate
DJI_20260826120256_0600_V.JPG,P000685,SPL,박락,"[[603.0,2094.5],[599.0,2094.5],[596.0,2094.5],[592.0,2094.5],[588.0,2094.5],[586.0,2093.5],[582.0,2093.5],[578.0,2093.5],[575.0,2093.5],[571.0,2093.5],[567.5,2093.0],[566.0,2093.5],[562.0,2093.5],[558.5,2093.0],[556.0,2092.5],[553.0,2093.5],[549.0,2093.5],[545.0,2093.5],[542.0,2093.5],[538.0,2093.5],[534.0,2093.5],[531.0,2093.5],[527.0,2093.5],[524.0,2092.5],[521.0,2092.5],[517.0,2092.5],[513.0,2092.5],[510.0,2092.5],[506.5,2092.0],[503.0,2091.5],[501.0,2092.5],[497.0,2092.5],[493.0,2092.5],[491.0,2091.5],[487.0,2091.5],[484.0,2092.5],[481.0,2092.5],[478.0,2091.5],[474.0,2091.5],[471.0,2091.5],[467.0,2091.5],[463.0,2091.5],[460.0,2091.5],[456.0,2091.5],[452.0,2091.5],[448.0,2091.5],[445.0,2091.5],[441.0,2091.5],[437.0,2091.5],[434.0,2091.5],[430.0,2091.5],[426.5,2091.0],[424.0,2090.5],[420.0,2090.5],[416.0,2090.5],[413.0,2090.5],[409.0,2090.5],[405.0,2090.5],[402.0,2090.5],[399.0,2089.5],[395.0,2089.5],[393.0,2088.5],[389.5,2088.0],[386.5,2087.0],[384.5,2086.0],[382.5,2084.0],[380.0,2082.5],[378.5,2081.0],[376.5,2079.0],[377.5,2076.0],[378.0,2073.5],[381.0,2072.5],[383.5,2071.0],[386.5,2070.0],[388.0,2068.5],[391.0,2067.5],[394.0,2066.5],[396.5,2066.0],[400.0,2065.5],[403.0,2064.5],[406.0,2064.5],[410.0,2064.5],[413.0,2063.5],[416.0,2063.5],[420.0,2063.5],[423.0,2062.5],[426.0,2062.5],[429.0,2061.5],[432.0,2060.5],[434.5,2060.0],[437.5,2059.0],[440.0,2057.5],[442.0,2056.5],[444.0,2054.5],[445.5,2052.0],[447.0,2050.5],[448.5,2048.0],[452.0,2047.5],[455.0,2047.5],[459.0,2047.5],[462.0,2046.5],[466.0,2046.5],[469.0,2046.5],[473.0,2046.5],[476.0,2047.5],[479.0,2047.5],[483.0,2047.5],[487.0,2047.5],[489.0,2048.5],[492.0,2047.5],[496.0,2047.5],[499.0,2047.5],[503.0,2047.5],[507.0,2047.5],[510.0,2047.5],[513.0,2048.5],[516.0,2049.5],[518.0,2050.5],[521.0,2051.5],[525.0,2051.5],[528.0,2051.5],[532.0,2051.5],[535.5,2052.0],[538.0,2052.5],[541.0,2053.5],[544.5,2054.0],[547.0,2054.5],[551.0,2054.5],[555.0,2054.5],[558.5,2054.0],[561.0,2053.5],[563.5,2052.0],[566.5,2051.0],[569.0,2050.5],[572.0,2049.5],[576.0,2049.5],[579.0,2049.5],[583.0,2049.5],[587.0,2049.5],[590.0,2049.5],[594.0,2049.5],[598.0,2049.5],[600.5,2049.0],[603.0,2047.5],[607.0,2047.5],[610.0,2047.5],[614.0,2047.5],[618.0,2047.5],[621.0,2047.5],[625.0,2047.5],[629.0,2047.5],[632.0,2047.5],[636.0,2047.5],[640.0,2047.5],[643.0,2047.5],[647.0,2047.5],[651.0,2047.5],[655.0,2047.5],[658.0,2047.5],[662.0,2047.5],[666.0,2047.5],[669.0,2047.5],[673.0,2047.5],[676.5,2047.0],[679.0,2046.5],[683.0,2046.5],[686.5,2046.0],[689.0,2045.5],[693.0,2045.5],[697.0,2045.5],[700.0,2045.5],[703.5,2046.0],[707.0,2046.5],[709.0,2047.5],[713.0,2047.5],[717.0,2047.5],[720.0,2047.5],[723.0,2048.5],[726.0,2049.5],[728.5,2050.0],[732.0,2050.5],[736.0,2050.5],[739.0,2050.5],[743.0,2050.5],[747.0,2050.5],[750.0,2051.5],[752.5,2052.0],[755.0,2053.5],[758.0,2054.5],[760.0,2055.5],[763.0,2056.5],[766.0,2057.5],[767.5,2059.0],[769.0,2061.5],[772.0,2062.5],[774.0,2063.5],[777.0,2064.5],[779.5,2066.0],[780.0,2068.5],[779.0,2070.5],[776.0,2071.5],[774.0,2072.5],[771.0,2073.5],[768.0,2074.5],[767.5,2077.0],[765.0,2078.5],[762.0,2079.5],[759.0,2079.5],[756.0,2080.5],[752.0,2080.5],[749.0,2080.5],[745.0,2080.5],[742.0,2079.5],[738.0,2079.5],[735.0,2079.5],[732.0,2080.5],[728.0,2080.5],[726.0,2081.5],[722.0,2081.5],[718.0,2081.5],[716.0,2082.5],[712.0,2082.5],[708.0,2082.5],[705.0,2082.5],[702.0,2083.5],[698.0,2083.5],[696.0,2084.5],[692.5,2085.0],[689.5,2086.0],[687.0,2086.5],[684.0,2087.5],[681.0,2088.5],[679.0,2089.5],[675.5,2090.0],[672.0,2090.5],[670.0,2091.5],[666.0,2091.5],[662.5,2092.0],[660.0,2092.5],[656.0,2092.5],[653.0,2091.5],[649.0,2091.5],[646.0,2091.5],[642.0,2091.5],[638.0,2091.5],[636.0,2090.5],[632.0,2090.5],[628.0,2090.5],[625.0,2090.5],[621.0,2090.5],[617.0,2090.5],[615.0,2091.5],[612.0,2092.5],[608.5,2093.0],[606.0,2093.5],[603.0,2094.5]]",243058.55769252777,431196.2950553894,77.31561660766602,,,,,0.2776654698,14873,NOF_R_0118,NOF_우안(청주측)_접속부(콘크리트_중력식),NOF_R_0118,55b22a7b-cbff-5ab9-bbae-525c591bd58d,0.9739774172507081,../../Data/DJI_20260826120256_0600_V.JPG,../Overlay/SPL/P000685.png,mapped,local_surface_estimate
DJI_20260826120256_0600_V.JPG,P000686,SPL,박락,"[[840.0,2064.5],[839.0,2064.5],[838.0,2064.5],[837.0,2064.5],[836.0,2064.5],[835.5,2064.0],[835.0,2063.5],[834.0,2063.5],[833.0,2063.5],[832.0,2063.5],[831.0,2063.5],[830.0,2063.5],[829.5,2063.0],[829.0,2062.5],[828.0,2062.5],[827.0,2062.5],[826.5,2062.0],[826.0,2061.5],[825.5,2061.0],[825.5,2060.0],[825.5,2059.0],[825.0,2058.5],[824.5,2058.0],[825.0,2057.5],[825.5,2057.0],[826.0,2056.5],[826.5,2056.0],[827.0,2055.5],[827.5,2055.0],[828.0,2054.5],[828.5,2054.0],[829.0,2053.5],[829.5,2053.0],[830.0,2052.5],[831.0,2052.5],[832.0,2052.5],[832.5,2052.0],[833.0,2051.5],[834.0,2051.5],[834.5,2052.0],[835.0,2052.5],[836.0,2052.5],[837.0,2052.5],[838.0,2052.5],[839.0,2052.5],[840.0,2052.5],[841.0,2052.5],[841.5,2053.0],[841.5,2054.0],[842.0,2054.5],[843.0,2054.5],[843.5,2055.0],[843.5,2056.0],[844.0,2056.5],[844.5,2057.0],[844.5,2058.0],[844.5,2059.0],[844.5,2060.0],[844.5,2061.0],[844.0,2061.5],[843.5,2062.0],[843.0,2062.5],[842.5,2063.0],[842.0,2063.5],[841.0,2063.5],[840.5,2064.0],[840.0,2064.5]]",243058.90134716034,431195.3829612732,77.36102867126465,,,,,0.0036334121,191,NOF_R_0118,NOF_우안(청주측)_접속부(콘크리트_중력식),NOF_R_0118,55b22a7b-cbff-5ab9-bbae-525c591bd58d,0.7327604201763712,../../Data/DJI_20260826120256_0600_V.JPG,../Overlay/SPL/P000686.png,mapped,local_surface_estimate
DJI_20260826120256_0600_V.JPG,P000687,SPL,박락,"[[4713.0,3238.5],[4702.5,3234.0],[4695.5,3226.0],[4690.5,3216.0],[4686.5,3205.0],[4683.5,3197.0],[4680.5,3185.0],[4678.5,3172.0],[4674.5,3161.0],[4670.5,3149.0],[4667.0,3137.5],[4664.5,3125.0],[4661.5,3113.0],[4656.5,3103.0],[4650.5,3094.0],[4646.5,3083.0],[4643.5,3071.0],[4639.5,3060.0],[4636.5,3048.0],[4632.5,3037.0],[4629.5,3025.0],[4625.0,3014.5],[4621.5,3003.0],[4618.5,2991.0],[4615.5,2979.0],[4610.0,2969.5],[4606.5,2957.0],[4603.5,2945.0],[4599.5,2934.0],[4595.0,2923.5],[4591.5,2912.0],[4587.5,2901.0],[4583.5,2890.0],[4580.0,2878.5],[4576.5,2867.0],[4572.0,2856.5],[4567.5,2846.0],[4562.5,2836.0],[4557.5,2826.0],[4553.5,2817.0],[4553.0,2808.5],[4551.0,2795.5],[4545.5,2786.0],[4540.5,2775.0],[4543.5,2763.0],[4555.0,2759.5],[4568.0,2759.5],[4580.0,2762.5],[4591.0,2766.5],[4601.5,2771.0],[4608.0,2779.5],[4616.0,2786.5],[4623.0,2794.5],[4627.0,2805.5],[4631.5,2816.0],[4635.5,2827.0],[4638.5,2839.0],[4643.5,2849.0],[4649.0,2858.5],[4656.5,2866.0],[4663.0,2871.5],[4665.5,2859.0],[4661.0,2848.5],[4655.5,2839.0],[4650.5,2829.0],[4645.5,2819.0],[4641.0,2808.5],[4637.5,2797.0],[4636.5,2783.0],[4630.5,2774.0],[4622.5,2767.0],[4614.0,2760.5],[4604.0,2755.5],[4592.5,2752.0],[4580.0,2749.5],[4570.0,2750.5],[4561.0,2744.5],[4550.0,2739.5],[4541.0,2745.5],[4532.5,2741.0],[4528.0,2730.5],[4524.5,2719.0],[4520.5,2708.0],[4516.5,2697.0],[4512.5,2686.0],[4509.0,2674.5],[4505.0,2663.5],[4500.5,2653.0],[4495.5,2643.0],[4491.5,2632.0],[4488.5,2620.0],[4484.5,2609.0],[4480.5,2598.0],[4476.5,2587.0],[4471.5,2576.0],[4468.5,2564.0],[4465.0,2552.5],[4461.5,2541.0],[4457.0,2530.5],[4454.0,2518.5],[4450.0,2507.5],[4446.0,2496.5],[4441.5,2486.0],[4437.5,2475.0],[4433.0,2464.5],[4428.5,2454.0],[4425.0,2442.5],[4420.5,2432.0],[4418.0,2421.5],[4413.5,2411.0],[4410.5,2399.0],[4407.5,2386.0],[4403.5,2375.0],[4399.5,2364.0],[4395.5,2353.0],[4391.5,2342.0],[4388.5,2330.0],[4384.5,2319.0],[4382.5,2308.0],[4379.5,2298.0],[4376.5,2286.0],[4372.5,2275.0],[4368.0,2264.5],[4364.5,2253.0],[4362.0,2240.5],[4358.0,2229.5],[4353.0,2219.5],[4351.5,2206.0],[4351.5,2190.0],[4354.0,2177.5],[4363.0,2171.5],[4366.5,2162.0],[4360.5,2153.0],[4365.5,2145.0],[4374.0,2138.5],[4381.5,2131.0],[4388.5,2123.0],[4390.5,2112.0],[4388.5,2099.0],[4388.5,2086.0],[4398.0,2088.5],[4405.0,2096.5],[4410.5,2106.0],[4413.5,2118.0],[4419.0,2127.5],[4425.0,2137.5],[4430.5,2147.0],[4434.0,2158.5],[4441.0,2166.5],[4446.5,2176.0],[4450.0,2187.5],[4451.5,2201.0],[4455.5,2212.0],[4461.5,2221.0],[4466.5,2231.0],[4471.5,2241.0],[4474.5,2253.0],[4476.5,2266.0],[4479.5,2278.0],[4484.5,2288.0],[4488.5,2299.0],[4495.5,2307.0],[4499.5,2319.0],[4500.5,2333.0],[4503.5,2345.0],[4509.5,2354.0],[4510.5,2366.0],[4512.0,2379.5],[4516.0,2390.5],[4519.5,2402.0],[4523.5,2413.0],[4530.0,2421.5],[4534.5,2432.0],[4538.0,2443.5],[4541.5,2455.0],[4544.5,2467.0],[4547.5,2479.0],[4550.5,2491.0],[4554.5,2502.0],[4559.5,2513.0],[4563.5,2524.0],[4567.5,2535.0],[4571.0,2546.5],[4575.5,2557.0],[4581.5,2566.0],[4587.0,2575.5],[4593.0,2584.5],[4597.5,2595.0],[4601.5,2606.0],[4607.5,2615.0],[4607.5,2630.0],[4607.5,2645.0],[4607.5,2660.0],[4607.5,2675.0],[4610.0,2687.5],[4613.0,2697.5],[4620.5,2706.0],[4627.5,2714.0],[4633.5,2723.0],[4635.5,2736.0],[4639.5,2747.0],[4645.5,2756.0],[4650.5,2766.0],[4654.5,2777.0],[4658.5,2788.0],[4662.5,2799.0],[4667.0,2809.5],[4672.5,2819.0],[4676.0,2830.5],[4681.5,2840.0],[4687.5,2849.0],[4693.5,2858.0],[4697.5,2869.0],[4702.5,2880.0],[4707.5,2890.0],[4711.5,2901.0],[4716.0,2911.5],[4720.5,2922.0],[4723.0,2934.5],[4727.0,2945.5],[4733.0,2954.5],[4735.5,2967.0],[4737.5,2980.0],[4739.5,2993.0],[4743.5,3004.0],[4749.0,3013.5],[4751.5,3026.0],[4750.5,3040.0],[4747.5,3052.0],[4746.5,3066.0],[4750.0,3075.5],[4748.0,3088.5],[4748.5,3102.0],[4752.0,3113.5],[4759.0,3121.5],[4760.0,3134.5],[4758.5,3148.0],[4758.5,3161.0],[4759.0,3173.5],[4765.5,3182.0],[4774.0,3188.5],[4782.5,3195.0],[4793.0,3199.5],[4805.5,3202.0],[4813.5,3209.0],[4820.5,3217.0],[4823.5,3227.0],[4812.0,3231.5],[4801.0,3235.5],[4788.0,3237.5],[4774.5,3236.0],[4764.0,3235.5],[4750.0,3234.5],[4736.0,3233.5],[4725.0,3235.5],[4713.0,3238.5]]",243051.8184146881,431183.4300041199,76.76096725463867,,,,,0.225791338,117809,여수로_도류벽_우,도류벽(우안측),,,0.9676322441728888,../../Data/DJI_20260826120256_0600_V.JPG,../Overlay/SPL/P000687.png,mapped,local_surface_estimate
DJI_20260826120256_0600_V.JPG,P000688,SPL,박락,"[[4365.0,2129.5],[4364.0,2129.5],[4363.0,2129.5],[4362.0,2129.5],[4361.0,2129.5],[4360.0,2129.5],[4359.0,2129.5],[4358.0,2129.5],[4357.0,2129.5],[4356.0,2129.5],[4355.0,2129.5],[4354.0,2129.5],[4353.0,2129.5],[4352.0,2129.5],[4351.5,2129.0],[4351.5,2128.0],[4351.5,2127.0],[4351.5,2126.0],[4351.5,2125.0],[4351.5,2124.0],[4351.5,2123.0],[4351.5,2122.0],[4351.5,2121.0],[4351.5,2120.0],[4351.5,2119.0],[4351.5,2118.0],[4351.0,2117.5],[4350.0,2117.5],[4349.0,2117.5],[4348.5,2117.0],[4348.0,2116.5],[4347.0,2116.5],[4346.0,2116.5],[4345.5,2116.0],[4345.5,2115.0],[4345.5,2114.0],[4345.0,2113.5],[4344.5,2113.0],[4345.0,2112.5],[4346.0,2112.5],[4347.0,2112.5],[4348.0,2112.5],[4348.5,2112.0],[4348.5,2111.0],[4348.5,2110.0],[4349.0,2109.5],[4350.0,2109.5],[4350.5,2109.0],[4350.5,2108.0],[4351.0,2107.5],[4351.5,2107.0],[4351.5,2106.0],[4351.5,2105.0],[4351.5,2104.0],[4351.5,2103.0],[4351.5,2102.0],[4351.5,2101.0],[4351.5,2100.0],[4351.5,2099.0],[4351.5,2098.0],[4351.5,2097.0],[4351.5,2096.0],[4351.5,2095.0],[4351.5,2094.0],[4351.5,2093.0],[4352.0,2092.5],[4352.5,2093.0],[4352.5,2094.0],[4353.0,2094.5],[4353.5,2095.0],[4354.0,2095.5],[4355.0,2095.5],[4355.5,2096.0],[4356.0,2096.5],[4357.0,2096.5],[4358.0,2096.5],[4358.5,2097.0],[4359.0,2097.5],[4359.5,2098.0],[4360.0,2098.5],[4361.0,2098.5],[4362.0,2098.5],[4363.0,2098.5],[4363.5,2099.0],[4364.0,2099.5],[4364.5,2100.0],[4364.5,2101.0],[4364.5,2102.0],[4365.0,2102.5],[4365.5,2103.0],[4366.0,2103.5],[4366.5,2104.0],[4366.5,2105.0],[4367.0,2105.5],[4367.5,2106.0],[4367.0,2106.5],[4366.5,2107.0],[4367.0,2107.5],[4367.5,2108.0],[4367.5,2109.0],[4368.0,2109.5],[4368.5,2110.0],[4368.5,2111.0],[4368.5,2112.0],[4369.0,2112.5],[4369.5,2113.0],[4369.5,2114.0],[4369.5,2115.0],[4369.5,2116.0],[4369.5,2117.0],[4369.5,2118.0],[4370.0,2118.5],[4370.5,2119.0],[4370.5,2120.0],[4370.5,2121.0],[4370.5,2122.0],[4370.5,2123.0],[4370.5,2124.0],[4370.0,2124.5],[4369.5,2125.0],[4369.5,2126.0],[4369.0,2126.5],[4368.5,2127.0],[4368.0,2127.5],[4367.5,2128.0],[4367.0,2128.5],[4366.0,2128.5],[4365.5,2129.0],[4365.0,2129.5]]",243052.34476995468,431183.59114074707,77.48231887817383,,,,,0.0015249195,576,여수로_도류벽_우,도류벽(우안측),,,0.846926681800849,../../Data/DJI_20260826120256_0600_V.JPG,../Overlay/SPL/P000688.png,mapped,local_surface_estimate
DJI_20260826120256_0600_V.JPG,P000689,SPL,박락,"[[4826.0,2156.5],[4824.0,2156.5],[4821.0,2156.5],[4819.5,2156.0],[4817.0,2155.5],[4815.0,2155.5],[4812.0,2155.5],[4810.0,2155.5],[4807.0,2155.5],[4805.0,2155.5],[4802.0,2155.5],[4800.0,2155.5],[4797.5,2155.0],[4796.0,2154.5],[4793.0,2154.5],[4791.0,2154.5],[4788.0,2154.5],[4787.0,2153.5],[4784.0,2153.5],[4782.0,2153.5],[4779.0,2153.5],[4778.0,2152.5],[4776.0,2153.5],[4774.0,2153.5],[4772.0,2153.5],[4769.0,2153.5],[4767.0,2153.5],[4764.0,2153.5],[4762.0,2153.5],[4759.0,2153.5],[4757.0,2153.5],[4754.0,2153.5],[4752.0,2153.5],[4749.0,2153.5],[4747.0,2153.5],[4744.5,2153.0],[4743.0,2152.5],[4740.0,2152.5],[4738.0,2152.5],[4735.5,2152.0],[4734.0,2151.5],[4731.5,2151.0],[4730.0,2150.5],[4727.0,2150.5],[4725.0,2150.5],[4722.0,2150.5],[4720.0,2150.5],[4718.0,2150.5],[4716.0,2151.5],[4714.0,2151.5],[4711.0,2151.5],[4709.0,2151.5],[4707.0,2150.5],[4705.0,2150.5],[4702.0,2150.5],[4700.5,2150.0],[4698.0,2149.5],[4696.0,2149.5],[4694.0,2148.5],[4692.5,2149.0],[4690.0,2149.5],[4688.0,2149.5],[4685.0,2149.5],[4683.0,2149.5],[4681.0,2150.5],[4679.0,2150.5],[4676.0,2150.5],[4674.0,2150.5],[4671.0,2150.5],[4669.0,2150.5],[4667.0,2150.5],[4665.0,2149.5],[4663.0,2149.5],[4661.0,2148.5],[4659.0,2148.5],[4657.0,2147.5],[4655.5,2147.0],[4653.0,2146.5],[4652.0,2145.5],[4650.0,2144.5],[4648.5,2144.0],[4646.0,2143.5],[4644.0,2143.5],[4641.5,2144.0],[4640.0,2144.5],[4638.0,2145.5],[4636.5,2146.0],[4634.0,2146.5],[4633.0,2147.5],[4630.0,2147.5],[4628.0,2147.5],[4625.0,2147.5],[4623.5,2147.0],[4622.0,2146.5],[4619.5,2146.0],[4618.0,2145.5],[4615.5,2145.0],[4615.0,2143.5],[4613.0,2142.5],[4611.0,2142.5],[4609.0,2141.5],[4607.5,2141.0],[4607.5,2138.0],[4607.5,2136.0],[4607.5,2133.0],[4607.5,2131.0],[4607.5,2128.0],[4607.5,2126.0],[4607.5,2123.0],[4607.5,2121.0],[4607.5,2118.0],[4607.5,2116.0],[4608.5,2114.0],[4609.5,2114.0],[4610.5,2116.0],[4610.5,2118.0],[4611.0,2119.5],[4612.5,2121.0],[4613.0,2122.5],[4614.5,2124.0],[4614.5,2126.0],[4615.5,2128.0],[4617.0,2128.5],[4618.5,2130.0],[4620.0,2130.5],[4621.5,2132.0],[4622.5,2133.0],[4624.5,2134.0],[4626.0,2134.5],[4628.0,2135.5],[4630.0,2135.5],[4632.0,2136.5],[4633.5,2137.0],[4636.0,2137.5],[4638.0,2137.5],[4640.0,2138.5],[4642.0,2138.5],[4645.0,2138.5],[4647.0,2138.5],[4650.0,2138.5],[4651.0,2137.5],[4653.0,2137.5],[4655.0,2136.5],[4656.5,2136.0],[4658.5,2135.0],[4659.5,2134.0],[4661.0,2132.5],[4662.0,2131.5],[4663.5,2130.0],[4665.0,2129.5],[4667.0,2128.5],[4668.0,2127.5],[4670.0,2126.5],[4671.5,2126.0],[4674.0,2125.5],[4675.5,2125.0],[4678.0,2124.5],[4680.0,2124.5],[4682.0,2125.5],[4684.0,2125.5],[4686.0,2126.5],[4688.0,2126.5],[4690.0,2127.5],[4691.5,2128.0],[4693.0,2128.5],[4695.0,2129.5],[4696.5,2130.0],[4698.5,2131.0],[4700.0,2131.5],[4702.0,2132.5],[4704.0,2132.5],[4706.0,2133.5],[4707.0,2134.5],[4710.0,2134.5],[4711.0,2135.5],[4714.0,2135.5],[4716.0,2135.5],[4718.0,2136.5],[4720.0,2136.5],[4722.5,2136.0],[4724.0,2135.5],[4727.0,2135.5],[4728.0,2134.5],[4730.0,2133.5],[4731.0,2132.5],[4733.0,2131.5],[4734.0,2130.5],[4735.0,2129.5],[4735.5,2127.0],[4736.0,2125.5],[4738.5,2125.0],[4740.0,2124.5],[4742.0,2123.5],[4743.5,2123.0],[4746.0,2122.5],[4747.0,2121.5],[4749.0,2120.5],[4751.0,2120.5],[4753.0,2119.5],[4754.5,2119.0],[4757.0,2118.5],[4759.0,2118.5],[4761.0,2117.5],[4763.0,2117.5],[4765.5,2117.0],[4767.0,2116.5],[4768.0,2118.5],[4770.0,2118.5],[4772.5,2118.0],[4774.0,2117.5],[4776.0,2117.5],[4779.0,2117.5],[4780.0,2118.5],[4782.0,2119.5],[4783.0,2120.5],[4785.0,2121.5],[4786.0,2122.5],[4788.0,2123.5],[4789.0,2124.5],[4791.0,2125.5],[4792.0,2126.5],[4794.0,2127.5],[4795.5,2128.0],[4797.5,2129.0],[4799.0,2129.5],[4801.0,2130.5],[4802.0,2131.5],[4804.0,2132.5],[4805.0,2133.5],[4807.0,2134.5],[4808.5,2135.0],[4810.5,2136.0],[4811.5,2137.0],[4813.0,2137.5],[4814.5,2139.0],[4816.0,2139.5],[4818.0,2140.5],[4819.0,2141.5],[4821.0,2142.5],[4822.0,2143.5],[4824.0,2144.5],[4825.0,2145.5],[4826.5,2147.0],[4828.0,2147.5],[4829.5,2149.0],[4831.0,2149.5],[4832.5,2151.0],[4834.0,2151.5],[4836.0,2152.5],[4837.0,2153.5],[4836.0,2154.5],[4834.5,2155.0],[4832.0,2155.5],[4830.0,2155.5],[4827.0,2155.5],[4826.0,2156.5]]",243064.15592861176,431180.13927841187,76.99266242980957,,,,,0.1143489984,4720,SPW_0101,SPW_여수로_교각_도수면,SPW_0101,3eac6ff2-58c7-5935-ac25-84caa7fd9547,0.8129773155928163,../../Data/DJI_20260826120256_0600_V.JPG,../Overlay/SPL/P000689.png,mapped,local_surface_estimate
DJI_20260826120256_0600_V.JPG,P000690,SPL,박락,"[[4488.0,3617.5],[4473.5,3605.0],[4459.5,3592.0],[4439.0,3587.5],[4417.0,3590.5],[4399.0,3591.5],[4384.5,3601.0],[4370.5,3588.0],[4350.0,3583.5],[4333.5,3579.0],[4312.0,3581.5],[4285.5,3581.0],[4268.0,3579.5],[4243.0,3581.5],[4223.5,3574.0],[4223.5,3547.0],[4207.0,3540.5],[4192.0,3536.5],[4180.0,3521.5],[4172.5,3502.0],[4187.0,3489.5],[4204.0,3479.5],[4208.5,3459.0],[4200.0,3446.5],[4176.0,3443.5],[4160.0,3436.5],[4137.0,3436.5],[4111.5,3435.0],[4096.5,3427.0],[4103.0,3419.5],[4105.0,3413.5],[4130.0,3415.5],[4148.0,3409.5],[4128.5,3402.0],[4109.0,3394.5],[4111.5,3379.0],[4103.0,3360.5],[4093.5,3343.0],[4085.5,3324.0],[4087.0,3308.5],[4095.0,3290.5],[4074.0,3284.5],[4049.5,3286.0],[4040.5,3268.0],[4029.0,3252.5],[4017.0,3237.5],[3994.0,3233.5],[3971.0,3237.5],[3948.5,3240.0],[3933.0,3251.5],[3917.5,3261.0],[3894.0,3258.5],[3878.0,3267.5],[3858.0,3272.5],[3842.0,3261.5],[3823.0,3253.5],[3798.0,3255.5],[3785.5,3243.0],[3775.0,3226.5],[3757.5,3217.0],[3747.5,3202.0],[3757.5,3191.0],[3751.5,3172.0],[3735.5,3161.0],[3725.0,3144.5],[3710.5,3132.0],[3703.0,3112.5],[3693.0,3095.5],[3687.5,3076.0],[3693.5,3059.0],[3694.5,3035.0],[3682.5,3022.0],[3683.5,2998.0],[3701.5,2995.0],[3696.0,2979.5],[3685.5,2979.0],[3681.0,2963.5],[3698.5,2962.0],[3708.5,2947.0],[3698.5,2930.0],[3691.0,2915.5],[3705.5,2903.0],[3714.5,2885.0],[3708.5,2864.0],[3705.5,2840.0],[3709.0,2816.5],[3722.5,2809.0],[3736.0,2813.5],[3750.5,2826.0],[3755.5,2848.0],[3763.5,2867.0],[3769.5,2888.0],[3778.0,2906.5],[3784.0,2927.5],[3797.0,2941.5],[3812.0,2953.5],[3830.0,2962.5],[3851.0,2966.5],[3868.0,2958.5],[3880.0,2971.5],[3897.0,2965.5],[3906.0,2947.5],[3929.0,2945.5],[3955.0,2944.5],[3967.5,2957.0],[3975.0,2973.5],[3981.0,2981.5],[3984.5,2986.0],[3987.5,2995.0],[3981.0,3010.5],[3995.0,3017.5],[4016.5,3020.0],[4031.5,3016.0],[4042.5,3012.0],[4058.0,3014.5],[4071.0,3024.5],[4077.0,3024.5],[4084.0,3007.5],[4099.0,2999.5],[4110.5,3007.0],[4101.5,3021.0],[4087.5,3029.0],[4083.5,3035.0],[4092.0,3049.5],[4103.0,3052.5],[4108.5,3045.0],[4122.0,3035.5],[4132.5,3028.0],[4141.5,3013.0],[4150.5,3001.0],[4152.5,2992.0],[4138.0,2991.5],[4129.0,2999.5],[4117.0,2984.5],[4104.5,2976.0],[4100.0,2956.5],[4113.0,2952.5],[4130.0,2956.5],[4125.0,2943.5],[4109.5,2941.0],[4107.5,2941.0],[4112.0,2928.5],[4106.5,2910.0],[4103.5,2890.0],[4112.5,2872.0],[4106.5,2855.0],[4105.5,2837.0],[4108.0,2823.5],[4097.0,2813.5],[4091.5,2798.0],[4090.0,2783.5],[4102.0,2774.5],[4118.0,2767.5],[4124.5,2759.0],[4110.5,2746.0],[4118.5,2731.0],[4118.5,2714.0],[4122.5,2693.0],[4124.5,2676.0],[4126.5,2659.0],[4117.5,2667.0],[4112.5,2645.0],[4132.0,2639.5],[4141.5,2624.0],[4147.5,2605.0],[4167.5,2602.0],[4181.0,2588.5],[4197.0,2597.5],[4212.0,2607.5],[4225.0,2595.5],[4235.5,2583.0],[4223.5,2570.0],[4237.0,2560.5],[4251.5,2548.0],[4258.0,2537.5],[4261.0,2523.5],[4264.5,2506.0],[4264.5,2483.0],[4261.5,2461.0],[4256.5,2439.0],[4259.5,2427.0],[4249.5,2412.0],[4258.5,2405.0],[4276.0,2410.5],[4287.5,2426.0],[4297.5,2443.0],[4304.0,2463.5],[4310.5,2484.0],[4318.5,2503.0],[4323.5,2525.0],[4332.0,2543.5],[4338.5,2564.0],[4345.5,2584.0],[4352.5,2604.0],[4358.5,2625.0],[4366.0,2644.5],[4371.5,2666.0],[4379.0,2685.5],[4385.0,2706.5],[4391.5,2727.0],[4397.0,2748.5],[4404.5,2768.0],[4411.5,2788.0],[4416.5,2810.0],[4423.0,2828.5],[4415.0,2840.5],[4405.5,2856.0],[4409.5,2877.0],[4416.0,2897.5],[4432.5,2893.0],[4445.5,2902.0],[4452.5,2922.0],[4459.0,2942.5],[4466.0,2962.5],[4472.5,2983.0],[4478.0,3004.5],[4484.5,3025.0],[4491.5,3045.0],[4498.5,3065.0],[4504.5,3086.0],[4510.5,3107.0],[4516.5,3128.0],[4523.5,3148.0],[4529.5,3169.0],[4535.5,3190.0],[4541.5,3209.0],[4548.5,3229.0],[4555.0,3249.5],[4563.5,3268.0],[4569.5,3289.0],[4574.5,3311.0],[4582.5,3330.0],[4589.5,3350.0],[4595.5,3371.0],[4602.5,3391.0],[4607.5,3413.0],[4614.5,3433.0],[4620.5,3452.0],[4627.0,3472.5],[4633.5,3493.0],[4639.5,3514.0],[4646.5,3534.0],[4651.5,3556.0],[4656.0,3578.5],[4639.5,3581.0],[4622.0,3573.5],[4605.0,3582.5],[4586.0,3583.5],[4571.0,3595.5],[4555.0,3590.5],[4535.5,3583.0],[4528.0,3589.5],[4518.0,3586.5],[4495.5,3585.0],[4492.5,3601.0],[4488.0,3617.5]]",243051.30832624435,431183.9173736572,76.3066520690918,,,,,1.0620329767,505303,여수로_도류벽_우,도류벽(우안측),,,0.969268502682855,../../Data/DJI_20260826120256_0600_V.JPG,../Overlay/SPL/P000690.png,mapped,local_surface_estimate
DJI_20260826120256_0600_V.JPG,P000691,SPL,박락,"[[4230.0,2483.5],[4229.0,2483.5],[4228.0,2483.5],[4227.5,2483.0],[4227.5,2482.0],[4227.5,2481.0],[4227.0,2480.5],[4226.5,2480.0],[4226.5,2479.0],[4226.5,2478.0],[4226.5,2477.0],[4226.0,2476.5],[4225.5,2477.0],[4225.5,2478.0],[4225.5,2479.0],[4225.5,2480.0],[4225.5,2481.0],[4225.0,2481.5],[4224.5,2481.0],[4224.5,2480.0],[4224.5,2479.0],[4224.0,2478.5],[4223.5,2478.0],[4223.5,2477.0],[4223.5,2476.0],[4223.5,2475.0],[4223.5,2474.0],[4223.5,2473.0],[4224.0,2472.5],[4224.5,2472.0],[4224.5,2471.0],[4224.5,2470.0],[4225.0,2469.5],[4225.5,2470.0],[4225.5,2471.0],[4225.5,2472.0],[4225.5,2473.0],[4225.5,2474.0],[4226.0,2474.5],[4226.5,2474.0],[4226.5,2473.0],[4227.0,2472.5],[4227.5,2472.0],[4227.0,2471.5],[4226.5,2471.0],[4226.5,2470.0],[4227.0,2469.5],[4228.0,2469.5],[4229.0,2469.5],[4229.5,2470.0],[4229.5,2471.0],[4229.5,2472.0],[4230.0,2472.5],[4230.5,2473.0],[4230.5,2474.0],[4230.5,2475.0],[4230.5,2476.0],[4230.5,2477.0],[4230.5,2478.0],[4230.5,2479.0],[4230.5,2480.0],[4230.5,2481.0],[4230.5,2482.0],[4230.5,2483.0],[4230.0,2483.5]]",243051.88717985153,431183.8317298889,77.0093994140625,,,,,0.0001447738,69,여수로_도류벽_우,도류벽(우안측),,,0.4969558724458667,../../Data/DJI_20260826120256_0600_V.JPG,../Overlay/SPL/P000691.png,mapped,local_surface_estimate
DJI_20260826120256_0600_V.JPG,P000692,SPL,박락,"[[4229.0,2487.5],[4228.0,2487.5],[4227.5,2487.0],[4228.0,2486.5],[4229.0,2486.5],[4229.5,2487.0],[4229.0,2487.5]]",243051.87638521194,431183.83197784424,76.99602317810059,,,,,4.1724e-06,2,여수로_도류벽_우,도류벽(우안측),,,0.49680058658123016,../../Data/DJI_20260826120256_0600_V.JPG,../Overlay/SPL/P000692.png,mapped,local_surface_estimate
DJI_20260826120256_0600_V.JPG,P000693,SPL,박락,"[[2541.0,2823.5],[2540.0,2822.5],[2538.0,2823.5],[2537.5,2822.0],[2537.0,2820.5],[2536.5,2818.0],[2536.5,2816.0],[2535.5,2815.0],[2534.0,2813.5],[2533.5,2812.0],[2533.5,2810.0],[2533.5,2807.0],[2533.5,2805.0],[2532.5,2804.0],[2532.5,2801.0],[2532.0,2799.5],[2531.5,2798.0],[2531.5,2796.0],[2530.5,2794.0],[2530.5,2792.0],[2530.5,2790.0],[2529.5,2788.0],[2529.5,2786.0],[2530.0,2784.5],[2530.5,2782.0],[2530.5,2780.0],[2531.0,2778.5],[2531.5,2776.0],[2532.5,2775.0],[2533.0,2773.5],[2534.0,2771.5],[2534.5,2770.0],[2535.0,2768.5],[2535.5,2766.0],[2536.5,2765.0],[2536.5,2763.0],[2537.0,2760.5],[2537.5,2759.0],[2537.5,2757.0],[2537.5,2754.0],[2536.5,2753.0],[2536.5,2751.0],[2536.5,2748.0],[2536.5,2746.0],[2536.5,2744.0],[2536.0,2742.5],[2535.5,2740.0],[2535.5,2738.0],[2535.0,2736.5],[2535.5,2735.0],[2535.5,2733.0],[2535.5,2731.0],[2535.0,2728.5],[2534.5,2727.0],[2534.0,2725.5],[2533.5,2723.0],[2533.5,2721.0],[2532.5,2720.0],[2532.5,2717.0],[2531.5,2716.0],[2531.5,2714.0],[2531.5,2711.0],[2530.5,2710.0],[2530.5,2708.0],[2530.5,2705.0],[2530.5,2703.0],[2530.5,2701.0],[2530.5,2698.0],[2531.0,2696.5],[2531.5,2695.0],[2532.5,2693.0],[2531.5,2692.0],[2531.5,2690.0],[2530.5,2689.0],[2528.5,2688.0],[2527.5,2687.0],[2528.0,2685.5],[2528.5,2683.0],[2528.5,2681.0],[2530.0,2680.5],[2531.5,2679.0],[2531.5,2677.0],[2533.0,2676.5],[2534.0,2674.5],[2534.5,2673.0],[2535.5,2672.0],[2536.5,2670.0],[2537.5,2669.0],[2538.5,2668.0],[2539.5,2666.0],[2540.5,2665.0],[2541.5,2664.0],[2543.0,2662.5],[2543.5,2661.0],[2544.5,2660.0],[2545.5,2658.0],[2546.0,2656.5],[2546.5,2655.0],[2546.5,2652.0],[2547.5,2651.0],[2547.5,2649.0],[2547.0,2647.5],[2546.5,2645.0],[2546.5,2643.0],[2546.5,2641.0],[2545.5,2639.0],[2545.5,2637.0],[2545.5,2635.0],[2545.5,2632.0],[2545.5,2630.0],[2545.5,2628.0],[2545.5,2625.0],[2545.5,2623.0],[2544.5,2622.0],[2544.5,2619.0],[2544.5,2617.0],[2544.5,2615.0],[2543.5,2613.0],[2543.5,2611.0],[2544.0,2609.5],[2544.5,2607.0],[2545.0,2605.5],[2545.5,2604.0],[2546.5,2602.0],[2547.5,2601.0],[2548.5,2600.0],[2550.0,2598.5],[2551.0,2597.5],[2552.0,2596.5],[2553.5,2596.0],[2555.0,2594.5],[2556.0,2593.5],[2557.0,2592.5],[2559.0,2591.5],[2560.0,2590.5],[2561.0,2589.5],[2563.0,2588.5],[2564.5,2588.0],[2565.5,2588.0],[2567.5,2589.0],[2568.5,2590.0],[2569.5,2591.0],[2570.5,2593.0],[2570.5,2595.0],[2570.5,2597.0],[2571.5,2599.0],[2571.5,2601.0],[2571.5,2603.0],[2571.5,2606.0],[2571.0,2607.5],[2570.5,2609.0],[2570.5,2612.0],[2570.5,2614.0],[2569.5,2615.0],[2569.5,2618.0],[2568.5,2619.0],[2568.5,2621.0],[2568.5,2623.0],[2567.5,2625.0],[2567.5,2627.0],[2567.0,2628.5],[2566.5,2631.0],[2566.5,2633.0],[2566.5,2635.0],[2565.5,2637.0],[2565.5,2639.0],[2565.5,2641.0],[2565.5,2644.0],[2565.5,2646.0],[2565.5,2648.0],[2565.5,2651.0],[2565.5,2653.0],[2565.5,2655.0],[2565.5,2658.0],[2565.5,2660.0],[2565.5,2662.0],[2565.5,2665.0],[2565.5,2667.0],[2565.5,2669.0],[2565.5,2672.0],[2565.0,2673.5],[2564.5,2675.0],[2564.5,2678.0],[2564.5,2680.0],[2564.5,2682.0],[2564.5,2684.0],[2564.5,2687.0],[2563.5,2688.0],[2563.0,2689.5],[2562.5,2692.0],[2561.5,2693.0],[2561.5,2695.0],[2561.5,2698.0],[2561.5,2700.0],[2561.5,2702.0],[2560.5,2704.0],[2560.5,2706.0],[2559.5,2707.0],[2559.5,2710.0],[2559.5,2712.0],[2559.5,2714.0],[2558.5,2716.0],[2558.5,2718.0],[2558.5,2720.0],[2558.0,2722.5],[2557.5,2724.0],[2557.5,2726.0],[2557.0,2728.5],[2556.5,2730.0],[2556.5,2732.0],[2556.0,2734.5],[2555.5,2736.0],[2555.5,2738.0],[2555.5,2740.0],[2555.0,2742.5],[2554.5,2744.0],[2554.5,2746.0],[2554.5,2749.0],[2554.5,2751.0],[2554.0,2752.5],[2553.5,2755.0],[2553.5,2757.0],[2553.0,2758.5],[2552.5,2761.0],[2552.5,2763.0],[2552.5,2765.0],[2551.5,2767.0],[2551.5,2769.0],[2551.5,2771.0],[2551.5,2774.0],[2551.5,2776.0],[2551.5,2778.0],[2550.5,2780.0],[2550.5,2782.0],[2550.5,2784.0],[2550.5,2787.0],[2550.0,2788.5],[2549.5,2790.0],[2549.5,2793.0],[2549.5,2795.0],[2549.0,2796.5],[2548.5,2798.0],[2548.5,2801.0],[2548.5,2803.0],[2547.5,2804.0],[2547.5,2807.0],[2547.0,2808.5],[2546.5,2810.0],[2546.5,2813.0],[2546.0,2814.5],[2545.0,2815.5],[2543.5,2817.0],[2542.5,2818.0],[2542.5,2820.0],[2542.0,2822.5],[2541.0,2823.5]]",243056.1000070572,431187.44119644165,75.74490547180176,,,,,0.0360536003,5072,여수로_피어_07,SPW_여수로_교각_도수면,,,0.9251504473811256,../../Data/DJI_20260826120256_0600_V.JPG,../Overlay/SPL/P000693.png,mapped,local_surface_estimate
DJI_20260826120256_0600_V.JPG,P000694,SPL,박락,"[[4106.0,2823.5],[4105.5,2823.0],[4106.0,2822.5],[4106.5,2823.0],[4106.0,2823.5]]",243051.57331991196,431184.0185852051,76.60041999816895,,,,,2.5257e-06,1,여수로_도류벽_우,도류벽(우안측),,,0.4973144829273224,../../Data/DJI_20260826120256_0600_V.JPG,../Overlay/SPL/P000694.png,mapped,local_surface_estimate
DJI_20260826120256_0600_V.JPG,P000695,SPL,박락,"[[3678.0,2968.5],[3677.0,2968.5],[3676.5,2968.0],[3676.5,2967.0],[3676.5,2966.0],[3677.0,2965.5],[3677.5,2965.0],[3678.0,2964.5],[3679.0,2964.5],[3679.5,2965.0],[3679.5,2966.0],[3679.0,2966.5],[3678.5,2967.0],[3678.5,2968.0],[3678.0,2968.5]]",243052.39435052872,431184.53955459595,76.17152404785156,,,,,3.88253e-05,9,여수로_도류벽_우,도류벽(우안측),,,0.5150457620620728,../../Data/DJI_20260826120256_0600_V.JPG,../Overlay/SPL/P000695.png,mapped,local_surface_estimate
DJI_20260826120256_0600_V.JPG,P000696,SPL,박락,"[[4135.0,3010.5],[4134.5,3010.0],[4134.5,3009.0],[4135.0,3008.5],[4135.5,3009.0],[4135.5,3010.0],[4135.0,3010.5]]",243051.47345352173,431183.9956741333,76.3913402557373,,,,,4.7318e-06,2,여수로_도류벽_우,도류벽(우안측),,,0.5143969058990479,../../Data/DJI_20260826120256_0600_V.JPG,../Overlay/SPL/P000696.png,mapped,local_surface_estimate
DJI_20260826120256_0600_V.JPG,P000697,SPL,박락,"[[4099.0,3024.5],[4098.5,3024.0],[4099.0,3023.5],[4099.5,3024.0],[4099.0,3024.5]]",243051.52856254578,431184.0318069458,76.35501289367676,,,,,2.463e-06,1,여수로_도류벽_우,도류벽(우안측),,,0.5139124393463135,../../Data/DJI_20260826120256_0600_V.JPG,../Overlay/SPL/P000697.png,mapped,local_surface_estimate
DJI_20260826120256_0600_V.JPG,P000698,SPL,박락,"[[4098.0,3045.5],[4097.0,3045.5],[4096.0,3045.5],[4095.5,3045.0],[4095.5,3044.0],[4096.0,3043.5],[4096.5,3043.0],[4097.0,3042.5],[4097.5,3043.0],[4097.5,3044.0],[4098.0,3044.5],[4098.5,3045.0],[4098.0,3045.5]]",243051.52632045746,431184.0344200134,76.33012008666992,,,,,1.47622e-05,6,여수로_도류벽_우,도류벽(우안측),,,0.5247832338015238,../../Data/DJI_20260826120256_0600_V.JPG,../Overlay/SPL/P000698.png,mapped,local_surface_estimate
DJI_20260826120256_0600_V.JPG,P000699,SPL,박락,"[[4103.0,3044.5],[4102.5,3044.0],[4102.0,3043.5],[4101.5,3043.0],[4102.0,3042.5],[4102.5,3043.0],[4103.0,3043.5],[4103.5,3044.0],[4103.0,3044.5]]",243051.51828336716,431184.02937316895,76.33398246765137,,,,,4.8925e-06,2,여수로_도류벽_우,도류벽(우안측),,,0.4995727688074112,../../Data/DJI_20260826120256_0600_V.JPG,../Overlay/SPL/P000699.png,mapped,local_surface_estimate
DJI_20260826120256_0600_V.JPG,P000700,SPL,박락,"[[4105.0,3370.5],[4104.5,3370.0],[4105.0,3369.5],[4105.5,3370.0],[4105.0,3370.5]]",243051.42430067062,431184.0361480713,75.95423126220703,,,,,2.3098e-06,1,여수로_도류벽_우,도류벽(우안측),,,0.50042724609375,../../Data/DJI_20260826120256_0600_V.JPG,../Overlay/SPL/P000700.png,mapped,local_surface_estimate
DJI_20260826120256_0600_V.JPG,P000701,SPL,박락,"[[4080.0,3414.5],[4079.0,3414.5],[4078.0,3414.5],[4077.0,3414.5],[4076.0,3414.5],[4075.0,3414.5],[4074.0,3414.5],[4073.0,3414.5],[4072.0,3414.5],[4071.5,3414.0],[4071.0,3413.5],[4070.5,3413.0],[4071.0,3412.5],[4072.0,3412.5],[4072.5,3412.0],[4073.0,3411.5],[4074.0,3411.5],[4075.0,3411.5],[4075.5,3412.0],[4076.0,3412.5],[4077.0,3412.5],[4078.0,3412.5],[4079.0,3412.5],[4079.5,3413.0],[4080.0,3413.5],[4080.5,3414.0],[4080.0,3414.5]]",243051.46090126038,431184.0672569275,75.88420295715332,,,,,4.99057e-05,21,여수로_도류벽_우,도류벽(우안측),,,0.5675205843789237,../../Data/DJI_20260826120256_0600_V.JPG,../Overlay/SPL/P000701.png,mapped,local_surface_estimate
DJI_20260826120256_0600_V.JPG,P000702,SPL,박락,"[[4225.0,3586.5],[4224.5,3586.0],[4224.0,3585.5],[4223.5,3585.0],[4223.5,3584.0],[4224.0,3583.5],[4224.5,3583.0],[4225.0,3582.5],[4225.5,3583.0],[4226.0,3583.5],[4227.0,3583.5],[4228.0,3583.5],[4228.5,3584.0],[4228.0,3584.5],[4227.0,3584.5],[4226.5,3585.0],[4226.0,3585.5],[4225.5,3586.0],[4225.0,3586.5]]",243051.18972063065,431183.9303779602,75.79862403869629,,,,,1.94937e-05,10,여수로_도류벽_우,도류벽(우안측),,,0.49717930555343626,../../Data/DJI_20260826120256_0600_V.JPG,../Overlay/SPL/P000702.png,mapped,local_surface_estimate
DJI_20260826120256_0600_V.JPG,P000703,SPL,박락,"[[4240.0,3583.5],[4239.0,3583.5],[4238.0,3583.5],[4237.0,3583.5],[4236.5,3583.0],[4237.0,3582.5],[4238.0,3582.5],[4239.0,3582.5],[4240.0,3582.5],[4240.5,3583.0],[4240.0,3583.5]]",243051.1716132164,431183.918800354,75.80863189697266,,,,,7.6894e-06,4,여수로_도류벽_우,도류벽(우안측),,,0.49737074226140976,../../Data/DJI_20260826120256_0600_V.JPG,../Overlay/SPL/P000703.png,mapped,local_surface_estimate
DJI_20260826120256_0600_V.JPG,P000704,SPL,박락,"[[4246.0,3583.5],[4245.0,3583.5],[4244.0,3583.5],[4243.0,3583.5],[4242.0,3583.5],[4241.5,3583.0],[4242.0,3582.5],[4243.0,3582.5],[4244.0,3582.5],[4245.0,3582.5],[4246.0,3582.5],[4246.5,3583.0],[4246.0,3583.5]]",243051.16320323944,431183.9135093689,75.81272506713867,,,,,9.5471e-06,5,여수로_도류벽_우,도류벽(우안측),,,0.4973865270614624,../../Data/DJI_20260826120256_0600_V.JPG,../Overlay/SPL/P000704.png,mapped,local_surface_estimate
DJI_20260826120256_0600_V.JPG,P000705,SPL,박락,"[[4256.0,3583.5],[4255.0,3583.5],[4254.0,3583.5],[4253.0,3583.5],[4252.0,3583.5],[4251.0,3583.5],[4250.0,3583.5],[4249.0,3583.5],[4248.5,3583.0],[4249.0,3582.5],[4250.0,3582.5],[4251.0,3582.5],[4252.0,3582.5],[4253.0,3582.5],[4254.0,3582.5],[4255.0,3582.5],[4256.0,3582.5],[4256.5,3583.0],[4256.0,3583.5]]",243051.15204668045,431183.9064941406,75.81815719604492,,,,,1.51486e-05,8,여수로_도류벽_우,도류벽(우안측),,,0.511977918446064,../../Data/DJI_20260826120256_0600_V.JPG,../Overlay/SPL/P000705.png,mapped,local_surface_estimate
DJI_20260826120256_0600_V.JPG,P000706,SPL,박락,"[[4648.0,3583.5],[4647.0,3583.5],[4646.5,3583.0],[4647.0,3582.5],[4648.0,3582.5],[4648.5,3583.0],[4648.0,3583.5]]",243051.0919137001,431183.5065345764,75.88833999633789,,,,,2.3993e-06,2,여수로_도류벽_우,도류벽(우안측),,,0.4962852895259857,../../Data/DJI_20260826120256_0600_V.JPG,../Overlay/SPL/P000706.png,mapped,local_surface_estimate
DJI_20260826124557_0200_V.JPG,P000717,SPL,박락,"[[1423.0,324.5],[1421.0,324.5],[1420.5,323.0],[1420.0,321.5],[1419.5,320.0],[1418.5,319.0],[1418.0,317.5],[1417.5,316.0],[1417.5,314.0],[1416.5,313.0],[1416.5,311.0],[1416.5,309.0],[1416.5,307.0],[1416.5,305.0],[1417.5,304.0],[1417.5,302.0],[1417.5,300.0],[1417.5,298.0],[1417.5,296.0],[1417.5,294.0],[1418.0,292.5],[1418.5,291.0],[1419.0,289.5],[1420.0,288.5],[1420.5,287.0],[1421.5,286.0],[1422.0,284.5],[1423.0,283.5],[1424.0,282.5],[1425.0,281.5],[1426.0,280.5],[1427.0,279.5],[1428.0,278.5],[1429.0,277.5],[1430.5,277.0],[1431.5,276.0],[1433.0,275.5],[1434.0,274.5],[1435.0,273.5],[1436.0,272.5],[1437.5,272.0],[1438.5,271.0],[1439.5,270.0],[1441.0,269.5],[1442.0,268.5],[1443.0,267.5],[1444.0,266.5],[1445.5,266.0],[1446.5,265.0],[1448.0,264.5],[1449.0,263.5],[1450.0,262.5],[1451.5,262.0],[1452.5,261.0],[1454.0,260.5],[1455.0,259.5],[1456.5,259.0],[1457.5,258.0],[1459.0,257.5],[1460.0,256.5],[1462.0,256.5],[1463.0,255.5],[1464.0,254.5],[1465.0,253.5],[1466.0,252.5],[1467.5,252.0],[1468.5,251.0],[1469.0,249.5],[1470.0,248.5],[1470.5,247.0],[1471.5,246.0],[1472.5,245.0],[1473.0,243.5],[1473.5,242.0],[1474.0,240.5],[1475.0,239.5],[1475.5,238.0],[1476.5,237.0],[1477.0,235.5],[1478.0,234.5],[1478.5,233.0],[1479.5,232.0],[1481.0,231.5],[1482.0,230.5],[1483.0,229.5],[1484.0,228.5],[1485.0,227.5],[1486.5,227.0],[1487.5,226.0],[1488.5,225.0],[1490.0,224.5],[1491.0,223.5],[1492.5,223.0],[1493.5,222.0],[1495.0,221.5],[1496.0,220.5],[1497.0,219.5],[1498.5,219.0],[1499.5,218.0],[1500.5,217.0],[1501.5,216.0],[1502.5,215.0],[1503.5,214.0],[1504.5,213.0],[1505.5,212.0],[1506.5,211.0],[1507.5,210.0],[1508.5,209.0],[1509.5,208.0],[1511.0,207.5],[1512.0,206.5],[1513.0,205.5],[1514.0,204.5],[1515.5,204.0],[1516.5,203.0],[1518.0,202.5],[1519.0,201.5],[1520.0,200.5],[1521.0,199.5],[1522.5,199.0],[1524.0,198.5],[1525.0,197.5],[1526.0,198.5],[1527.5,199.0],[1528.5,200.0],[1529.5,201.0],[1530.5,202.0],[1531.0,203.5],[1531.5,205.0],[1532.5,206.0],[1533.5,207.0],[1534.0,208.5],[1534.5,210.0],[1534.0,211.5],[1533.5,213.0],[1533.5,215.0],[1532.5,216.0],[1533.0,217.5],[1534.5,218.0],[1534.5,220.0],[1534.5,222.0],[1533.5,223.0],[1534.5,224.0],[1534.5,226.0],[1533.5,227.0],[1534.5,228.0],[1534.5,230.0],[1534.0,231.5],[1533.5,233.0],[1532.5,234.0],[1532.5,236.0],[1532.5,238.0],[1532.0,239.5],[1531.5,241.0],[1531.5,243.0],[1531.5,245.0],[1531.5,247.0],[1531.5,249.0],[1532.5,250.0],[1532.5,252.0],[1533.0,253.5],[1534.5,254.0],[1535.5,255.0],[1535.5,257.0],[1535.5,259.0],[1535.5,261.0],[1535.5,263.0],[1535.5,265.0],[1535.5,267.0],[1535.5,269.0],[1535.5,271.0],[1535.5,273.0],[1535.5,275.0],[1535.5,277.0],[1535.5,279.0],[1535.5,281.0],[1534.5,282.0],[1534.5,284.0],[1534.5,286.0],[1534.5,288.0],[1534.5,290.0],[1533.5,291.0],[1532.5,292.0],[1532.0,293.5],[1531.0,294.5],[1530.0,295.5],[1528.5,296.0],[1527.5,297.0],[1526.0,297.5],[1525.0,298.5],[1524.0,299.5],[1522.5,300.0],[1521.0,300.5],[1520.0,301.5],[1518.5,302.0],[1517.5,303.0],[1516.5,304.0],[1515.0,304.5],[1514.0,305.5],[1513.0,306.5],[1511.5,307.0],[1510.5,308.0],[1509.0,308.5],[1508.0,309.5],[1506.0,309.5],[1504.0,309.5],[1502.5,310.0],[1501.0,310.5],[1499.0,310.5],[1497.0,310.5],[1495.0,310.5],[1494.0,309.5],[1492.5,310.0],[1491.0,310.5],[1490.0,309.5],[1488.0,309.5],[1486.0,309.5],[1484.0,309.5],[1482.0,309.5],[1480.0,309.5],[1478.0,309.5],[1476.5,310.0],[1475.0,310.5],[1473.0,310.5],[1471.0,310.5],[1469.5,311.0],[1468.0,311.5],[1466.0,311.5],[1464.5,312.0],[1463.0,312.5],[1461.0,312.5],[1459.0,312.5],[1457.5,313.0],[1456.0,313.5],[1454.0,313.5],[1452.5,314.0],[1451.0,314.5],[1449.0,314.5],[1447.5,315.0],[1446.0,315.5],[1444.0,315.5],[1443.0,316.5],[1442.0,317.5],[1440.5,318.0],[1439.0,318.5],[1437.0,318.5],[1435.5,319.0],[1434.0,319.5],[1432.5,320.0],[1431.0,320.5],[1429.0,320.5],[1428.0,321.5],[1427.0,322.5],[1425.0,322.5],[1424.0,323.5],[1423.0,324.5]]",243065.70151519775,431176.1873779297,77.23084259033203,,,,,0.2023805062,8305,SPW_0102,SPW_여수로_교각_도수면,SPW_0102,8f2711ac-d2a7-5dbb-a999-675847d23e63,0.9715104204104077,../../Data/DJI_20260826124557_0200_V.JPG,../Overlay/SPL/P000717.png,mapped,local_surface_estimate
DJI_20260826124557_0200_V.JPG,P000718,SPL,박락,"[[1153.0,1135.5],[1138.0,1131.5],[1123.5,1127.0],[1107.0,1124.5],[1092.0,1120.5],[1077.0,1116.5],[1061.5,1113.0],[1046.0,1109.5],[1031.0,1105.5],[1018.5,1099.0],[1012.5,1088.0],[1022.0,1078.5],[1036.0,1073.5],[1053.0,1073.5],[1072.0,1073.5],[1089.0,1071.5],[1107.0,1070.5],[1125.0,1069.5],[1139.5,1065.0],[1152.5,1059.0],[1164.0,1051.5],[1176.0,1044.5],[1190.0,1039.5],[1205.0,1035.5],[1221.0,1032.5],[1238.0,1034.5],[1250.0,1041.5],[1263.5,1047.0],[1276.5,1051.0],[1288.0,1044.5],[1296.5,1034.0],[1304.5,1023.0],[1315.0,1014.5],[1328.5,1009.0],[1335.5,997.0],[1337.0,984.5],[1329.5,973.0],[1334.0,960.5],[1339.5,949.0],[1343.5,938.0],[1346.0,923.5],[1343.0,912.5],[1328.0,912.5],[1312.0,915.5],[1314.5,929.0],[1307.0,940.5],[1293.5,940.0],[1281.0,944.5],[1279.5,927.0],[1275.5,924.0],[1276.5,908.0],[1265.0,900.5],[1249.5,897.0],[1263.0,895.5],[1279.5,893.0],[1270.0,893.5],[1252.0,894.5],[1239.5,888.0],[1244.0,873.5],[1254.0,864.5],[1264.0,855.5],[1272.5,845.0],[1277.0,830.5],[1288.0,822.5],[1300.5,816.0],[1312.5,809.0],[1322.0,799.5],[1324.5,783.0],[1326.0,767.5],[1324.5,753.0],[1313.0,749.5],[1303.0,758.5],[1292.5,767.0],[1280.0,773.5],[1286.0,785.5],[1282.5,798.0],[1274.5,809.0],[1266.5,820.0],[1255.5,828.0],[1243.5,822.0],[1234.5,812.0],[1221.0,806.5],[1210.0,814.5],[1202.5,826.0],[1196.5,839.0],[1188.0,849.5],[1172.0,850.5],[1158.0,855.5],[1149.0,853.5],[1132.5,853.0],[1118.0,848.5],[1104.0,843.5],[1098.5,830.0],[1090.5,821.0],[1096.5,808.0],[1099.5,792.0],[1106.5,780.0],[1114.5,769.0],[1126.0,761.5],[1136.5,753.0],[1144.5,744.0],[1133.0,736.5],[1124.5,726.0],[1117.5,714.0],[1116.0,697.5],[1120.5,683.0],[1125.5,669.0],[1129.5,654.0],[1137.5,643.0],[1148.5,635.0],[1160.5,628.0],[1173.0,621.5],[1189.0,618.5],[1205.5,617.0],[1223.5,617.0],[1239.0,617.5],[1256.0,619.5],[1275.0,619.5],[1290.0,617.5],[1307.0,615.5],[1322.0,619.5],[1325.0,630.5],[1325.0,646.5],[1333.0,657.5],[1344.5,663.0],[1352.5,672.0],[1363.0,680.5],[1377.5,683.0],[1391.0,683.5],[1404.0,687.5],[1417.0,693.5],[1430.5,693.0],[1439.5,703.0],[1453.0,708.5],[1470.0,710.5],[1486.0,713.5],[1502.0,716.5],[1518.5,716.0],[1535.0,713.5],[1549.0,716.5],[1566.0,718.5],[1584.0,719.5],[1599.5,723.0],[1617.0,724.5],[1633.5,727.0],[1650.0,729.5],[1663.5,733.0],[1675.0,740.5],[1689.5,745.0],[1701.0,752.5],[1706.5,764.0],[1701.5,778.0],[1697.0,790.5],[1684.5,797.0],[1670.5,802.0],[1663.5,814.0],[1655.0,820.5],[1642.0,826.5],[1629.0,830.5],[1616.0,834.5],[1601.0,838.5],[1597.5,854.0],[1587.0,862.5],[1573.0,861.5],[1558.0,863.5],[1542.0,864.5],[1527.5,869.0],[1514.0,874.5],[1501.5,881.0],[1507.0,886.5],[1520.5,890.0],[1530.0,895.5],[1535.5,909.0],[1540.0,923.5],[1549.5,931.0],[1563.0,936.5],[1578.0,936.5],[1595.0,934.5],[1612.0,936.5],[1630.0,935.5],[1643.5,930.0],[1658.5,929.0],[1675.0,929.5],[1692.0,927.5],[1709.0,927.5],[1726.0,925.5],[1742.0,922.5],[1758.0,919.5],[1773.0,919.5],[1787.5,916.0],[1791.5,927.0],[1799.0,938.5],[1808.5,948.0],[1808.5,965.0],[1812.5,980.0],[1818.5,993.0],[1813.5,1005.0],[1814.5,1021.0],[1813.5,1037.0],[1820.5,1049.0],[1835.0,1053.5],[1848.5,1059.0],[1863.0,1063.5],[1874.0,1071.5],[1884.0,1080.5],[1884.0,1094.5],[1874.0,1099.5],[1861.0,1093.5],[1850.0,1100.5],[1852.5,1115.0],[1842.0,1123.5],[1825.0,1123.5],[1808.0,1121.5],[1790.0,1120.5],[1774.0,1117.5],[1758.0,1114.5],[1742.0,1111.5],[1725.0,1113.5],[1712.0,1119.5],[1701.0,1121.5],[1686.0,1117.5],[1671.5,1122.0],[1658.5,1127.0],[1642.0,1126.5],[1626.0,1125.5],[1609.0,1123.5],[1593.0,1124.5],[1576.5,1122.0],[1564.0,1117.5],[1550.5,1115.0],[1533.0,1116.5],[1518.0,1120.5],[1503.0,1118.5],[1489.0,1117.5],[1474.0,1119.5],[1458.0,1120.5],[1442.0,1119.5],[1432.0,1128.5],[1416.0,1129.5],[1398.0,1130.5],[1381.0,1128.5],[1366.0,1124.5],[1350.0,1123.5],[1334.0,1120.5],[1319.0,1116.5],[1302.0,1116.5],[1286.0,1113.5],[1272.0,1114.5],[1254.0,1115.5],[1238.0,1116.5],[1224.5,1122.0],[1209.0,1125.5],[1194.0,1121.5],[1178.0,1122.5],[1166.0,1129.5],[1153.0,1135.5]]",243063.51486349106,431175.2032661438,74.40091705322266,,,,,2.8019666853,231189,SPW_0122,SPW_여수로_교각_도수면,SPW_0122,01430d7b-a72a-5d44-bd93-0b18cbfdf82e,0.9753223251936843,../../Data/DJI_20260826124557_0200_V.JPG,../Overlay/SPL/P000718.png,mapped,local_surface_estimate
DJI_20260826124557_0200_V.JPG,P000719,SPL,박락,"[[1676.0,666.5],[1675.0,666.5],[1673.0,666.5],[1672.0,666.5],[1671.0,666.5],[1669.0,666.5],[1668.5,666.0],[1668.0,665.5],[1666.0,665.5],[1665.0,665.5],[1664.5,665.0],[1664.0,664.5],[1662.5,664.0],[1662.0,663.5],[1661.0,663.5],[1659.5,663.0],[1659.0,662.5],[1658.0,662.5],[1657.0,661.5],[1656.0,661.5],[1655.0,661.5],[1653.0,661.5],[1652.5,661.0],[1652.0,660.5],[1650.5,660.0],[1650.0,659.5],[1649.0,659.5],[1647.5,659.0],[1647.0,658.5],[1646.0,658.5],[1645.0,657.5],[1644.0,657.5],[1643.0,657.5],[1642.5,657.0],[1641.0,656.5],[1640.5,656.0],[1640.0,655.5],[1638.0,655.5],[1637.0,655.5],[1636.0,655.5],[1634.5,655.0],[1634.0,654.5],[1633.0,654.5],[1631.5,655.0],[1631.0,655.5],[1630.0,655.5],[1628.0,655.5],[1627.0,655.5],[1626.0,655.5],[1624.5,655.0],[1624.0,654.5],[1623.0,654.5],[1622.0,655.5],[1621.0,655.5],[1620.0,655.5],[1619.0,655.5],[1618.5,654.0],[1618.0,653.5],[1617.5,653.0],[1616.5,652.0],[1616.0,651.5],[1615.5,651.0],[1615.0,649.5],[1614.5,649.0],[1614.5,648.0],[1613.5,647.0],[1613.0,646.5],[1612.5,646.0],[1612.5,644.0],[1612.5,643.0],[1612.5,642.0],[1612.0,640.5],[1611.5,640.0],[1611.5,639.0],[1611.5,637.0],[1611.5,636.0],[1612.0,635.5],[1612.5,635.0],[1613.0,633.5],[1614.0,633.5],[1615.0,633.5],[1616.0,632.5],[1617.0,632.5],[1618.0,632.5],[1620.0,632.5],[1621.0,632.5],[1622.0,632.5],[1623.5,632.0],[1624.0,631.5],[1625.0,631.5],[1627.0,631.5],[1628.0,631.5],[1629.0,631.5],[1630.0,630.5],[1631.0,630.5],[1632.0,630.5],[1633.0,630.5],[1634.5,630.0],[1635.0,629.5],[1636.0,629.5],[1638.0,629.5],[1638.5,629.0],[1639.0,628.5],[1641.0,628.5],[1642.0,628.5],[1643.0,628.5],[1645.0,628.5],[1646.0,628.5],[1646.5,628.0],[1648.0,627.5],[1649.0,627.5],[1650.0,627.5],[1652.0,627.5],[1653.0,627.5],[1654.0,627.5],[1656.0,627.5],[1657.0,627.5],[1658.0,627.5],[1659.0,627.5],[1661.0,627.5],[1662.0,627.5],[1663.0,627.5],[1665.0,627.5],[1666.0,627.5],[1667.0,627.5],[1668.0,626.5],[1669.0,626.5],[1670.0,626.5],[1671.0,625.5],[1672.0,625.5],[1672.5,625.0],[1674.0,624.5],[1675.0,624.5],[1675.5,624.0],[1676.5,623.0],[1677.0,622.5],[1678.0,622.5],[1680.0,622.5],[1680.5,622.0],[1681.0,621.5],[1682.0,621.5],[1683.5,622.0],[1684.0,622.5],[1685.0,622.5],[1686.5,623.0],[1687.0,623.5],[1688.0,623.5],[1689.5,624.0],[1690.0,624.5],[1691.0,624.5],[1692.0,625.5],[1693.0,625.5],[1694.0,625.5],[1695.0,626.5],[1696.0,626.5],[1697.0,626.5],[1698.0,627.5],[1699.0,627.5],[1700.0,627.5],[1702.0,627.5],[1702.5,628.0],[1703.0,628.5],[1704.0,628.5],[1706.0,628.5],[1706.5,629.0],[1707.0,629.5],[1709.0,629.5],[1709.5,630.0],[1710.0,630.5],[1712.0,630.5],[1712.5,631.0],[1713.0,631.5],[1714.5,632.0],[1715.0,632.5],[1716.0,632.5],[1717.0,633.5],[1718.0,633.5],[1718.5,634.0],[1720.0,634.5],[1720.5,635.0],[1721.0,635.5],[1722.0,635.5],[1723.0,636.5],[1724.0,636.5],[1725.0,636.5],[1726.0,637.5],[1727.0,637.5],[1727.5,638.0],[1728.5,639.0],[1729.0,639.5],[1729.5,640.0],[1730.5,641.0],[1730.5,642.0],[1731.0,642.5],[1731.5,644.0],[1731.5,645.0],[1731.0,645.5],[1730.5,647.0],[1730.0,647.5],[1729.5,648.0],[1728.5,649.0],[1728.0,649.5],[1727.5,650.0],[1727.0,650.5],[1726.0,651.5],[1725.5,652.0],[1725.0,652.5],[1724.0,653.5],[1723.5,654.0],[1723.0,654.5],[1722.0,655.5],[1721.5,656.0],[1721.0,656.5],[1720.0,657.5],[1719.5,658.0],[1719.0,658.5],[1718.0,659.5],[1717.5,660.0],[1717.0,660.5],[1715.0,660.5],[1714.5,661.0],[1714.0,661.5],[1712.0,661.5],[1711.0,661.5],[1710.5,662.0],[1710.0,662.5],[1708.0,662.5],[1707.0,662.5],[1706.0,662.5],[1704.0,662.5],[1703.0,662.5],[1702.0,662.5],[1701.0,663.5],[1700.0,663.5],[1699.0,663.5],[1697.0,663.5],[1696.0,663.5],[1695.0,663.5],[1693.0,663.5],[1692.5,664.0],[1692.0,664.5],[1690.0,664.5],[1689.0,664.5],[1688.0,664.5],[1687.0,665.5],[1686.0,665.5],[1685.0,665.5],[1684.0,665.5],[1683.0,664.5],[1682.0,664.5],[1681.5,665.0],[1680.0,665.5],[1679.0,665.5],[1678.0,665.5],[1676.5,666.0],[1676.0,666.5]]",243064.5095539093,431174.98070526123,75.46883010864258,,,,,0.0577490912,3651,SPW_0122,SPW_여수로_교각_도수면,SPW_0122,01430d7b-a72a-5d44-bd93-0b18cbfdf82e,0.9490398401774566,../../Data/DJI_20260826124557_0200_V.JPG,../Overlay/SPL/P000719.png,mapped,local_surface_estimate
DJI_20260826124557_0200_V.JPG,P000720,SPL,박락,"[[1697.0,795.5],[1696.5,795.0],[1697.0,794.5],[1697.5,795.0],[1697.0,795.5]]",243064.0821404457,431174.71451568604,74.8695182800293,,,,,1.39086e-05,1,SPW_0122,SPW_여수로_교각_도수면,SPW_0122,01430d7b-a72a-5d44-bd93-0b18cbfdf82e,0.5093783140182495,../../Data/DJI_20260826124557_0200_V.JPG,../Overlay/SPL/P000720.png,mapped,local_surface_estimate
DJI_20260826124557_0200_V.JPG,P000721,SPL,박락,"[[1270.0,945.5],[1269.0,945.5],[1268.0,945.5],[1267.0,945.5],[1266.0,945.5],[1265.0,945.5],[1264.5,945.0],[1264.5,944.0],[1265.0,943.5],[1266.0,943.5],[1266.5,943.0],[1266.0,942.5],[1265.5,942.0],[1265.5,941.0],[1266.0,940.5],[1266.5,940.0],[1266.5,939.0],[1266.5,938.0],[1267.0,937.5],[1267.5,937.0],[1267.5,936.0],[1268.0,935.5],[1268.5,935.0],[1268.5,934.0],[1268.5,933.0],[1268.5,932.0],[1268.5,931.0],[1269.0,930.5],[1269.5,930.0],[1270.0,929.5],[1270.5,929.0],[1271.0,928.5],[1272.0,928.5],[1272.5,928.0],[1272.5,927.0],[1273.0,926.5],[1273.5,926.0],[1274.0,925.5],[1274.5,926.0],[1274.5,927.0],[1275.0,927.5],[1276.0,927.5],[1276.5,928.0],[1276.5,929.0],[1276.0,929.5],[1275.5,930.0],[1275.0,930.5],[1274.5,931.0],[1274.5,932.0],[1274.5,933.0],[1275.0,933.5],[1276.0,933.5],[1276.5,933.0],[1277.0,932.5],[1277.5,933.0],[1277.5,934.0],[1277.5,935.0],[1277.5,936.0],[1277.5,937.0],[1277.0,937.5],[1276.5,938.0],[1276.0,938.5],[1275.5,939.0],[1276.0,939.5],[1276.5,940.0],[1276.0,940.5],[1275.0,940.5],[1274.0,940.5],[1273.5,941.0],[1273.0,941.5],[1272.5,942.0],[1272.5,943.0],[1272.0,943.5],[1271.5,944.0],[1271.0,944.5],[1270.5,945.0],[1270.0,945.5]]",243063.28589391708,431175.5785751343,74.2808780670166,,,,,0.0016054596,139,SPW_0122,SPW_여수로_교각_도수면,SPW_0122,01430d7b-a72a-5d44-bd93-0b18cbfdf82e,0.5394357833073293,../../Data/DJI_20260826124557_0200_V.JPG,../Overlay/SPL/P000721.png,mapped,local_surface_estimate
DJI_20260826124557_0200_V.JPG,P000722,SPL,박락,"[[317.0,2248.5],[291.0,2239.5],[262.5,2234.0],[248.5,2213.0],[231.0,2195.5],[215.0,2212.5],[196.0,2195.5],[173.0,2183.5],[164.0,2164.5],[187.5,2158.0],[160.5,2150.0],[141.5,2142.0],[145.5,2123.0],[131.5,2103.0],[115.5,2084.0],[106.5,2064.0],[125.0,2047.5],[125.5,2030.0],[143.5,2013.0],[144.5,1989.0],[149.0,1963.5],[146.0,1942.5],[147.5,1924.0],[156.5,1914.0],[158.5,1886.0],[146.5,1865.0],[155.0,1840.5],[172.5,1822.0],[169.0,1798.5],[170.0,1773.5],[185.0,1757.5],[201.5,1776.0],[211.5,1761.0],[227.0,1741.5],[241.0,1732.5],[267.5,1742.0],[267.5,1769.0],[280.5,1791.0],[297.0,1810.5],[314.5,1828.0],[331.0,1846.5],[358.5,1849.0],[383.5,1838.0],[409.5,1829.0],[433.0,1817.5],[461.5,1810.0],[485.0,1798.5],[496.0,1774.5],[511.5,1755.0],[532.0,1739.5],[552.5,1725.0],[574.0,1711.5],[588.5,1712.0],[589.0,1727.5],[600.0,1743.5],[605.5,1767.0],[620.5,1784.0],[630.5,1798.0],[650.5,1800.0],[671.0,1802.5],[701.0,1796.5],[713.5,1819.0],[738.0,1825.5],[768.0,1819.5],[800.0,1816.5],[823.5,1805.0],[847.0,1807.5],[879.0,1803.5],[898.0,1789.5],[913.5,1770.0],[930.5,1754.0],[957.0,1762.5],[975.5,1779.0],[980.5,1805.0],[1007.0,1814.5],[1013.0,1841.5],[1008.5,1867.0],[991.5,1885.0],[1002.5,1910.0],[1007.0,1936.5],[1029.0,1941.5],[1061.0,1937.5],[1085.0,1926.5],[1103.0,1911.5],[1126.5,1900.0],[1151.5,1889.0],[1156.5,1862.0],[1183.0,1866.5],[1208.5,1860.0],[1232.0,1856.5],[1252.0,1863.5],[1272.5,1876.0],[1288.0,1880.5],[1315.0,1880.5],[1339.0,1873.5],[1352.0,1891.5],[1371.5,1891.0],[1396.0,1880.5],[1418.0,1867.5],[1446.0,1861.5],[1464.5,1845.0],[1482.5,1833.0],[1492.0,1856.5],[1511.5,1864.0],[1524.0,1854.5],[1535.5,1832.0],[1539.5,1808.0],[1552.5,1790.0],[1545.5,1781.0],[1535.5,1779.0],[1537.5,1756.0],[1548.0,1742.5],[1554.5,1732.0],[1563.0,1717.5],[1569.0,1702.5],[1565.5,1699.0],[1553.0,1684.5],[1535.5,1694.0],[1540.0,1663.5],[1539.5,1660.0],[1550.5,1650.0],[1544.5,1634.0],[1546.0,1619.5],[1535.5,1605.0],[1548.0,1583.5],[1554.5,1575.0],[1553.0,1557.5],[1565.5,1538.0],[1583.0,1535.5],[1584.5,1547.0],[1607.0,1543.5],[1634.5,1540.0],[1651.5,1533.0],[1661.0,1527.5],[1666.5,1519.0],[1684.0,1527.5],[1705.0,1535.5],[1734.0,1529.5],[1750.0,1517.5],[1766.5,1504.0],[1758.0,1522.5],[1766.5,1536.0],[1765.0,1553.5],[1782.5,1565.0],[1800.5,1580.0],[1817.0,1598.5],[1827.5,1622.0],[1846.0,1628.5],[1854.5,1653.0],[1856.5,1676.0],[1845.0,1698.5],[1835.0,1715.5],[1829.5,1741.0],[1815.5,1755.0],[1798.0,1768.5],[1788.5,1790.0],[1790.0,1813.5],[1789.0,1843.5],[1769.0,1852.5],[1755.5,1868.0],[1764.5,1895.0],[1767.0,1922.5],[1748.0,1938.5],[1733.5,1957.0],[1706.5,1966.0],[1697.5,1992.0],[1680.5,2010.0],[1678.5,2035.0],[1685.0,2050.5],[1683.5,2075.0],[1682.5,2103.0],[1684.5,2119.0],[1666.5,2121.0],[1662.5,2096.0],[1643.5,2090.0],[1614.5,2086.0],[1591.0,2075.5],[1562.0,2069.5],[1535.5,2064.0],[1507.0,2067.5],[1477.0,2068.5],[1451.0,2073.5],[1425.0,2081.5],[1398.0,2073.5],[1375.0,2077.5],[1345.0,2083.5],[1316.0,2081.5],[1294.0,2094.5],[1269.0,2102.5],[1249.0,2092.5],[1224.0,2088.5],[1205.5,2105.0],[1191.0,2091.5],[1166.0,2098.5],[1139.5,2098.0],[1126.5,2080.0],[1111.5,2061.0],[1092.5,2066.0],[1071.5,2078.0],[1053.0,2094.5],[1027.0,2096.5],[1004.5,2108.0],[979.0,2108.5],[962.5,2091.0],[939.0,2079.5],[911.0,2076.5],[883.0,2081.5],[858.0,2090.5],[845.5,2113.0],[821.0,2117.5],[798.0,2125.5],[778.5,2136.0],[752.0,2136.5],[725.0,2142.5],[697.0,2150.5],[673.5,2161.0],[646.0,2153.5],[623.5,2156.0],[598.0,2156.5],[576.0,2143.5],[575.0,2116.5],[588.5,2094.0],[600.5,2071.0],[609.0,2045.5],[617.5,2020.0],[630.5,1997.0],[638.5,1972.0],[639.0,1949.5],[662.5,1938.0],[678.5,1920.0],[677.0,1896.5],[655.0,1883.5],[623.0,1885.5],[594.0,1881.5],[569.5,1892.0],[549.0,1906.5],[523.0,1916.5],[494.0,1922.5],[465.5,1929.0],[436.0,1935.5],[423.5,1958.0],[428.5,1984.0],[419.5,2008.0],[411.0,2033.5],[431.0,2037.5],[448.5,2043.0],[438.5,2056.0],[429.5,2083.0],[416.5,2105.0],[417.5,2137.0],[411.5,2167.0],[400.5,2191.0],[384.0,2209.5],[366.5,2227.0],[340.0,2236.5],[317.0,2248.5]]",243061.27802991867,431175.07179260254,71.58329200744629,,,,,2.7394459781,501000,SPW_0142,SPW_여수로_교각_도수면,SPW_0142,eff00c30-ce2d-5fd2-a2fb-7071f18a52b7,0.9663900414542286,../../Data/DJI_20260826124557_0200_V.JPG,../Overlay/SPL/P000722.png,mapped,local_surface_estimate
DJI_20260826124557_0200_V.JPG,P000723,SPL,박락,"[[1612.0,1536.5],[1611.0,1536.5],[1610.0,1536.5],[1609.0,1536.5],[1608.0,1536.5],[1607.0,1536.5],[1606.0,1536.5],[1605.0,1536.5],[1604.0,1536.5],[1603.0,1536.5],[1602.5,1536.0],[1603.0,1535.5],[1604.0,1535.5],[1605.0,1535.5],[1606.0,1535.5],[1607.0,1535.5],[1608.0,1535.5],[1609.0,1535.5],[1610.0,1535.5],[1611.0,1535.5],[1612.0,1535.5],[1612.5,1536.0],[1612.0,1536.5]]",243062.3189291954,431174.15727996826,72.51996231079102,,,,,7.47508e-05,10,SPW_0122,SPW_여수로_교각_도수면,SPW_0122,01430d7b-a72a-5d44-bd93-0b18cbfdf82e,0.51984041929245,../../Data/DJI_20260826124557_0200_V.JPG,../Overlay/SPL/P000723.png,mapped,local_surface_estimate
DJI_20260826124557_0200_V.JPG,P000724,SPL,박락,"[[1546.0,1582.5],[1545.0,1582.5],[1544.5,1582.0],[1544.0,1581.5],[1543.5,1581.0],[1544.0,1580.5],[1545.0,1580.5],[1546.0,1580.5],[1547.0,1580.5],[1547.5,1581.0],[1547.0,1581.5],[1546.5,1582.0],[1546.0,1582.5]]",243062.1937766075,431174.2530822754,72.40130615234375,,,,,4.32278e-05,6,SPW_0122,SPW_여수로_교각_도수면,SPW_0122,01430d7b-a72a-5d44-bd93-0b18cbfdf82e,0.5029573092857996,../../Data/DJI_20260826124557_0200_V.JPG,../Overlay/SPL/P000724.png,mapped,local_surface_estimate
DJI_20260826124557_0200_V.JPG,P000725,SPL,박락,"[[1537.0,1634.5],[1536.5,1634.0],[1536.5,1633.0],[1536.5,1632.0],[1537.0,1631.5],[1537.5,1632.0],[1537.5,1633.0],[1537.5,1634.0],[1537.0,1634.5]]",243062.0995707512,431174.22663879395,72.26998901367188,,,,,2.0897e-05,3,SPW_0122,SPW_여수로_교각_도수면,SPW_0122,01430d7b-a72a-5d44-bd93-0b18cbfdf82e,0.4971352815628052,../../Data/DJI_20260826124557_0200_V.JPG,../Overlay/SPL/P000725.png,mapped,local_surface_estimate
DJI_20260826124557_0200_V.JPG,P000726,SPL,박락,"[[1537.0,1642.5],[1536.5,1642.0],[1536.5,1641.0],[1537.0,1640.5],[1537.5,1640.0],[1537.5,1639.0],[1538.0,1638.5],[1538.5,1638.0],[1539.0,1637.5],[1539.5,1637.0],[1540.0,1636.5],[1540.5,1637.0],[1540.5,1638.0],[1540.0,1638.5],[1539.5,1639.0],[1539.5,1640.0],[1539.0,1640.5],[1538.5,1641.0],[1538.0,1641.5],[1537.5,1642.0],[1537.0,1642.5]]",243062.09024858475,431174.2195625305,72.25509262084961,,,,,6.94197e-05,10,SPW_0122,SPW_여수로_교각_도수면,SPW_0122,01430d7b-a72a-5d44-bd93-0b18cbfdf82e,0.49881450831890106,../../Data/DJI_20260826124557_0200_V.JPG,../Overlay/SPL/P000726.png,mapped,local_surface_estimate
DJI_20260826124557_0200_V.JPG,P000727,SPL,박락,"[[1546.0,1649.5],[1545.0,1649.5],[1544.5,1649.0],[1545.0,1648.5],[1546.0,1648.5],[1546.5,1649.0],[1546.0,1649.5]]",243062.0786652565,431174.1965522766,72.23052597045898,,,,,1.38114e-05,2,SPW_0122,SPW_여수로_교각_도수면,SPW_0122,01430d7b-a72a-5d44-bd93-0b18cbfdf82e,0.499218687415123,../../Data/DJI_20260826124557_0200_V.JPG,../Overlay/SPL/P000727.png,mapped,local_surface_estimate
DJI_20260826124557_0200_V.JPG,P000728,SPL,박락,"[[1546.0,1687.5],[1545.0,1687.5],[1544.5,1687.0],[1545.0,1686.5],[1546.0,1686.5],[1546.5,1687.0],[1546.0,1687.5]]",243062.01574659348,431174.16565322876,72.13717651367188,,,,,1.34874e-05,2,SPW_0122,SPW_여수로_교각_도수면,SPW_0122,01430d7b-a72a-5d44-bd93-0b18cbfdf82e,0.4985668361186981,../../Data/DJI_20260826124557_0200_V.JPG,../Overlay/SPL/P000728.png,mapped,local_surface_estimate
DJI_20260826124557_0200_V.JPG,P000729,SPL,박락,"[[1553.0,1689.5],[1552.5,1689.0],[1552.5,1688.0],[1553.0,1687.5],[1553.5,1687.0],[1554.0,1686.5],[1555.0,1686.5],[1555.5,1687.0],[1555.0,1687.5],[1554.5,1688.0],[1554.0,1688.5],[1553.5,1689.0],[1553.0,1689.5]]",243062.02061986923,431174.14598464966,72.1350040435791,,,,,3.37381e-05,5,SPW_0122,SPW_여수로_교각_도수면,SPW_0122,01430d7b-a72a-5d44-bd93-0b18cbfdf82e,0.49986415505409243,../../Data/DJI_20260826124557_0200_V.JPG,../Overlay/SPL/P000729.png,mapped,local_surface_estimate
DJI_20260826124557_0200_V.JPG,P000730,SPL,박락,"[[1544.0,1692.5],[1543.5,1692.0],[1543.5,1691.0],[1543.5,1690.0],[1544.0,1689.5],[1544.5,1690.0],[1544.5,1691.0],[1544.5,1692.0],[1544.0,1692.5]]",243062.0084581375,431174.16452407837,72.12740707397461,,,,,2.01781e-05,3,SPW_0122,SPW_여수로_교각_도수면,SPW_0122,01430d7b-a72a-5d44-bd93-0b18cbfdf82e,0.497560848792394,../../Data/DJI_20260826124557_0200_V.JPG,../Overlay/SPL/P000730.png,mapped,local_surface_estimate
DJI_20260826124557_0200_V.JPG,P000731,SPL,박락,"[[1545.0,1694.5],[1544.5,1694.0],[1545.0,1693.5],[1545.5,1694.0],[1545.0,1694.5]]",243062.0042643547,431174.1600151062,72.12014198303223,,,,,6.7148e-06,1,SPW_0122,SPW_여수로_교각_도수면,SPW_0122,01430d7b-a72a-5d44-bd93-0b18cbfdf82e,0.4968385100364685,../../Data/DJI_20260826124557_0200_V.JPG,../Overlay/SPL/P000731.png,mapped,local_surface_estimate
DJI_20260826124557_0200_V.JPG,P000732,SPL,박락,"[[1557.0,1694.5],[1556.0,1694.5],[1555.0,1694.5],[1554.5,1694.0],[1555.0,1693.5],[1556.0,1693.5],[1557.0,1693.5],[1557.5,1694.0],[1557.0,1694.5]]",243062.01221323013,431174.1369857788,72.12045669555664,,,,,2.01679e-05,3,SPW_0122,SPW_여수로_교각_도수면,SPW_0122,01430d7b-a72a-5d44-bd93-0b18cbfdf82e,0.4972184896469116,../../Data/DJI_20260826124557_0200_V.JPG,../Overlay/SPL/P000732.png,mapped,local_surface_estimate
DJI_20260826124557_0200_V.JPG,P000733,SPL,박락,"[[1545.0,1697.5],[1544.0,1697.5],[1543.5,1697.0],[1543.5,1696.0],[1544.0,1695.5],[1545.0,1695.5],[1545.5,1696.0],[1545.5,1697.0],[1545.0,1697.5]]",243062.0002670288,431174.16049575806,72.11525344848633,,,,,2.68195e-05,4,SPW_0122,SPW_여수로_교각_도수면,SPW_0122,01430d7b-a72a-5d44-bd93-0b18cbfdf82e,0.4991636723279953,../../Data/DJI_20260826124557_0200_V.JPG,../Overlay/SPL/P000733.png,mapped,local_surface_estimate
DJI_20260826124557_0200_V.JPG,P000734,SPL,박락,"[[1549.0,1702.5],[1548.0,1702.5],[1547.5,1702.0],[1547.0,1701.5],[1546.5,1701.0],[1547.0,1700.5],[1547.5,1700.0],[1547.0,1699.5],[1546.5,1699.0],[1546.5,1698.0],[1546.5,1697.0],[1547.0,1696.5],[1548.0,1696.5],[1549.0,1696.5],[1550.0,1696.5],[1550.5,1697.0],[1550.5,1698.0],[1550.0,1698.5],[1549.5,1699.0],[1550.0,1699.5],[1551.0,1699.5],[1552.0,1699.5],[1552.5,1700.0],[1552.5,1701.0],[1552.0,1701.5],[1551.0,1701.5],[1550.0,1701.5],[1549.5,1702.0],[1549.0,1702.5]]",243061.99896764755,431174.1476325989,72.10811614990234,,,,,0.0001607279,24,SPW_0122,SPW_여수로_교각_도수면,SPW_0122,01430d7b-a72a-5d44-bd93-0b18cbfdf82e,0.5000235935052236,../../Data/DJI_20260826124557_0200_V.JPG,../Overlay/SPL/P000734.png,mapped,local_surface_estimate
DJI_20260826124557_0200_V.JPG,P000735,SPL,박락,"[[1560.0,1699.5],[1559.0,1699.5],[1558.5,1699.0],[1559.0,1698.5],[1560.0,1698.5],[1560.5,1699.0],[1560.0,1699.5]]",243062.00618553162,431174.1267089844,72.10839653015137,,,,,1.34153e-05,2,SPW_0122,SPW_여수로_교각_도수면,SPW_0122,01430d7b-a72a-5d44-bd93-0b18cbfdf82e,0.4999340921640396,../../Data/DJI_20260826124557_0200_V.JPG,../Overlay/SPL/P000735.png,mapped,local_surface_estimate
DJI_20260826124557_0200_V.JPG,P000736,SPL,박락,"[[1557.0,1702.5],[1556.0,1702.5],[1555.5,1702.0],[1556.0,1701.5],[1557.0,1701.5],[1557.5,1702.0],[1557.0,1702.5]]",243061.99911165237,431174.1305961609,72.10103797912598,,,,,1.33815e-05,2,SPW_0122,SPW_여수로_교각_도수면,SPW_0122,01430d7b-a72a-5d44-bd93-0b18cbfdf82e,0.5000061690807343,../../Data/DJI_20260826124557_0200_V.JPG,../Overlay/SPL/P000736.png,mapped,local_surface_estimate
DJI_20260826124557_0200_V.JPG,P000737,SPL,박락,"[[1551.0,1708.5],[1550.5,1708.0],[1550.5,1707.0],[1551.0,1706.5],[1551.5,1707.0],[1551.5,1708.0],[1551.0,1708.5]]",243061.98734521866,431174.13705825806,72.08879661560059,,,,,1.33311e-05,2,SPW_0122,SPW_여수로_교각_도수면,SPW_0122,01430d7b-a72a-5d44-bd93-0b18cbfdf82e,0.49735280871391296,../../Data/DJI_20260826124557_0200_V.JPG,../Overlay/SPL/P000737.png,mapped,local_surface_estimate
DJI_20260826124557_0200_V.JPG,P000738,SPL,박락,"[[1547.0,1713.5],[1546.5,1713.0],[1546.0,1712.5],[1545.5,1712.0],[1546.0,1711.5],[1546.5,1711.0],[1547.0,1710.5],[1547.5,1710.0],[1548.0,1709.5],[1549.0,1709.5],[1549.5,1710.0],[1549.0,1710.5],[1548.5,1711.0],[1548.5,1712.0],[1548.0,1712.5],[1547.5,1713.0],[1547.0,1713.5]]",243061.9779510498,431174.14221191406,72.07902526855469,,,,,5.31612e-05,8,SPW_0122,SPW_여수로_교각_도수면,SPW_0122,01430d7b-a72a-5d44-bd93-0b18cbfdf82e,0.4975767843425274,../../Data/DJI_20260826124557_0200_V.JPG,../Overlay/SPL/P000738.png,mapped,local_surface_estimate
DJI_20260826124557_0200_V.JPG,P000739,SPL,박락,"[[1477.0,1835.5],[1476.5,1835.0],[1477.0,1834.5],[1477.5,1835.0],[1477.0,1835.5]]",243061.73285245895,431174.18798828125,71.78619384765625,,,,,6.1125e-06,1,SPW_0142,SPW_여수로_교각_도수면,SPW_0142,eff00c30-ce2d-5fd2-a2fb-7071f18a52b7,0.513729453086853,../../Data/DJI_20260826124557_0200_V.JPG,../Overlay/SPL/P000739.png,mapped,local_surface_estimate
DJI_20260826124557_0200_V.JPG,P000740,SPL,박락,"[[1524.0,1857.5],[1523.5,1857.0],[1524.0,1856.5],[1524.5,1857.0],[1524.0,1857.5]]",243061.73150539398,431174.0757408142,71.73663902282715,,,,,6.0633e-06,1,SPW_0142,SPW_여수로_교각_도수면,SPW_0142,eff00c30-ce2d-5fd2-a2fb-7071f18a52b7,0.5112895965576172,../../Data/DJI_20260826124557_0200_V.JPG,../Overlay/SPL/P000740.png,mapped,local_surface_estimate
DJI_20260826124557_0200_V.JPG,P000741,SPL,박락,"[[1522.0,1859.5],[1521.5,1859.0],[1522.0,1858.5],[1522.5,1859.0],[1522.0,1859.5]]",243061.72707414627,431174.0782699585,71.73207092285156,,,,,6.0541e-06,1,SPW_0142,SPW_여수로_교각_도수면,SPW_0142,eff00c30-ce2d-5fd2-a2fb-7071f18a52b7,0.5156809091567993,../../Data/DJI_20260826124557_0200_V.JPG,../Overlay/SPL/P000741.png,mapped,local_surface_estimate
DJI_20260826124557_0200_V.JPG,P000742,SPL,박락,"[[139.0,1941.5],[138.5,1941.0],[139.0,1940.5],[139.5,1941.0],[139.0,1941.5]]",243060.7249789238,431176.631149292,71.54314422607422,,,,,4.9072e-06,1,SPW_0142,SPW_여수로_교각_도수면,SPW_0142,eff00c30-ce2d-5fd2-a2fb-7071f18a52b7,0.5103585720062256,../../Data/DJI_20260826124557_0200_V.JPG,../Overlay/SPL/P000742.png,mapped,local_surface_estimate
DJI_20260826124557_0200_V.JPG,P000743,SPL,박락,"[[418.0,2036.5],[417.0,2036.5],[416.0,2036.5],[415.5,2036.0],[416.0,2035.5],[417.0,2035.5],[417.5,2035.0],[418.0,2034.5],[418.5,2035.0],[418.5,2036.0],[418.0,2036.5]]",243060.77441358566,431176.0251083374,71.34783744812012,,,,,1.92177e-05,4,SPW_0142,SPW_여수로_교각_도수면,SPW_0142,eff00c30-ce2d-5fd2-a2fb-7071f18a52b7,0.5013968646526337,../../Data/DJI_20260826124557_0200_V.JPG,../Overlay/SPL/P000743.png,mapped,local_surface_estimate
DJI_20260826124557_0200_V.JPG,P000744,SPL,박락,"[[939.0,2110.5],[938.0,2110.5],[937.0,2110.5],[936.0,2110.5],[935.0,2110.5],[934.0,2110.5],[933.0,2110.5],[932.0,2110.5],[931.0,2110.5],[930.0,2110.5],[929.0,2110.5],[928.5,2110.0],[928.0,2109.5],[927.5,2109.0],[927.0,2108.5],[926.0,2108.5],[925.5,2109.0],[925.0,2109.5],[924.0,2109.5],[923.0,2109.5],[922.5,2109.0],[922.5,2108.0],[922.0,2107.5],[921.0,2107.5],[920.0,2107.5],[919.0,2107.5],[918.5,2107.0],[918.5,2106.0],[918.0,2105.5],[917.5,2105.0],[917.0,2104.5],[916.0,2104.5],[915.0,2104.5],[914.5,2104.0],[914.0,2103.5],[913.5,2103.0],[913.5,2102.0],[913.5,2101.0],[913.5,2100.0],[913.5,2099.0],[913.0,2098.5],[912.5,2098.0],[912.5,2097.0],[913.0,2096.5],[913.5,2096.0],[914.0,2095.5],[914.5,2095.0],[915.0,2094.5],[915.5,2094.0],[915.5,2093.0],[915.5,2092.0],[915.0,2091.5],[914.0,2091.5],[913.0,2091.5],[912.5,2092.0],[912.0,2092.5],[911.5,2092.0],[912.0,2091.5],[912.5,2091.0],[913.0,2090.5],[913.5,2090.0],[913.5,2089.0],[913.5,2088.0],[914.0,2087.5],[915.0,2087.5],[916.0,2087.5],[916.5,2087.0],[917.0,2086.5],[917.5,2086.0],[918.0,2085.5],[918.5,2085.0],[918.5,2084.0],[919.0,2083.5],[920.0,2083.5],[921.0,2083.5],[921.5,2084.0],[922.0,2084.5],[923.0,2084.5],[924.0,2084.5],[925.0,2084.5],[925.5,2084.0],[926.0,2083.5],[927.0,2083.5],[927.5,2084.0],[927.0,2084.5],[926.5,2085.0],[927.0,2085.5],[928.0,2085.5],[929.0,2085.5],[929.5,2086.0],[929.5,2087.0],[930.0,2087.5],[930.5,2088.0],[931.0,2088.5],[931.5,2089.0],[932.0,2089.5],[932.5,2090.0],[933.0,2090.5],[934.0,2090.5],[934.5,2091.0],[935.0,2091.5],[935.5,2092.0],[936.0,2092.5],[936.5,2093.0],[937.0,2093.5],[938.0,2093.5],[938.5,2094.0],[939.0,2094.5],[940.0,2094.5],[940.5,2095.0],[941.0,2095.5],[941.5,2096.0],[942.0,2096.5],[943.0,2096.5],[944.0,2096.5],[944.5,2097.0],[945.0,2097.5],[946.0,2097.5],[946.5,2098.0],[947.0,2098.5],[948.0,2098.5],[949.0,2098.5],[950.0,2098.5],[950.5,2099.0],[951.0,2099.5],[951.5,2100.0],[952.0,2100.5],[953.0,2100.5],[953.5,2101.0],[954.0,2101.5],[954.5,2102.0],[954.0,2102.5],[953.5,2103.0],[953.5,2104.0],[953.0,2104.5],[952.5,2105.0],[952.0,2105.5],[951.5,2106.0],[951.0,2106.5],[950.0,2106.5],[949.5,2107.0],[949.0,2107.5],[948.0,2107.5],[947.0,2107.5],[946.0,2107.5],[945.0,2107.5],[944.5,2108.0],[944.0,2108.5],[943.0,2108.5],[942.5,2109.0],[942.0,2109.5],[941.0,2109.5],[940.0,2109.5],[939.5,2110.0],[939.0,2110.5]]",243061.00585460663,431175.0263442993,71.21707725524902,,,,,0.0033631328,684,SPW_0142,SPW_여수로_교각_도수면,SPW_0142,eff00c30-ce2d-5fd2-a2fb-7071f18a52b7,0.7543153498779264,../../Data/DJI_20260826124557_0200_V.JPG,../Overlay/SPL/P000744.png,mapped,local_surface_estimate
DJI_20260826124557_0200_V.JPG,P000745,SPL,박락,"[[1247.0,2097.5],[1246.5,2097.0],[1247.0,2096.5],[1247.5,2097.0],[1247.0,2097.5]]",243061.20529699326,431174.43327331543,71.21845531463623,,,,,5.1061e-06,1,SPW_0142,SPW_여수로_교각_도수면,SPW_0142,eff00c30-ce2d-5fd2-a2fb-7071f18a52b7,0.5125047564506531,../../Data/DJI_20260826124557_0200_V.JPG,../Overlay/SPL/P000745.png,mapped,local_surface_estimate
DJI_20260826124557_0200_V.JPG,P000746,SPL,박락,"[[837.0,2128.5],[836.5,2128.0],[836.5,2127.0],[837.0,2126.5],[837.5,2127.0],[837.5,2128.0],[837.0,2128.5]]",243060.91348934174,431175.1726112366,71.16171169281006,,,,,9.5824e-06,2,SPW_0142,SPW_여수로_교각_도수면,SPW_0142,eff00c30-ce2d-5fd2-a2fb-7071f18a52b7,0.5143782496452332,../../Data/DJI_20260826124557_0200_V.JPG,../Overlay/SPL/P000746.png,mapped,local_surface_estimate
DJI_20260826124557_0200_V.JPG,P000747,SPL,박락,"[[833.0,2141.5],[832.0,2141.5],[831.5,2141.0],[831.0,2140.5],[830.0,2140.5],[829.5,2141.0],[829.0,2141.5],[828.5,2141.0],[828.0,2140.5],[827.5,2140.0],[827.5,2139.0],[827.5,2138.0],[827.0,2137.5],[826.5,2138.0],[826.0,2138.5],[825.0,2138.5],[824.0,2138.5],[823.5,2138.0],[823.0,2137.5],[822.0,2137.5],[821.5,2137.0],[821.5,2136.0],[822.0,2135.5],[822.5,2135.0],[822.5,2134.0],[823.0,2133.5],[824.0,2133.5],[824.5,2133.0],[825.0,2132.5],[826.0,2132.5],[826.5,2132.0],[827.0,2131.5],[827.5,2132.0],[828.0,2132.5],[829.0,2132.5],[829.5,2132.0],[830.0,2131.5],[830.5,2131.0],[831.0,2130.5],[831.5,2130.0],[831.5,2129.0],[832.0,2128.5],[832.5,2129.0],[833.0,2129.5],[833.5,2130.0],[834.0,2130.5],[835.0,2130.5],[835.5,2130.0],[836.0,2129.5],[837.0,2129.5],[837.5,2130.0],[838.0,2130.5],[838.5,2131.0],[838.5,2132.0],[838.5,2133.0],[838.5,2134.0],[838.0,2134.5],[837.5,2135.0],[837.5,2136.0],[837.5,2137.0],[837.0,2137.5],[836.5,2138.0],[836.0,2138.5],[835.5,2139.0],[835.0,2139.5],[834.5,2140.0],[834.0,2140.5],[833.5,2141.0],[833.0,2141.5]]",243060.89978551865,431175.1763496399,71.14584159851074,,,,,0.0006196112,130,SPW_0142,SPW_여수로_교각_도수면,SPW_0142,eff00c30-ce2d-5fd2-a2fb-7071f18a52b7,0.590493081166194,../../Data/DJI_20260826124557_0200_V.JPG,../Overlay/SPL/P000747.png,mapped,local_surface_estimate
DJI_20260826124557_0200_V.JPG,P000748,SPL,박락,"[[809.0,2135.5],[808.5,2135.0],[809.0,2134.5],[809.5,2134.0],[810.0,2133.5],[810.5,2133.0],[811.0,2132.5],[811.5,2133.0],[811.5,2134.0],[811.0,2134.5],[810.0,2134.5],[809.5,2135.0],[809.0,2135.5]]",243060.88838911057,431175.21562957764,71.14806175231934,,,,,1.90315e-05,4,SPW_0142,SPW_여수로_교각_도수면,SPW_0142,eff00c30-ce2d-5fd2-a2fb-7071f18a52b7,0.5042014047503471,../../Data/DJI_20260826124557_0200_V.JPG,../Overlay/SPL/P000748.png,mapped,local_surface_estimate
DJI_20260826124557_0200_V.JPG,P000749,SPL,박락,"[[1508.0,2509.5],[1503.0,2509.5],[1496.5,2509.0],[1490.5,2508.0],[1485.0,2506.5],[1479.0,2506.5],[1473.0,2507.5],[1467.0,2506.5],[1461.5,2505.0],[1457.0,2502.5],[1454.0,2498.5],[1451.0,2494.5],[1447.0,2491.5],[1442.5,2491.0],[1437.0,2492.5],[1431.0,2493.5],[1426.0,2491.5],[1423.0,2487.5],[1419.5,2484.0],[1415.0,2481.5],[1409.0,2482.5],[1404.5,2484.0],[1399.0,2485.5],[1393.0,2486.5],[1388.0,2486.5],[1383.0,2488.5],[1377.0,2487.5],[1371.0,2488.5],[1365.0,2487.5],[1360.5,2486.0],[1356.0,2483.5],[1352.5,2480.0],[1348.5,2477.0],[1345.5,2473.0],[1341.0,2470.5],[1336.0,2468.5],[1332.0,2465.5],[1327.0,2463.5],[1323.5,2461.0],[1320.5,2457.0],[1317.0,2453.5],[1312.5,2451.0],[1306.5,2450.0],[1301.0,2448.5],[1295.0,2447.5],[1289.0,2446.5],[1284.0,2445.5],[1279.0,2443.5],[1275.0,2442.5],[1269.0,2441.5],[1262.0,2441.5],[1256.5,2443.0],[1252.0,2445.5],[1248.5,2449.0],[1246.0,2452.5],[1243.5,2457.0],[1239.5,2460.0],[1235.0,2462.5],[1229.5,2464.0],[1223.5,2465.0],[1217.0,2465.5],[1210.0,2465.5],[1204.0,2465.5],[1198.0,2466.5],[1192.5,2468.0],[1187.0,2469.5],[1181.0,2470.5],[1177.0,2473.5],[1173.0,2476.5],[1170.0,2480.5],[1166.5,2483.0],[1163.0,2486.5],[1159.5,2488.0],[1154.0,2489.5],[1149.5,2489.0],[1145.0,2486.5],[1140.5,2484.0],[1137.0,2480.5],[1132.5,2478.0],[1128.0,2476.5],[1121.0,2476.5],[1116.0,2474.5],[1111.0,2476.5],[1106.0,2474.5],[1100.5,2476.0],[1096.5,2474.0],[1093.0,2470.5],[1089.5,2468.0],[1085.0,2465.5],[1080.0,2463.5],[1075.5,2461.0],[1071.5,2458.0],[1069.0,2453.5],[1067.0,2448.5],[1063.5,2445.0],[1060.0,2442.5],[1061.5,2438.0],[1065.0,2434.5],[1069.5,2432.0],[1076.0,2431.5],[1083.0,2431.5],[1088.5,2430.0],[1089.5,2424.0],[1089.0,2418.5],[1088.5,2414.0],[1090.0,2408.5],[1092.5,2404.0],[1096.0,2400.5],[1099.0,2400.5],[1105.0,2399.5],[1110.0,2397.5],[1115.0,2395.5],[1118.5,2393.0],[1123.0,2390.5],[1128.0,2390.5],[1132.5,2392.0],[1138.0,2392.5],[1142.0,2395.5],[1147.0,2393.5],[1147.5,2389.0],[1151.0,2386.5],[1156.0,2386.5],[1161.0,2386.5],[1166.0,2384.5],[1171.5,2383.0],[1177.0,2381.5],[1182.0,2379.5],[1187.5,2380.0],[1192.0,2378.5],[1198.0,2379.5],[1204.0,2380.5],[1209.5,2382.0],[1215.0,2383.5],[1220.0,2385.5],[1225.0,2387.5],[1230.0,2389.5],[1234.5,2391.0],[1241.0,2391.5],[1247.0,2392.5],[1252.0,2392.5],[1258.5,2392.0],[1264.0,2390.5],[1268.5,2388.0],[1274.5,2387.0],[1278.5,2385.0],[1279.5,2379.0],[1285.0,2379.5],[1290.0,2377.5],[1295.0,2377.5],[1299.0,2377.5],[1301.0,2379.5],[1305.5,2380.0],[1308.0,2378.5],[1308.0,2375.5],[1305.5,2371.0],[1301.0,2368.5],[1296.0,2366.5],[1291.0,2364.5],[1287.5,2361.0],[1285.5,2356.0],[1283.0,2351.5],[1284.0,2347.5],[1287.5,2348.0],[1292.0,2349.5],[1299.0,2349.5],[1304.0,2349.5],[1309.0,2347.5],[1314.5,2346.0],[1321.0,2345.5],[1326.0,2346.5],[1331.5,2348.0],[1337.0,2349.5],[1344.0,2349.5],[1350.0,2350.5],[1356.0,2349.5],[1362.0,2348.5],[1367.0,2346.5],[1372.0,2345.5],[1378.0,2344.5],[1385.0,2344.5],[1391.0,2343.5],[1396.5,2342.0],[1401.5,2340.0],[1406.0,2339.5],[1413.0,2339.5],[1417.5,2340.0],[1422.0,2341.5],[1428.0,2340.5],[1434.0,2339.5],[1440.0,2338.5],[1446.0,2337.5],[1451.5,2336.0],[1455.5,2335.0],[1460.5,2334.0],[1465.0,2335.5],[1469.5,2338.0],[1475.0,2339.5],[1478.5,2343.0],[1484.0,2344.5],[1489.0,2346.5],[1493.0,2349.5],[1498.0,2351.5],[1502.5,2353.0],[1507.0,2355.5],[1512.0,2357.5],[1516.0,2360.5],[1521.0,2362.5],[1526.0,2364.5],[1533.0,2364.5],[1539.0,2363.5],[1545.0,2363.5],[1552.0,2363.5],[1558.0,2362.5],[1564.0,2361.5],[1570.0,2360.5],[1576.0,2359.5],[1581.5,2361.0],[1583.5,2366.0],[1584.5,2371.0],[1584.5,2378.0],[1584.5,2385.0],[1584.5,2392.0],[1585.5,2398.0],[1586.5,2404.0],[1586.5,2411.0],[1587.5,2417.0],[1587.5,2424.0],[1587.0,2429.5],[1585.5,2435.0],[1584.5,2441.0],[1583.5,2447.0],[1582.5,2453.0],[1581.5,2459.0],[1581.0,2465.5],[1579.0,2470.5],[1578.0,2475.5],[1576.5,2481.0],[1575.0,2486.5],[1572.0,2488.5],[1568.5,2485.0],[1564.0,2482.5],[1560.5,2479.0],[1558.0,2474.5],[1554.5,2477.0],[1550.0,2479.5],[1544.5,2481.0],[1540.0,2481.5],[1535.5,2482.0],[1531.0,2484.5],[1527.0,2487.5],[1524.5,2492.0],[1522.5,2496.0],[1520.5,2501.0],[1517.0,2504.5],[1513.0,2507.5],[1508.0,2509.5]]",243060.86332035065,431173.9802970886,70.58923053741455,,,,,0.2421660622,56334,SPW_0142,SPW_여수로_교각_도수면,SPW_0142,eff00c30-ce2d-5fd2-a2fb-7071f18a52b7,0.9330108182220221,../../Data/DJI_20260826124557_0200_V.JPG,../Overlay/SPL/P000749.png,mapped,local_surface_estimate
DJI_20260826124557_0200_V.JPG,P000750,SPL,박락,"[[2271.0,2586.5],[2264.0,2586.5],[2259.0,2584.5],[2255.0,2582.5],[2249.0,2581.5],[2242.0,2581.5],[2236.0,2582.5],[2231.0,2581.5],[2225.0,2580.5],[2219.0,2579.5],[2212.0,2579.5],[2205.0,2579.5],[2199.0,2579.5],[2193.0,2578.5],[2188.0,2576.5],[2184.0,2573.5],[2178.0,2572.5],[2172.5,2573.0],[2166.0,2573.5],[2161.0,2571.5],[2157.5,2568.0],[2155.5,2564.0],[2153.5,2559.0],[2155.0,2553.5],[2156.5,2548.0],[2158.5,2544.0],[2161.5,2542.0],[2167.0,2542.5],[2174.0,2542.5],[2179.0,2544.5],[2183.0,2547.5],[2186.5,2550.0],[2191.0,2552.5],[2198.0,2552.5],[2205.0,2552.5],[2210.0,2551.5],[2215.5,2550.0],[2219.5,2547.0],[2221.5,2542.0],[2218.0,2538.5],[2213.0,2537.5],[2207.0,2536.5],[2202.0,2534.5],[2198.5,2531.0],[2197.0,2525.5],[2196.5,2522.0],[2194.5,2517.0],[2191.5,2513.0],[2189.5,2508.0],[2189.5,2502.0],[2189.5,2495.0],[2189.5,2490.0],[2187.0,2485.5],[2183.5,2482.0],[2181.0,2479.5],[2182.5,2474.0],[2178.5,2473.0],[2178.5,2468.0],[2175.5,2465.0],[2172.5,2461.0],[2170.5,2456.0],[2168.5,2451.0],[2168.5,2444.0],[2169.5,2439.0],[2171.5,2434.0],[2176.0,2431.5],[2178.5,2427.0],[2177.5,2421.0],[2176.5,2416.0],[2176.5,2411.0],[2182.0,2409.5],[2188.0,2410.5],[2193.0,2411.5],[2198.5,2412.0],[2205.0,2411.5],[2211.0,2410.5],[2217.0,2409.5],[2223.0,2409.5],[2228.5,2409.0],[2233.0,2411.5],[2234.5,2417.0],[2233.5,2423.0],[2233.5,2429.0],[2238.0,2431.5],[2240.5,2436.0],[2243.5,2440.0],[2245.0,2444.5],[2249.0,2445.5],[2251.5,2450.0],[2256.0,2452.5],[2259.5,2454.0],[2263.0,2456.5],[2268.0,2458.5],[2272.0,2461.5],[2275.5,2465.0],[2279.0,2468.5],[2282.0,2471.5],[2288.0,2472.5],[2294.0,2473.5],[2299.5,2475.0],[2303.5,2477.0],[2307.0,2480.5],[2313.0,2481.5],[2319.0,2482.5],[2325.5,2482.0],[2331.0,2481.5],[2336.0,2479.5],[2341.0,2477.5],[2345.0,2474.5],[2348.5,2472.0],[2352.5,2469.0],[2357.5,2467.0],[2362.5,2467.0],[2368.0,2467.5],[2373.0,2468.5],[2379.5,2468.0],[2384.5,2466.0],[2389.0,2463.5],[2395.0,2462.5],[2401.0,2462.5],[2406.0,2464.5],[2411.5,2466.0],[2417.0,2467.5],[2421.5,2469.0],[2427.0,2470.5],[2431.5,2470.0],[2435.0,2468.5],[2440.0,2466.5],[2445.0,2465.5],[2451.0,2464.5],[2457.0,2463.5],[2463.0,2462.5],[2469.0,2461.5],[2475.0,2461.5],[2480.0,2463.5],[2486.0,2464.5],[2492.5,2465.0],[2498.0,2465.5],[2505.0,2465.5],[2509.5,2463.0],[2513.5,2460.0],[2518.0,2457.5],[2520.5,2454.0],[2522.0,2449.5],[2520.5,2444.0],[2522.0,2438.5],[2527.0,2436.5],[2531.0,2434.5],[2536.5,2433.0],[2542.0,2431.5],[2548.0,2432.5],[2552.0,2432.5],[2559.0,2432.5],[2565.0,2431.5],[2572.0,2431.5],[2579.0,2431.5],[2584.5,2432.0],[2589.5,2432.0],[2594.0,2434.5],[2597.0,2438.5],[2597.0,2442.5],[2599.5,2447.0],[2601.5,2452.0],[2605.0,2455.5],[2608.5,2459.0],[2611.0,2462.5],[2613.5,2467.0],[2617.0,2470.5],[2620.0,2474.5],[2623.0,2478.5],[2625.5,2482.0],[2628.0,2486.5],[2628.5,2491.0],[2626.5,2496.0],[2626.0,2500.5],[2629.5,2504.0],[2631.0,2509.5],[2632.5,2515.0],[2631.5,2519.0],[2632.5,2524.0],[2632.0,2528.5],[2634.0,2532.5],[2633.0,2536.5],[2636.5,2536.0],[2637.5,2541.0],[2636.5,2547.0],[2635.0,2550.5],[2632.0,2554.5],[2629.0,2557.5],[2625.0,2560.5],[2622.5,2565.0],[2620.5,2570.0],[2622.5,2575.0],[2620.5,2579.0],[2615.0,2578.5],[2610.0,2578.5],[2604.0,2577.5],[2597.0,2577.5],[2592.5,2576.0],[2587.0,2574.5],[2581.0,2573.5],[2574.5,2574.0],[2570.0,2573.5],[2565.0,2571.5],[2558.0,2571.5],[2552.5,2570.0],[2547.0,2568.5],[2542.0,2567.5],[2537.0,2565.5],[2530.0,2565.5],[2523.5,2566.0],[2518.0,2566.5],[2511.0,2566.5],[2505.0,2567.5],[2500.0,2569.5],[2495.0,2571.5],[2490.0,2572.5],[2483.0,2572.5],[2477.0,2571.5],[2470.0,2571.5],[2463.0,2571.5],[2458.0,2572.5],[2452.0,2573.5],[2446.5,2575.0],[2441.0,2576.5],[2436.5,2578.0],[2431.5,2577.0],[2428.5,2575.0],[2424.0,2572.5],[2418.5,2573.0],[2414.0,2573.5],[2408.0,2574.5],[2401.0,2574.5],[2394.0,2574.5],[2388.0,2575.5],[2384.0,2577.5],[2378.5,2579.0],[2373.0,2580.5],[2367.0,2581.5],[2361.5,2581.0],[2355.0,2580.5],[2349.0,2579.5],[2343.0,2578.5],[2337.0,2577.5],[2333.0,2575.5],[2327.0,2574.5],[2320.0,2574.5],[2315.0,2576.5],[2309.5,2578.0],[2305.0,2579.5],[2300.0,2581.5],[2294.0,2582.5],[2288.0,2583.5],[2282.0,2583.5],[2275.5,2584.0],[2271.0,2586.5]]",243060.4977312088,431171.7962875366,70.50930309295654,,,,,0.1734759383,54933,여수로_피어_06,SPW_여수로_교각_도수면,,,0.9708827857617858,../../Data/DJI_20260826124557_0200_V.JPG,../Overlay/SPL/P000750.png,mapped,local_surface_estimate
DJI_20260826124557_0200_V.JPG,P000751,SPL,박락,"[[4616.0,2593.5],[4608.0,2592.5],[4601.0,2589.5],[4594.5,2587.0],[4589.0,2583.5],[4582.5,2580.0],[4575.0,2578.5],[4567.0,2577.5],[4559.0,2575.5],[4552.0,2573.5],[4544.0,2572.5],[4534.0,2572.5],[4526.0,2573.5],[4519.0,2573.5],[4510.0,2572.5],[4501.0,2572.5],[4493.0,2573.5],[4483.0,2573.5],[4476.0,2573.5],[4469.0,2573.5],[4460.0,2574.5],[4453.0,2574.5],[4445.5,2573.0],[4438.5,2571.0],[4430.0,2569.5],[4421.0,2569.5],[4413.0,2570.5],[4403.0,2570.5],[4394.0,2570.5],[4386.0,2571.5],[4376.0,2571.5],[4367.0,2571.5],[4360.0,2571.5],[4351.5,2571.0],[4348.0,2572.5],[4341.0,2572.5],[4332.0,2573.5],[4326.0,2572.5],[4317.0,2572.5],[4308.0,2571.5],[4302.0,2568.5],[4295.0,2566.5],[4286.0,2565.5],[4278.0,2564.5],[4270.0,2563.5],[4263.5,2561.0],[4260.5,2556.0],[4256.0,2551.5],[4252.0,2545.5],[4251.5,2539.0],[4249.5,2532.0],[4245.5,2526.0],[4242.5,2520.0],[4238.5,2515.0],[4235.0,2508.5],[4231.0,2503.5],[4226.0,2499.5],[4223.5,2492.0],[4220.0,2486.5],[4216.5,2481.0],[4211.0,2476.5],[4205.0,2473.5],[4200.0,2469.5],[4196.5,2463.0],[4200.0,2457.5],[4209.0,2457.5],[4215.0,2458.5],[4223.5,2457.0],[4231.0,2457.5],[4238.0,2457.5],[4245.5,2457.0],[4248.0,2450.5],[4247.5,2443.0],[4250.5,2436.0],[4255.0,2431.5],[4263.5,2431.0],[4271.5,2430.0],[4279.0,2431.5],[4288.0,2431.5],[4296.0,2433.5],[4303.0,2435.5],[4309.0,2438.5],[4313.5,2444.0],[4319.0,2447.5],[4326.0,2449.5],[4335.0,2450.5],[4342.5,2450.0],[4349.5,2452.0],[4355.5,2456.0],[4361.5,2459.0],[4367.5,2462.0],[4375.0,2464.5],[4380.0,2468.5],[4379.5,2476.0],[4375.0,2481.5],[4368.0,2483.5],[4361.0,2481.5],[4354.5,2485.0],[4351.5,2491.0],[4351.5,2500.0],[4351.5,2510.0],[4351.5,2519.0],[4351.5,2528.0],[4355.5,2534.0],[4361.5,2537.0],[4368.0,2539.5],[4377.0,2538.5],[4383.5,2536.0],[4390.0,2533.5],[4397.0,2531.5],[4405.0,2531.5],[4413.5,2532.0],[4420.5,2534.0],[4428.0,2536.5],[4436.0,2537.5],[4445.0,2537.5],[4455.0,2537.5],[4464.0,2537.5],[4473.0,2537.5],[4482.0,2536.5],[4490.0,2535.5],[4496.5,2533.0],[4503.0,2529.5],[4510.0,2531.5],[4518.0,2532.5],[4526.0,2530.5],[4532.0,2527.5],[4540.0,2526.5],[4548.0,2526.5],[4557.0,2526.5],[4564.0,2528.5],[4573.0,2529.5],[4581.0,2530.5],[4589.0,2531.5],[4598.0,2530.5],[4603.5,2527.0],[4607.5,2522.0],[4610.0,2514.5],[4613.5,2509.0],[4616.0,2502.5],[4622.0,2498.5],[4630.0,2497.5],[4637.0,2499.5],[4645.0,2501.5],[4652.0,2503.5],[4660.0,2504.5],[4669.0,2505.5],[4677.0,2504.5],[4683.0,2501.5],[4688.5,2498.0],[4696.0,2495.5],[4704.0,2494.5],[4713.0,2494.5],[4722.0,2493.5],[4730.0,2494.5],[4735.5,2496.0],[4743.0,2498.5],[4750.0,2500.5],[4755.0,2504.5],[4762.0,2507.5],[4767.5,2511.0],[4772.0,2515.5],[4781.0,2516.5],[4790.0,2516.5],[4797.0,2514.5],[4805.0,2512.5],[4813.0,2513.5],[4817.0,2518.5],[4823.0,2522.5],[4831.0,2523.5],[4839.0,2524.5],[4848.0,2525.5],[4856.0,2526.5],[4864.0,2525.5],[4874.0,2525.5],[4883.0,2525.5],[4891.0,2526.5],[4899.5,2525.0],[4907.0,2523.5],[4913.5,2521.0],[4922.0,2519.5],[4931.0,2519.5],[4940.0,2519.5],[4949.0,2518.5],[4957.0,2517.5],[4965.0,2516.5],[4975.0,2516.5],[4982.0,2518.5],[4988.5,2521.0],[4994.5,2525.0],[5000.0,2528.5],[5006.0,2531.5],[5011.0,2535.5],[5017.0,2539.5],[5025.0,2538.5],[5032.0,2536.5],[5038.0,2540.5],[5042.0,2545.5],[5047.5,2549.0],[5042.0,2553.5],[5036.0,2556.5],[5030.0,2559.5],[5024.0,2563.5],[5017.0,2565.5],[5010.0,2567.5],[5001.5,2569.0],[4993.0,2569.5],[4986.0,2569.5],[4977.5,2568.0],[4971.0,2565.5],[4965.0,2562.5],[4956.0,2561.5],[4947.0,2561.5],[4939.0,2560.5],[4930.0,2561.5],[4922.5,2563.0],[4916.0,2565.5],[4908.0,2567.5],[4901.0,2569.5],[4893.0,2568.5],[4883.0,2568.5],[4875.0,2567.5],[4867.0,2566.5],[4858.0,2567.5],[4849.0,2567.5],[4840.0,2567.5],[4830.0,2567.5],[4822.0,2566.5],[4814.0,2565.5],[4805.0,2564.5],[4797.5,2563.0],[4790.0,2561.5],[4782.5,2559.0],[4775.5,2557.0],[4767.5,2556.0],[4759.0,2555.5],[4750.5,2557.0],[4744.0,2559.5],[4738.0,2562.5],[4733.0,2565.5],[4724.0,2565.5],[4716.0,2566.5],[4706.0,2566.5],[4698.0,2567.5],[4689.0,2567.5],[4679.0,2567.5],[4671.0,2566.5],[4663.0,2565.5],[4653.5,2566.0],[4646.0,2567.5],[4640.0,2570.5],[4634.0,2574.5],[4630.0,2579.5],[4626.0,2584.5],[4620.5,2589.0],[4616.0,2593.5]]",243062.79188108444,431167.4620437622,70.25978183746338,,,,,0.284287183,48530,SPW_0144,SPW_여수로_교각_도수면,SPW_0144,c8230f28-579d-5586-88ab-3cad13556fe1,0.969844147406999,../../Data/DJI_20260826124557_0200_V.JPG,../Overlay/SPL/P000751.png,mapped,local_surface_estimate
DJI_20260826124557_0200_V.JPG,P000752,SPL,박락,"[[5036.0,2535.5],[5035.0,2535.5],[5034.0,2535.5],[5033.5,2535.0],[5033.0,2534.5],[5032.5,2534.0],[5032.5,2533.0],[5033.0,2532.5],[5033.5,2533.0],[5034.0,2533.5],[5035.0,2533.5],[5035.5,2534.0],[5036.0,2534.5],[5036.5,2535.0],[5036.0,2535.5]]",243063.1278500557,431166.382850647,70.22706317901611,,,,,4.33124e-05,7,SPW_0144,SPW_여수로_교각_도수면,SPW_0144,c8230f28-579d-5586-88ab-3cad13556fe1,0.5131558733327048,../../Data/DJI_20260826124557_0200_V.JPG,../Overlay/SPL/P000752.png,mapped,local_surface_estimate
DJI_20260826124557_0200_V.JPG,P000753,SPL,박락,"[[2639.0,2542.5],[2638.5,2542.0],[2639.0,2541.5],[2639.5,2542.0],[2639.0,2542.5]]",243060.62387752533,431171.3819351196,70.44956302642822,,,,,3.238e-06,1,여수로_피어_06,SPW_여수로_교각_도수면,,,0.4985962212085724,../../Data/DJI_20260826124557_0200_V.JPG,../Overlay/SPL/P000753.png,mapped,local_surface_estimate
DJI_20260826124557_0200_V.JPG,P000754,SPL,박락,"[[2656.0,2551.5],[2655.5,2551.0],[2655.0,2550.5],[2654.0,2550.5],[2653.0,2550.5],[2652.0,2550.5],[2651.5,2550.0],[2651.5,2549.0],[2651.5,2548.0],[2651.5,2547.0],[2651.5,2546.0],[2651.0,2545.5],[2650.0,2545.5],[2649.5,2546.0],[2649.0,2546.5],[2648.5,2547.0],[2648.0,2547.5],[2647.0,2547.5],[2646.5,2547.0],[2646.0,2546.5],[2645.5,2546.0],[2646.0,2545.5],[2646.5,2545.0],[2647.0,2544.5],[2647.5,2544.0],[2648.0,2543.5],[2649.0,2543.5],[2650.0,2543.5],[2651.0,2543.5],[2651.5,2543.0],[2652.0,2542.5],[2653.0,2542.5],[2653.5,2543.0],[2653.5,2544.0],[2654.0,2544.5],[2654.5,2545.0],[2655.0,2545.5],[2655.5,2546.0],[2655.5,2547.0],[2656.0,2547.5],[2656.5,2547.0],[2657.0,2546.5],[2657.5,2547.0],[2658.0,2547.5],[2658.5,2548.0],[2658.5,2549.0],[2658.5,2550.0],[2658.0,2550.5],[2657.0,2550.5],[2656.5,2551.0],[2656.0,2551.5]]",243060.6300740242,431171.3574562073,70.4402847290039,,,,,0.0001717015,53,여수로_피어_06,SPW_여수로_교각_도수면,,,0.5512448987870846,../../Data/DJI_20260826124557_0200_V.JPG,../Overlay/SPL/P000754.png,mapped,local_surface_estimate
DJI_20260826124557_0200_V.JPG,P000755,SPL,박락,"[[2644.0,2546.5],[2643.0,2546.5],[2642.0,2546.5],[2641.0,2546.5],[2640.5,2546.0],[2640.5,2545.0],[2640.5,2544.0],[2641.0,2543.5],[2642.0,2543.5],[2642.5,2544.0],[2643.0,2544.5],[2643.5,2545.0],[2644.0,2545.5],[2644.5,2546.0],[2644.0,2546.5]]",243060.62451028824,431171.37657546997,70.44421482086182,,,,,2.91187e-05,9,여수로_피어_06,SPW_여수로_교각_도수면,,,0.5172156492869059,../../Data/DJI_20260826124557_0200_V.JPG,../Overlay/SPL/P000755.png,mapped,local_surface_estimate
DJI_20260826124557_0200_V.JPG,P000756,SPL,박락,"[[1092.0,2574.5],[1091.0,2574.5],[1090.0,2574.5],[1089.0,2574.5],[1088.0,2574.5],[1087.0,2574.5],[1086.0,2574.5],[1085.0,2574.5],[1084.5,2574.0],[1084.0,2573.5],[1083.0,2573.5],[1082.0,2573.5],[1081.5,2573.0],[1081.0,2572.5],[1080.5,2572.0],[1080.0,2571.5],[1079.5,2571.0],[1079.0,2570.5],[1078.0,2570.5],[1077.0,2570.5],[1076.5,2570.0],[1076.0,2569.5],[1075.0,2569.5],[1074.5,2569.0],[1074.0,2568.5],[1073.0,2568.5],[1072.0,2568.5],[1071.0,2568.5],[1070.5,2568.0],[1070.0,2567.5],[1069.5,2568.0],[1069.0,2568.5],[1068.0,2568.5],[1067.5,2568.0],[1067.0,2567.5],[1066.0,2567.5],[1065.0,2567.5],[1064.0,2567.5],[1063.0,2567.5],[1062.0,2567.5],[1061.0,2567.5],[1060.5,2567.0],[1060.0,2566.5],[1059.0,2566.5],[1058.5,2566.0],[1058.0,2565.5],[1057.0,2565.5],[1056.0,2565.5],[1055.0,2565.5],[1054.5,2565.0],[1054.0,2564.5],[1053.5,2564.0],[1053.0,2563.5],[1052.0,2563.5],[1051.5,2563.0],[1051.0,2562.5],[1050.5,2562.0],[1050.0,2561.5],[1049.5,2561.0],[1050.0,2560.5],[1051.0,2560.5],[1052.0,2560.5],[1053.0,2560.5],[1053.5,2560.0],[1054.0,2559.5],[1054.5,2559.0],[1055.0,2558.5],[1055.5,2558.0],[1056.0,2557.5],[1057.0,2557.5],[1058.0,2557.5],[1059.0,2557.5],[1059.5,2558.0],[1060.0,2558.5],[1061.0,2558.5],[1062.0,2558.5],[1062.5,2559.0],[1063.0,2559.5],[1064.0,2559.5],[1065.0,2559.5],[1066.0,2559.5],[1067.0,2559.5],[1068.0,2559.5],[1068.5,2560.0],[1069.0,2560.5],[1070.0,2560.5],[1070.5,2560.0],[1071.0,2559.5],[1072.0,2559.5],[1073.0,2559.5],[1073.5,2560.0],[1074.0,2560.5],[1074.5,2560.0],[1075.0,2559.5],[1076.0,2559.5],[1077.0,2559.5],[1078.0,2559.5],[1079.0,2559.5],[1080.0,2559.5],[1080.5,2559.0],[1081.0,2558.5],[1082.0,2558.5],[1082.5,2558.0],[1083.0,2557.5],[1084.0,2557.5],[1085.0,2557.5],[1086.0,2557.5],[1087.0,2557.5],[1088.0,2557.5],[1088.5,2557.0],[1089.0,2556.5],[1090.0,2556.5],[1091.0,2556.5],[1091.5,2557.0],[1092.0,2557.5],[1093.0,2557.5],[1094.0,2557.5],[1094.5,2558.0],[1095.0,2558.5],[1095.5,2559.0],[1096.0,2559.5],[1096.5,2560.0],[1097.0,2560.5],[1097.5,2561.0],[1098.0,2561.5],[1098.5,2562.0],[1098.5,2563.0],[1098.5,2564.0],[1098.5,2565.0],[1098.5,2566.0],[1098.0,2566.5],[1097.5,2567.0],[1097.0,2567.5],[1096.5,2568.0],[1096.5,2569.0],[1096.0,2569.5],[1095.5,2570.0],[1095.0,2570.5],[1094.5,2571.0],[1094.5,2572.0],[1094.0,2572.5],[1093.5,2573.0],[1093.0,2573.5],[1092.5,2574.0],[1092.0,2574.5]]",243060.53737783432,431174.39322280884,70.34323692321777,,,,,0.001970419,509,SPW_0142,SPW_여수로_교각_도수면,SPW_0142,eff00c30-ce2d-5fd2-a2fb-7071f18a52b7,0.6884531693748969,../../Data/DJI_20260826124557_0200_V.JPG,../Overlay/SPL/P000756.png,mapped,local_surface_estimate
DJI_20260826124557_0200_V.JPG,P000757,SPL,박락,"[[2655.0,2601.5],[2654.0,2601.5],[2653.5,2601.0],[2653.0,2600.5],[2652.0,2600.5],[2651.0,2600.5],[2650.5,2601.0],[2650.0,2601.5],[2649.5,2601.0],[2649.0,2600.5],[2648.5,2600.0],[2648.0,2599.5],[2647.5,2599.0],[2647.0,2598.5],[2646.5,2598.0],[2646.0,2597.5],[2645.5,2597.0],[2645.0,2596.5],[2644.5,2596.0],[2644.5,2595.0],[2644.0,2594.5],[2643.5,2594.0],[2643.5,2593.0],[2643.5,2592.0],[2643.0,2591.5],[2642.5,2591.0],[2642.0,2590.5],[2641.5,2590.0],[2641.0,2589.5],[2640.5,2589.0],[2640.5,2588.0],[2640.0,2587.5],[2639.5,2587.0],[2639.0,2586.5],[2638.0,2586.5],[2637.0,2586.5],[2636.5,2586.0],[2636.0,2585.5],[2635.0,2585.5],[2634.5,2585.0],[2634.0,2584.5],[2633.5,2584.0],[2633.5,2583.0],[2633.0,2582.5],[2632.5,2582.0],[2632.0,2581.5],[2631.5,2581.0],[2631.5,2580.0],[2632.0,2579.5],[2632.5,2579.0],[2632.5,2578.0],[2633.0,2577.5],[2634.0,2577.5],[2634.5,2577.0],[2635.0,2576.5],[2636.0,2576.5],[2636.5,2576.0],[2637.0,2575.5],[2638.0,2575.5],[2638.5,2575.0],[2639.0,2574.5],[2639.5,2574.0],[2640.0,2573.5],[2640.5,2573.0],[2641.0,2572.5],[2642.0,2572.5],[2642.5,2572.0],[2643.0,2571.5],[2643.5,2571.0],[2644.0,2570.5],[2644.5,2570.0],[2645.0,2569.5],[2645.5,2569.0],[2646.0,2568.5],[2647.0,2568.5],[2648.0,2568.5],[2648.5,2568.0],[2649.0,2567.5],[2650.0,2567.5],[2651.0,2567.5],[2652.0,2567.5],[2652.5,2567.0],[2653.0,2566.5],[2654.0,2566.5],[2654.5,2567.0],[2655.0,2567.5],[2656.0,2567.5],[2657.0,2567.5],[2657.5,2568.0],[2658.0,2568.5],[2659.0,2568.5],[2660.0,2568.5],[2660.5,2569.0],[2660.5,2570.0],[2661.0,2570.5],[2661.5,2571.0],[2662.0,2571.5],[2662.5,2572.0],[2663.0,2572.5],[2663.5,2573.0],[2664.0,2573.5],[2665.0,2573.5],[2665.5,2574.0],[2666.0,2574.5],[2666.5,2575.0],[2667.0,2575.5],[2668.0,2575.5],[2668.5,2576.0],[2669.0,2576.5],[2670.0,2576.5],[2670.5,2577.0],[2671.0,2577.5],[2672.0,2577.5],[2672.5,2578.0],[2673.0,2578.5],[2674.0,2578.5],[2674.5,2579.0],[2675.0,2579.5],[2676.0,2579.5],[2676.5,2580.0],[2677.0,2580.5],[2678.0,2580.5],[2678.5,2581.0],[2679.0,2581.5],[2680.0,2581.5],[2681.0,2581.5],[2682.0,2581.5],[2683.0,2581.5],[2684.0,2581.5],[2685.0,2581.5],[2685.5,2582.0],[2686.0,2582.5],[2686.5,2582.0],[2687.0,2581.5],[2687.5,2582.0],[2687.5,2583.0],[2687.5,2584.0],[2687.5,2585.0],[2687.5,2586.0],[2687.5,2587.0],[2687.5,2588.0],[2687.5,2589.0],[2687.5,2590.0],[2687.0,2590.5],[2686.0,2590.5],[2685.5,2590.0],[2685.0,2589.5],[2684.5,2589.0],[2684.0,2588.5],[2683.5,2588.0],[2683.0,2587.5],[2682.5,2587.0],[2682.0,2586.5],[2681.0,2586.5],[2680.5,2586.0],[2680.0,2585.5],[2679.0,2585.5],[2678.5,2585.0],[2678.0,2584.5],[2677.0,2584.5],[2676.0,2584.5],[2675.0,2584.5],[2674.0,2584.5],[2673.0,2584.5],[2672.0,2584.5],[2671.0,2584.5],[2670.0,2584.5],[2669.5,2584.0],[2669.0,2583.5],[2668.0,2583.5],[2667.0,2583.5],[2666.5,2583.0],[2666.0,2582.5],[2665.0,2582.5],[2664.0,2582.5],[2663.0,2582.5],[2662.5,2583.0],[2662.0,2583.5],[2661.0,2583.5],[2660.5,2584.0],[2660.5,2585.0],[2660.5,2586.0],[2661.0,2586.5],[2661.5,2587.0],[2662.0,2587.5],[2662.5,2588.0],[2663.0,2588.5],[2663.5,2589.0],[2663.5,2590.0],[2663.5,2591.0],[2663.0,2591.5],[2662.5,2592.0],[2663.0,2592.5],[2663.5,2593.0],[2663.5,2594.0],[2663.5,2595.0],[2663.0,2595.5],[2662.5,2596.0],[2662.5,2597.0],[2662.0,2597.5],[2661.5,2598.0],[2661.0,2598.5],[2660.0,2598.5],[2659.5,2599.0],[2659.0,2599.5],[2658.5,2600.0],[2658.0,2600.5],[2657.0,2600.5],[2656.0,2600.5],[2655.5,2601.0],[2655.0,2601.5]]",243060.6182589531,431171.3518409729,70.37759017944336,,,,,0.0028710495,891,여수로_피어_06,SPW_여수로_교각_도수면,,,0.729924796305923,../../Data/DJI_20260826124557_0200_V.JPG,../Overlay/SPL/P000757.png,mapped,local_surface_estimate
DJI_20260826124557_0200_V.JPG,P000758,SPL,박락,"[[2744.0,2592.5],[2743.0,2592.5],[2742.0,2592.5],[2741.0,2592.5],[2740.0,2592.5],[2739.0,2592.5],[2738.0,2592.5],[2737.0,2592.5],[2736.0,2592.5],[2735.5,2592.0],[2735.0,2591.5],[2734.0,2591.5],[2733.0,2591.5],[2732.5,2591.0],[2732.0,2590.5],[2731.0,2590.5],[2730.5,2590.0],[2730.0,2589.5],[2729.0,2589.5],[2728.5,2589.0],[2728.0,2588.5],[2727.0,2588.5],[2726.0,2588.5],[2725.0,2588.5],[2724.5,2588.0],[2724.0,2587.5],[2723.5,2587.0],[2723.0,2586.5],[2722.5,2586.0],[2722.0,2585.5],[2721.0,2585.5],[2720.0,2585.5],[2719.0,2585.5],[2718.5,2585.0],[2718.0,2584.5],[2717.5,2584.0],[2717.0,2583.5],[2716.0,2583.5],[2715.5,2584.0],[2715.0,2584.5],[2714.0,2584.5],[2713.0,2584.5],[2712.0,2584.5],[2711.0,2584.5],[2710.5,2584.0],[2710.0,2583.5],[2709.0,2583.5],[2708.0,2583.5],[2707.0,2583.5],[2706.0,2583.5],[2705.0,2583.5],[2704.0,2583.5],[2703.5,2583.0],[2703.0,2582.5],[2702.0,2582.5],[2701.0,2582.5],[2700.0,2582.5],[2699.0,2582.5],[2698.5,2583.0],[2698.0,2583.5],[2697.5,2583.0],[2697.5,2582.0],[2698.0,2581.5],[2698.5,2581.0],[2699.0,2580.5],[2699.5,2580.0],[2700.0,2579.5],[2700.5,2579.0],[2701.0,2578.5],[2701.5,2578.0],[2701.5,2577.0],[2702.0,2576.5],[2703.0,2576.5],[2703.5,2576.0],[2703.5,2575.0],[2704.0,2574.5],[2704.5,2574.0],[2705.0,2573.5],[2705.5,2573.0],[2705.5,2572.0],[2706.0,2571.5],[2706.5,2571.0],[2707.0,2570.5],[2707.5,2570.0],[2708.0,2569.5],[2708.5,2569.0],[2709.0,2568.5],[2710.0,2568.5],[2711.0,2568.5],[2712.0,2568.5],[2713.0,2568.5],[2714.0,2568.5],[2715.0,2568.5],[2716.0,2568.5],[2717.0,2568.5],[2718.0,2568.5],[2719.0,2568.5],[2720.0,2568.5],[2721.0,2568.5],[2721.5,2569.0],[2722.0,2569.5],[2723.0,2569.5],[2724.0,2569.5],[2724.5,2570.0],[2725.0,2570.5],[2725.5,2571.0],[2726.0,2571.5],[2726.5,2572.0],[2727.0,2572.5],[2728.0,2572.5],[2729.0,2572.5],[2729.5,2573.0],[2730.0,2573.5],[2730.5,2574.0],[2731.0,2574.5],[2731.5,2575.0],[2732.0,2575.5],[2732.5,2576.0],[2733.0,2576.5],[2734.0,2576.5],[2734.5,2577.0],[2735.0,2577.5],[2735.5,2578.0],[2736.0,2578.5],[2737.0,2578.5],[2737.5,2579.0],[2738.0,2579.5],[2739.0,2579.5],[2739.5,2580.0],[2740.0,2580.5],[2741.0,2580.5],[2742.0,2580.5],[2743.0,2580.5],[2744.0,2580.5],[2745.0,2580.5],[2745.5,2581.0],[2746.0,2581.5],[2747.0,2581.5],[2748.0,2581.5],[2749.0,2581.5],[2750.0,2581.5],[2751.0,2581.5],[2752.0,2581.5],[2753.0,2581.5],[2754.0,2581.5],[2755.0,2581.5],[2755.5,2582.0],[2756.0,2582.5],[2756.5,2583.0],[2756.5,2584.0],[2756.5,2585.0],[2756.0,2585.5],[2755.5,2586.0],[2755.0,2586.5],[2754.5,2587.0],[2754.0,2587.5],[2753.0,2587.5],[2752.5,2588.0],[2752.0,2588.5],[2751.0,2588.5],[2750.5,2589.0],[2750.0,2589.5],[2749.5,2590.0],[2749.0,2590.5],[2748.0,2590.5],[2747.5,2591.0],[2747.0,2591.5],[2746.0,2591.5],[2745.0,2591.5],[2744.5,2592.0],[2744.0,2592.5]]",243060.65956258774,431171.22916793823,70.37800407409668,,,,,0.0023377447,719,여수로_피어_06,SPW_여수로_교각_도수면,,,0.49913313077122845,../../Data/DJI_20260826124557_0200_V.JPG,../Overlay/SPL/P000758.png,mapped,local_surface_estimate
DJI_20260826125854_0900_V.JPG,P000774,SPL,박락,"[[3602.0,986.5],[3601.0,986.5],[3600.5,986.0],[3600.0,985.5],[3599.5,985.0],[3600.0,984.5],[3600.5,984.0],[3600.5,983.0],[3600.5,982.0],[3600.5,981.0],[3600.5,980.0],[3600.5,979.0],[3601.0,978.5],[3601.5,978.0],[3602.0,977.5],[3602.5,977.0],[3603.0,976.5],[3603.5,976.0],[3604.0,975.5],[3604.5,975.0],[3605.0,974.5],[3606.0,974.5],[3606.5,975.0],[3606.5,976.0],[3606.5,977.0],[3606.5,978.0],[3607.0,978.5],[3607.5,979.0],[3608.0,979.5],[3608.5,980.0],[3608.5,981.0],[3608.5,982.0],[3608.0,982.5],[3607.0,982.5],[3606.5,983.0],[3606.0,983.5],[3605.5,984.0],[3605.0,984.5],[3604.5,985.0],[3604.0,985.5],[3603.0,985.5],[3602.5,986.0],[3602.0,986.5]]",243079.468208313,431121.4188783169,71.88684844970703,,,,,0.001466851,63,SPW_0153,SPW_여수로_교각_도수면,SPW_0153,cff2977a-901a-5a93-84bd-7b805381c8e1,0.6240868620456211,../../Data/DJI_20260826125854_0900_V.JPG,../Overlay/SPL/P000774.png,mapped,local_surface_estimate
DJI_20260826125854_0900_V.JPG,P000775,SPL,박락,"[[3581.0,1314.5],[3580.5,1314.0],[3579.0,1313.5],[3578.5,1313.0],[3577.0,1312.5],[3576.0,1312.5],[3574.0,1312.5],[3573.0,1312.5],[3572.0,1311.5],[3571.0,1311.5],[3569.5,1311.0],[3569.0,1310.5],[3567.0,1310.5],[3566.0,1310.5],[3564.0,1310.5],[3563.0,1310.5],[3561.0,1310.5],[3560.0,1310.5],[3558.0,1310.5],[3557.0,1310.5],[3555.5,1311.0],[3555.0,1311.5],[3553.0,1311.5],[3552.0,1311.5],[3550.0,1311.5],[3549.0,1311.5],[3547.0,1311.5],[3546.0,1311.5],[3545.0,1310.5],[3544.0,1310.5],[3542.0,1310.5],[3541.0,1310.5],[3539.0,1310.5],[3538.5,1310.0],[3537.0,1309.5],[3536.5,1309.0],[3535.0,1308.5],[3534.5,1308.0],[3533.5,1307.0],[3533.0,1306.5],[3532.5,1305.0],[3532.0,1304.5],[3531.5,1303.0],[3531.5,1302.0],[3531.0,1300.5],[3530.5,1300.0],[3530.5,1298.0],[3530.5,1297.0],[3530.0,1295.5],[3529.5,1295.0],[3529.5,1293.0],[3529.0,1292.5],[3528.5,1292.0],[3528.5,1290.0],[3528.0,1289.5],[3527.5,1288.0],[3527.0,1287.5],[3526.5,1286.0],[3526.0,1285.5],[3525.0,1284.5],[3524.5,1284.0],[3524.5,1282.0],[3524.0,1281.5],[3523.0,1280.5],[3522.5,1280.0],[3522.0,1278.5],[3521.5,1278.0],[3520.5,1277.0],[3520.0,1276.5],[3519.0,1275.5],[3518.5,1275.0],[3518.0,1273.5],[3517.5,1273.0],[3516.5,1272.0],[3516.5,1271.0],[3515.5,1270.0],[3515.0,1269.5],[3514.5,1268.0],[3514.0,1267.5],[3513.5,1266.0],[3513.0,1265.5],[3512.5,1264.0],[3512.0,1263.5],[3510.5,1263.0],[3510.0,1262.5],[3509.5,1261.0],[3509.5,1260.0],[3508.5,1259.0],[3508.5,1258.0],[3507.5,1257.0],[3507.5,1256.0],[3507.0,1254.5],[3506.5,1254.0],[3506.0,1252.5],[3505.5,1252.0],[3505.5,1250.0],[3505.0,1249.5],[3504.0,1248.5],[3503.5,1248.0],[3503.0,1246.5],[3502.5,1246.0],[3502.5,1244.0],[3502.0,1243.5],[3501.0,1243.5],[3500.5,1242.0],[3500.5,1241.0],[3501.0,1239.5],[3501.5,1239.0],[3502.5,1238.0],[3503.0,1237.5],[3504.0,1236.5],[3505.0,1236.5],[3506.5,1236.0],[3507.0,1235.5],[3509.0,1235.5],[3510.0,1235.5],[3512.0,1235.5],[3513.0,1235.5],[3514.5,1235.0],[3515.0,1234.5],[3517.0,1234.5],[3518.0,1234.5],[3519.0,1233.5],[3520.0,1233.5],[3522.0,1233.5],[3523.0,1233.5],[3525.0,1233.5],[3526.0,1233.5],[3528.0,1233.5],[3529.0,1233.5],[3531.0,1233.5],[3532.0,1233.5],[3533.0,1234.5],[3534.0,1234.5],[3536.0,1234.5],[3536.5,1235.0],[3538.0,1235.5],[3539.0,1235.5],[3541.0,1235.5],[3542.0,1235.5],[3543.0,1236.5],[3544.0,1236.5],[3546.0,1236.5],[3547.0,1236.5],[3549.0,1236.5],[3550.0,1236.5],[3552.0,1236.5],[3553.0,1236.5],[3555.0,1236.5],[3556.0,1236.5],[3558.0,1236.5],[3559.0,1236.5],[3560.0,1237.5],[3561.0,1237.5],[3562.0,1237.5],[3564.0,1237.5],[3565.0,1237.5],[3566.5,1238.0],[3567.0,1238.5],[3568.5,1239.0],[3569.0,1239.5],[3571.0,1239.5],[3572.0,1239.5],[3573.0,1240.5],[3574.0,1240.5],[3575.5,1241.0],[3576.0,1241.5],[3577.5,1242.0],[3578.0,1242.5],[3580.0,1242.5],[3580.5,1243.0],[3581.5,1244.0],[3582.0,1244.5],[3583.5,1245.0],[3583.5,1246.0],[3583.5,1248.0],[3583.5,1249.0],[3583.5,1251.0],[3583.5,1252.0],[3583.5,1254.0],[3583.5,1255.0],[3583.5,1257.0],[3583.5,1258.0],[3583.5,1260.0],[3583.0,1260.5],[3581.5,1261.0],[3582.0,1261.5],[3583.5,1262.0],[3583.5,1263.0],[3583.5,1265.0],[3583.5,1266.0],[3583.5,1268.0],[3583.5,1269.0],[3583.5,1271.0],[3583.5,1272.0],[3583.0,1273.5],[3582.5,1273.0],[3582.5,1271.0],[3582.0,1270.5],[3581.5,1272.0],[3581.5,1273.0],[3581.0,1274.5],[3580.5,1274.0],[3579.5,1274.0],[3579.0,1274.5],[3578.0,1274.5],[3577.0,1275.5],[3576.0,1275.5],[3574.5,1276.0],[3574.0,1276.5],[3572.5,1277.0],[3572.0,1277.5],[3570.0,1277.5],[3569.0,1277.5],[3567.0,1277.5],[3566.5,1278.0],[3565.0,1278.5],[3564.5,1279.0],[3566.0,1279.5],[3567.0,1279.5],[3569.0,1279.5],[3570.0,1279.5],[3572.0,1279.5],[3573.0,1279.5],[3575.0,1279.5],[3576.0,1279.5],[3578.0,1279.5],[3579.0,1279.5],[3581.0,1279.5],[3582.0,1279.5],[3583.5,1280.0],[3583.5,1281.0],[3583.5,1283.0],[3583.5,1284.0],[3583.5,1286.0],[3583.5,1287.0],[3583.5,1289.0],[3583.5,1290.0],[3583.5,1292.0],[3583.5,1293.0],[3583.5,1295.0],[3583.5,1296.0],[3583.5,1298.0],[3583.5,1299.0],[3583.5,1301.0],[3583.5,1302.0],[3583.5,1304.0],[3583.5,1305.0],[3583.5,1307.0],[3583.5,1308.0],[3583.5,1310.0],[3583.5,1311.0],[3583.5,1313.0],[3583.0,1313.5],[3581.5,1314.0],[3581.0,1314.5]]",243078.36373138428,431121.7420601845,70.61720848083496,,,,,0.0882491381,4817,SPW_0153,SPW_여수로_교각_도수면,SPW_0153,cff2977a-901a-5a93-84bd-7b805381c8e1,0.8831935488994571,../../Data/DJI_20260826125854_0900_V.JPG,../Overlay/SPL/P000775.png,mapped,local_surface_estimate
DJI_20260826125854_0900_V.JPG,P000776,SPL,박락,"[[1558.0,1659.5],[1550.5,1655.0],[1545.0,1650.5],[1539.5,1648.0],[1535.5,1649.0],[1531.5,1648.0],[1528.0,1639.5],[1520.5,1636.0],[1512.0,1638.5],[1505.5,1640.0],[1498.5,1645.0],[1493.0,1646.5],[1488.0,1644.5],[1479.5,1646.0],[1471.5,1647.0],[1464.5,1649.0],[1458.5,1650.0],[1453.0,1650.5],[1452.0,1641.5],[1449.5,1633.0],[1446.5,1627.0],[1448.5,1617.0],[1445.5,1610.0],[1441.0,1604.5],[1436.5,1597.0],[1433.0,1588.5],[1423.0,1586.5],[1413.0,1588.5],[1407.5,1595.0],[1404.5,1604.0],[1401.5,1613.0],[1395.5,1619.0],[1386.5,1618.0],[1377.0,1619.5],[1369.0,1623.5],[1359.0,1623.5],[1350.0,1620.5],[1341.0,1617.5],[1334.0,1612.5],[1326.5,1608.0],[1317.0,1605.5],[1306.0,1604.5],[1295.0,1603.5],[1283.0,1603.5],[1275.5,1605.0],[1266.0,1603.5],[1256.0,1601.5],[1245.5,1601.0],[1235.0,1602.5],[1223.0,1602.5],[1213.0,1602.5],[1203.0,1600.5],[1195.5,1596.0],[1188.0,1591.5],[1184.5,1583.0],[1186.5,1573.0],[1189.5,1564.0],[1191.5,1554.0],[1195.5,1547.0],[1197.5,1539.0],[1197.5,1529.0],[1193.5,1521.0],[1193.5,1515.0],[1201.0,1510.5],[1202.0,1499.5],[1205.5,1491.0],[1208.5,1482.0],[1209.5,1473.0],[1211.0,1462.5],[1214.0,1453.5],[1216.5,1444.0],[1219.5,1436.0],[1223.0,1427.5],[1227.5,1420.0],[1231.5,1412.0],[1235.0,1403.5],[1239.0,1395.5],[1246.0,1390.5],[1255.0,1387.5],[1264.0,1384.5],[1275.0,1383.5],[1284.5,1381.0],[1292.0,1376.5],[1299.0,1372.5],[1306.0,1367.5],[1316.0,1365.5],[1327.0,1366.5],[1337.0,1368.5],[1345.0,1372.5],[1352.0,1377.5],[1360.5,1381.0],[1371.0,1382.5],[1382.0,1381.5],[1392.0,1379.5],[1402.0,1377.5],[1413.0,1376.5],[1422.0,1376.5],[1434.0,1376.5],[1446.0,1376.5],[1458.0,1376.5],[1469.0,1377.5],[1479.0,1377.5],[1491.0,1377.5],[1501.0,1377.5],[1512.5,1377.0],[1523.0,1377.5],[1535.0,1377.5],[1544.0,1376.5],[1554.0,1376.5],[1563.5,1377.0],[1574.0,1377.5],[1585.0,1376.5],[1596.0,1375.5],[1607.0,1374.5],[1617.0,1372.5],[1628.0,1371.5],[1639.0,1370.5],[1648.0,1369.5],[1659.0,1370.5],[1668.0,1369.5],[1678.0,1367.5],[1687.0,1364.5],[1695.0,1361.5],[1705.0,1359.5],[1715.0,1357.5],[1722.5,1353.0],[1731.0,1349.5],[1741.0,1347.5],[1752.0,1348.5],[1753.5,1355.0],[1760.0,1360.5],[1769.0,1363.5],[1778.0,1366.5],[1789.0,1367.5],[1798.0,1369.5],[1808.0,1369.5],[1819.0,1368.5],[1830.0,1367.5],[1841.0,1366.5],[1851.0,1364.5],[1860.5,1364.0],[1871.0,1364.5],[1883.0,1364.5],[1894.0,1363.5],[1903.0,1362.5],[1913.0,1362.5],[1920.0,1357.5],[1928.0,1356.5],[1937.0,1355.5],[1945.0,1351.5],[1953.0,1347.5],[1964.0,1346.5],[1974.0,1346.5],[1983.5,1347.0],[1993.0,1349.5],[2004.0,1350.5],[2014.0,1350.5],[2024.0,1350.5],[2033.5,1348.0],[2042.0,1346.5],[2050.0,1347.5],[2057.0,1352.5],[2064.0,1355.5],[2069.0,1362.5],[2073.5,1364.0],[2066.5,1369.0],[2064.0,1376.5],[2056.5,1381.0],[2049.5,1386.0],[2050.5,1393.0],[2052.5,1403.0],[2055.5,1412.0],[2055.5,1415.0],[2053.0,1420.5],[2047.5,1423.0],[2051.0,1425.5],[2049.5,1431.0],[2053.0,1431.5],[2058.0,1438.5],[2062.0,1446.5],[2066.5,1454.0],[2067.5,1463.0],[2067.5,1473.0],[2065.5,1481.0],[2063.0,1490.5],[2058.5,1497.0],[2051.0,1501.5],[2047.5,1508.0],[2047.5,1520.0],[2046.5,1526.0],[2045.0,1531.5],[2039.0,1535.5],[2032.0,1530.5],[2024.0,1534.5],[2013.0,1535.5],[2001.0,1535.5],[1989.0,1535.5],[1977.0,1535.5],[1966.0,1535.5],[1954.0,1535.5],[1942.0,1535.5],[1932.5,1538.0],[1926.5,1544.0],[1919.5,1540.0],[1912.0,1535.5],[1902.0,1533.5],[1897.5,1526.0],[1890.0,1523.5],[1883.5,1529.0],[1878.0,1535.5],[1866.0,1535.5],[1855.0,1535.5],[1847.0,1531.5],[1838.0,1532.5],[1829.0,1535.5],[1817.0,1535.5],[1805.0,1535.5],[1793.0,1535.5],[1782.5,1537.0],[1771.0,1537.5],[1761.0,1539.5],[1751.0,1537.5],[1740.0,1536.5],[1731.0,1539.5],[1727.5,1547.0],[1720.0,1551.5],[1711.0,1554.5],[1707.5,1561.0],[1703.5,1567.0],[1703.5,1573.0],[1704.0,1580.5],[1706.0,1589.5],[1698.0,1593.5],[1688.0,1593.5],[1682.0,1591.5],[1675.0,1596.5],[1672.5,1603.0],[1667.0,1609.5],[1663.5,1618.0],[1661.5,1624.0],[1657.5,1624.0],[1651.0,1629.5],[1643.0,1631.5],[1635.0,1635.5],[1627.0,1639.5],[1618.0,1640.5],[1609.0,1637.5],[1599.0,1635.5],[1591.0,1633.5],[1581.5,1632.0],[1574.5,1632.0],[1567.5,1635.0],[1564.0,1643.5],[1564.5,1652.0],[1565.5,1657.0],[1558.0,1659.5]]",243075.6750907898,431127.533162117,69.63394546508789,,,,,2.0278037243,184326,SPW_0152,SPW_여수로_교각_도수면,SPW_0152,73ceb4db-5b7d-57b0-9dc0-5fd81a08840b,0.9734572176417171,../../Data/DJI_20260826125854_0900_V.JPG,../Overlay/SPL/P000776.png,mapped,local_surface_estimate
DJI_20260826125854_0900_V.JPG,P000777,SPL,박락,"[[2068.0,1357.5],[2067.5,1357.0],[2067.5,1356.0],[2068.0,1355.5],[2068.5,1356.0],[2068.5,1357.0],[2068.0,1357.5]]",243075.7034072876,431126.1685578823,69.9735975265503,,,,,1.70136e-05,2,여수로_피어_03,SPW_여수로_교각_도수면,,,0.5012206882238388,../../Data/DJI_20260826125854_0900_V.JPG,../Overlay/SPL/P000777.png,mapped,local_surface_estimate
DJI_20260826125854_0900_V.JPG,P000778,SPL,박락,"[[2085.0,1364.5],[2084.5,1364.0],[2084.0,1363.5],[2083.5,1364.0],[2083.0,1364.5],[2082.0,1364.5],[2081.5,1364.0],[2081.5,1363.0],[2081.5,1362.0],[2081.0,1361.5],[2080.5,1361.0],[2081.0,1360.5],[2082.0,1360.5],[2083.0,1360.5],[2083.5,1360.0],[2083.0,1359.5],[2082.0,1359.5],[2081.0,1359.5],[2080.5,1359.0],[2081.0,1358.5],[2082.0,1358.5],[2083.0,1358.5],[2084.0,1358.5],[2084.5,1358.0],[2085.0,1357.5],[2085.5,1358.0],[2086.0,1358.5],[2087.0,1358.5],[2087.5,1359.0],[2088.0,1359.5],[2089.0,1359.5],[2089.5,1360.0],[2089.0,1360.5],[2088.0,1360.5],[2087.5,1361.0],[2087.5,1362.0],[2088.0,1362.5],[2088.5,1363.0],[2088.0,1363.5],[2087.0,1363.5],[2086.0,1363.5],[2085.5,1364.0],[2085.0,1364.5]]",243075.71606636047,431126.12232398987,69.96045970916748,,,,,0.0003153413,37,여수로_피어_03,SPW_여수로_교각_도수면,,,0.5295025166627523,../../Data/DJI_20260826125854_0900_V.JPG,../Overlay/SPL/P000778.png,mapped,local_surface_estimate
DJI_20260826125854_0900_V.JPG,P000779,SPL,박락,"[[2079.0,1361.5],[2078.5,1361.0],[2079.0,1360.5],[2079.5,1361.0],[2079.0,1361.5]]",243075.71055603027,431126.13835167885,69.959885597229,,,,,8.5155e-06,1,여수로_피어_03,SPW_여수로_교각_도수면,,,0.5170831680297852,../../Data/DJI_20260826125854_0900_V.JPG,../Overlay/SPL/P000779.png,mapped,local_surface_estimate
DJI_20260826125854_0900_V.JPG,P000780,SPL,박락,"[[1707.0,1582.5],[1706.5,1582.0],[1707.0,1581.5],[1707.5,1582.0],[1707.0,1582.5]]",243075.55822753906,431127.183344841,69.32761669158936,,,,,1.05133e-05,1,SPW_0152,SPW_여수로_교각_도수면,SPW_0152,73ceb4db-5b7d-57b0-9dc0-5fd81a08840b,0.5125612020492554,../../Data/DJI_20260826125854_0900_V.JPG,../Overlay/SPL/P000780.png,mapped,local_surface_estimate
DJI_20260826125854_0900_V.JPG,P000781,SPL,박락,"[[1489.0,1649.5],[1488.5,1649.0],[1488.5,1648.0],[1489.0,1647.5],[1489.5,1647.0],[1490.0,1646.5],[1490.5,1647.0],[1490.0,1647.5],[1489.5,1648.0],[1489.5,1649.0],[1489.0,1649.5]]",243075.22888946533,431127.6846780777,69.11597728729248,,,,,2.92532e-05,3,SPW_0152,SPW_여수로_교각_도수면,SPW_0152,73ceb4db-5b7d-57b0-9dc0-5fd81a08840b,0.49856322010358173,../../Data/DJI_20260826125854_0900_V.JPG,../Overlay/SPL/P000781.png,mapped,local_surface_estimate
DJI_20260826125854_0900_V.JPG,P000782,SPL,박락,"[[1488.0,1651.5],[1487.5,1651.0],[1488.0,1650.5],[1488.5,1651.0],[1488.0,1651.5]]",243075.22212982178,431127.68450737,69.10704708099365,,,,,9.733e-06,1,SPW_0152,SPW_여수로_교각_도수면,SPW_0152,73ceb4db-5b7d-57b0-9dc0-5fd81a08840b,0.49648070335388184,../../Data/DJI_20260826125854_0900_V.JPG,../Overlay/SPL/P000782.png,mapped,local_surface_estimate
DJI_20260826125854_0900_V.JPG,P000783,SPL,박락,"[[1553.0,1755.5],[1552.0,1755.5],[1551.0,1755.5],[1550.5,1755.0],[1550.0,1754.5],[1549.0,1754.5],[1548.5,1754.0],[1548.0,1753.5],[1547.0,1753.5],[1546.0,1753.5],[1545.5,1753.0],[1545.5,1752.0],[1545.0,1751.5],[1544.0,1751.5],[1543.5,1751.0],[1543.0,1750.5],[1542.5,1750.0],[1542.5,1749.0],[1542.5,1748.0],[1543.0,1747.5],[1543.5,1747.0],[1544.0,1746.5],[1545.0,1746.5],[1546.0,1746.5],[1547.0,1746.5],[1547.5,1746.0],[1548.0,1745.5],[1548.5,1745.0],[1549.0,1744.5],[1549.5,1744.0],[1550.0,1743.5],[1550.5,1743.0],[1550.5,1742.0],[1550.5,1741.0],[1551.0,1740.5],[1551.5,1740.0],[1551.5,1739.0],[1551.0,1738.5],[1550.5,1738.0],[1550.0,1737.5],[1549.5,1737.0],[1549.5,1736.0],[1549.0,1735.5],[1548.5,1735.0],[1548.5,1734.0],[1548.0,1733.5],[1547.5,1734.0],[1547.0,1734.5],[1546.0,1734.5],[1545.5,1734.0],[1545.5,1733.0],[1545.0,1732.5],[1544.5,1732.0],[1545.0,1731.5],[1545.5,1731.0],[1545.5,1730.0],[1546.0,1729.5],[1546.5,1729.0],[1547.0,1728.5],[1547.5,1728.0],[1548.0,1727.5],[1548.5,1727.0],[1549.0,1726.5],[1549.5,1726.0],[1550.0,1725.5],[1550.5,1725.0],[1551.0,1724.5],[1552.0,1724.5],[1552.5,1724.0],[1553.0,1723.5],[1554.0,1723.5],[1554.5,1723.0],[1555.0,1722.5],[1556.0,1722.5],[1556.5,1722.0],[1557.0,1721.5],[1558.0,1721.5],[1558.5,1721.0],[1559.0,1720.5],[1560.0,1720.5],[1560.5,1720.0],[1561.0,1719.5],[1562.0,1719.5],[1563.0,1719.5],[1563.5,1719.0],[1563.5,1718.0],[1564.0,1717.5],[1565.0,1717.5],[1566.0,1717.5],[1566.5,1717.0],[1567.0,1716.5],[1568.0,1716.5],[1568.5,1716.0],[1568.0,1715.5],[1567.5,1715.0],[1567.5,1714.0],[1568.0,1713.5],[1569.0,1713.5],[1569.5,1714.0],[1570.0,1714.5],[1570.5,1715.0],[1571.0,1715.5],[1571.5,1716.0],[1572.0,1716.5],[1572.5,1716.0],[1572.5,1715.0],[1573.0,1714.5],[1573.5,1714.0],[1573.5,1713.0],[1573.5,1712.0],[1573.5,1711.0],[1574.0,1710.5],[1574.5,1710.0],[1574.5,1709.0],[1575.0,1708.5],[1576.0,1708.5],[1576.5,1708.0],[1577.0,1707.5],[1577.5,1707.0],[1578.0,1706.5],[1578.5,1706.0],[1579.0,1705.5],[1580.0,1705.5],[1580.5,1706.0],[1581.0,1706.5],[1581.5,1707.0],[1582.0,1707.5],[1583.0,1707.5],[1584.0,1707.5],[1585.0,1707.5],[1585.5,1708.0],[1586.0,1708.5],[1586.5,1709.0],[1586.5,1710.0],[1586.0,1710.5],[1585.5,1711.0],[1585.5,1712.0],[1585.0,1712.5],[1584.5,1713.0],[1584.0,1713.5],[1583.0,1713.5],[1582.0,1713.5],[1581.0,1713.5],[1580.5,1714.0],[1580.0,1714.5],[1579.0,1714.5],[1578.5,1715.0],[1578.5,1716.0],[1578.5,1717.0],[1578.0,1717.5],[1577.0,1717.5],[1576.0,1717.5],[1575.5,1717.0],[1575.0,1716.5],[1574.5,1717.0],[1574.0,1717.5],[1573.0,1717.5],[1572.0,1717.5],[1571.0,1717.5],[1570.5,1718.0],[1570.0,1718.5],[1569.5,1719.0],[1569.0,1719.5],[1568.5,1720.0],[1568.5,1721.0],[1568.0,1721.5],[1567.0,1721.5],[1566.0,1721.5],[1565.5,1722.0],[1565.0,1722.5],[1564.5,1723.0],[1564.5,1724.0],[1564.5,1725.0],[1565.0,1725.5],[1565.5,1726.0],[1565.5,1727.0],[1565.5,1728.0],[1565.0,1728.5],[1564.5,1729.0],[1564.0,1729.5],[1563.0,1729.5],[1562.5,1730.0],[1562.5,1731.0],[1563.0,1731.5],[1563.5,1732.0],[1564.0,1732.5],[1564.5,1733.0],[1564.5,1734.0],[1564.5,1735.0],[1564.5,1736.0],[1564.5,1737.0],[1565.0,1737.5],[1565.5,1738.0],[1565.5,1739.0],[1565.5,1740.0],[1565.5,1741.0],[1566.0,1741.5],[1566.5,1742.0],[1566.5,1743.0],[1566.5,1744.0],[1566.5,1745.0],[1566.0,1745.5],[1565.5,1746.0],[1565.5,1747.0],[1566.0,1747.5],[1566.5,1748.0],[1566.5,1749.0],[1566.0,1749.5],[1565.5,1750.0],[1565.5,1751.0],[1565.0,1751.5],[1564.0,1751.5],[1563.5,1752.0],[1563.0,1752.5],[1562.5,1753.0],[1562.0,1753.5],[1561.0,1753.5],[1560.0,1753.5],[1559.0,1753.5],[1558.5,1754.0],[1558.0,1754.5],[1557.0,1754.5],[1556.0,1754.5],[1555.0,1754.5],[1554.0,1754.5],[1553.5,1755.0],[1553.0,1755.5]]",243075.1239376068,431127.4326429367,68.86809730529785,,,,,0.006531668,697,SPW_0152,SPW_여수로_교각_도수면,SPW_0152,73ceb4db-5b7d-57b0-9dc0-5fd81a08840b,0.5557404376855026,../../Data/DJI_20260826125854_0900_V.JPG,../Overlay/SPL/P000783.png,mapped,local_surface_estimate
DJI_20260826125854_0900_V.JPG,P000784,SPL,박락,"[[1537.0,1743.5],[1536.5,1743.0],[1536.5,1742.0],[1536.5,1741.0],[1536.5,1740.0],[1536.5,1739.0],[1536.0,1738.5],[1535.5,1738.0],[1535.5,1737.0],[1536.0,1736.5],[1536.5,1736.0],[1536.5,1735.0],[1536.5,1734.0],[1536.5,1733.0],[1536.0,1732.5],[1535.5,1732.0],[1535.5,1731.0],[1536.0,1730.5],[1537.0,1730.5],[1537.5,1731.0],[1537.5,1732.0],[1538.0,1732.5],[1538.5,1733.0],[1539.0,1733.5],[1540.0,1733.5],[1540.5,1734.0],[1540.5,1735.0],[1540.0,1735.5],[1539.5,1736.0],[1539.5,1737.0],[1539.0,1737.5],[1538.5,1738.0],[1538.5,1739.0],[1538.5,1740.0],[1538.5,1741.0],[1538.5,1742.0],[1538.0,1742.5],[1537.5,1743.0],[1537.0,1743.5]]",243075.0992717743,431127.48491096497,68.8586950302124,,,,,0.0003075785,33,SPW_0152,SPW_여수로_교각_도수면,SPW_0152,73ceb4db-5b7d-57b0-9dc0-5fd81a08840b,0.5102428333325819,../../Data/DJI_20260826125854_0900_V.JPG,../Overlay/SPL/P000784.png,mapped,local_surface_estimate
DJI_20260826125854_0900_V.JPG,P000785,SPL,박락,"[[1539.0,1750.5],[1538.5,1750.0],[1538.0,1749.5],[1537.0,1749.5],[1536.5,1749.0],[1536.5,1748.0],[1537.0,1747.5],[1537.5,1747.0],[1538.0,1746.5],[1538.5,1747.0],[1539.0,1747.5],[1539.5,1748.0],[1539.5,1749.0],[1539.5,1750.0],[1539.0,1750.5]]",243075.078332901,431127.4756669998,68.82722282409668,,,,,7.40889e-05,8,SPW_0152,SPW_여수로_교각_도수면,SPW_0152,73ceb4db-5b7d-57b0-9dc0-5fd81a08840b,0.5006055049598217,../../Data/DJI_20260826125854_0900_V.JPG,../Overlay/SPL/P000785.png,mapped,local_surface_estimate
DJI_20260826125854_0900_V.JPG,P000786,SPL,박락,"[[1539.0,1754.5],[1538.0,1754.5],[1537.0,1754.5],[1536.5,1754.0],[1536.5,1753.0],[1537.0,1752.5],[1538.0,1752.5],[1539.0,1752.5],[1539.5,1753.0],[1539.5,1754.0],[1539.0,1754.5]]",243075.0688457489,431127.4714794159,68.81296253204346,,,,,5.5399e-05,6,SPW_0152,SPW_여수로_교각_도수면,SPW_0152,73ceb4db-5b7d-57b0-9dc0-5fd81a08840b,0.5078216592470804,../../Data/DJI_20260826125854_0900_V.JPG,../Overlay/SPL/P000786.png,mapped,local_surface_estimate
DJI_20260826125854_0900_V.JPG,P000787,SPL,박락,"[[1566.0,1766.5],[1565.0,1766.5],[1564.5,1766.0],[1565.0,1765.5],[1566.0,1765.5],[1566.5,1766.0],[1566.0,1766.5]]",243075.06728172302,431127.39374542236,68.77685642242432,,,,,1.8405e-05,2,SPW_0152,SPW_여수로_교각_도수면,SPW_0152,73ceb4db-5b7d-57b0-9dc0-5fd81a08840b,0.49825626611709595,../../Data/DJI_20260826125854_0900_V.JPG,../Overlay/SPL/P000787.png,mapped,local_surface_estimate
DJI_20260826125854_0900_V.JPG,P000788,SPL,박락,"[[1569.0,1766.5],[1568.5,1766.0],[1569.0,1765.5],[1569.5,1766.0],[1569.0,1766.5]]",243075.07069778442,431127.3838214874,68.77698135375977,,,,,9.208e-06,1,SPW_0152,SPW_여수로_교각_도수면,SPW_0152,73ceb4db-5b7d-57b0-9dc0-5fd81a08840b,0.49651026725769043,../../Data/DJI_20260826125854_0900_V.JPG,../Overlay/SPL/P000788.png,mapped,local_surface_estimate
DJI_20260826125854_0900_V.JPG,P000789,SPL,박락,"[[1465.0,2173.5],[1456.5,2168.0],[1448.0,2162.5],[1437.0,2159.5],[1425.0,2158.5],[1412.0,2157.5],[1402.0,2155.5],[1392.0,2151.5],[1383.0,2146.5],[1371.0,2146.5],[1358.0,2145.5],[1348.0,2142.5],[1337.0,2139.5],[1327.5,2135.0],[1316.5,2132.0],[1305.0,2129.5],[1295.0,2125.5],[1286.0,2120.5],[1276.0,2117.5],[1263.0,2116.5],[1253.0,2112.5],[1243.0,2108.5],[1242.5,2101.0],[1251.0,2095.5],[1259.5,2090.0],[1267.0,2084.5],[1276.0,2079.5],[1283.5,2073.0],[1295.5,2071.0],[1307.0,2068.5],[1318.0,2065.5],[1328.0,2061.5],[1337.0,2057.5],[1349.0,2055.5],[1360.0,2058.5],[1372.0,2060.5],[1385.0,2059.5],[1393.0,2053.5],[1402.0,2048.5],[1413.0,2048.5],[1424.0,2051.5],[1435.0,2052.5],[1444.0,2049.5],[1456.0,2047.5],[1468.0,2049.5],[1474.5,2055.0],[1472.0,2063.5],[1481.5,2066.0],[1490.0,2060.5],[1499.0,2055.5],[1505.5,2048.0],[1507.0,2042.5],[1510.5,2033.0],[1511.5,2026.0],[1503.5,2023.0],[1497.5,2020.0],[1499.5,2016.0],[1506.0,2015.5],[1512.0,2013.5],[1517.5,2005.0],[1521.5,1995.0],[1530.0,1990.5],[1539.0,1987.5],[1552.0,1986.5],[1566.0,1986.5],[1577.5,1989.0],[1586.0,1992.5],[1597.0,1991.5],[1608.0,1989.5],[1620.5,1991.0],[1630.5,1995.0],[1637.0,2002.5],[1645.5,2003.0],[1646.5,1998.0],[1640.5,1994.0],[1644.5,1985.0],[1647.5,1981.0],[1655.0,1979.5],[1659.0,1981.5],[1663.0,1989.5],[1665.0,1979.5],[1671.0,1980.5],[1671.5,1984.0],[1671.5,1991.0],[1672.5,1982.0],[1674.0,1977.5],[1684.5,1977.0],[1692.0,1983.5],[1693.5,1987.0],[1700.5,1992.0],[1708.5,1987.0],[1715.5,1982.0],[1723.5,1976.0],[1734.0,1972.5],[1745.0,1971.5],[1756.0,1972.5],[1766.0,1975.5],[1778.0,1977.5],[1790.0,1975.5],[1803.0,1974.5],[1814.0,1977.5],[1823.0,1982.5],[1830.5,1989.0],[1835.5,1997.0],[1842.5,2004.0],[1852.5,2006.0],[1860.5,2005.0],[1869.5,2007.0],[1879.0,2009.5],[1890.0,2008.5],[1901.0,2010.5],[1912.0,2011.5],[1920.0,2017.5],[1926.5,2023.0],[1936.0,2027.5],[1945.0,2022.5],[1952.0,2015.5],[1959.0,2011.5],[1971.5,2013.0],[1982.0,2012.5],[1994.0,2012.5],[2006.0,2014.5],[2017.0,2017.5],[2028.5,2020.0],[2035.5,2026.0],[2042.0,2033.5],[2048.0,2039.5],[2050.0,2047.5],[2056.5,2055.0],[2063.0,2062.5],[2074.0,2065.5],[2085.0,2068.5],[2095.0,2071.5],[2108.0,2072.5],[2120.0,2070.5],[2126.0,2078.5],[2133.5,2085.0],[2145.0,2087.5],[2157.0,2089.5],[2167.0,2092.5],[2179.0,2094.5],[2191.0,2096.5],[2204.0,2095.5],[2210.5,2088.0],[2217.0,2080.5],[2227.0,2078.5],[2238.0,2076.5],[2250.0,2074.5],[2264.0,2074.5],[2277.0,2073.5],[2290.0,2072.5],[2303.5,2073.0],[2309.5,2079.0],[2317.0,2084.5],[2328.0,2087.5],[2339.0,2090.5],[2351.0,2092.5],[2364.0,2093.5],[2374.5,2097.0],[2383.5,2102.0],[2392.5,2106.0],[2402.5,2110.0],[2414.0,2112.5],[2426.5,2114.0],[2438.0,2114.5],[2451.0,2115.5],[2453.5,2121.0],[2443.0,2123.5],[2431.0,2125.5],[2419.0,2123.5],[2405.5,2124.0],[2395.0,2127.5],[2382.0,2128.5],[2368.0,2128.5],[2355.0,2128.5],[2343.0,2128.5],[2331.0,2126.5],[2317.0,2126.5],[2306.0,2129.5],[2299.0,2122.5],[2290.0,2117.5],[2280.0,2120.5],[2270.0,2124.5],[2258.5,2127.0],[2247.0,2129.5],[2234.0,2130.5],[2221.5,2129.0],[2209.0,2127.5],[2197.0,2126.5],[2183.0,2126.5],[2171.0,2124.5],[2158.0,2123.5],[2146.0,2121.5],[2136.5,2117.0],[2126.5,2113.0],[2116.0,2110.5],[2102.0,2110.5],[2089.5,2112.0],[2077.0,2113.5],[2064.0,2112.5],[2051.0,2111.5],[2040.0,2114.5],[2030.0,2117.5],[2018.0,2119.5],[2006.0,2117.5],[1994.0,2115.5],[1980.0,2115.5],[1969.0,2114.5],[1962.0,2107.5],[1953.0,2109.5],[1942.5,2112.0],[1931.0,2109.5],[1919.5,2108.0],[1906.0,2108.5],[1895.0,2105.5],[1885.0,2101.5],[1874.0,2100.5],[1864.0,2103.5],[1854.0,2107.5],[1840.0,2107.5],[1826.0,2107.5],[1813.0,2106.5],[1803.5,2102.0],[1793.0,2098.5],[1782.5,2101.0],[1774.5,2107.0],[1766.5,2113.0],[1758.5,2119.0],[1749.0,2123.5],[1738.5,2127.0],[1726.0,2126.5],[1715.0,2124.5],[1703.0,2122.5],[1690.5,2121.0],[1677.0,2120.5],[1664.0,2121.5],[1655.0,2122.5],[1643.0,2120.5],[1633.0,2117.5],[1622.0,2114.5],[1611.0,2113.5],[1600.0,2116.5],[1592.0,2122.5],[1583.0,2127.5],[1573.0,2131.5],[1567.5,2139.0],[1561.5,2147.0],[1550.5,2149.0],[1538.5,2150.0],[1525.0,2150.5],[1513.5,2153.0],[1504.5,2158.0],[1496.0,2162.5],[1485.5,2166.0],[1474.5,2169.0],[1465.0,2173.5]]",243074.65706634521,431126.7331352234,67.95017337799072,,,,,0.783908108,98905,SPW_0172,SPW_여수로_교각_도수면,SPW_0172,937f6f04-61a2-5658-853c-23dbe2f815de,0.9565885996675113,../../Data/DJI_20260826125854_0900_V.JPG,../Overlay/SPL/P000789.png,mapped,local_surface_estimate
DJI_20260826125854_0900_V.JPG,P000790,SPL,박락,"[[1804.0,2042.5],[1803.5,2042.0],[1804.0,2041.5],[1804.5,2042.0],[1804.0,2042.5]]",243074.76150512695,431126.6070613861,68.03170871734619,,,,,8.1433e-06,1,SPW_0172,SPW_여수로_교각_도수면,SPW_0172,937f6f04-61a2-5658-853c-23dbe2f815de,0.4968428313732147,../../Data/DJI_20260826125854_0900_V.JPG,../Overlay/SPL/P000790.png,mapped,local_surface_estimate
DJI_20260826125854_0900_V.JPG,P000791,SPL,박락,"[[4534.0,2128.5],[4532.0,2128.5],[4530.0,2128.5],[4528.0,2128.5],[4526.0,2128.5],[4524.0,2128.5],[4522.0,2128.5],[4520.0,2128.5],[4517.0,2128.5],[4515.0,2128.5],[4513.0,2128.5],[4511.0,2128.5],[4510.0,2127.5],[4508.0,2127.5],[4506.0,2127.5],[4504.0,2127.5],[4502.0,2127.5],[4500.0,2127.5],[4498.5,2127.0],[4497.0,2126.5],[4495.0,2126.5],[4493.0,2126.5],[4491.0,2125.5],[4490.5,2124.0],[4489.5,2123.0],[4488.5,2122.0],[4488.5,2120.0],[4489.5,2119.0],[4490.0,2117.5],[4490.5,2116.0],[4491.5,2115.0],[4492.5,2114.0],[4493.5,2113.0],[4494.5,2112.0],[4495.5,2111.0],[4496.5,2110.0],[4497.5,2108.0],[4498.5,2107.0],[4499.5,2106.0],[4500.0,2104.5],[4500.5,2103.0],[4501.0,2101.5],[4502.0,2100.5],[4502.5,2099.0],[4503.5,2098.0],[4505.0,2097.5],[4507.0,2097.5],[4509.0,2097.5],[4510.0,2096.5],[4512.0,2096.5],[4514.0,2095.5],[4516.0,2095.5],[4517.0,2094.5],[4518.5,2094.0],[4520.0,2093.5],[4521.0,2092.5],[4522.0,2091.5],[4523.0,2090.5],[4523.5,2089.0],[4524.5,2088.0],[4524.5,2086.0],[4524.5,2084.0],[4524.5,2082.0],[4524.0,2080.5],[4523.0,2078.5],[4522.5,2077.0],[4521.5,2076.0],[4520.5,2075.0],[4519.5,2074.0],[4519.0,2072.5],[4518.5,2071.0],[4517.5,2070.0],[4517.5,2068.0],[4517.5,2066.0],[4516.5,2065.0],[4517.0,2063.5],[4517.5,2062.0],[4518.0,2060.5],[4519.0,2058.5],[4520.0,2057.5],[4521.0,2056.5],[4523.0,2056.5],[4525.0,2056.5],[4527.0,2056.5],[4528.0,2057.5],[4530.0,2057.5],[4532.0,2057.5],[4534.0,2057.5],[4536.0,2057.5],[4538.0,2057.5],[4540.0,2057.5],[4541.0,2056.5],[4543.0,2056.5],[4546.0,2056.5],[4548.0,2056.5],[4549.5,2057.0],[4551.0,2057.5],[4553.0,2057.5],[4555.0,2057.5],[4556.0,2058.5],[4558.0,2058.5],[4559.0,2059.5],[4561.0,2059.5],[4562.0,2060.5],[4564.0,2060.5],[4565.0,2061.5],[4567.0,2061.5],[4569.0,2062.5],[4571.0,2062.5],[4573.0,2062.5],[4575.0,2062.5],[4577.0,2062.5],[4579.0,2062.5],[4580.0,2061.5],[4582.0,2061.5],[4583.5,2061.0],[4585.0,2060.5],[4586.0,2059.5],[4587.5,2059.0],[4589.0,2058.5],[4590.0,2057.5],[4592.0,2056.5],[4593.0,2055.5],[4594.0,2054.5],[4595.0,2053.5],[4597.0,2053.5],[4598.0,2052.5],[4599.0,2051.5],[4600.5,2051.0],[4601.5,2050.0],[4602.0,2048.5],[4603.5,2048.0],[4605.0,2047.5],[4607.0,2047.5],[4607.5,2049.0],[4607.5,2052.0],[4607.5,2054.0],[4608.0,2055.5],[4609.0,2054.5],[4610.5,2054.0],[4611.5,2053.0],[4613.0,2052.5],[4615.0,2052.5],[4616.5,2052.0],[4618.0,2051.5],[4619.0,2050.5],[4620.5,2050.0],[4622.0,2049.5],[4623.5,2049.0],[4626.0,2048.5],[4628.0,2048.5],[4630.0,2048.5],[4631.0,2049.5],[4633.0,2049.5],[4635.0,2049.5],[4636.0,2050.5],[4638.0,2050.5],[4639.0,2051.5],[4640.0,2052.5],[4641.5,2053.0],[4642.5,2054.0],[4643.5,2055.0],[4644.5,2056.0],[4644.5,2059.0],[4644.5,2061.0],[4645.5,2062.0],[4645.5,2064.0],[4645.5,2066.0],[4645.5,2068.0],[4644.5,2069.0],[4644.5,2071.0],[4644.0,2072.5],[4643.5,2074.0],[4643.5,2076.0],[4642.5,2077.0],[4642.5,2079.0],[4642.0,2080.5],[4641.5,2082.0],[4641.0,2084.5],[4640.5,2086.0],[4639.5,2087.0],[4639.0,2088.5],[4638.0,2089.5],[4636.0,2089.5],[4635.0,2090.5],[4634.5,2092.0],[4633.5,2093.0],[4634.0,2094.5],[4634.0,2095.5],[4633.5,2097.0],[4632.5,2098.0],[4631.5,2099.0],[4630.5,2101.0],[4630.0,2102.5],[4629.5,2104.0],[4628.5,2105.0],[4628.0,2106.5],[4627.5,2108.0],[4627.5,2110.0],[4626.5,2111.0],[4626.5,2113.0],[4626.0,2114.5],[4625.5,2116.0],[4625.0,2117.5],[4624.0,2118.5],[4623.0,2119.5],[4621.0,2120.5],[4620.0,2121.5],[4618.0,2121.5],[4616.0,2121.5],[4614.0,2121.5],[4612.0,2121.5],[4610.0,2121.5],[4608.0,2121.5],[4607.5,2123.0],[4606.5,2123.0],[4605.0,2122.5],[4603.0,2122.5],[4601.0,2122.5],[4599.0,2122.5],[4596.0,2122.5],[4594.0,2122.5],[4593.0,2123.5],[4591.0,2123.5],[4589.0,2123.5],[4587.5,2124.0],[4586.0,2124.5],[4584.0,2124.5],[4582.0,2124.5],[4580.0,2124.5],[4578.0,2124.5],[4576.0,2124.5],[4575.0,2123.5],[4573.0,2123.5],[4570.0,2123.5],[4569.0,2122.5],[4567.0,2122.5],[4565.0,2122.5],[4563.0,2122.5],[4561.0,2122.5],[4559.0,2122.5],[4558.0,2123.5],[4556.0,2123.5],[4554.0,2123.5],[4553.0,2124.5],[4551.0,2124.5],[4550.0,2125.5],[4548.0,2125.5],[4546.0,2126.5],[4544.0,2126.5],[4542.0,2126.5],[4540.0,2126.5],[4539.0,2127.5],[4537.0,2127.5],[4535.0,2127.5],[4534.0,2128.5]]",243077.2227420807,431118.86325383186,67.86197662353516,,,,,0.1077103443,8705,SPW_0174,SPW_여수로_교각_도수면,SPW_0174,2a7517a5-7347-5204-bfdf-6983e26449f6,0.8634380016020151,../../Data/DJI_20260826125854_0900_V.JPG,../Overlay/SPL/P000791.png,mapped,local_surface_estimate
DJI_20260826125854_0900_V.JPG,P000792,SPL,박락,"[[861.0,2197.5],[856.0,2197.5],[852.0,2196.5],[848.0,2195.5],[844.0,2194.5],[840.5,2193.0],[836.5,2192.0],[833.0,2191.5],[829.5,2190.0],[828.5,2188.0],[830.5,2185.0],[832.5,2182.0],[831.0,2178.5],[830.5,2174.0],[830.5,2169.0],[832.0,2165.5],[832.0,2162.5],[833.5,2164.0],[836.5,2165.0],[835.0,2161.5],[831.5,2160.0],[830.0,2157.5],[828.0,2156.5],[825.0,2154.5],[822.5,2154.0],[818.0,2153.5],[814.0,2152.5],[809.0,2152.5],[804.0,2152.5],[801.5,2155.0],[798.0,2156.5],[794.0,2157.5],[790.0,2158.5],[787.0,2158.5],[784.0,2159.5],[781.5,2162.0],[781.5,2165.0],[779.0,2167.5],[776.0,2169.5],[773.0,2169.5],[769.5,2171.0],[767.5,2169.0],[767.5,2164.0],[767.5,2159.0],[767.5,2154.0],[766.0,2150.5],[761.0,2150.5],[757.0,2150.5],[753.0,2149.5],[748.0,2149.5],[743.0,2149.5],[738.0,2149.5],[734.0,2150.5],[729.0,2150.5],[725.0,2151.5],[722.0,2153.5],[718.0,2154.5],[715.0,2156.5],[711.0,2157.5],[708.0,2159.5],[704.0,2160.5],[701.0,2161.5],[697.5,2162.0],[694.0,2160.5],[691.0,2158.5],[688.0,2156.5],[684.0,2155.5],[680.0,2154.5],[676.0,2153.5],[671.0,2153.5],[667.0,2152.5],[663.0,2151.5],[659.0,2150.5],[654.0,2150.5],[651.5,2149.0],[647.5,2148.0],[644.5,2146.0],[641.0,2144.5],[639.5,2141.0],[638.0,2137.5],[634.5,2136.0],[634.0,2132.5],[635.5,2129.0],[638.0,2126.5],[641.0,2124.5],[645.0,2123.5],[649.0,2122.5],[652.0,2120.5],[655.0,2119.5],[658.0,2117.5],[661.5,2116.0],[664.5,2114.0],[667.5,2112.0],[670.0,2109.5],[672.5,2107.0],[675.0,2104.5],[678.0,2102.5],[681.0,2100.5],[685.0,2099.5],[688.5,2098.0],[692.0,2096.5],[696.0,2096.5],[699.5,2095.0],[703.0,2093.5],[708.0,2093.5],[711.5,2092.0],[715.0,2090.5],[719.0,2089.5],[723.0,2088.5],[727.0,2089.5],[731.0,2090.5],[734.0,2092.5],[737.0,2094.5],[741.0,2095.5],[744.0,2097.5],[747.0,2098.5],[751.0,2099.5],[756.0,2099.5],[761.0,2099.5],[766.0,2099.5],[770.0,2100.5],[775.0,2100.5],[779.0,2101.5],[784.0,2101.5],[788.0,2102.5],[792.0,2103.5],[796.0,2104.5],[800.0,2105.5],[803.0,2106.5],[808.0,2106.5],[812.0,2107.5],[816.5,2107.0],[821.0,2106.5],[824.5,2105.0],[828.0,2103.5],[831.0,2101.5],[834.0,2099.5],[837.0,2097.5],[840.5,2096.0],[843.0,2093.5],[845.5,2091.0],[847.5,2089.0],[850.0,2086.5],[852.0,2083.5],[854.5,2081.0],[857.5,2079.0],[860.0,2076.5],[862.5,2074.0],[865.0,2071.5],[869.0,2070.5],[872.0,2070.5],[876.0,2069.5],[881.0,2069.5],[886.0,2069.5],[888.5,2072.0],[892.0,2072.5],[896.0,2073.5],[900.0,2074.5],[903.0,2076.5],[908.0,2076.5],[912.0,2075.5],[916.0,2076.5],[921.0,2076.5],[923.5,2079.0],[927.0,2080.5],[929.0,2083.5],[931.5,2086.0],[935.0,2087.5],[938.0,2088.5],[942.0,2087.5],[945.0,2089.5],[949.0,2088.5],[953.0,2089.5],[957.0,2090.5],[959.0,2093.5],[962.0,2095.5],[964.5,2098.0],[967.0,2100.5],[970.0,2102.5],[973.5,2104.0],[977.0,2105.5],[979.5,2108.0],[982.0,2109.5],[984.0,2112.5],[986.5,2115.0],[988.0,2118.5],[989.5,2122.0],[991.0,2125.5],[991.0,2128.5],[991.5,2133.0],[991.5,2138.0],[992.5,2142.0],[995.0,2144.5],[998.0,2146.5],[1003.0,2146.5],[1006.0,2147.5],[1011.0,2147.5],[1016.0,2147.5],[1021.0,2147.5],[1025.0,2148.5],[1028.5,2150.0],[1032.0,2151.5],[1036.0,2152.5],[1039.5,2154.0],[1042.5,2156.0],[1045.0,2158.5],[1046.5,2162.0],[1046.5,2165.0],[1045.5,2169.0],[1045.5,2173.0],[1047.5,2176.0],[1048.5,2180.0],[1049.5,2184.0],[1049.0,2186.5],[1045.0,2187.5],[1040.5,2187.0],[1037.0,2185.5],[1033.5,2186.0],[1029.0,2185.5],[1024.0,2185.5],[1020.5,2185.0],[1016.0,2185.5],[1013.0,2186.5],[1008.5,2187.0],[1004.5,2188.0],[1000.0,2188.5],[996.5,2190.0],[992.0,2190.5],[988.0,2191.5],[983.0,2191.5],[978.0,2191.5],[973.0,2191.5],[968.0,2191.5],[963.0,2191.5],[958.0,2191.5],[954.0,2191.5],[949.0,2191.5],[945.0,2192.5],[940.0,2192.5],[935.0,2192.5],[930.0,2192.5],[925.0,2192.5],[920.0,2192.5],[915.0,2192.5],[910.0,2192.5],[905.0,2192.5],[900.0,2192.5],[895.5,2193.0],[891.0,2193.5],[887.0,2193.5],[883.0,2194.5],[878.0,2194.5],[874.0,2195.5],[869.5,2196.0],[865.0,2196.5],[861.0,2197.5]]",243073.89045333862,431128.6997423172,67.80789470672607,,,,,0.1972181038,29291,SPW_0172,SPW_여수로_교각_도수면,SPW_0172,937f6f04-61a2-5658-853c-23dbe2f815de,0.9545531682475528,../../Data/DJI_20260826125854_0900_V.JPG,../Overlay/SPL/P000792.png,mapped,local_surface_estimate
DJI_20260826125854_0900_V.JPG,P000793,SPL,박락,"[[2739.0,2993.5],[2714.0,2992.5],[2692.0,2987.5],[2669.0,2988.5],[2646.0,2986.5],[2627.0,2979.5],[2603.0,2976.5],[2580.0,2973.5],[2564.5,2962.0],[2556.0,2944.5],[2533.0,2940.5],[2511.0,2938.5],[2494.0,2930.5],[2474.0,2926.5],[2453.0,2926.5],[2433.0,2932.5],[2416.0,2930.5],[2396.5,2924.0],[2375.0,2918.5],[2352.0,2915.5],[2330.0,2912.5],[2310.0,2906.5],[2289.0,2910.5],[2268.0,2905.5],[2247.5,2902.0],[2230.0,2894.5],[2212.0,2894.5],[2197.0,2884.5],[2177.5,2880.0],[2169.0,2861.5],[2166.5,2842.0],[2172.5,2823.0],[2154.0,2815.5],[2145.0,2804.5],[2159.0,2792.5],[2174.0,2782.5],[2170.5,2767.0],[2154.5,2760.0],[2148.5,2746.0],[2156.5,2727.0],[2161.5,2706.0],[2163.0,2699.5],[2159.5,2695.0],[2162.0,2684.5],[2173.5,2670.0],[2175.0,2651.5],[2164.0,2642.5],[2176.0,2629.5],[2202.0,2630.5],[2222.0,2624.5],[2247.0,2622.5],[2271.0,2624.5],[2295.0,2627.5],[2318.0,2628.5],[2340.0,2623.5],[2359.0,2616.5],[2380.0,2610.5],[2394.5,2620.0],[2408.5,2632.0],[2429.0,2628.5],[2448.0,2624.5],[2466.0,2616.5],[2489.0,2614.5],[2505.5,2605.0],[2522.0,2594.5],[2537.0,2583.5],[2552.0,2571.5],[2558.5,2552.0],[2550.5,2533.0],[2545.5,2512.0],[2540.5,2491.0],[2544.5,2470.0],[2558.5,2458.0],[2574.5,2447.0],[2589.0,2435.5],[2613.5,2433.0],[2626.0,2419.5],[2630.5,2397.0],[2632.5,2375.0],[2646.0,2363.5],[2644.5,2344.0],[2650.0,2326.5],[2658.5,2309.0],[2637.0,2303.5],[2619.5,2295.0],[2612.5,2277.0],[2604.5,2261.0],[2604.5,2240.0],[2611.5,2221.0],[2612.5,2199.0],[2617.0,2185.5],[2635.5,2181.0],[2657.0,2176.5],[2677.0,2182.5],[2697.0,2189.5],[2718.0,2194.5],[2740.0,2193.5],[2762.0,2189.5],[2788.0,2188.5],[2811.0,2185.5],[2835.0,2186.5],[2861.0,2186.5],[2882.0,2184.5],[2904.0,2186.5],[2926.0,2191.5],[2950.0,2191.5],[2971.0,2191.5],[2990.0,2198.5],[3010.0,2203.5],[3032.0,2199.5],[3055.0,2195.5],[3076.0,2190.5],[3101.0,2188.5],[3112.5,2174.0],[3126.5,2182.0],[3133.5,2201.0],[3136.0,2220.5],[3157.0,2224.5],[3154.5,2208.0],[3145.5,2194.0],[3156.0,2180.5],[3176.0,2175.5],[3187.0,2188.5],[3187.0,2206.5],[3181.5,2221.0],[3198.0,2231.5],[3216.5,2239.0],[3240.0,2238.5],[3259.0,2235.5],[3270.0,2251.5],[3275.5,2270.0],[3275.5,2293.0],[3269.0,2311.5],[3277.5,2330.0],[3285.5,2348.0],[3295.5,2365.0],[3299.0,2386.5],[3299.5,2410.0],[3310.5,2425.0],[3296.0,2431.5],[3287.5,2443.0],[3286.5,2466.0],[3295.5,2467.0],[3303.5,2476.0],[3301.5,2499.0],[3293.0,2516.5],[3273.0,2515.5],[3264.0,2529.5],[3274.5,2546.0],[3263.0,2560.5],[3245.0,2561.5],[3229.0,2567.5],[3218.5,2584.0],[3220.0,2601.5],[3204.5,2613.0],[3199.5,2634.0],[3199.5,2661.0],[3198.5,2671.0],[3194.0,2684.5],[3178.0,2694.5],[3170.0,2709.5],[3154.0,2715.5],[3142.0,2700.5],[3127.0,2697.5],[3114.5,2711.0],[3100.5,2707.0],[3087.0,2712.5],[3073.0,2725.5],[3053.0,2729.5],[3033.0,2732.5],[3022.0,2736.5],[3007.5,2736.0],[2995.5,2748.0],[2991.0,2744.5],[2976.0,2737.5],[2956.5,2740.0],[2949.5,2723.0],[2941.5,2712.0],[2930.0,2705.5],[2917.5,2693.0],[2919.5,2683.0],[2918.0,2665.5],[2909.5,2650.0],[2886.0,2648.5],[2869.5,2639.0],[2853.5,2639.0],[2844.0,2655.5],[2837.5,2675.0],[2824.0,2688.5],[2806.0,2690.5],[2783.0,2690.5],[2763.5,2684.0],[2747.5,2673.0],[2730.0,2666.5],[2713.0,2656.5],[2696.0,2649.5],[2699.5,2631.0],[2687.5,2627.0],[2673.0,2618.5],[2658.5,2609.0],[2646.5,2609.0],[2637.0,2623.5],[2620.5,2619.0],[2618.5,2607.0],[2607.0,2593.5],[2597.0,2606.5],[2595.5,2625.0],[2580.0,2635.5],[2566.0,2626.5],[2563.5,2648.0],[2567.5,2668.0],[2571.0,2687.5],[2570.0,2699.5],[2562.0,2718.5],[2562.5,2739.0],[2573.5,2752.0],[2575.5,2753.0],[2586.0,2769.5],[2603.5,2774.0],[2622.0,2768.5],[2640.0,2776.5],[2658.5,2781.0],[2675.0,2784.5],[2688.0,2770.5],[2706.5,2772.0],[2721.5,2784.0],[2738.5,2793.0],[2748.5,2808.0],[2752.0,2816.5],[2759.0,2836.5],[2767.5,2852.0],[2768.5,2872.0],[2790.0,2874.5],[2810.0,2868.5],[2817.5,2851.0],[2824.0,2835.5],[2844.0,2836.5],[2862.0,2830.5],[2873.0,2846.5],[2887.5,2858.0],[2898.5,2874.0],[2911.5,2887.0],[2926.0,2899.5],[2928.0,2918.5],[2916.5,2934.0],[2918.5,2950.0],[2905.5,2962.0],[2909.0,2981.5],[2889.0,2982.5],[2869.5,2985.0],[2845.5,2983.0],[2821.5,2984.0],[2802.5,2987.0],[2780.0,2983.5],[2756.5,2985.0],[2739.0,2993.5]]",243074.62085151672,431124.03983938694,66.7226734161377,,,,,3.5533192636,505778,SPW_0173,SPW_여수로_교각_도수면,SPW_0173,64e55899-94a1-5b2b-bb28-fc6b0cbddd9c,0.9772846126304651,../../Data/DJI_20260826125854_0900_V.JPG,../Overlay/SPL/P000793.png,mapped,local_surface_estimate
DJI_20260826125854_0900_V.JPG,P000794,SPL,박락,"[[805.0,2187.5],[804.0,2187.5],[803.0,2187.5],[802.0,2187.5],[801.0,2187.5],[800.5,2187.0],[800.0,2186.5],[799.0,2186.5],[798.0,2186.5],[797.0,2186.5],[796.0,2186.5],[795.0,2186.5],[794.5,2186.0],[794.0,2185.5],[793.0,2185.5],[792.5,2185.0],[792.5,2184.0],[792.0,2183.5],[791.0,2183.5],[790.0,2183.5],[789.5,2183.0],[789.0,2182.5],[788.0,2182.5],[787.5,2182.0],[787.5,2181.0],[788.0,2180.5],[789.0,2180.5],[790.0,2180.5],[791.0,2180.5],[791.5,2180.0],[792.0,2179.5],[793.0,2179.5],[794.0,2179.5],[794.5,2180.0],[795.0,2180.5],[796.0,2180.5],[796.5,2180.0],[797.0,2179.5],[797.5,2180.0],[798.0,2180.5],[798.5,2181.0],[799.0,2181.5],[800.0,2181.5],[801.0,2181.5],[802.0,2181.5],[802.5,2182.0],[802.5,2183.0],[803.0,2183.5],[803.5,2184.0],[804.0,2184.5],[805.0,2184.5],[806.0,2184.5],[806.5,2185.0],[806.5,2186.0],[806.0,2186.5],[805.5,2187.0],[805.0,2187.5]]",243073.777759552,431128.78577423096,67.69800662994385,,,,,0.0005535191,85,SPW_0172,SPW_여수로_교각_도수면,SPW_0172,937f6f04-61a2-5658-853c-23dbe2f815de,0.5010747208314783,../../Data/DJI_20260826125854_0900_V.JPG,../Overlay/SPL/P000794.png,mapped,local_surface_estimate
DJI_20260826125854_0900_V.JPG,P000795,SPL,박락,"[[981.0,2687.5],[972.5,2686.0],[968.5,2681.0],[963.5,2676.0],[959.0,2671.5],[953.5,2667.0],[946.5,2664.0],[940.0,2661.5],[932.0,2659.5],[925.5,2657.0],[917.0,2657.5],[910.5,2661.0],[904.0,2663.5],[900.5,2657.0],[900.5,2647.0],[904.0,2641.5],[910.0,2637.5],[917.0,2635.5],[924.0,2632.5],[928.5,2627.0],[932.5,2622.0],[936.5,2616.0],[938.5,2609.0],[939.5,2600.0],[941.0,2591.5],[947.0,2590.5],[955.5,2592.0],[962.5,2593.0],[970.0,2590.5],[974.5,2585.0],[979.0,2580.5],[984.5,2576.0],[989.0,2571.5],[995.0,2567.5],[1001.5,2564.0],[1007.5,2561.0],[1014.5,2558.0],[1019.5,2554.0],[1024.5,2549.0],[1028.5,2543.0],[1030.5,2536.0],[1034.0,2529.5],[1038.0,2523.5],[1042.0,2518.5],[1047.0,2513.5],[1051.5,2509.0],[1055.5,2503.0],[1058.5,2496.0],[1061.0,2489.5],[1064.5,2483.0],[1068.5,2478.0],[1069.5,2471.0],[1065.5,2465.0],[1058.0,2463.5],[1049.0,2464.5],[1042.0,2466.5],[1033.0,2467.5],[1023.0,2467.5],[1015.0,2466.5],[1007.0,2466.5],[1000.0,2466.5],[994.0,2462.5],[988.5,2458.0],[986.5,2451.0],[987.5,2442.0],[988.5,2433.0],[994.5,2430.0],[997.0,2424.5],[1001.5,2420.0],[1007.0,2415.5],[1012.5,2411.0],[1017.5,2407.0],[1022.0,2401.5],[1025.5,2396.0],[1026.0,2387.5],[1023.5,2380.0],[1023.0,2372.5],[1024.5,2364.0],[1026.5,2357.0],[1029.0,2349.5],[1031.5,2342.0],[1033.5,2335.0],[1035.5,2327.0],[1037.5,2320.0],[1040.5,2313.0],[1044.5,2307.0],[1050.0,2303.5],[1055.0,2298.5],[1059.5,2294.0],[1065.5,2290.0],[1075.0,2289.5],[1084.0,2289.5],[1091.5,2287.0],[1096.0,2281.5],[1099.5,2276.0],[1105.0,2271.5],[1110.5,2268.0],[1116.0,2263.5],[1120.0,2257.5],[1122.5,2251.0],[1124.5,2243.0],[1127.5,2237.0],[1131.5,2231.0],[1132.5,2222.0],[1131.5,2214.0],[1133.0,2205.5],[1138.0,2201.5],[1147.5,2202.0],[1156.0,2203.5],[1164.0,2204.5],[1173.0,2205.5],[1181.0,2204.5],[1189.0,2202.5],[1196.0,2199.5],[1205.0,2199.5],[1215.0,2199.5],[1224.0,2200.5],[1232.0,2199.5],[1240.0,2197.5],[1247.0,2195.5],[1255.0,2195.5],[1263.0,2195.5],[1271.0,2196.5],[1279.0,2198.5],[1287.0,2199.5],[1297.0,2199.5],[1307.0,2199.5],[1315.0,2200.5],[1324.0,2199.5],[1332.0,2198.5],[1342.0,2198.5],[1352.0,2198.5],[1360.0,2197.5],[1369.0,2196.5],[1377.0,2195.5],[1386.0,2196.5],[1396.0,2196.5],[1403.5,2195.0],[1412.0,2193.5],[1419.5,2192.0],[1427.0,2191.5],[1437.0,2191.5],[1445.0,2192.5],[1449.0,2197.5],[1444.0,2202.5],[1442.5,2208.0],[1442.5,2216.0],[1441.5,2224.0],[1437.0,2229.5],[1431.0,2233.5],[1426.5,2238.0],[1422.0,2243.5],[1418.0,2248.5],[1416.0,2255.5],[1417.5,2262.0],[1420.5,2268.0],[1423.5,2275.0],[1428.0,2279.5],[1435.5,2281.0],[1441.5,2284.0],[1445.0,2289.5],[1447.0,2297.5],[1446.5,2305.0],[1444.5,2313.0],[1443.5,2322.0],[1442.5,2330.0],[1442.5,2340.0],[1442.5,2350.0],[1440.5,2357.0],[1439.5,2366.0],[1440.5,2374.0],[1439.5,2383.0],[1437.5,2391.0],[1435.0,2397.5],[1430.5,2403.0],[1424.0,2405.5],[1417.0,2408.5],[1410.0,2411.5],[1404.0,2414.5],[1397.0,2417.5],[1390.5,2420.0],[1384.0,2423.5],[1377.5,2427.0],[1372.0,2430.5],[1364.0,2432.5],[1358.0,2435.5],[1351.0,2438.5],[1343.0,2440.5],[1336.0,2442.5],[1327.0,2441.5],[1318.0,2441.5],[1308.0,2441.5],[1299.5,2443.0],[1293.0,2445.5],[1285.0,2447.5],[1277.5,2450.0],[1270.0,2449.5],[1261.0,2448.5],[1254.0,2446.5],[1247.0,2447.5],[1238.0,2448.5],[1232.0,2451.5],[1226.0,2455.5],[1221.0,2459.5],[1216.5,2465.0],[1213.5,2472.0],[1211.5,2479.0],[1208.5,2486.0],[1206.0,2492.5],[1203.5,2500.0],[1203.5,2510.0],[1205.5,2517.0],[1207.5,2525.0],[1207.5,2534.0],[1206.5,2543.0],[1203.5,2550.0],[1200.5,2556.0],[1197.5,2563.0],[1194.0,2569.5],[1189.0,2573.5],[1182.0,2576.5],[1176.0,2579.5],[1170.0,2583.5],[1164.0,2587.5],[1159.0,2591.5],[1154.0,2596.5],[1151.0,2602.5],[1145.0,2606.5],[1139.0,2610.5],[1134.0,2614.5],[1129.5,2620.0],[1125.5,2625.0],[1121.5,2631.0],[1117.0,2636.5],[1112.0,2640.5],[1105.0,2643.5],[1099.0,2646.5],[1091.5,2649.0],[1084.0,2651.5],[1078.0,2654.5],[1070.5,2657.0],[1063.0,2658.5],[1054.5,2660.0],[1046.0,2661.5],[1038.0,2660.5],[1029.5,2659.0],[1023.0,2655.5],[1017.0,2652.5],[1009.0,2650.5],[1001.0,2649.5],[993.5,2652.0],[988.0,2656.5],[984.5,2662.0],[982.5,2670.0],[981.5,2678.0],[981.0,2687.5]]",243073.74297523499,431127.74721717834,67.19740676879883,,,,,0.8062051697,130950,SPW_0172,SPW_여수로_교각_도수면,SPW_0172,937f6f04-61a2-5658-853c-23dbe2f815de,0.9887432195217203,../../Data/DJI_20260826125854_0900_V.JPG,../Overlay/SPL/P000795.png,mapped,local_surface_estimate
DJI_20260826125854_0900_V.JPG,P000796,SPL,박락,"[[754.0,2198.5],[753.0,2198.5],[752.5,2198.0],[752.5,2197.0],[752.0,2196.5],[751.5,2196.0],[751.5,2195.0],[751.0,2194.5],[750.5,2194.0],[751.0,2193.5],[751.5,2193.0],[752.0,2192.5],[753.0,2192.5],[754.0,2192.5],[754.5,2193.0],[755.0,2193.5],[756.0,2193.5],[756.5,2194.0],[756.5,2195.0],[756.5,2196.0],[756.0,2196.5],[755.5,2197.0],[755.0,2197.5],[754.5,2198.0],[754.0,2198.5]]",243073.7317352295,431128.86699581146,67.67331886291504,,,,,0.0001544313,24,SPW_0172,SPW_여수로_교각_도수면,SPW_0172,937f6f04-61a2-5658-853c-23dbe2f815de,0.6568750043710073,../../Data/DJI_20260826125854_0900_V.JPG,../Overlay/SPL/P000796.png,mapped,local_surface_estimate
DJI_20260826125854_0900_V.JPG,P000797,SPL,박락,"[[478.0,2612.5],[474.5,2609.0],[472.0,2608.5],[473.5,2602.0],[472.0,2597.5],[472.5,2594.0],[470.5,2590.0],[466.5,2588.0],[461.0,2586.5],[455.0,2584.5],[447.0,2584.5],[442.5,2587.0],[439.0,2585.5],[434.0,2588.5],[429.5,2588.0],[430.0,2581.5],[424.5,2581.0],[421.0,2581.5],[415.0,2583.5],[409.0,2583.5],[404.0,2581.5],[400.5,2577.0],[396.0,2573.5],[390.0,2572.5],[384.0,2574.5],[383.5,2582.0],[383.5,2589.0],[383.0,2596.5],[379.0,2600.5],[379.5,2595.0],[378.5,2593.0],[373.5,2595.0],[371.5,2590.0],[372.5,2585.0],[373.0,2578.5],[375.0,2574.5],[379.5,2571.0],[380.5,2566.0],[379.5,2560.0],[378.5,2553.0],[376.5,2549.0],[371.0,2549.5],[365.0,2549.5],[360.0,2549.5],[355.0,2546.5],[350.0,2543.5],[346.0,2540.5],[342.5,2536.0],[345.0,2530.5],[348.5,2527.0],[353.5,2524.0],[359.0,2521.5],[364.0,2519.5],[368.0,2515.5],[372.5,2512.0],[376.0,2508.5],[380.0,2504.5],[383.5,2500.0],[382.0,2495.5],[383.5,2489.0],[384.5,2482.0],[387.5,2478.0],[389.5,2472.0],[389.5,2466.0],[388.5,2462.0],[387.0,2457.5],[389.0,2452.5],[391.5,2448.0],[395.0,2443.5],[398.0,2438.5],[400.5,2434.0],[406.0,2431.5],[414.0,2431.5],[412.0,2429.5],[413.0,2423.5],[415.5,2418.0],[417.5,2413.0],[418.5,2406.0],[418.5,2400.0],[418.5,2395.0],[419.5,2390.0],[422.5,2385.0],[424.5,2380.0],[422.0,2374.5],[421.5,2369.0],[423.5,2364.0],[422.5,2359.0],[427.0,2355.5],[432.0,2353.5],[436.5,2350.0],[440.0,2345.5],[443.0,2341.5],[445.5,2336.0],[445.5,2330.0],[443.0,2326.5],[446.5,2322.0],[451.0,2318.5],[454.5,2315.0],[459.0,2311.5],[460.0,2307.5],[456.0,2304.5],[462.0,2303.5],[466.0,2299.5],[468.5,2295.0],[470.0,2288.5],[471.5,2282.0],[473.0,2276.5],[476.0,2271.5],[480.0,2267.5],[484.0,2264.5],[488.0,2260.5],[491.5,2256.0],[493.5,2251.0],[493.5,2245.0],[496.5,2240.0],[501.0,2237.5],[505.5,2234.0],[508.5,2229.0],[511.5,2225.0],[511.5,2217.0],[513.0,2210.5],[516.5,2207.0],[522.0,2204.5],[529.5,2204.0],[536.0,2203.5],[544.0,2203.5],[552.0,2203.5],[558.0,2202.5],[564.5,2201.0],[571.0,2200.5],[578.0,2199.5],[586.0,2199.5],[593.0,2199.5],[601.0,2199.5],[609.0,2199.5],[615.0,2198.5],[623.0,2198.5],[630.0,2197.5],[636.0,2196.5],[643.0,2195.5],[651.0,2195.5],[657.0,2196.5],[664.0,2197.5],[671.0,2198.5],[678.0,2198.5],[685.0,2197.5],[692.0,2196.5],[699.0,2196.5],[705.0,2196.5],[713.0,2196.5],[719.5,2197.0],[719.5,2205.0],[717.5,2211.0],[717.0,2216.5],[723.0,2218.5],[730.0,2219.5],[732.0,2224.5],[731.5,2231.0],[731.5,2239.0],[730.5,2245.0],[729.5,2252.0],[727.5,2258.0],[726.0,2263.5],[724.0,2269.5],[721.5,2275.0],[718.5,2279.0],[715.5,2284.0],[713.0,2289.5],[710.0,2293.5],[706.5,2298.0],[703.5,2303.0],[699.5,2306.0],[695.0,2309.5],[693.5,2316.0],[691.0,2320.5],[688.5,2326.0],[686.5,2332.0],[685.5,2338.0],[685.0,2345.5],[684.0,2352.5],[683.5,2359.0],[682.5,2366.0],[682.5,2372.0],[681.5,2378.0],[682.5,2385.0],[686.0,2389.5],[690.5,2392.0],[691.5,2397.0],[689.0,2402.5],[685.5,2406.0],[679.0,2407.5],[672.0,2408.5],[667.0,2410.5],[663.0,2414.5],[660.5,2420.0],[658.5,2425.0],[655.5,2430.0],[652.5,2435.0],[651.5,2441.0],[652.0,2447.5],[650.5,2454.0],[649.5,2460.0],[648.5,2467.0],[646.5,2473.0],[645.0,2478.5],[643.5,2485.0],[641.5,2491.0],[640.5,2497.0],[638.5,2503.0],[636.5,2509.0],[634.5,2514.0],[632.5,2520.0],[631.0,2526.5],[628.5,2531.0],[626.0,2536.5],[622.5,2540.0],[619.5,2545.0],[617.5,2551.0],[613.5,2554.0],[612.0,2552.5],[608.0,2548.5],[603.0,2546.5],[597.0,2548.5],[590.0,2549.5],[584.0,2548.5],[578.0,2550.5],[572.5,2553.0],[568.5,2556.0],[565.5,2561.0],[564.0,2567.5],[560.5,2571.0],[559.0,2575.5],[556.5,2581.0],[552.0,2583.5],[546.5,2586.0],[540.5,2586.0],[537.0,2585.5],[532.0,2582.5],[530.5,2578.0],[527.5,2574.0],[522.0,2571.5],[516.5,2569.0],[512.5,2566.0],[511.5,2572.0],[511.5,2580.0],[511.5,2587.0],[511.5,2595.0],[509.5,2591.0],[508.5,2596.0],[504.5,2593.0],[500.5,2597.0],[497.0,2600.5],[492.0,2603.5],[488.0,2607.5],[483.5,2610.0],[478.0,2612.5]]",243073.31848335266,431129.1002035141,67.23431015014648,,,,,0.5317847283,94081,SPW_0172,SPW_여수로_교각_도수면,SPW_0172,937f6f04-61a2-5658-853c-23dbe2f815de,0.9464750924673103,../../Data/DJI_20260826125854_0900_V.JPG,../Overlay/SPL/P000797.png,mapped,local_surface_estimate
DJI_20260826125854_0900_V.JPG,P000798,SPL,박락,"[[3998.0,2670.5],[3996.0,2668.5],[3993.5,2667.0],[3992.0,2664.5],[3990.0,2663.5],[3987.0,2662.5],[3984.5,2661.0],[3982.0,2659.5],[3979.5,2658.0],[3977.0,2656.5],[3974.0,2655.5],[3971.0,2654.5],[3968.0,2654.5],[3966.0,2654.5],[3963.0,2655.5],[3960.0,2654.5],[3957.0,2655.5],[3954.0,2654.5],[3950.0,2654.5],[3947.0,2653.5],[3944.0,2653.5],[3941.0,2652.5],[3938.0,2651.5],[3935.0,2650.5],[3931.5,2650.0],[3928.5,2649.0],[3925.0,2648.5],[3922.0,2647.5],[3919.0,2647.5],[3916.0,2646.5],[3912.0,2646.5],[3909.0,2645.5],[3905.0,2645.5],[3902.0,2644.5],[3898.0,2644.5],[3894.0,2644.5],[3891.0,2644.5],[3888.0,2645.5],[3885.0,2646.5],[3882.0,2647.5],[3880.0,2649.5],[3877.0,2650.5],[3874.5,2652.0],[3872.0,2653.5],[3870.0,2654.5],[3867.5,2656.0],[3864.0,2656.5],[3860.0,2656.5],[3856.5,2656.0],[3853.5,2655.0],[3851.0,2653.5],[3848.0,2652.5],[3846.0,2651.5],[3842.0,2651.5],[3839.5,2650.0],[3837.0,2648.5],[3833.0,2648.5],[3829.0,2648.5],[3825.0,2648.5],[3822.0,2647.5],[3819.0,2647.5],[3816.0,2646.5],[3812.5,2647.0],[3809.0,2647.5],[3806.0,2648.5],[3802.0,2648.5],[3799.0,2649.5],[3796.0,2648.5],[3793.5,2648.0],[3790.5,2647.0],[3788.0,2645.5],[3785.0,2644.5],[3781.0,2644.5],[3777.5,2645.0],[3774.5,2646.0],[3772.0,2647.5],[3769.0,2647.5],[3766.0,2648.5],[3763.0,2649.5],[3759.0,2649.5],[3756.0,2648.5],[3752.0,2648.5],[3749.0,2647.5],[3746.0,2646.5],[3744.0,2645.5],[3741.0,2644.5],[3737.5,2644.0],[3734.0,2643.5],[3731.0,2642.5],[3728.0,2641.5],[3725.5,2640.0],[3724.5,2637.0],[3724.5,2634.0],[3725.5,2631.0],[3726.5,2628.0],[3727.5,2625.0],[3729.0,2622.5],[3730.5,2620.0],[3731.5,2617.0],[3733.0,2614.5],[3734.0,2612.5],[3735.0,2609.5],[3736.0,2606.5],[3736.5,2603.0],[3737.5,2600.0],[3738.5,2597.0],[3739.5,2594.0],[3740.5,2591.0],[3741.5,2589.0],[3742.5,2586.0],[3744.5,2584.0],[3746.0,2581.5],[3747.5,2579.0],[3750.0,2577.5],[3752.0,2575.5],[3754.0,2573.5],[3755.5,2572.0],[3757.5,2570.0],[3759.5,2568.0],[3761.5,2566.0],[3763.5,2564.0],[3765.5,2562.0],[3767.5,2560.0],[3769.0,2557.5],[3770.5,2556.0],[3772.5,2554.0],[3775.0,2552.5],[3777.0,2550.5],[3779.0,2548.5],[3781.0,2546.5],[3783.5,2545.0],[3785.5,2543.0],[3786.5,2541.0],[3788.5,2539.0],[3789.5,2536.0],[3791.0,2533.5],[3791.5,2530.0],[3792.5,2527.0],[3792.5,2523.0],[3792.5,2519.0],[3792.5,2516.0],[3793.5,2513.0],[3794.5,2510.0],[3795.5,2507.0],[3796.5,2504.0],[3798.0,2501.5],[3799.5,2499.0],[3801.0,2496.5],[3803.0,2495.5],[3805.0,2493.5],[3808.0,2492.5],[3811.5,2492.0],[3814.5,2491.0],[3818.0,2490.5],[3821.0,2489.5],[3824.0,2488.5],[3827.0,2488.5],[3830.0,2487.5],[3834.0,2487.5],[3838.0,2487.5],[3842.0,2487.5],[3845.0,2488.5],[3848.5,2489.0],[3852.0,2489.5],[3854.0,2490.5],[3857.5,2491.0],[3861.0,2491.5],[3864.5,2492.0],[3868.0,2492.5],[3872.0,2492.5],[3876.0,2492.5],[3880.0,2492.5],[3882.0,2491.5],[3885.0,2490.5],[3888.0,2489.5],[3891.0,2488.5],[3895.0,2488.5],[3898.0,2489.5],[3901.0,2490.5],[3904.0,2491.5],[3906.0,2492.5],[3908.5,2494.0],[3911.0,2495.5],[3913.5,2497.0],[3916.0,2498.5],[3918.0,2500.5],[3920.5,2502.0],[3922.5,2504.0],[3924.0,2505.5],[3926.0,2507.5],[3928.5,2509.0],[3930.5,2511.0],[3933.0,2512.5],[3935.5,2514.0],[3938.0,2515.5],[3940.5,2517.0],[3942.0,2518.5],[3945.0,2519.5],[3948.0,2520.5],[3951.0,2521.5],[3954.0,2522.5],[3957.5,2523.0],[3960.5,2524.0],[3964.0,2524.5],[3966.0,2525.5],[3968.0,2527.5],[3971.0,2528.5],[3973.5,2530.0],[3975.5,2532.0],[3977.5,2534.0],[3978.5,2537.0],[3978.5,2541.0],[3978.5,2544.0],[3979.5,2547.0],[3979.5,2551.0],[3980.0,2554.5],[3981.0,2557.5],[3982.5,2560.0],[3983.0,2563.5],[3983.5,2567.0],[3984.5,2569.0],[3985.5,2572.0],[3985.5,2576.0],[3986.5,2579.0],[3987.5,2582.0],[3988.5,2585.0],[3990.5,2587.0],[3992.0,2589.5],[3993.0,2591.5],[3995.0,2593.5],[3996.5,2596.0],[3998.0,2598.5],[3998.5,2602.0],[3999.5,2605.0],[3998.5,2608.0],[3998.5,2612.0],[3998.5,2615.0],[3998.0,2618.5],[3997.5,2622.0],[3997.5,2626.0],[3998.0,2629.5],[3998.5,2633.0],[3999.5,2636.0],[4000.5,2639.0],[4001.5,2641.0],[4002.5,2644.0],[4003.0,2647.5],[4003.5,2651.0],[4004.5,2654.0],[4005.5,2657.0],[4006.5,2660.0],[4006.0,2663.5],[4005.0,2665.5],[4003.0,2667.5],[4000.5,2669.0],[3998.0,2670.5]]",243075.47525405884,431121.2435513735,66.61639213562012,,,,,0.2840478861,34623,SPW_0173,SPW_여수로_교각_도수면,SPW_0173,64e55899-94a1-5b2b-bb28-fc6b0cbddd9c,0.9895072317736623,../../Data/DJI_20260826125854_0900_V.JPG,../Overlay/SPL/P000798.png,mapped,local_surface_estimate
DJI_20260826125854_0900_V.JPG,P000799,SPL,박락,"[[612.0,2563.5],[611.5,2563.0],[612.0,2562.5],[612.5,2562.0],[612.5,2561.0],[613.0,2560.5],[613.5,2561.0],[613.5,2562.0],[613.0,2562.5],[612.5,2563.0],[612.0,2563.5]]",243073.143535614,431128.8103981018,66.87821960449219,,,,,1.57412e-05,3,SPW_0172,SPW_여수로_교각_도수면,SPW_0172,937f6f04-61a2-5658-853c-23dbe2f815de,0.5091721912225088,../../Data/DJI_20260826125854_0900_V.JPG,../Overlay/SPL/P000799.png,mapped,local_surface_estimate
DJI_20260826125854_0900_V.JPG,P000800,SPL,박락,"[[613.0,2567.5],[612.5,2567.0],[613.0,2566.5],[613.5,2567.0],[613.0,2567.5]]",243073.13725471497,431128.80584812164,66.86799907684326,,,,,5.2344e-06,1,SPW_0172,SPW_여수로_교각_도수면,SPW_0172,937f6f04-61a2-5658-853c-23dbe2f815de,0.5030517578125,../../Data/DJI_20260826125854_0900_V.JPG,../Overlay/SPL/P000800.png,mapped,local_surface_estimate
DJI_20260826125854_0900_V.JPG,P000801,SPL,박락,"[[610.0,2573.5],[609.0,2573.5],[608.5,2573.0],[608.5,2572.0],[608.5,2571.0],[609.0,2570.5],[609.5,2570.0],[610.0,2569.5],[611.0,2569.5],[612.0,2569.5],[612.5,2570.0],[612.0,2570.5],[611.5,2571.0],[611.0,2571.5],[610.5,2572.0],[610.5,2573.0],[610.0,2573.5]]",243073.13036727905,431128.80819034576,66.86000728607178,,,,,5.22347e-05,10,SPW_0172,SPW_여수로_교각_도수면,SPW_0172,937f6f04-61a2-5658-853c-23dbe2f815de,0.5171792060136795,../../Data/DJI_20260826125854_0900_V.JPG,../Overlay/SPL/P000801.png,mapped,local_surface_estimate
DJI_20260826125854_0900_V.JPG,P000802,SPL,박락,"[[405.0,2585.5],[404.5,2585.0],[405.0,2584.5],[405.5,2584.0],[406.0,2583.5],[406.5,2584.0],[406.0,2584.5],[405.5,2585.0],[405.0,2585.5]]",243072.9885787964,431129.19855213165,66.8453598022461,,,,,1.01102e-05,2,SPW_0172,SPW_여수로_교각_도수면,SPW_0172,937f6f04-61a2-5658-853c-23dbe2f815de,0.49896709620952606,../../Data/DJI_20260826125854_0900_V.JPG,../Overlay/SPL/P000802.png,mapped,local_surface_estimate
DJI_20260826125854_0900_V.JPG,P000803,SPL,박락,"[[534.0,2588.5],[533.5,2588.0],[533.5,2587.0],[534.0,2586.5],[534.5,2587.0],[534.5,2588.0],[534.0,2588.5]]",243073.06337738037,431128.94427108765,66.83190059661865,,,,,1.02627e-05,2,SPW_0172,SPW_여수로_교각_도수면,SPW_0172,937f6f04-61a2-5658-853c-23dbe2f815de,0.5102454721927643,../../Data/DJI_20260826125854_0900_V.JPG,../Overlay/SPL/P000803.png,mapped,local_surface_estimate
DJI_20260826125854_0900_V.JPG,P000804,SPL,박락,"[[606.0,2602.5],[605.0,2602.5],[604.5,2602.0],[604.5,2601.0],[604.5,2600.0],[605.0,2599.5],[605.5,2599.0],[606.0,2598.5],[607.0,2598.5],[607.5,2599.0],[607.0,2599.5],[606.5,2600.0],[606.5,2601.0],[606.5,2602.0],[606.0,2602.5]]",243073.0917186737,431128.7898902893,66.8013744354248,,,,,4.11685e-05,8,SPW_0172,SPW_여수로_교각_도수면,SPW_0172,937f6f04-61a2-5658-853c-23dbe2f815de,0.5455783307552338,../../Data/DJI_20260826125854_0900_V.JPG,../Overlay/SPL/P000804.png,mapped,local_surface_estimate
DJI_20260826125854_0900_V.JPG,P000805,SPL,박락,"[[2622.0,2648.5],[2621.5,2648.0],[2621.5,2647.0],[2621.5,2646.0],[2621.5,2645.0],[2621.5,2644.0],[2622.0,2643.5],[2623.0,2643.5],[2624.0,2643.5],[2624.5,2643.0],[2624.5,2642.0],[2624.5,2641.0],[2624.5,2640.0],[2624.0,2639.5],[2623.0,2639.5],[2622.5,2639.0],[2622.0,2638.5],[2621.0,2638.5],[2620.5,2638.0],[2620.5,2637.0],[2620.5,2636.0],[2621.0,2635.5],[2621.5,2635.0],[2621.5,2634.0],[2622.0,2633.5],[2622.5,2633.0],[2623.0,2632.5],[2623.5,2633.0],[2624.0,2633.5],[2625.0,2633.5],[2626.0,2633.5],[2626.5,2634.0],[2626.5,2635.0],[2626.5,2636.0],[2626.0,2636.5],[2625.5,2637.0],[2626.0,2637.5],[2626.5,2638.0],[2626.5,2639.0],[2626.5,2640.0],[2626.5,2641.0],[2626.5,2642.0],[2626.5,2643.0],[2626.5,2644.0],[2626.0,2644.5],[2625.5,2645.0],[2625.0,2645.5],[2624.5,2646.0],[2624.0,2646.5],[2623.5,2647.0],[2623.0,2647.5],[2622.5,2648.0],[2622.0,2648.5]]",243074.39614486694,431124.3965988159,66.58471393585205,,,,,0.0003645849,55,SPW_0173,SPW_여수로_교각_도수면,SPW_0173,64e55899-94a1-5b2b-bb28-fc6b0cbddd9c,0.5192010836167769,../../Data/DJI_20260826125854_0900_V.JPG,../Overlay/SPL/P000805.png,mapped,local_surface_estimate
DJI_20260826125854_0900_V.JPG,P000806,SPL,박락,"[[3688.0,3075.5],[3684.5,3072.0],[3678.0,3071.5],[3672.0,3071.5],[3665.0,3071.5],[3660.0,3072.5],[3657.0,3073.5],[3652.5,3072.0],[3649.0,3071.5],[3643.0,3071.5],[3636.0,3071.5],[3629.0,3071.5],[3622.0,3071.5],[3615.0,3071.5],[3608.0,3071.5],[3602.0,3071.5],[3597.5,3069.0],[3594.0,3065.5],[3590.5,3062.0],[3589.5,3056.0],[3592.0,3051.5],[3594.5,3048.0],[3599.0,3045.5],[3600.5,3040.0],[3598.0,3035.5],[3595.5,3031.0],[3593.5,3026.0],[3593.5,3022.0],[3594.5,3016.0],[3592.5,3011.0],[3590.5,3006.0],[3587.5,3002.0],[3588.0,2998.5],[3590.5,2998.0],[3592.0,2994.5],[3590.5,2990.0],[3589.0,2984.5],[3584.5,2986.0],[3583.5,2980.0],[3583.5,2974.0],[3583.5,2967.0],[3583.5,2960.0],[3583.5,2953.0],[3583.5,2946.0],[3583.5,2939.0],[3583.5,2933.0],[3583.5,2926.0],[3583.5,2919.0],[3583.5,2912.0],[3583.5,2905.0],[3583.5,2898.0],[3583.5,2892.0],[3583.5,2885.0],[3583.0,2878.5],[3581.0,2873.5],[3579.5,2868.0],[3581.0,2862.5],[3582.0,2857.5],[3583.5,2852.0],[3583.5,2845.0],[3583.5,2838.0],[3583.5,2831.0],[3583.5,2824.0],[3583.5,2818.0],[3587.0,2814.5],[3593.5,2814.0],[3587.0,2813.5],[3583.5,2810.0],[3583.5,2803.0],[3583.5,2797.0],[3584.0,2790.5],[3585.5,2785.0],[3584.5,2781.0],[3583.5,2775.0],[3583.5,2768.0],[3583.5,2762.0],[3583.5,2755.0],[3585.5,2750.0],[3585.0,2743.5],[3584.5,2737.0],[3583.5,2731.0],[3583.5,2725.0],[3583.5,2718.0],[3584.5,2712.0],[3584.5,2705.0],[3583.5,2699.0],[3583.5,2693.0],[3583.5,2686.0],[3583.5,2679.0],[3582.5,2673.0],[3581.5,2667.0],[3580.5,2661.0],[3578.5,2657.0],[3576.5,2652.0],[3572.5,2649.0],[3568.5,2646.0],[3571.0,2643.5],[3575.0,2642.5],[3579.0,2640.5],[3583.5,2638.0],[3588.0,2635.5],[3594.0,2634.5],[3600.0,2635.5],[3607.0,2635.5],[3612.0,2636.5],[3617.5,2638.0],[3623.0,2639.5],[3629.0,2640.5],[3635.0,2641.5],[3640.0,2641.5],[3644.5,2643.0],[3644.5,2650.0],[3645.5,2656.0],[3648.5,2660.0],[3652.0,2663.5],[3657.0,2665.5],[3662.0,2666.5],[3668.0,2665.5],[3675.0,2665.5],[3681.0,2666.5],[3687.0,2667.5],[3693.0,2666.5],[3698.0,2665.5],[3704.0,2664.5],[3708.0,2661.5],[3713.0,2659.5],[3717.5,2662.0],[3719.5,2667.0],[3719.5,2671.0],[3719.5,2676.0],[3715.0,2678.5],[3708.0,2678.5],[3704.5,2682.0],[3703.5,2688.0],[3704.5,2693.0],[3707.5,2697.0],[3712.0,2699.5],[3718.0,2700.5],[3724.0,2699.5],[3730.0,2698.5],[3735.0,2697.5],[3739.5,2698.0],[3745.0,2699.5],[3750.0,2701.5],[3754.5,2702.0],[3758.5,2705.0],[3761.5,2708.0],[3765.0,2711.5],[3769.0,2714.5],[3772.5,2718.0],[3776.0,2721.5],[3780.5,2724.0],[3785.0,2725.5],[3790.0,2727.5],[3794.5,2730.0],[3797.0,2734.5],[3797.5,2741.0],[3797.5,2746.0],[3798.5,2749.0],[3801.5,2753.0],[3805.5,2756.0],[3808.5,2760.0],[3811.5,2764.0],[3813.0,2769.5],[3814.5,2774.0],[3814.5,2781.0],[3814.5,2788.0],[3814.5,2795.0],[3817.0,2799.5],[3820.5,2803.0],[3823.5,2806.0],[3827.0,2809.5],[3830.5,2813.0],[3834.5,2816.0],[3838.5,2819.0],[3840.0,2823.5],[3843.5,2827.0],[3847.5,2830.0],[3851.5,2833.0],[3855.0,2836.5],[3857.5,2841.0],[3858.5,2846.0],[3859.5,2852.0],[3857.5,2857.0],[3855.5,2862.0],[3855.5,2867.0],[3855.5,2872.0],[3856.0,2877.5],[3858.5,2882.0],[3861.5,2886.0],[3864.5,2890.0],[3867.5,2894.0],[3870.0,2898.5],[3871.5,2903.0],[3871.0,2909.5],[3870.5,2916.0],[3871.0,2922.5],[3873.0,2926.5],[3872.0,2931.5],[3874.5,2935.0],[3877.0,2939.5],[3878.5,2945.0],[3879.0,2950.5],[3875.0,2953.5],[3871.5,2957.0],[3868.0,2959.5],[3864.0,2962.5],[3859.5,2965.0],[3857.5,2970.0],[3858.5,2976.0],[3857.5,2982.0],[3859.5,2986.0],[3862.5,2990.0],[3865.5,2994.0],[3866.0,2996.5],[3866.5,3001.0],[3866.5,3006.0],[3867.5,3011.0],[3866.0,3016.5],[3861.0,3018.5],[3854.0,3018.5],[3848.0,3017.5],[3844.5,3018.0],[3842.0,3020.5],[3840.0,3025.5],[3839.5,3032.0],[3839.5,3039.0],[3839.5,3046.0],[3839.5,3053.0],[3839.5,3059.0],[3839.5,3066.0],[3835.0,3068.5],[3830.5,3071.0],[3824.0,3071.5],[3817.0,3071.5],[3811.0,3071.5],[3804.0,3071.5],[3797.0,3071.5],[3790.0,3071.5],[3783.0,3071.5],[3776.0,3071.5],[3770.0,3071.5],[3763.0,3071.5],[3758.0,3069.5],[3753.0,3067.5],[3748.0,3069.5],[3743.0,3071.5],[3737.0,3071.5],[3730.0,3071.5],[3723.0,3071.5],[3716.0,3071.5],[3709.0,3071.5],[3703.5,3071.0],[3698.0,3071.5],[3691.0,3071.5],[3688.0,3075.5]]",243074.81469726562,431121.75546610355,65.97768783569336,,,,,0.6875521657,100786,SPW_0173,SPW_여수로_교각_도수면,SPW_0173,64e55899-94a1-5b2b-bb28-fc6b0cbddd9c,0.9623709924573323,../../Data/DJI_20260826125854_0900_V.JPG,../Overlay/SPL/P000806.png,mapped,local_surface_estimate
DJI_20260826125854_0900_V.JPG,P000807,SPL,박락,"[[2689.0,2648.5],[2688.5,2648.0],[2688.0,2647.5],[2687.5,2647.0],[2687.5,2646.0],[2687.5,2645.0],[2687.5,2644.0],[2687.5,2643.0],[2687.5,2642.0],[2687.5,2641.0],[2688.0,2640.5],[2688.5,2640.0],[2689.0,2639.5],[2689.5,2640.0],[2690.0,2640.5],[2690.5,2641.0],[2690.5,2642.0],[2690.5,2643.0],[2690.5,2644.0],[2690.5,2645.0],[2690.5,2646.0],[2690.0,2646.5],[2689.5,2647.0],[2689.5,2648.0],[2689.0,2648.5]]",243074.43603134155,431124.24151802063,66.56900119781494,,,,,0.000146803,22,SPW_0173,SPW_여수로_교각_도수면,SPW_0173,64e55899-94a1-5b2b-bb28-fc6b0cbddd9c,0.509686451066624,../../Data/DJI_20260826125854_0900_V.JPG,../Overlay/SPL/P000807.png,mapped,local_surface_estimate
DJI_20260826125854_0900_V.JPG,P000808,SPL,박락,"[[2617.0,2644.5],[2616.5,2644.0],[2616.5,2643.0],[2617.0,2642.5],[2617.5,2643.0],[2617.5,2644.0],[2617.0,2644.5]]",243074.38470458984,431124.4122977257,66.57660865783691,,,,,1.32179e-05,2,SPW_0173,SPW_여수로_교각_도수면,SPW_0173,64e55899-94a1-5b2b-bb28-fc6b0cbddd9c,0.5058582425117493,../../Data/DJI_20260826125854_0900_V.JPG,../Overlay/SPL/P000808.png,mapped,local_surface_estimate
DJI_20260826125854_0900_V.JPG,P000809,SPL,박락,"[[365.0,2654.5],[364.0,2654.5],[363.0,2654.5],[362.0,2654.5],[361.5,2654.0],[361.0,2653.5],[360.5,2653.0],[360.5,2652.0],[360.5,2651.0],[360.0,2650.5],[359.5,2651.0],[359.0,2651.5],[358.0,2651.5],[357.5,2651.0],[357.5,2650.0],[358.0,2649.5],[358.5,2649.0],[359.0,2648.5],[359.5,2648.0],[360.0,2647.5],[360.5,2647.0],[361.0,2646.5],[362.0,2646.5],[362.5,2647.0],[362.0,2647.5],[361.5,2648.0],[361.5,2649.0],[362.0,2649.5],[363.0,2649.5],[363.5,2649.0],[363.5,2648.0],[363.5,2647.0],[363.5,2646.0],[363.5,2645.0],[364.0,2644.5],[365.0,2644.5],[365.5,2645.0],[366.0,2645.5],[367.0,2645.5],[368.0,2645.5],[368.5,2646.0],[368.5,2647.0],[368.0,2647.5],[367.5,2648.0],[367.5,2649.0],[367.0,2649.5],[366.0,2649.5],[365.5,2650.0],[365.5,2651.0],[366.0,2651.5],[366.5,2652.0],[366.5,2653.0],[366.0,2653.5],[365.5,2654.0],[365.0,2654.5]]",243072.88333892822,431129.2188510895,66.71643352508545,,,,,0.0002825426,58,SPW_0172,SPW_여수로_교각_도수면,SPW_0172,937f6f04-61a2-5658-853c-23dbe2f815de,0.5334833993993956,../../Data/DJI_20260826125854_0900_V.JPG,../Overlay/SPL/P000809.png,mapped,local_surface_estimate
DJI_20260826125854_0900_V.JPG,P000810,SPL,박락,"[[2619.0,2648.5],[2618.0,2648.5],[2617.0,2648.5],[2616.5,2648.0],[2617.0,2647.5],[2617.5,2647.0],[2618.0,2646.5],[2619.0,2646.5],[2619.5,2647.0],[2619.5,2648.0],[2619.0,2648.5]]",243074.37756347656,431124.40888023376,66.5657606124878,,,,,3.29618e-05,5,SPW_0173,SPW_여수로_교각_도수면,SPW_0173,64e55899-94a1-5b2b-bb28-fc6b0cbddd9c,0.5196549892425537,../../Data/DJI_20260826125854_0900_V.JPG,../Overlay/SPL/P000810.png,mapped,local_surface_estimate
DJI_20260826125854_0900_V.JPG,P000811,SPL,박락,"[[1542.0,2937.5],[1538.0,2931.5],[1535.5,2925.0],[1535.5,2915.0],[1535.5,2905.0],[1535.5,2895.0],[1535.5,2884.0],[1535.5,2874.0],[1534.5,2872.0],[1530.5,2873.0],[1526.0,2870.5],[1518.0,2870.5],[1512.0,2871.5],[1505.0,2872.5],[1495.0,2872.5],[1487.0,2874.5],[1477.0,2875.5],[1468.0,2876.5],[1462.0,2880.5],[1454.0,2883.5],[1447.0,2884.5],[1440.5,2888.0],[1432.5,2891.0],[1424.0,2892.5],[1417.0,2895.5],[1411.5,2898.0],[1406.5,2904.0],[1403.5,2903.0],[1397.0,2906.5],[1389.0,2903.5],[1384.0,2898.5],[1379.5,2895.0],[1373.0,2894.5],[1368.0,2889.5],[1363.0,2888.5],[1360.0,2885.5],[1354.0,2882.5],[1347.0,2883.5],[1341.0,2885.5],[1336.0,2881.5],[1328.0,2879.5],[1322.0,2877.5],[1311.0,2877.5],[1304.0,2878.5],[1296.5,2876.0],[1288.0,2874.5],[1279.0,2876.5],[1272.0,2877.5],[1263.0,2878.5],[1255.5,2877.0],[1247.0,2875.5],[1239.0,2873.5],[1230.0,2874.5],[1223.0,2878.5],[1218.5,2884.0],[1217.0,2891.5],[1222.0,2897.5],[1228.5,2897.0],[1230.0,2902.5],[1224.0,2907.5],[1216.5,2910.0],[1208.0,2911.5],[1201.0,2908.5],[1194.5,2904.0],[1189.0,2899.5],[1183.5,2895.0],[1178.0,2889.5],[1174.5,2883.0],[1171.5,2876.0],[1168.5,2868.0],[1166.0,2860.5],[1163.0,2853.5],[1157.5,2849.0],[1149.0,2846.5],[1143.0,2844.5],[1142.5,2839.0],[1148.0,2833.5],[1151.5,2827.0],[1151.5,2817.0],[1145.0,2812.5],[1137.5,2813.0],[1131.5,2810.0],[1125.5,2810.0],[1123.5,2806.0],[1118.0,2802.5],[1108.0,2802.5],[1101.0,2804.5],[1093.5,2805.0],[1087.0,2802.5],[1079.0,2803.5],[1072.5,2800.0],[1069.0,2793.5],[1064.0,2788.5],[1059.0,2782.5],[1062.5,2780.0],[1070.0,2782.5],[1079.0,2784.5],[1088.0,2783.5],[1095.0,2780.5],[1101.5,2776.0],[1106.5,2771.0],[1111.0,2765.5],[1114.5,2759.0],[1118.5,2752.0],[1122.5,2746.0],[1126.0,2739.5],[1130.0,2732.5],[1133.5,2726.0],[1136.0,2718.5],[1139.0,2711.5],[1143.0,2704.5],[1147.0,2698.5],[1149.5,2691.0],[1155.0,2685.5],[1161.0,2681.5],[1167.0,2677.5],[1174.0,2673.5],[1181.0,2670.5],[1188.0,2667.5],[1196.5,2666.0],[1207.0,2665.5],[1216.0,2664.5],[1224.0,2662.5],[1232.0,2659.5],[1240.0,2657.5],[1249.0,2656.5],[1258.0,2658.5],[1263.0,2663.5],[1268.5,2668.0],[1276.0,2670.5],[1284.0,2673.5],[1293.0,2672.5],[1301.0,2670.5],[1310.0,2670.5],[1319.0,2671.5],[1328.0,2672.5],[1338.0,2673.5],[1348.0,2673.5],[1357.5,2673.0],[1366.0,2671.5],[1376.0,2670.5],[1385.0,2669.5],[1392.0,2666.5],[1399.0,2662.5],[1407.0,2660.5],[1415.5,2659.0],[1422.0,2654.5],[1427.5,2650.0],[1433.5,2651.0],[1438.0,2656.5],[1443.5,2662.0],[1449.0,2666.5],[1456.0,2669.5],[1465.0,2671.5],[1473.0,2673.5],[1482.0,2674.5],[1492.0,2674.5],[1501.0,2672.5],[1509.5,2671.0],[1516.5,2668.0],[1525.0,2665.5],[1533.0,2667.5],[1540.5,2668.0],[1549.0,2668.5],[1558.0,2669.5],[1566.0,2667.5],[1576.0,2667.5],[1583.5,2671.0],[1587.0,2677.5],[1591.5,2683.0],[1600.0,2685.5],[1607.0,2686.5],[1615.0,2686.5],[1622.5,2685.0],[1629.0,2681.5],[1636.0,2680.5],[1643.0,2681.5],[1650.5,2685.0],[1658.0,2687.5],[1664.5,2684.0],[1671.0,2681.5],[1679.0,2681.5],[1689.0,2681.5],[1688.5,2687.0],[1691.0,2689.5],[1688.5,2695.0],[1684.5,2701.0],[1678.5,2706.0],[1678.0,2711.5],[1676.5,2718.0],[1679.5,2726.0],[1686.0,2729.5],[1692.0,2733.5],[1698.5,2738.0],[1705.0,2739.5],[1710.0,2744.5],[1716.0,2748.5],[1713.5,2756.0],[1718.5,2755.0],[1718.5,2763.0],[1719.5,2771.0],[1725.5,2773.0],[1730.5,2774.0],[1732.0,2777.5],[1737.0,2782.5],[1738.5,2791.0],[1733.0,2795.5],[1726.5,2798.0],[1721.0,2802.5],[1716.5,2808.0],[1714.0,2815.5],[1712.0,2822.5],[1713.0,2827.5],[1711.0,2832.5],[1712.0,2838.5],[1712.5,2846.0],[1712.5,2852.0],[1710.5,2861.0],[1705.0,2865.5],[1700.0,2870.5],[1693.5,2875.0],[1686.5,2878.0],[1680.5,2880.0],[1675.0,2884.5],[1669.5,2890.0],[1664.5,2895.0],[1663.5,2887.0],[1658.5,2890.0],[1652.5,2893.0],[1645.0,2890.5],[1639.0,2885.5],[1632.0,2882.5],[1625.5,2879.0],[1618.5,2877.0],[1611.0,2880.5],[1609.0,2885.5],[1616.0,2886.5],[1617.0,2889.5],[1619.0,2894.5],[1619.5,2898.0],[1613.0,2898.5],[1605.5,2896.0],[1597.0,2896.5],[1592.5,2902.0],[1592.0,2909.5],[1590.0,2915.5],[1587.0,2921.5],[1582.5,2928.0],[1578.0,2928.5],[1573.0,2928.5],[1567.0,2931.5],[1566.5,2930.0],[1562.5,2931.0],[1555.0,2933.5],[1548.0,2933.5],[1542.0,2937.5]]",243073.37126922607,431127.00353717804,66.38477325439453,,,,,0.6557581743,125164,SPW_0172,SPW_여수로_교각_도수면,SPW_0172,937f6f04-61a2-5658-853c-23dbe2f815de,0.9557400163474878,../../Data/DJI_20260826125854_0900_V.JPG,../Overlay/SPL/P000811.png,mapped,local_surface_estimate
DJI_20260826125854_0900_V.JPG,P000812,SPL,박락,"[[2147.0,2657.5],[2146.0,2657.5],[2145.5,2657.0],[2145.5,2656.0],[2145.5,2655.0],[2145.0,2654.5],[2144.5,2654.0],[2144.5,2653.0],[2144.5,2652.0],[2144.5,2651.0],[2144.5,2650.0],[2145.0,2649.5],[2146.0,2649.5],[2147.0,2649.5],[2148.0,2649.5],[2149.0,2649.5],[2149.5,2649.0],[2150.0,2648.5],[2150.5,2649.0],[2151.0,2649.5],[2151.5,2650.0],[2151.0,2650.5],[2150.5,2651.0],[2150.0,2651.5],[2149.5,2652.0],[2149.5,2653.0],[2149.5,2654.0],[2149.0,2654.5],[2148.5,2655.0],[2148.0,2655.5],[2147.5,2656.0],[2147.5,2657.0],[2147.0,2657.5]]",243074.0330505371,431125.49426293373,66.59014797210693,,,,,0.0002216828,36,SPW_0172,SPW_여수로_교각_도수면,SPW_0172,937f6f04-61a2-5658-853c-23dbe2f815de,0.5229552992516093,../../Data/DJI_20260826125854_0900_V.JPG,../Overlay/SPL/P000812.png,mapped,local_surface_estimate
DJI_20260826125854_0900_V.JPG,P000813,SPL,박락,"[[2623.0,2651.5],[2622.5,2651.0],[2623.0,2650.5],[2623.5,2651.0],[2623.0,2651.5]]",243074.37650299072,431124.39645314217,66.55892562866211,,,,,6.5861e-06,1,SPW_0173,SPW_여수로_교각_도수면,SPW_0173,64e55899-94a1-5b2b-bb28-fc6b0cbddd9c,0.4990234375,../../Data/DJI_20260826125854_0900_V.JPG,../Overlay/SPL/P000813.png,mapped,local_surface_estimate
DJI_20260826125854_0900_V.JPG,P000814,SPL,박락,"[[367.0,2658.5],[366.5,2658.0],[366.5,2657.0],[366.0,2656.5],[365.0,2656.5],[364.5,2656.0],[365.0,2655.5],[366.0,2655.5],[366.5,2656.0],[367.0,2656.5],[367.5,2657.0],[367.5,2658.0],[367.0,2658.5]]",243072.87802505493,431129.2073545456,66.70443725585938,,,,,1.94344e-05,4,SPW_0172,SPW_여수로_교각_도수면,SPW_0172,937f6f04-61a2-5658-853c-23dbe2f815de,0.5036311373114586,../../Data/DJI_20260826125854_0900_V.JPG,../Overlay/SPL/P000814.png,mapped,local_surface_estimate
DJI_20260826125854_0900_V.JPG,P000815,SPL,박락,"[[2148.0,2661.5],[2147.5,2661.0],[2147.5,2660.0],[2148.0,2659.5],[2148.5,2660.0],[2148.5,2661.0],[2148.0,2661.5]]",243074.02340698242,431125.4892656803,66.57533264160156,,,,,1.22737e-05,2,SPW_0172,SPW_여수로_교각_도수면,SPW_0172,937f6f04-61a2-5658-853c-23dbe2f815de,0.499755859375,../../Data/DJI_20260826125854_0900_V.JPG,../Overlay/SPL/P000815.png,mapped,local_surface_estimate
DJI_20260826125854_0900_V.JPG,P000816,SPL,박락,"[[2003.0,2674.5],[2002.5,2674.0],[2002.0,2673.5],[2001.5,2673.0],[2001.5,2672.0],[2001.0,2671.5],[2000.0,2671.5],[1999.5,2672.0],[1999.0,2672.5],[1998.0,2672.5],[1997.5,2672.0],[1997.0,2671.5],[1996.0,2671.5],[1995.0,2671.5],[1994.5,2672.0],[1994.0,2672.5],[1993.5,2672.0],[1994.0,2671.5],[1994.5,2671.0],[1994.5,2670.0],[1995.0,2669.5],[1995.5,2669.0],[1995.5,2668.0],[1996.0,2667.5],[1996.5,2667.0],[1996.5,2666.0],[1997.0,2665.5],[1997.5,2665.0],[1998.0,2664.5],[1999.0,2664.5],[2000.0,2664.5],[2000.5,2665.0],[2001.0,2665.5],[2001.5,2665.0],[2002.0,2664.5],[2002.5,2664.0],[2003.0,2663.5],[2004.0,2663.5],[2005.0,2663.5],[2005.5,2664.0],[2005.5,2665.0],[2005.5,2666.0],[2005.5,2667.0],[2005.5,2668.0],[2006.0,2668.5],[2006.5,2668.0],[2006.5,2667.0],[2006.5,2666.0],[2007.0,2665.5],[2007.5,2665.0],[2008.0,2664.5],[2008.5,2665.0],[2009.0,2665.5],[2009.5,2666.0],[2009.5,2667.0],[2009.5,2668.0],[2009.5,2669.0],[2009.5,2670.0],[2009.0,2670.5],[2008.0,2670.5],[2007.5,2671.0],[2007.0,2671.5],[2006.5,2672.0],[2006.0,2672.5],[2005.5,2673.0],[2005.0,2673.5],[2004.0,2673.5],[2003.5,2674.0],[2003.0,2674.5]]",243073.90914916992,431125.8122422695,66.56721305847168,,,,,0.0006166865,103,SPW_0172,SPW_여수로_교각_도수면,SPW_0172,937f6f04-61a2-5658-853c-23dbe2f815de,0.5725220696440021,../../Data/DJI_20260826125854_0900_V.JPG,../Overlay/SPL/P000816.png,mapped,local_surface_estimate
DJI_20260826125854_0900_V.JPG,P000817,SPL,박락,"[[1993.0,2669.5],[1992.0,2669.5],[1991.5,2669.0],[1992.0,2668.5],[1992.5,2668.0],[1992.5,2667.0],[1993.0,2666.5],[1993.5,2666.0],[1994.0,2665.5],[1995.0,2665.5],[1995.5,2666.0],[1995.0,2666.5],[1994.5,2667.0],[1994.5,2668.0],[1994.0,2668.5],[1993.5,2669.0],[1993.0,2669.5]]",243073.90585327148,431125.8331184387,66.57204246520996,,,,,4.78912e-05,8,SPW_0172,SPW_여수로_교각_도수면,SPW_0172,937f6f04-61a2-5658-853c-23dbe2f815de,0.5137568488717079,../../Data/DJI_20260826125854_0900_V.JPG,../Overlay/SPL/P000817.png,mapped,local_surface_estimate
DJI_20260826125854_0900_V.JPG,P000818,SPL,박락,"[[2869.0,2681.5],[2868.0,2681.5],[2867.0,2681.5],[2866.0,2681.5],[2865.0,2681.5],[2864.0,2681.5],[2863.0,2681.5],[2862.5,2681.0],[2862.0,2680.5],[2861.5,2680.0],[2861.0,2679.5],[2860.5,2679.0],[2860.0,2678.5],[2859.0,2678.5],[2858.5,2678.0],[2858.5,2677.0],[2859.0,2676.5],[2859.5,2676.0],[2859.5,2675.0],[2860.0,2674.5],[2860.5,2674.0],[2861.0,2673.5],[2861.5,2673.0],[2862.0,2672.5],[2863.0,2672.5],[2863.5,2672.0],[2864.0,2671.5],[2864.5,2671.0],[2865.0,2670.5],[2866.0,2670.5],[2866.5,2671.0],[2867.0,2671.5],[2867.5,2671.0],[2868.0,2670.5],[2869.0,2670.5],[2869.5,2671.0],[2870.0,2671.5],[2870.5,2672.0],[2871.0,2672.5],[2871.5,2673.0],[2871.5,2674.0],[2872.0,2674.5],[2872.5,2675.0],[2873.0,2675.5],[2873.5,2676.0],[2873.5,2677.0],[2873.0,2677.5],[2872.5,2678.0],[2872.5,2679.0],[2872.0,2679.5],[2871.0,2679.5],[2870.5,2680.0],[2870.0,2680.5],[2869.5,2681.0],[2869.0,2681.5]]",243074.51587295532,431123.8137907982,66.48615074157715,,,,,0.0007803488,116,SPW_0173,SPW_여수로_교각_도수면,SPW_0173,64e55899-94a1-5b2b-bb28-fc6b0cbddd9c,0.745797041161307,../../Data/DJI_20260826125854_0900_V.JPG,../Overlay/SPL/P000818.png,mapped,local_surface_estimate
DJI_20260826125854_0900_V.JPG,P000819,SPL,박락,"[[1979.0,2678.5],[1978.5,2678.0],[1978.5,2677.0],[1978.5,2676.0],[1979.0,2675.5],[1979.5,2676.0],[1979.5,2677.0],[1979.5,2678.0],[1979.0,2678.5]]",243073.88185882568,431125.8596792221,66.55225658416748,,,,,1.78333e-05,3,SPW_0172,SPW_여수로_교각_도수면,SPW_0172,937f6f04-61a2-5658-853c-23dbe2f815de,0.5098740458488464,../../Data/DJI_20260826125854_0900_V.JPG,../Overlay/SPL/P000819.png,mapped,local_surface_estimate
DJI_20260826125854_0900_V.JPG,P000820,SPL,박락,"[[3753.0,2690.5],[3752.5,2690.0],[3752.0,2689.5],[3751.0,2689.5],[3750.0,2689.5],[3749.0,2689.5],[3748.5,2690.0],[3748.0,2690.5],[3747.0,2690.5],[3746.0,2690.5],[3745.0,2690.5],[3744.5,2690.0],[3744.0,2689.5],[3743.0,2689.5],[3742.0,2689.5],[3741.0,2689.5],[3740.5,2689.0],[3740.0,2688.5],[3739.0,2688.5],[3738.0,2688.5],[3737.0,2688.5],[3736.0,2688.5],[3735.5,2688.0],[3735.0,2687.5],[3734.0,2687.5],[3733.0,2687.5],[3732.0,2687.5],[3731.0,2687.5],[3730.0,2687.5],[3729.5,2687.0],[3729.5,2686.0],[3730.0,2685.5],[3730.5,2685.0],[3730.5,2684.0],[3731.0,2683.5],[3731.5,2683.0],[3731.5,2682.0],[3732.0,2681.5],[3732.5,2681.0],[3733.0,2680.5],[3733.5,2680.0],[3734.0,2679.5],[3734.5,2679.0],[3734.0,2678.5],[3733.5,2678.0],[3734.0,2677.5],[3735.0,2677.5],[3736.0,2677.5],[3737.0,2677.5],[3738.0,2677.5],[3738.5,2677.0],[3739.0,2676.5],[3739.5,2677.0],[3740.0,2677.5],[3741.0,2677.5],[3742.0,2677.5],[3742.5,2678.0],[3743.0,2678.5],[3743.5,2679.0],[3744.0,2679.5],[3745.0,2679.5],[3746.0,2679.5],[3746.5,2680.0],[3747.0,2680.5],[3748.0,2680.5],[3748.5,2681.0],[3749.0,2681.5],[3750.0,2681.5],[3750.5,2682.0],[3751.0,2682.5],[3751.5,2683.0],[3752.0,2683.5],[3752.5,2684.0],[3753.0,2684.5],[3753.5,2685.0],[3753.5,2686.0],[3754.0,2686.5],[3754.5,2687.0],[3755.0,2687.5],[3756.0,2687.5],[3757.0,2687.5],[3757.5,2688.0],[3757.0,2688.5],[3756.0,2688.5],[3755.0,2688.5],[3754.0,2688.5],[3753.5,2689.0],[3753.5,2690.0],[3753.0,2690.5]]",243075.1804714203,431121.61963403225,66.39512825012207,,,,,0.0016801294,221,SPW_0173,SPW_여수로_교각_도수면,SPW_0173,64e55899-94a1-5b2b-bb28-fc6b0cbddd9c,0.6047991545221925,../../Data/DJI_20260826125854_0900_V.JPG,../Overlay/SPL/P000820.png,mapped,local_surface_estimate
DJI_20260826125854_0900_V.JPG,P000821,SPL,박락,"[[350.0,2687.5],[349.0,2687.5],[348.0,2687.5],[347.0,2687.5],[346.0,2687.5],[345.0,2687.5],[344.0,2687.5],[343.0,2687.5],[342.0,2687.5],[341.0,2687.5],[340.5,2687.0],[340.5,2686.0],[340.5,2685.0],[340.5,2684.0],[340.5,2683.0],[340.5,2682.0],[341.0,2681.5],[341.5,2681.0],[342.0,2680.5],[342.5,2680.0],[343.0,2679.5],[344.0,2679.5],[344.5,2679.0],[345.0,2678.5],[346.0,2678.5],[346.5,2678.0],[347.0,2677.5],[347.5,2678.0],[348.0,2678.5],[348.5,2679.0],[348.5,2680.0],[349.0,2680.5],[350.0,2680.5],[351.0,2680.5],[351.5,2681.0],[351.5,2682.0],[351.5,2683.0],[351.0,2683.5],[350.5,2684.0],[350.5,2685.0],[350.5,2686.0],[350.5,2687.0],[350.0,2687.5]]",243072.83435058594,431129.2201871872,66.65286159515381,,,,,0.0003971535,83,SPW_0172,SPW_여수로_교각_도수면,SPW_0172,937f6f04-61a2-5658-853c-23dbe2f815de,0.6034945533218155,../../Data/DJI_20260826125854_0900_V.JPG,../Overlay/SPL/P000821.png,mapped,local_surface_estimate
DJI_20260826125854_0900_V.JPG,P000822,SPL,박락,"[[3794.0,2687.5],[3793.0,2687.5],[3792.0,2687.5],[3791.0,2687.5],[3790.0,2687.5],[3789.0,2687.5],[3788.0,2687.5],[3787.0,2687.5],[3786.0,2687.5],[3785.0,2687.5],[3784.0,2687.5],[3783.0,2687.5],[3782.0,2687.5],[3781.0,2687.5],[3780.0,2687.5],[3779.0,2687.5],[3778.0,2687.5],[3777.0,2687.5],[3776.0,2687.5],[3775.0,2687.5],[3774.0,2687.5],[3773.0,2687.5],[3772.0,2687.5],[3771.5,2687.0],[3771.0,2686.5],[3770.5,2686.0],[3771.0,2685.5],[3771.5,2685.0],[3772.0,2684.5],[3772.5,2684.0],[3772.5,2683.0],[3773.0,2682.5],[3774.0,2682.5],[3774.5,2682.0],[3775.0,2681.5],[3775.5,2681.0],[3776.0,2680.5],[3776.5,2680.0],[3777.0,2679.5],[3778.0,2679.5],[3779.0,2679.5],[3779.5,2679.0],[3780.0,2678.5],[3780.5,2678.0],[3781.0,2677.5],[3782.0,2677.5],[3783.0,2677.5],[3784.0,2677.5],[3785.0,2677.5],[3786.0,2677.5],[3787.0,2677.5],[3788.0,2677.5],[3789.0,2677.5],[3790.0,2677.5],[3791.0,2677.5],[3792.0,2677.5],[3793.0,2677.5],[3793.5,2678.0],[3793.5,2679.0],[3793.5,2680.0],[3794.0,2680.5],[3794.5,2681.0],[3795.0,2681.5],[3795.5,2682.0],[3795.5,2683.0],[3795.5,2684.0],[3795.5,2685.0],[3795.0,2685.5],[3794.5,2686.0],[3794.5,2687.0],[3794.0,2687.5]]",243075.2162284851,431121.5094046593,66.39365863800049,,,,,0.0015384049,201,SPW_0173,SPW_여수로_교각_도수면,SPW_0173,64e55899-94a1-5b2b-bb28-fc6b0cbddd9c,0.73593911335836,../../Data/DJI_20260826125854_0900_V.JPG,../Overlay/SPL/P000822.png,mapped,local_surface_estimate
DJI_20260826125854_0900_V.JPG,P000823,SPL,박락,"[[1973.0,2688.5],[1972.0,2688.5],[1971.0,2688.5],[1970.0,2688.5],[1969.5,2688.0],[1969.0,2687.5],[1968.5,2688.0],[1968.0,2688.5],[1967.0,2688.5],[1966.0,2688.5],[1965.5,2688.0],[1965.0,2687.5],[1964.5,2687.0],[1964.0,2686.5],[1963.5,2687.0],[1963.0,2687.5],[1962.0,2687.5],[1961.0,2687.5],[1960.0,2687.5],[1959.5,2687.0],[1960.0,2686.5],[1960.5,2686.0],[1961.0,2685.5],[1961.5,2685.0],[1962.0,2684.5],[1962.5,2684.0],[1963.0,2683.5],[1963.5,2683.0],[1964.0,2682.5],[1964.5,2682.0],[1965.0,2681.5],[1966.0,2681.5],[1967.0,2681.5],[1967.5,2682.0],[1968.0,2682.5],[1969.0,2682.5],[1970.0,2682.5],[1970.5,2683.0],[1971.0,2683.5],[1972.0,2683.5],[1973.0,2683.5],[1974.0,2683.5],[1975.0,2683.5],[1975.5,2684.0],[1975.5,2685.0],[1975.0,2685.5],[1974.5,2686.0],[1974.0,2686.5],[1973.5,2687.0],[1973.5,2688.0],[1973.0,2688.5]]",243073.86287879944,431125.8803970814,66.53647994995117,,,,,0.0004197464,71,SPW_0172,SPW_여수로_교각_도수면,SPW_0172,937f6f04-61a2-5658-853c-23dbe2f815de,0.60395646557002,../../Data/DJI_20260826125854_0900_V.JPG,../Overlay/SPL/P000823.png,mapped,local_surface_estimate
DJI_20260826125854_0900_V.JPG,P000824,SPL,박락,"[[2754.0,2689.5],[2753.0,2689.5],[2752.0,2689.5],[2751.0,2689.5],[2750.0,2689.5],[2749.0,2689.5],[2748.0,2689.5],[2747.0,2689.5],[2746.0,2689.5],[2745.0,2689.5],[2744.5,2689.0],[2744.0,2688.5],[2743.0,2688.5],[2742.0,2688.5],[2741.0,2688.5],[2740.0,2688.5],[2739.0,2688.5],[2738.0,2688.5],[2737.0,2688.5],[2736.0,2688.5],[2735.0,2688.5],[2734.0,2688.5],[2733.0,2688.5],[2732.5,2688.0],[2733.0,2687.5],[2734.0,2687.5],[2735.0,2687.5],[2736.0,2687.5],[2737.0,2687.5],[2738.0,2687.5],[2739.0,2687.5],[2740.0,2687.5],[2741.0,2687.5],[2742.0,2687.5],[2743.0,2687.5],[2744.0,2687.5],[2745.0,2687.5],[2746.0,2687.5],[2747.0,2687.5],[2748.0,2687.5],[2749.0,2687.5],[2750.0,2687.5],[2751.0,2687.5],[2752.0,2687.5],[2753.0,2687.5],[2754.0,2687.5],[2755.0,2687.5],[2756.0,2687.5],[2756.5,2688.0],[2756.0,2688.5],[2755.0,2688.5],[2754.5,2689.0],[2754.0,2689.5]]",243074.40824699402,431124.0987250805,66.47004985809326,,,,,0.000223451,34,SPW_0173,SPW_여수로_교각_도수면,SPW_0173,64e55899-94a1-5b2b-bb28-fc6b0cbddd9c,0.5746631113921895,../../Data/DJI_20260826125854_0900_V.JPG,../Overlay/SPL/P000824.png,mapped,local_surface_estimate
DJI_20260826125854_0900_V.JPG,P000825,SPL,박락,"[[1680.0,2707.5],[1679.5,2707.0],[1680.0,2706.5],[1680.5,2707.0],[1680.0,2707.5]]",243073.63870620728,431126.49629306793,66.51275634765625,,,,,5.6249e-06,1,SPW_0172,SPW_여수로_교각_도수면,SPW_0172,937f6f04-61a2-5658-853c-23dbe2f815de,0.49770307540893555,../../Data/DJI_20260826125854_0900_V.JPG,../Overlay/SPL/P000825.png,mapped,local_surface_estimate
DJI_20260826125854_0900_V.JPG,P000826,SPL,박락,"[[2579.0,2736.5],[2578.5,2736.0],[2578.5,2735.0],[2578.0,2734.5],[2577.5,2734.0],[2577.5,2733.0],[2577.0,2732.5],[2576.5,2732.0],[2576.5,2731.0],[2576.5,2730.0],[2576.5,2729.0],[2576.5,2728.0],[2576.5,2727.0],[2576.5,2726.0],[2576.0,2725.5],[2575.5,2725.0],[2575.5,2724.0],[2575.5,2723.0],[2575.5,2722.0],[2576.0,2721.5],[2576.5,2721.0],[2576.5,2720.0],[2576.5,2719.0],[2576.5,2718.0],[2576.5,2717.0],[2577.0,2716.5],[2577.5,2716.0],[2577.5,2715.0],[2578.0,2714.5],[2579.0,2714.5],[2579.5,2714.0],[2580.0,2713.5],[2581.0,2713.5],[2582.0,2713.5],[2583.0,2713.5],[2584.0,2713.5],[2585.0,2713.5],[2585.5,2714.0],[2585.5,2715.0],[2585.5,2716.0],[2585.5,2717.0],[2585.5,2718.0],[2586.0,2718.5],[2587.0,2718.5],[2588.0,2718.5],[2589.0,2718.5],[2589.5,2719.0],[2590.0,2719.5],[2590.5,2720.0],[2590.5,2721.0],[2591.0,2721.5],[2591.5,2721.0],[2592.0,2720.5],[2593.0,2720.5],[2594.0,2720.5],[2595.0,2720.5],[2596.0,2720.5],[2597.0,2720.5],[2598.0,2720.5],[2599.0,2720.5],[2599.5,2721.0],[2600.0,2721.5],[2600.5,2722.0],[2600.5,2723.0],[2601.0,2723.5],[2601.5,2724.0],[2601.5,2725.0],[2601.5,2726.0],[2601.5,2727.0],[2602.0,2727.5],[2602.5,2728.0],[2602.5,2729.0],[2602.0,2729.5],[2601.5,2730.0],[2601.0,2730.5],[2600.0,2730.5],[2599.5,2731.0],[2599.0,2731.5],[2598.5,2732.0],[2598.5,2733.0],[2598.0,2733.5],[2597.5,2734.0],[2597.0,2734.5],[2596.0,2734.5],[2595.5,2734.0],[2595.0,2733.5],[2594.0,2733.5],[2593.0,2733.5],[2592.5,2734.0],[2592.0,2734.5],[2591.0,2734.5],[2590.0,2734.5],[2589.5,2734.0],[2589.0,2733.5],[2588.5,2734.0],[2588.0,2734.5],[2587.5,2735.0],[2587.0,2735.5],[2586.0,2735.5],[2585.0,2735.5],[2584.0,2735.5],[2583.0,2735.5],[2582.0,2735.5],[2581.0,2735.5],[2580.0,2735.5],[2579.5,2736.0],[2579.0,2736.5]]",243074.23435020447,431124.4647257328,66.40267753601074,,,,,0.0025836936,410,SPW_0172,SPW_여수로_교각_도수면,SPW_0172,937f6f04-61a2-5658-853c-23dbe2f815de,0.6229918049602974,../../Data/DJI_20260826125854_0900_V.JPG,../Overlay/SPL/P000826.png,mapped,local_surface_estimate
DJI_20260826125854_0900_V.JPG,P000827,SPL,박락,"[[2581.0,2737.5],[2580.5,2737.0],[2581.0,2736.5],[2581.5,2737.0],[2581.0,2737.5]]",243074.21333694458,431124.476238966,66.38020420074463,,,,,6.2611e-06,1,SPW_0172,SPW_여수로_교각_도수면,SPW_0172,937f6f04-61a2-5658-853c-23dbe2f815de,0.49679774045944214,../../Data/DJI_20260826125854_0900_V.JPG,../Overlay/SPL/P000827.png,mapped,local_surface_estimate
DJI_20260826125854_0900_V.JPG,P000828,SPL,박락,"[[3058.0,2755.5],[3057.0,2755.5],[3056.5,2755.0],[3056.0,2754.5],[3055.0,2754.5],[3054.5,2755.0],[3054.0,2755.5],[3053.5,2755.0],[3053.5,2754.0],[3053.5,2753.0],[3053.0,2752.5],[3052.5,2752.0],[3052.0,2751.5],[3051.5,2751.0],[3052.0,2750.5],[3052.5,2750.0],[3052.5,2749.0],[3052.5,2748.0],[3052.5,2747.0],[3052.0,2746.5],[3051.0,2746.5],[3050.0,2746.5],[3049.5,2746.0],[3050.0,2745.5],[3050.5,2745.0],[3051.0,2744.5],[3052.0,2744.5],[3053.0,2744.5],[3053.5,2744.0],[3054.0,2743.5],[3054.5,2744.0],[3055.0,2744.5],[3056.0,2744.5],[3056.5,2745.0],[3057.0,2745.5],[3057.5,2746.0],[3057.5,2747.0],[3058.0,2747.5],[3059.0,2747.5],[3059.5,2747.0],[3059.0,2746.5],[3058.5,2746.0],[3058.5,2745.0],[3059.0,2744.5],[3059.5,2744.0],[3060.0,2743.5],[3060.5,2743.0],[3061.0,2742.5],[3061.5,2743.0],[3062.0,2743.5],[3062.5,2744.0],[3063.0,2744.5],[3063.5,2745.0],[3064.0,2745.5],[3064.5,2746.0],[3064.5,2747.0],[3064.0,2747.5],[3063.5,2748.0],[3063.0,2748.5],[3062.5,2749.0],[3062.0,2749.5],[3061.5,2750.0],[3061.5,2751.0],[3061.0,2751.5],[3060.5,2752.0],[3060.0,2752.5],[3059.0,2752.5],[3058.5,2753.0],[3058.5,2754.0],[3058.5,2755.0],[3058.0,2755.5]]",243074.5403060913,431123.34864747524,66.31434059143066,,,,,0.0006715639,101,SPW_0173,SPW_여수로_교각_도수면,SPW_0173,64e55899-94a1-5b2b-bb28-fc6b0cbddd9c,0.504499099042156,../../Data/DJI_20260826125854_0900_V.JPG,../Overlay/SPL/P000828.png,mapped,local_surface_estimate
DJI_20260826125854_0900_V.JPG,P000829,SPL,박락,"[[2586.0,2752.5],[2585.0,2752.5],[2584.5,2752.0],[2585.0,2751.5],[2585.5,2751.0],[2585.5,2750.0],[2586.0,2749.5],[2587.0,2749.5],[2587.5,2750.0],[2587.5,2751.0],[2587.0,2751.5],[2586.5,2752.0],[2586.0,2752.5]]",243074.1956806183,431124.46162366867,66.35067844390869,,,,,3.73207e-05,6,SPW_0172,SPW_여수로_교각_도수면,SPW_0172,937f6f04-61a2-5658-853c-23dbe2f815de,0.508985569079717,../../Data/DJI_20260826125854_0900_V.JPG,../Overlay/SPL/P000829.png,mapped,local_surface_estimate
DJI_20260826125854_0900_V.JPG,P000830,SPL,박락,"[[3045.0,2752.5],[3044.5,2752.0],[3044.5,2751.0],[3044.5,2750.0],[3045.0,2749.5],[3045.5,2750.0],[3045.5,2751.0],[3045.5,2752.0],[3045.0,2752.5]]",243074.52820587158,431123.3775662184,66.3111686706543,,,,,1.98955e-05,3,SPW_0173,SPW_여수로_교각_도수면,SPW_0173,64e55899-94a1-5b2b-bb28-fc6b0cbddd9c,0.49676721294720966,../../Data/DJI_20260826125854_0900_V.JPG,../Overlay/SPL/P000830.png,mapped,local_surface_estimate
DJI_20260826125854_0900_V.JPG,P000831,SPL,박락,"[[3050.0,2755.5],[3049.0,2755.5],[3048.0,2755.5],[3047.5,2755.0],[3047.5,2754.0],[3047.0,2753.5],[3046.5,2753.0],[3046.5,2752.0],[3047.0,2751.5],[3048.0,2751.5],[3049.0,2751.5],[3049.5,2752.0],[3050.0,2752.5],[3051.0,2752.5],[3051.5,2753.0],[3051.5,2754.0],[3051.0,2754.5],[3050.5,2755.0],[3050.0,2755.5]]",243074.52796173096,431123.36785650253,66.3065938949585,,,,,9.94196e-05,15,SPW_0173,SPW_여수로_교각_도수면,SPW_0173,64e55899-94a1-5b2b-bb28-fc6b0cbddd9c,0.5020297408103943,../../Data/DJI_20260826125854_0900_V.JPG,../Overlay/SPL/P000831.png,mapped,local_surface_estimate
DJI_20260826125854_0900_V.JPG,P000832,SPL,박락,"[[2590.0,2754.5],[2589.5,2754.0],[2590.0,2753.5],[2590.5,2754.0],[2590.0,2754.5]]",243074.193983078,431124.451731205,66.34412097930908,,,,,6.2135e-06,1,SPW_0172,SPW_여수로_교각_도수면,SPW_0172,937f6f04-61a2-5658-853c-23dbe2f815de,0.49610716104507446,../../Data/DJI_20260826125854_0900_V.JPG,../Overlay/SPL/P000832.png,mapped,local_surface_estimate
DJI_20260826125854_0900_V.JPG,P000833,SPL,박락,"[[2998.0,2755.5],[2997.0,2755.5],[2996.5,2755.0],[2996.5,2754.0],[2997.0,2753.5],[2998.0,2753.5],[2998.5,2754.0],[2998.5,2755.0],[2998.0,2755.5]]",243074.4879875183,431123.49296569824,66.3090591430664,,,,,2.63024e-05,4,SPW_0173,SPW_여수로_교각_도수면,SPW_0173,64e55899-94a1-5b2b-bb28-fc6b0cbddd9c,0.5278581976890564,../../Data/DJI_20260826125854_0900_V.JPG,../Overlay/SPL/P000833.png,mapped,local_surface_estimate
DJI_20260826125854_0900_V.JPG,P000834,SPL,박락,"[[3052.0,2758.5],[3051.5,2758.0],[3051.5,2757.0],[3052.0,2756.5],[3053.0,2756.5],[3053.5,2757.0],[3053.0,2757.5],[3052.5,2758.0],[3052.0,2758.5]]",243074.5237751007,431123.3605080843,66.29788970947266,,,,,1.98522e-05,3,SPW_0173,SPW_여수로_교각_도수면,SPW_0173,64e55899-94a1-5b2b-bb28-fc6b0cbddd9c,0.49958474437395733,../../Data/DJI_20260826125854_0900_V.JPG,../Overlay/SPL/P000834.png,mapped,local_surface_estimate
DJI_20260826125854_0900_V.JPG,P000835,SPL,박락,"[[1057.0,2777.5],[1056.5,2777.0],[1057.0,2776.5],[1057.5,2777.0],[1057.0,2777.5]]",243073.1503009796,431127.7452287674,66.42036437988281,,,,,5.0084e-06,1,SPW_0172,SPW_여수로_교각_도수면,SPW_0172,937f6f04-61a2-5658-853c-23dbe2f815de,0.5023202300071716,../../Data/DJI_20260826125854_0900_V.JPG,../Overlay/SPL/P000835.png,mapped,local_surface_estimate
DJI_20260826125854_0900_V.JPG,P000836,SPL,박락,"[[2177.0,2883.5],[2176.5,2883.0],[2176.5,2882.0],[2177.0,2881.5],[2177.5,2882.0],[2177.5,2883.0],[2177.0,2883.5]]",243073.7269897461,431125.34247612953,66.12282848358154,,,,,1.10148e-05,2,SPW_0172,SPW_여수로_교각_도수면,SPW_0172,937f6f04-61a2-5658-853c-23dbe2f815de,0.5015869140625,../../Data/DJI_20260826125854_0900_V.JPG,../Overlay/SPL/P000836.png,mapped,local_surface_estimate
DJI_20260826125854_0900_V.JPG,P000837,SPL,박락,"[[1537.0,2983.5],[1536.5,2983.0],[1536.5,2982.0],[1536.5,2981.0],[1536.5,2980.0],[1536.0,2979.5],[1535.5,2979.0],[1535.5,2978.0],[1535.5,2977.0],[1535.5,2976.0],[1535.5,2975.0],[1535.5,2974.0],[1535.5,2973.0],[1535.5,2972.0],[1535.5,2971.0],[1535.5,2970.0],[1535.5,2969.0],[1535.5,2968.0],[1535.5,2967.0],[1535.5,2966.0],[1535.5,2965.0],[1535.5,2964.0],[1535.5,2963.0],[1535.5,2962.0],[1535.5,2961.0],[1535.5,2960.0],[1535.5,2959.0],[1535.5,2958.0],[1535.5,2957.0],[1535.5,2956.0],[1535.5,2955.0],[1536.0,2954.5],[1536.5,2954.0],[1537.0,2953.5],[1537.5,2953.0],[1537.5,2952.0],[1538.0,2951.5],[1539.0,2951.5],[1540.0,2951.5],[1540.5,2951.0],[1541.0,2950.5],[1542.0,2950.5],[1542.5,2951.0],[1543.0,2951.5],[1543.5,2952.0],[1544.0,2952.5],[1544.5,2953.0],[1544.5,2954.0],[1545.0,2954.5],[1546.0,2954.5],[1546.5,2955.0],[1547.0,2955.5],[1548.0,2955.5],[1549.0,2955.5],[1549.5,2956.0],[1549.5,2957.0],[1550.0,2957.5],[1550.5,2958.0],[1551.0,2958.5],[1552.0,2958.5],[1552.5,2959.0],[1553.0,2959.5],[1553.5,2960.0],[1554.0,2960.5],[1555.0,2960.5],[1555.5,2961.0],[1556.0,2961.5],[1556.5,2962.0],[1557.0,2962.5],[1557.5,2963.0],[1558.0,2963.5],[1559.0,2963.5],[1559.5,2964.0],[1560.0,2964.5],[1560.5,2965.0],[1561.0,2965.5],[1562.0,2965.5],[1563.0,2965.5],[1563.5,2966.0],[1563.5,2967.0],[1563.5,2968.0],[1563.5,2969.0],[1564.0,2969.5],[1564.5,2970.0],[1564.0,2970.5],[1563.5,2971.0],[1563.0,2971.5],[1562.0,2971.5],[1561.5,2972.0],[1561.0,2972.5],[1560.5,2973.0],[1560.0,2973.5],[1559.0,2973.5],[1558.0,2973.5],[1557.5,2973.0],[1557.0,2972.5],[1556.5,2973.0],[1556.0,2973.5],[1555.5,2974.0],[1555.0,2974.5],[1554.0,2974.5],[1553.5,2975.0],[1553.0,2975.5],[1552.0,2975.5],[1551.5,2975.0],[1551.0,2974.5],[1550.0,2974.5],[1549.5,2975.0],[1549.0,2975.5],[1548.0,2975.5],[1547.0,2975.5],[1546.5,2976.0],[1546.0,2976.5],[1545.0,2976.5],[1544.5,2977.0],[1544.0,2977.5],[1543.5,2977.0],[1543.5,2976.0],[1543.0,2975.5],[1542.5,2976.0],[1542.0,2976.5],[1541.5,2977.0],[1541.0,2977.5],[1540.0,2977.5],[1539.5,2978.0],[1539.0,2978.5],[1538.5,2979.0],[1538.0,2979.5],[1537.5,2980.0],[1537.5,2981.0],[1537.5,2982.0],[1537.5,2983.0],[1537.0,2983.5]]",243073.21543693542,431126.63484477997,66.02057456970215,,,,,0.0024719572,506,SPW_0172,SPW_여수로_교각_도수면,SPW_0172,937f6f04-61a2-5658-853c-23dbe2f815de,0.4985323370445387,../../Data/DJI_20260826125854_0900_V.JPG,../Overlay/SPL/P000837.png,mapped,local_surface_estimate
DJI_20260826125854_0900_V.JPG,P000838,SPL,박락,"[[3586.0,2993.5],[3585.0,2993.5],[3584.5,2993.0],[3584.5,2992.0],[3585.0,2991.5],[3585.5,2992.0],[3586.0,2992.5],[3586.5,2993.0],[3586.0,2993.5]]",243074.53634262085,431122.08985865116,65.76287841796875,,,,,1.89401e-05,3,SPW_0173,SPW_여수로_교각_도수면,SPW_0173,64e55899-94a1-5b2b-bb28-fc6b0cbddd9c,0.5327050685882568,../../Data/DJI_20260826125854_0900_V.JPG,../Overlay/SPL/P000838.png,mapped,local_surface_estimate
DJI_20260826125854_0900_V.JPG,P000839,SPL,박락,"[[3755.0,3071.5],[3754.5,3071.0],[3755.0,3070.5],[3755.5,3071.0],[3755.0,3071.5]]",243074.5353755951,431121.69416868687,65.5908088684082,,,,,6.2047e-06,1,SPW_0173,SPW_여수로_교각_도수면,SPW_0173,64e55899-94a1-5b2b-bb28-fc6b0cbddd9c,0.5432267785072327,../../Data/DJI_20260826125854_0900_V.JPG,../Overlay/SPL/P000839.png,mapped,local_surface_estimate
DJI_20260826125854_0900_V.JPG,P000840,SPL,박락,"[[698.0,3955.5],[692.0,3955.5],[686.0,3955.5],[680.0,3955.5],[674.0,3955.5],[668.0,3955.5],[662.0,3955.5],[656.0,3955.5],[650.0,3955.5],[644.0,3955.5],[638.0,3955.5],[632.0,3955.5],[626.0,3955.5],[620.0,3955.5],[614.0,3955.5],[608.0,3955.5],[601.0,3955.5],[595.0,3955.5],[589.0,3955.5],[583.0,3955.5],[577.0,3955.5],[571.0,3955.5],[565.0,3955.5],[559.0,3955.5],[553.0,3955.5],[551.0,3953.5],[548.5,3950.0],[545.5,3947.0],[543.0,3943.5],[540.0,3940.5],[537.5,3937.0],[534.5,3934.0],[532.0,3930.5],[529.5,3927.0],[527.0,3923.5],[525.0,3919.5],[522.5,3916.0],[520.0,3912.5],[516.5,3910.0],[513.0,3907.5],[510.5,3904.0],[506.5,3902.0],[502.0,3900.5],[498.0,3898.5],[493.5,3897.0],[489.0,3895.5],[484.0,3894.5],[479.0,3893.5],[473.0,3892.5],[468.0,3891.5],[463.0,3890.5],[458.0,3891.5],[454.0,3893.5],[450.5,3896.0],[447.0,3898.5],[443.0,3900.5],[438.0,3901.5],[433.5,3903.0],[430.5,3904.0],[427.0,3906.5],[424.5,3910.0],[422.0,3913.5],[420.0,3917.5],[418.0,3921.5],[414.5,3924.0],[412.0,3927.5],[407.5,3928.0],[405.5,3924.0],[403.5,3920.0],[401.5,3916.0],[401.5,3912.0],[403.5,3908.0],[406.5,3905.0],[403.5,3902.0],[405.0,3897.5],[405.5,3892.0],[405.5,3888.0],[403.5,3886.0],[404.5,3881.0],[406.5,3877.0],[408.0,3871.5],[410.5,3868.0],[412.5,3864.0],[414.5,3860.0],[415.5,3855.0],[413.5,3851.0],[414.5,3846.0],[415.5,3841.0],[416.5,3836.0],[418.5,3832.0],[420.5,3828.0],[423.0,3824.5],[426.0,3821.5],[429.5,3819.0],[433.0,3816.5],[436.5,3814.0],[440.5,3813.0],[445.0,3812.5],[448.5,3810.0],[450.5,3806.0],[449.5,3801.0],[446.0,3798.5],[443.0,3795.5],[438.0,3794.5],[436.0,3790.5],[436.0,3787.5],[438.0,3783.5],[439.5,3779.0],[440.5,3774.0],[438.5,3770.0],[437.5,3765.0],[438.5,3760.0],[440.5,3755.0],[443.0,3751.5],[446.5,3749.0],[451.0,3747.5],[454.5,3745.0],[458.0,3742.5],[460.5,3739.0],[463.0,3735.5],[464.5,3731.0],[466.5,3727.0],[468.5,3723.0],[469.5,3718.0],[472.0,3714.5],[475.0,3711.5],[478.5,3709.0],[478.5,3705.0],[480.5,3701.0],[484.5,3699.0],[488.5,3697.0],[492.5,3695.0],[496.0,3692.5],[500.0,3690.5],[504.0,3690.5],[508.0,3688.5],[512.0,3686.5],[516.0,3684.5],[522.0,3684.5],[526.0,3682.5],[530.0,3680.5],[532.5,3677.0],[534.5,3673.0],[538.0,3670.5],[541.0,3666.5],[544.5,3664.0],[549.0,3662.5],[551.5,3659.0],[554.5,3656.0],[558.0,3653.5],[563.0,3652.5],[567.5,3652.0],[572.0,3651.5],[577.0,3652.5],[579.0,3654.5],[582.5,3653.0],[584.0,3655.5],[587.5,3653.0],[592.0,3651.5],[597.0,3650.5],[603.0,3650.5],[606.5,3653.0],[608.5,3657.0],[606.5,3661.0],[604.0,3664.5],[600.0,3666.5],[599.5,3670.0],[596.5,3673.0],[594.0,3676.5],[594.5,3681.0],[596.5,3685.0],[599.0,3688.5],[603.0,3688.5],[607.5,3687.0],[612.0,3685.5],[617.0,3684.5],[619.5,3687.0],[623.0,3689.5],[622.5,3694.0],[622.0,3699.5],[621.5,3703.0],[622.5,3708.0],[621.5,3713.0],[622.5,3718.0],[623.5,3723.0],[625.5,3727.0],[629.0,3729.5],[632.0,3732.5],[636.0,3734.5],[639.0,3737.5],[643.5,3739.0],[646.5,3742.0],[650.0,3744.5],[652.5,3748.0],[656.0,3750.5],[660.0,3752.5],[664.0,3754.5],[670.0,3754.5],[675.0,3753.5],[679.0,3755.5],[684.0,3756.5],[687.5,3759.0],[690.5,3762.0],[690.5,3768.0],[690.5,3772.0],[688.5,3776.0],[688.0,3780.5],[690.0,3784.5],[692.5,3789.0],[694.0,3791.5],[696.0,3795.5],[697.5,3800.0],[700.5,3803.0],[703.0,3806.5],[705.5,3810.0],[706.5,3815.0],[705.5,3820.0],[703.0,3823.5],[701.0,3826.5],[701.0,3829.5],[699.0,3833.5],[697.0,3837.5],[694.0,3840.5],[694.0,3843.5],[692.0,3846.5],[688.5,3849.0],[685.5,3852.0],[685.5,3856.0],[684.5,3861.0],[688.5,3863.0],[690.5,3867.0],[694.5,3869.0],[698.5,3871.0],[702.0,3873.5],[705.0,3876.5],[706.5,3881.0],[705.5,3886.0],[703.0,3889.5],[700.5,3893.0],[699.5,3898.0],[700.0,3904.5],[700.5,3910.0],[698.5,3914.0],[697.5,3919.0],[696.5,3924.0],[697.5,3928.0],[700.5,3928.0],[704.0,3930.5],[704.0,3933.5],[704.5,3936.0],[704.0,3941.5],[702.0,3945.5],[700.5,3950.0],[703.5,3953.0],[698.0,3953.5],[698.0,3955.5]]",243071.79778671265,431127.9309158325,64.75085639953613,,,,,0.1852542181,62114,SPW_0172,SPW_여수로_교각_도수면,SPW_0172,937f6f04-61a2-5658-853c-23dbe2f815de,0.9728649413488359,../../Data/DJI_20260826125854_0900_V.JPG,../Overlay/SPL/P000840.png,mapped,local_surface_estimate
DJI_20260826125854_0900_V.JPG,P000841,SPL,박락,"[[653.0,3715.5],[652.0,3715.5],[651.0,3715.5],[650.0,3715.5],[649.5,3715.0],[649.0,3714.5],[648.5,3714.0],[648.5,3713.0],[649.0,3712.5],[649.5,3712.0],[650.0,3711.5],[651.0,3711.5],[652.0,3711.5],[653.0,3711.5],[653.5,3712.0],[654.0,3712.5],[654.5,3713.0],[654.5,3714.0],[654.0,3714.5],[653.5,3715.0],[653.0,3715.5]]",243071.9339838028,431127.8559894562,64.89425086975098,,,,,6.29615e-05,20,SPW_0172,SPW_여수로_교각_도수면,SPW_0172,937f6f04-61a2-5658-853c-23dbe2f815de,0.6020289897918701,../../Data/DJI_20260826125854_0900_V.JPG,../Overlay/SPL/P000841.png,mapped,local_surface_estimate
DJI_20260826125854_0900_V.JPG,P000842,SPL,박락,"[[410.0,3804.5],[409.0,3804.5],[408.0,3804.5],[407.0,3804.5],[406.0,3804.5],[405.0,3804.5],[404.0,3804.5],[403.0,3804.5],[402.0,3804.5],[401.5,3804.0],[401.0,3803.5],[400.5,3803.0],[400.0,3802.5],[399.5,3802.0],[400.0,3801.5],[400.5,3801.0],[401.0,3800.5],[401.5,3800.0],[402.0,3799.5],[403.0,3799.5],[404.0,3799.5],[404.5,3799.0],[405.0,3798.5],[406.0,3798.5],[407.0,3798.5],[407.5,3798.0],[408.0,3797.5],[409.0,3797.5],[410.0,3797.5],[411.0,3797.5],[412.0,3797.5],[413.0,3797.5],[414.0,3797.5],[415.0,3797.5],[416.0,3797.5],[417.0,3797.5],[418.0,3797.5],[419.0,3797.5],[419.5,3798.0],[419.0,3798.5],[418.5,3799.0],[418.0,3799.5],[417.5,3800.0],[417.0,3800.5],[416.5,3801.0],[416.0,3801.5],[415.5,3802.0],[415.0,3802.5],[414.0,3802.5],[413.0,3802.5],[412.5,3803.0],[412.0,3803.5],[411.0,3803.5],[410.5,3804.0],[410.0,3804.5]]",243071.74192237854,431128.2072763443,64.7980785369873,,,,,0.0002809174,95,SPW_0172,SPW_여수로_교각_도수면,SPW_0172,937f6f04-61a2-5658-853c-23dbe2f815de,0.5821660954701273,../../Data/DJI_20260826125854_0900_V.JPG,../Overlay/SPL/P000842.png,mapped,local_surface_estimate
